product_name,code,categories_tags,additives_n,additives,additives_tags,energy_kcal_100g,fat_100g,saturated_fat_100g,sugars_100g,fiber_100g,proteins_100g,salt_100g
Sourdough White Ciabattin Bread,5025125000006,"['en:plant-based-foods-and-beverages', 'en:plant-based-foods', 'en:cereals-and-potatoes', 'en:cereals-and-their-products', 'en:breads', 'en:white-breads', 'en:sourdough-breads']",0,[],[],230.0,0.8,0.1,2.4,2.9,10.1,0.905
Proper Sourdough,5025125000112,"['en:plant-based-foods-and-beverages', 'en:plant-based-foods', 'en:cereals-and-potatoes', 'en:cereals-and-their-products', 'en:breads', 'en:sourdough-breads']",0,[],[],237.0,0.7,0.1,2.1,3.0,9.7,0.7875
Sourdough Grains & Seeds,5025125000037,"['en:plant-based-foods-and-beverages', 'en:plant-based-foods', 'en:cereals-and-potatoes', 'en:breads', 'en:sliced-breads', 'en:vegan', 'en:vegetarian']",0,[],[],237.0,2.7,0.3,1.4,4.7,10.7,0.89
Tartine croustillante Authentique,7300400481595,"['en:plant-based-foods-and-beverages', 'en:plant-based-foods', 'en:snacks', 'en:breakfasts', 'en:cereals-and-potatoes', 'en:cereals-and-their-products', 'en:breads', 'en:crispbreads']",0,[],[],336.0,1.5,0.4,1.0,19.0,9.0,1.0
Pain de mie grandes tranches Seigle & Graines 500g,3760049798609,"['en:plant-based-foods-and-beverages', 'en:plant-based-foods', 'en:cereals-and-potatoes', 'en:cereals-and-their-products', 'en:breads', 'en:sliced-breads']",1,[],['en:e282'],297.0,9.6,1.0,4.2,7.2,12.0,0.96
Jasons Sourdough,5025125000129,"['en:plant-based-foods-and-beverages', 'en:plant-based-foods', 'en:cereals-and-potatoes', 'en:cereals-and-their-products', 'en:breads', 'en:sourdough-breads']",0,[],[],233.0,1.1,0.2,2.6,3.6,9.3,0.855
FIBRES,7300400481588,"['en:plant-based-foods-and-beverages', 'en:plant-based-foods', 'en:snacks', 'en:cereals-and-potatoes', 'en:salty-snacks', 'en:appetizers', 'en:cereals-and-their-products', 'en:chips-and-fries', 'en:crisps', 'en:breads', 'en:crispbreads', 'en:crispbreads-wholemeal']",0,[],[],333.0,5.0,1.0,2.0,26.0,12.0,1.2
Krisprolls complets sans sucres ajoutés,7311070032611,"['en:plant-based-foods-and-beverages', 'en:plant-based-foods', 'en:cereals-and-potatoes', 'en:cereals-and-their-products', 'en:breads', 'en:toasts', 'en:toasted-bread-rolls']",0,[],[],400.0,6.6,0.9,1.1,8.3,13.0,1.1
14 Maxi Tranches complet sans sucres ajoutés,3029330022428,"['en:plant-based-foods-and-beverages', 'en:plant-based-foods', 'en:cereals-and-potatoes', 'en:cereals-and-their-products', 'en:breads', 'en:sliced-breads', 'en:wholemeal-breads', 'en:wholemeal-sliced-breads']",0,[],[],243.0,3.0,0.3,3.8,6.6,8.7,1.2
Dark Rye Crispbread,5010265002911,"['en:plant-based-foods-and-beverages', 'en:plant-based-foods', 'en:cereals-and-potatoes', 'en:breads', 'en:crispbreads', 'en:rye-breads']",0,[],[],352.0,1.14,0.19,2.86,14.5,10.5,0.705
Pain De Mie Bio,3760049790214,"['en:plant-based-foods-and-beverages', 'en:plant-based-foods', 'en:cereals-and-potatoes', 'en:cereals-and-their-products', 'en:breads', 'en:sliced-breads', 'en:packaged-breads', 'en:wholemeal-breads', 'en:wholemeal-sliced-breads', 'fr:ecologie']",0,[],[],268.0,4.2,0.4,6.3,4.9,8.1,1.1
Wholegrain Rye Bread,20006105,"['en:plant-based-foods-and-beverages', 'en:plant-based-foods', 'en:cereals-and-potatoes', 'en:cereals-and-their-products', 'en:breads', 'en:rye-breads', 'en:wholemeal-breads', 'en:pflanzliche-lebensmittel-und-getranke']",0,[],[],209.0,1.79,0.36,3.93,9.29,5.71,1.0
Seed Sensations,5010003064744,"['en:plant-based-foods-and-beverages', 'en:plant-based-foods', 'en:cereals-and-potatoes', 'en:breads', 'en:sliced-breads', 'en:multigrain-sliced-breads']",3,[],"['en:e282', 'en:e300', 'en:e472e']",277.0,6.59,0.682,3.86,5.23,10.0,0.886
Bakery Co. 5 The Original Bagels,5020364010113,"['en:plant-based-foods-and-beverages', 'en:plant-based-foods', 'en:cereals-and-potatoes', 'en:breads', 'en:special-breads', 'en:bagel-breads']",2,[],"['en:e282', 'en:e300']",229.0,2.2,0.8,4.4,2.6,7.8,0.188
Rye & Mixed Seed Sourdough Bread,5057967395088,"['en:plant-based-foods-and-beverages', 'en:plant-based-foods', 'en:cereals-and-potatoes', 'en:breads', 'en:rye-and-wheat-breads', 'en:rye-breads', 'en:sourdough']",1,[],['en:e300'],262.0,4.4,0.8,2.4,6.8,8.6,0.765
Tartines campagne 450g,3760049791006,"['en:plant-based-foods-and-beverages', 'en:plant-based-foods', 'en:cereals-and-potatoes', 'en:breads', 'en:pains-de-campagne', 'fr:pain-de-mie-de-campagne']",2,[],"['en:e282', 'en:e300']",274.0,6.5,0.5,2.6,3.9,8.9,1.2
pain de mie grandes tranches spécial sandwich complet,4056489007180,"['en:plant-based-foods-and-beverages', 'en:plant-based-foods', 'en:cereals-and-potatoes', 'en:cereals-and-their-products', 'en:breads', 'en:sliced-breads', 'en:wholemeal-breads', 'en:wholemeal-sliced-breads']",1,[],['en:e262'],258.0,4.5,0.5,5.0,6.3,8.3,1.0
Seeded Sourdough Bread,4088600246291,"['en:plant-based-foods-and-beverages', 'en:plant-based-foods', 'en:cereals-and-potatoes', 'en:cereals-and-their-products', 'en:breads']",0,[],[],265.0,4.9,0.6,0.5,5.5,9.5,0.0021
wasa,7300400481571,"['en:plant-based-foods-and-beverages', 'en:plant-based-foods', 'en:snacks', 'en:cereals-and-potatoes', 'en:salty-snacks', 'en:appetizers', 'en:cereals-and-their-products', 'en:chips-and-fries', 'en:crisps', 'en:breads', 'en:crispbreads', 'en:crispbreads-wholemeal']",0,[],[],338.0,1.5,0.3,2.0,20.0,9.0,1.0
Everyday White Rolls,5025125000150,"['en:plant-based-foods-and-beverages', 'en:plant-based-foods', 'en:cereals-and-potatoes', 'en:breads', 'en:white-breads']",1,[],['en:e300'],245.0,0.75,0.0125,3.38,1.8,10.0,0.762
Harrys brioche tressee nature au sucre perle sans additifs 500g,3228857001231,"['en:plant-based-foods-and-beverages', 'en:plant-based-foods', 'en:snacks', 'en:cereals-and-potatoes', 'en:sweet-snacks', 'en:cereals-and-their-products', 'en:sweet-pastries-and-pies', 'en:breads', 'en:viennoiseries', 'en:brioches', 'fr:brioches-tressees', 'en:packaged-breads', 'en:pure-butter-brioche', 'fr:brioches-natures']",0,[],[],356.0,13.0,1.0,13.0,4.5,8.6,0.8
100% mie complet 500g,3228857000166,"['en:plant-based-foods-and-beverages', 'en:plant-based-foods', 'en:cereals-and-potatoes', 'en:cereals-and-their-products', 'en:breads', 'en:sliced-breads', 'en:sliced-breads-without-crust', 'en:wholemeal-breads', 'en:wholemeal-sliced-breads']",0,[],[],250.0,4.3,0.4,5.5,6.5,7.5,1.1
No. 6 Sourdough Majestic Malted,5025125000105,"['en:plant-based-foods-and-beverages', 'en:plant-based-foods', 'en:cereals-and-potatoes', 'en:breads']",0,[],[],255.0,2.7,0.8,1.8,3.6,9.3,0.99
Dark Rye Sourdough,4088600327587,"['en:plant-based-foods-and-beverages', 'en:plant-based-foods', 'en:cereals-and-potatoes', 'en:breads']",0,[],[],234.0,1.3,0.1,1.5,5.2,7.9,0.7975
Biscottes 6 Céréales,3392460480827,"['en:plant-based-foods-and-beverages', 'en:plant-based-foods', 'en:cereals-and-potatoes', 'en:breads', 'en:rusks', 'en:multigrain-rusks']",3,[],"['en:e300', 'en:e471', 'en:e481']",402.0,7.8,2.4,3.4,5.0,13.0,1.6
MULTISEED WHOLEMEAL FARMHOUSE LOAF,01318180,"['en:plant-based-foods-and-beverages', 'en:plant-based-foods', 'en:cereals-and-potatoes', 'en:breads', 'en:sliced-breads', 'en:multigrain-sliced-breads', 'en:wholemeal-breads']",1,[],['en:e300'],270.0,7.5,1.1,4.2,7.4,12.8,0.84
Brioche moins de sucre,3228857001378,"['en:plant-based-foods-and-beverages', 'en:plant-based-foods', 'en:snacks', 'en:cereals-and-potatoes', 'en:sweet-snacks', 'en:sweet-pastries-and-pies', 'en:breads', 'en:viennoiseries', 'en:brioches', 'fr:brioches-tranchees', 'fr:brioches-natures']",0,[],[],327.0,11.0,1.1,9.3,7.2,8.4,1.0
White Sourdough,5057967395071,"['en:plant-based-foods-and-beverages', 'en:plant-based-foods', 'en:cereals-and-potatoes', 'en:breads']",0,[],[],238.0,2.8,0.1,2.7,4.7,7.5,0.7675
Pain de mie Bio grandes tranches céréales & graines 500g,3760049794298,"['en:plant-based-foods-and-beverages', 'en:plant-based-foods', 'en:cereals-and-potatoes', 'en:cereals-and-their-products', 'en:breads', 'en:sliced-breads', 'en:multigrain-sliced-breads', 'en:packaged-breads']",1,[],['en:e300'],310.0,8.6,0.9,4.9,4.0,9.2,1.0
Pain grillé au blé complet,3017760542890,"['en:plant-based-foods-and-beverages', 'en:plant-based-foods', 'en:cereals-and-potatoes', 'en:cereals-and-their-products', 'en:breads', 'en:rusks', 'en:toasts']",2,[],"['en:e270', 'en:e300']",387.0,4.9,2.1,2.6,5.1,12.0,1.8
Organic Piadina 4 Wholeblend Flatbreads with Extra Virgin Olive Oil,5060198641251,"['en:plant-based-foods-and-beverages', 'en:plant-based-foods', 'en:cereals-and-potatoes', 'en:breads', 'en:flatbreads', 'en:white-breads', 'en:piadina', 'en:wheat-breads', 'en:wheat-flatbreads']",0,[],[],305.0,8.53,1.73,1.07,4.53,7.87,1.57
Petit Pains Grillés Blé complet,4056489039518,"['en:plant-based-foods-and-beverages', 'en:plant-based-foods', 'en:cereals-and-potatoes', 'en:breads', 'en:toasts', 'en:toasted-bread-rolls']",1,[],['en:e300'],408.0,10.0,0.9,4.2,6.9,10.0,1.0
Classic Torinesi Breadsticks,5060198640261,"['en:plant-based-foods-and-beverages', 'en:plant-based-foods', 'en:cereals-and-potatoes', 'en:breads', 'en:breadsticks']",0,[],[],402.0,6.5,1.0,2.8,1.2,19.8,2.1
Harrys pain de mie 100% mie nature sans croute 500g,3228857000852,"['en:plant-based-foods-and-beverages', 'en:plant-based-foods', 'en:cereals-and-potatoes', 'en:frozen-foods', 'en:breads', 'en:sliced-breads', 'en:frozen-breads', 'en:sliced-breads-without-crust']",0,[],[],264.0,4.0,0.3,7.0,4.0,7.0,1.1
Pain de mie grandes tranches Toastiligne complet,3760049790252,"['en:plant-based-foods-and-beverages', 'en:plant-based-foods', 'en:cereals-and-potatoes', 'en:breads', 'en:sliced-breads', 'en:packaged-breads', 'en:wholemeal-breads', 'en:wholemeal-sliced-breads']",3,[],"['en:e282', 'en:e300', 'en:e471']",226.0,1.9,0.9,2.8,6.2,10.0,0.98
Wholemeal bread 54kcal,5010044000404,"['en:plant-based-foods-and-beverages', 'en:plant-based-foods', 'en:cereals-and-potatoes', 'en:breads', 'en:sliced-breads', 'en:wholemeal-breads']",5,[],"['en:e282', 'en:e300', 'en:e471', 'en:e472e', 'en:e481']",180.0,0.0,0.0,0.0,0.0,0.0,0.0
Hand finished seeded sourdough bread,5000129341041,"['en:plant-based-foods-and-beverages', 'en:plant-based-foods', 'en:cereals-and-potatoes', 'en:breads', 'en:multi-seed-sour-dough-loaf', 'en:seeded-bread']",0,[],[],251.0,3.9,0.5,2.5,5.1,8.8,0.7
Finn Crisp,6410500090014,"['en:plant-based-foods-and-beverages', 'en:plant-based-foods', 'en:cereals-and-potatoes', 'en:cereals-and-their-products', 'en:breads', 'en:crispbreads', 'en:crispbreads-wholemeal', 'en:sourdough-crisp-bread']",0,[],[],350.0,2.6,0.5,1.6,20.0,10.0,1.4
6 Wraps blé complet,8410076470812,"['en:plant-based-foods-and-beverages', 'en:plant-based-foods', 'en:cereals-and-potatoes', 'en:breads', 'en:flatbreads', 'en:white-breads', 'en:wheat-breads', 'en:wheat-flatbreads']",4,[],"['en:e422', 'en:e450', 'en:e471', 'en:e500', 'en:e500ii']",295.0,6.03,1.03,2.24,5.17,9.14,1.05
Grilletine au froment sans sucres ajoutés,3182180001477,"['en:plant-based-foods-and-beverages', 'en:plant-based-foods', 'en:cereals-and-potatoes', 'en:cereals-and-their-products', 'en:breads', 'en:toasts', 'en:toasted-bread-rolls', 'en:wheat-rusk-slices']",2,[],"['en:e300', 'en:e965']",425.0,9.6,2.0,1.7,7.4,13.0,0.89
Seeded Batch,5010044002552,"['en:plant-based-foods-and-beverages', 'en:plant-based-foods', 'en:cereals-and-potatoes', 'en:breads', 'en:sliced-breads', 'en:multigrain-sliced-breads']",5,[],"['en:e282', 'en:e300', 'en:e471', 'en:e472e', 'en:e481']",293.0,8.9,1.3,2.6,6.0,10.6,0.95
The Original Crunchy Rye Breads,5010265002836,"['en:plant-based-foods-and-beverages', 'en:plant-based-foods', 'en:snacks', 'en:cereals-and-potatoes', 'en:salty-snacks', 'en:appetizers', 'en:biscuits-and-crackers', 'en:breads', 'en:crackers-appetizers', 'en:crispbreads']",0,[],[],352.0,0.952,0.19,2.86,13.3,10.5,0.762
Pain de mie american sandwich complet sans sucres ajoutés 600g,3228857002344,"['en:plant-based-foods-and-beverages', 'en:plant-based-foods', 'en:cereals-and-potatoes', 'en:cereals-and-their-products', 'en:breads', 'en:sliced-breads', 'en:wholemeal-breads', 'en:wholemeal-sliced-breads']",0,[],[],280.0,6.8,0.5,3.6,8.1,7.7,1.1
Tasty Wholemeal Medium,5010003000339,"['en:plant-based-foods-and-beverages', 'en:plant-based-foods', 'en:cereals-and-potatoes', 'en:breads', 'en:sliced-breads']",4,[],"['en:e282', 'en:e300', 'en:e471', 'en:e472e']",220.0,1.75,0.5,4.0,6.75,10.0,0.888
50/50 Medium Bread,5010092093441,"['en:plant-based-foods-and-beverages', 'en:plant-based-foods', 'en:cereals-and-potatoes', 'en:breads', 'en:sliced-breads']",3,[],"['en:e282', 'en:e300', 'en:e472e']",235.0,2.25,1.0,8.75,11.8,9.5,0.95
Piadina,5060198642760,"['en:plant-based-foods-and-beverages', 'en:plant-based-foods', 'en:cereals-and-potatoes', 'en:breads', 'en:flatbreads']",0,[],[],299.0,7.9,1.2,2.4,2.0,8.9,1.475
Grilletines blé complet,3182180002115,"['en:plant-based-foods-and-beverages', 'en:plant-based-foods', 'en:cereals-and-potatoes', 'en:breads', 'en:rusks', 'en:toasts', 'en:toasted-bread-rolls']",2,[],"['en:e300', 'en:e471']",418.0,10.0,2.0,7.3,6.7,13.0,0.87
Wholemeal Bread,5010044000251,"['en:plant-based-foods-and-beverages', 'en:plant-based-foods', 'en:cereals-and-potatoes', 'en:cereals-and-their-products', 'en:breads', 'en:sliced-breads', 'en:wholemeal-breads']",5,[],"['en:e282', 'en:e300', 'en:e471', 'en:e472e', 'en:e481']",228.0,2.23,0.446,2.46,6.47,10.5,0.943
Harrys beau & bon pain de mie farine de ble cereales & graines 320g,3228857001194,"['en:plant-based-foods-and-beverages', 'en:plant-based-foods', 'en:cereals-and-potatoes', 'en:frozen-foods', 'en:cereals-and-their-products', 'en:breads', 'en:sliced-breads', 'en:white-breads', 'en:bread-white-from-wheat-flour-of-the-highest-grade-gost-26987-86', 'en:frozen-breads', 'en:multigrain-sliced-breads']",0,[],[],286.0,6.5,0.7,3.5,6.0,12.0,1.0
Ryvita Multigrain Crispbread,5050974505259,"['en:plant-based-foods-and-beverages', 'en:plant-based-foods', 'en:snacks', 'en:cereals-and-potatoes', 'en:salty-snacks', 'en:appetizers', 'en:biscuits-and-crackers', 'en:breads', 'en:crackers-appetizers', 'en:plain-salty-snacks']",0,[],[],352.0,4.76,0.952,3.81,17.1,12.4,0.571
White Sourdough,00252751,"['en:plant-based-foods-and-beverages', 'en:plant-based-foods', 'en:cereals-and-potatoes', 'en:breads']",1,[],['en:e300'],266.0,3.3,0.4,1.5,2.0,9.2,0.00237
Toastie Thick Sliced Soft White Bread,5010044000121,"['en:plant-based-foods-and-beverages', 'en:plant-based-foods', 'en:cereals-and-potatoes', 'en:breads', 'en:white-breads', 'en:sliced-white-bread']",4,[],"['en:e282', 'en:e300', 'en:e472e', 'en:e481']",244.0,2.0,0.5,3.0,2.3,9.1,0.965
Organic Crisp Bread,4033634061020,"['en:plant-based-foods-and-beverages', 'en:plant-based-foods', 'en:snacks', 'en:cereals-and-potatoes', 'en:salty-snacks', 'en:appetizers', 'en:biscuits-and-crackers', 'en:breads', 'en:crackers-appetizers', 'en:crispbreads', 'en:aliments-d-origine-vegetale', 'en:aliments-et-boissons-a-base-de-vegetaux', 'en:amuse-gueules', 'en:biscuits-sucres-biscuits-aperitifs', 'en:cereales-et-pommes-de-terre', 'en:pains', 'en:pains-croustillants', 'en:pains-croustillants-complets', 'en:snacks-sales']",0,[],[],442.0,18.0,4.7,2.4,10.0,18.0,1.8
Italian Original Breadsticks,5018374285577,"['en:plant-based-foods-and-beverages', 'en:plant-based-foods', 'en:cereals-and-potatoes', 'en:breads', 'en:breadsticks']",0,[],[],414.0,7.9,1.4,2.8,2.8,11.2,1.8
Krisprolls complets sans sucres ajoutés,7311070032598,"['en:plant-based-foods-and-beverages', 'en:plant-based-foods', 'en:cereals-and-potatoes', 'en:cereals-and-their-products', 'en:breads', 'en:toasts', 'en:toasted-bread-rolls']",0,[],[],400.0,6.92,0.769,3.85,8.46,13.1,1.08
Whole Grain Rye Bread,41005514,"['en:plant-based-foods-and-beverages', 'en:plant-based-foods', 'en:cereals-and-potatoes', 'en:breads', 'en:rye-breads']",0,[],[],201.0,1.0,0.1,2.2,7.7,5.2,1.15
White Sourdough Loaf,4088600065991,"['en:plant-based-foods-and-beverages', 'en:plant-based-foods', 'en:cereals-and-potatoes', 'en:flours', 'en:breads', 'en:bread-flours', 'en:sourdough', 'en:vegetarian']",0,[],[],231.0,0.7,0.1,1.9,4.5,9.4,0.88
"Maestro Cereale avec du Levain, Millet et Quinoa",8008698007389,"['en:plant-based-foods-and-beverages', 'en:plant-based-foods', 'en:cereals-and-potatoes', 'en:specific-products', 'en:products-for-specific-diets', 'en:breads', 'en:products-without-gluten', 'en:special-breads', 'en:gluten-free-breads', 'en:sliced-breads']",2,[],"['en:e464', 'en:potassium-iodide']",249.0,6.6,0.8,4.1,9.9,4.5,0.97
Hand Finished White Sourdough,5000129341034,"['en:plant-based-foods-and-beverages', 'en:plant-based-foods', 'en:cereals-and-potatoes', 'en:breads', 'en:white-breads', 'en:sourdough-breads']",0,[],[],242.0,2.7,0.3,2.7,5.2,8.0,0.79
Tartines de Pain Blé Complet,3182180060320,"['en:plant-based-foods-and-beverages', 'en:plant-based-foods', 'en:cereals-and-potatoes', 'en:breads', 'en:rusks', 'en:toasts', 'fr:pain-grille-complet']",1,[],['en:e300'],382.0,5.0,0.8,4.2,8.7,13.0,1.5
4 Greek Style Flatbreads,5012121004336,"['en:plant-based-foods-and-beverages', 'en:plant-based-foods', 'en:cereals-and-potatoes', 'en:cereals-and-their-products', 'en:breads', 'en:flatbreads', 'en:special-breads', 'en:white-breads', 'en:wheat-breads', 'en:wheat-flatbreads']",7,[],"['en:e202', 'en:e282', 'en:e330', 'en:e341', 'en:e450', 'en:e450i', 'en:e466', 'en:e500', 'en:e500ii']",255.0,4.2,1.0,2.9,6.7,11.3,0.89
Pain AMS complet,3228857000906,"['en:plant-based-foods-and-beverages', 'en:plant-based-foods', 'en:cereals-and-potatoes', 'en:breads', 'en:sliced-breads', 'en:wholemeal-breads', 'en:wholemeal-sliced-breads']",0,[],[],253.0,4.5,0.4,4.9,7.2,7.7,1.2
Heudebert Fibre +,3017760363990,"['en:plant-based-foods-and-beverages', 'en:plant-based-foods', 'en:cereals-and-potatoes', 'en:cereals-and-their-products', 'en:breads', 'en:rusks', 'en:toasts', 'en:multigrain-rusks', 'en:wholemeal-rusks']",1,[],['en:e300'],384.0,5.7,2.2,5.4,12.0,15.0,1.1
Krisprolls complets,7311070032604,"['en:plant-based-foods-and-beverages', 'en:plant-based-foods', 'en:cereals-and-potatoes', 'en:cereals-and-their-products', 'en:breads', 'en:toasts', 'en:toasted-bread-rolls']",0,[],[],397.0,6.2,2.1,7.0,7.7,12.0,1.6
Tartines céréales 450g,3760049796384,"['en:plant-based-foods-and-beverages', 'en:plant-based-foods', 'en:snacks', 'en:cereals-and-potatoes', 'en:sweet-snacks', 'en:sweet-pastries-and-pies', 'en:breads', 'en:viennoiseries', 'en:sliced-breads', 'en:multigrain-sliced-breads']",2,[],"['en:e282', 'en:e300']",298.0,10.0,1.0,2.9,5.8,10.0,1.1
Pain de mie complet,6111246910023,"['en:plant-based-foods-and-beverages', 'en:plant-based-foods', 'en:cereals-and-potatoes', 'en:breads', 'en:sliced-breads', 'en:wholemeal-breads', 'en:wholemeal-sliced-breads']",9,[],"['en:e200', 'en:e202', 'en:e270', 'en:e282', 'en:e300', 'en:e341', 'en:e471', 'en:e472e', 'en:e481']",231.0,2.1,0.12,3.8,5.0,8.0,1.05
Krisprolls,7311070362664,"['en:plant-based-foods-and-beverages', 'en:plant-based-foods', 'en:cereals-and-potatoes', 'en:breads', 'en:toasts', 'en:toasted-bread-rolls']",0,[],[],432.0,11.0,4.0,10.0,3.0,9.0,0.67
Tortillas de trigo integrales,8480000809421,"['en:plant-based-foods-and-beverages', 'en:plant-based-foods', 'en:cereals-and-potatoes', 'en:cereals-and-their-products', 'en:breads', 'en:flatbreads', 'en:special-breads', 'en:white-breads', 'en:wheat-breads', 'en:wheat-flatbreads', 'en:wholemeal-breads']",9,[],"['en:e202', 'en:e282', 'en:e296', 'en:e330', 'en:e415', 'en:e422', 'en:e471', 'en:e500', 'en:e500ii', 'en:e920']",271.0,5.8,1.9,2.1,8.5,9.3,1.5
Pain de mie grandes tranches Toastiligne céréales & graines 500g,3760049795479,"['en:plant-based-foods-and-beverages', 'en:plant-based-foods', 'en:cereals-and-potatoes', 'en:breads', 'en:sliced-breads', 'en:multigrain-sliced-breads']",2,[],"['en:e282', 'en:e300']",250.0,2.9,0.4,3.8,5.9,11.0,1.0
Biscottes Sans sucres ajoutés Blé complet,3182180001996,"['en:plant-based-foods-and-beverages', 'en:plant-based-foods', 'en:cereals-and-potatoes', 'en:breads', 'en:rusks', 'en:toasts', 'en:wholemeal-rusks']",1,[],['en:e300'],384.0,6.2,0.7,3.4,12.0,14.0,1.1
Tosta PAN FIBRA & SÉSAMO,8710445020878,"['en:plant-based-foods-and-beverages', 'en:plant-based-foods', 'en:cereals-and-potatoes', 'en:cereals-and-their-products', 'en:breads']",0,[],[],391.0,7.6,1.1,3.0,24.7,13.0,1.13
Trigo Espelta Crackers,8710482532303,"['en:plant-based-foods-and-beverages', 'en:plant-based-foods', 'en:cereals-and-potatoes', 'en:breads', 'en:crispbreads']",0,[],[],440.0,14.0,1.4,3.8,14.0,15.0,1.0
Soft White Medium Bread,5010003000131,"['en:plant-based-foods-and-beverages', 'en:plant-based-foods', 'en:cereals-and-potatoes', 'en:breads', 'en:sliced-breads', 'en:white-breads', 'en:sliced-white-bread']",5,[],"['en:e282', 'en:e300', 'en:e471', 'en:e472e', 'en:e481']",232.0,1.75,0.25,3.5,2.5,8.75,0.887
Protein Thin Bagels,5010044007588,"['en:plant-based-foods-and-beverages', 'en:plant-based-foods', 'en:cereals-and-potatoes', 'en:breads', 'en:special-breads', 'en:bagel-breads']",7,[],"['en:e282', 'en:e300', 'en:e330', 'en:e466', 'en:e472e', 'en:e481', 'en:e920']",257.0,3.3,0.7,3.2,5.0,13.5,0.885
Wholemeal Pittas,5000119095282,"['en:plant-based-foods-and-beverages', 'en:plant-based-foods', 'en:cereals-and-potatoes', 'en:cereals-and-their-products', 'en:breads', 'en:flatbreads', 'en:special-breads', 'en:pitas']",1,[],['en:e282'],241.0,1.2,0.2,2.8,9.7,10.3,0.59
Mission Deli White Wraps,5036034406193,"['en:plant-based-foods-and-beverages', 'en:plant-based-foods', 'en:cereals-and-potatoes', 'en:breads', 'en:flatbreads', 'en:white-breads', 'en:wheat-breads', 'en:wheat-flatbreads']",6,[],"['en:e202', 'en:e282', 'en:e296', 'en:e422', 'en:e471', 'en:e500']",313.0,7.05,1.15,2.13,3.28,8.03,0.775
Pain de mie grandes tranches 7 cereales,4056489235798,"['en:plant-based-foods-and-beverages', 'en:plant-based-foods', 'en:cereals-and-potatoes', 'en:breads', 'en:sliced-breads', 'en:multigrain-sliced-breads', 'en:pain-de-mie']",1,[],['en:e262'],290.0,9.4,1.0,3.4,5.0,10.4,1.0
Wholemeal Pittas,00234931,"['en:plant-based-foods-and-beverages', 'en:plant-based-foods', 'en:cereals-and-potatoes', 'en:breads', 'en:flatbreads', 'en:special-breads', 'en:pitas']",1,[],['en:e282'],241.0,1.25,0.179,2.86,5.18,10.4,1.43
Wraps,8410076472953,"['en:plant-based-foods-and-beverages', 'en:plant-based-foods', 'en:cereals-and-potatoes', 'en:breads', 'en:flatbreads', 'en:white-breads', 'en:wheat-breads', 'en:wheat-flatbreads']",4,[],"['en:e422', 'en:e450', 'en:e450i', 'en:e471', 'en:e500', 'en:e500ii']",299.0,5.2,1.2,2.1,1.6,9.1,1.0
6 Wholemeal Pittas,4088600276267,"['en:plant-based-foods-and-beverages', 'en:plant-based-foods', 'en:cereals-and-potatoes', 'en:breads', 'en:flatbreads', 'en:special-breads', 'en:pitas']",1,[],['en:e282'],236.0,1.3,0.3,1.7,8.1,10.0,0.85
8 Pains au lait frais Bio 280g,3284230011884,"['en:plant-based-foods-and-beverages', 'en:plant-based-foods', 'en:snacks', 'en:breakfasts', 'en:cereals-and-potatoes', 'en:sweet-snacks', 'en:sweet-pastries-and-pies', 'en:breads', 'en:viennoiseries', 'en:milk-bread-rolls']",0,[],[],345.0,11.0,1.2,8.7,2.4,9.3,0.9
NYC BAGEL Sesame,5020364010151,"['en:plant-based-foods-and-beverages', 'en:plant-based-foods', 'en:cereals-and-potatoes', 'en:breads', 'en:special-breads', 'en:bagel-breads']",2,[],"['en:e282', 'en:e300']",313.0,4.43,0.0,0.0,0.0,12.9,0.0
Sourdough Wholemeal Ciabattin,5025125000198,"['en:plant-based-foods-and-beverages', 'en:plant-based-foods', 'en:cereals-and-potatoes', 'en:breads', 'en:sliced-breads', 'en:wholemeal-breads', 'en:wholemeal-sliced-breads']",0,[],[],232.0,1.2,0.2,2.2,6.5,11.7,0.77
Pan de molde con 52% centeno,8480000823021,"['en:plant-based-foods-and-beverages', 'en:plant-based-foods', 'en:cereals-and-potatoes', 'en:breads', 'en:special-breads', 'en:sliced-breads']",6,[],"['en:e200', 'en:e202', 'en:e282', 'en:e330', 'en:e471', 'en:e472e']",265.0,7.8,1.0,2.1,7.5,10.0,1.3
Biscottes sans sel et sans sucre ajoutés,3182189999805,"['en:plant-based-foods-and-beverages', 'en:plant-based-foods', 'en:cereals-and-potatoes', 'en:frozen-foods', 'en:specific-products', 'en:products-for-specific-diets', 'en:breads', 'en:products-with-reduced-salt', 'en:rusks', 'en:rusks-without-salt']",1,[],['en:e300'],390.0,3.7,0.5,2.2,7.0,15.0,0.02
Pain de mie american sandwich rustique sans sucres ajoutés 500g,3228857002245,"['en:plant-based-foods-and-beverages', 'en:plant-based-foods', 'en:cereals-and-potatoes', 'en:cereals-and-their-products', 'en:breads', 'en:sliced-breads']",0,[],[],293.0,8.0,0.8,3.0,8.7,11.0,1.0
,3029330069898,"['en:plant-based-foods-and-beverages', 'en:plant-based-foods', 'en:cereals-and-potatoes', 'en:breads', 'en:sliced-breads', 'en:wholemeal-breads', 'en:wholemeal-sliced-breads']",0,[],[],270.0,4.3,0.5,5.3,6.2,10.0,1.0
Biscottes,7622210416681,"['en:plant-based-foods-and-beverages', 'en:plant-based-foods', 'en:cereals-and-potatoes', 'en:breads', 'en:rusks', 'en:common-wheat-rusks']",3,[],"['en:e300', 'en:e471', 'en:e481']",165.0,2.9,1.4,2.8,1.4,4.6,0.47
La Biscotte 96% de céréales,7622210416629,"['en:plant-based-foods-and-beverages', 'en:plant-based-foods', 'en:cereals-and-potatoes', 'en:breads', 'en:rusks']",3,[],"['en:e300', 'en:e471', 'en:e481']",408.0,7.3,3.4,6.8,3.6,11.0,1.2
Extra moelleux nature,3228857000883,"['en:plant-based-foods-and-beverages', 'en:plant-based-foods', 'en:cereals-and-potatoes', 'en:breads', 'en:sliced-breads', 'fr:pains-de-mie-blancs-nature']",0,[],[],278.0,5.2,0.5,6.5,5.0,8.1,1.18
Pain complet,3029330071280,"['en:plant-based-foods-and-beverages', 'en:plant-based-foods', 'en:cereals-and-potatoes', 'en:breads', 'en:sliced-breads', 'en:wholemeal-breads', 'en:wholemeal-sliced-breads']",0,[],[],243.0,3.0,0.3,3.8,6.6,8.7,1.2
Tartines Bio quinoa & graines 450g,3760049798029,"['en:plant-based-foods-and-beverages', 'en:plant-based-foods', 'en:cereals-and-potatoes', 'en:cereals-and-their-products', 'en:breads', 'fr:tartine']",2,[],"['en:e300', 'en:e412']",314.0,11.0,0.9,5.0,5.3,9.1,1.0
Maxi Tranches Sans sucre ajouté Nature,3029330022411,"['en:plant-based-foods-and-beverages', 'en:plant-based-foods', 'en:cereals-and-potatoes', 'en:breads', 'en:sliced-breads']",0,[],[],249.0,2.8,0.3,4.5,3.4,8.3,1.1
Grilletine Sans sucres ajoutés Blé complet,3182180002542,"['en:plant-based-foods-and-beverages', 'en:plant-based-foods', 'en:cereals-and-potatoes', 'en:cereals-and-their-products', 'en:breads', 'en:toasts', 'en:toasted-bread-rolls']",1,[],['en:e300'],411.0,10.0,2.4,2.1,12.7,13.0,0.9
Everyday Tiger Rolls with Sourdough,5025125000174,"['en:plant-based-foods-and-beverages', 'en:plant-based-foods', 'en:cereals-and-potatoes', 'en:breads', 'en:white-breads', 'en:bread-white-from-wheat-flour-of-the-highest-grade-gost-26987-86']",4,[],"['en:e300', 'en:e500', 'en:e503', 'en:e920']",250.0,0.625,0.125,3.5,2.62,9.12,0.859
Pain complet 3 céréales,3229820019192,"['en:plant-based-foods-and-beverages', 'en:plant-based-foods', 'en:cereals-and-potatoes', 'en:cereals-and-their-products', 'en:breads', 'en:wholemeal-breads', 'fr:pain-complet-3-cereales']",0,[],[],196.0,2.9,0.4,2.0,11.0,5.0,1.1
Cinnamon & Raisin Bagels,5020364010144,"['en:plant-based-foods-and-beverages', 'en:plant-based-foods', 'en:cereals-and-potatoes', 'en:breads', 'en:special-breads', 'en:bagel-breads']",2,[],"['en:e282', 'en:e300']",272.0,2.12,0.235,10.4,5.18,9.18,0.568
Soft Pittas Easy to Fill Wholemeal,5010044010144,"['en:plant-based-foods-and-beverages', 'en:plant-based-foods', 'en:cereals-and-potatoes', 'en:breads', 'en:flatbreads', 'en:wholemeal-soft-pitta']",7,[],"['en:e282', 'en:e300', 'en:e415', 'en:e466', 'en:e471', 'en:e481', 'en:e920']",240.0,2.22,0.635,3.97,5.4,11.9,0.905
Seeded Sourdough Half Bloomer,00363174,"['en:plant-based-foods-and-beverages', 'en:plant-based-foods', 'en:cereals-and-potatoes', 'en:breads']",0,[],[],283.0,5.4,1.1,3.1,3.8,10.7,0.83
Beau & bon pain de mie complet lin tournesol 320g,3228857001101,"['en:plant-based-foods-and-beverages', 'en:plant-based-foods', 'en:cereals-and-potatoes', 'en:frozen-foods', 'en:breads', 'en:sliced-breads', 'en:frozen-breads', 'en:wholemeal-breads', 'en:wholemeal-sliced-breads']",0,[],[],303.0,9.0,1.0,3.5,7.0,11.0,0.9
Farmhouse Soft Bread,5010044002378,"['en:plant-based-foods-and-beverages', 'en:plant-based-foods', 'en:cereals-and-potatoes', 'en:cereals-and-their-products', 'en:breads', 'en:sliced-breads', 'en:white-breads']",5,[],"['en:e282', 'en:e300', 'en:e471', 'en:e481', 'en:e920']",244.0,2.58,0.468,2.11,2.34,8.9,0.966
Durum wheat flatbreads,5060198645617,"['en:plant-based-foods-and-beverages', 'en:plant-based-foods', 'en:cereals-and-potatoes', 'en:breads', 'en:flatbreads', 'en:white-breads', 'en:wheat-breads', 'en:wheat-flatbreads']",0,[],[],299.0,7.9,1.2,2.4,2.0,8.9,1.475
Pan de Molde Clásico,8008698005576,"['en:plant-based-foods-and-beverages', 'en:plant-based-foods', 'en:cereals-and-potatoes', 'en:specific-products', 'en:products-for-specific-diets', 'en:breads', 'en:products-without-gluten', 'en:gluten-free-breads', 'en:sliced-breads']",1,[],['en:e464'],232.0,3.6,0.4,3.2,8.0,3.6,0.98
10 Tortillas Trigo,8480000808592,"['en:plant-based-foods-and-beverages', 'en:plant-based-foods', 'en:cereals-and-potatoes', 'en:breads', 'en:flatbreads', 'en:white-breads', 'en:wheat-breads', 'en:wheat-flatbreads']",8,[],"['en:e202', 'en:e282', 'en:e296', 'en:e415', 'en:e422', 'en:e471', 'en:e500', 'en:e500ii', 'en:e920']",294.0,5.83,1.94,1.67,4.44,8.33,1.6
Pain de mie Bio grandes tranches complet sans sucres ajoutés 500g,3760049798869,"['en:plant-based-foods-and-beverages', 'en:plant-based-foods', 'en:cereals-and-potatoes', 'en:breads', 'en:sliced-breads', 'en:wholemeal-breads', 'en:wholemeal-sliced-breads']",1,[],['en:e300'],252.0,5.1,0.5,1.9,6.9,10.0,0.99
Pain de mie grandes tranches Avoine & Graines 500g,3760049798845,"['en:plant-based-foods-and-beverages', 'en:plant-based-foods', 'en:cereals-and-potatoes', 'en:breads', 'en:sliced-breads', 'en:multigrain-sliced-breads', 'fr:pain-de-mie-a-la-farine-d-avoine', 'fr:pain-de-mie-a-la-farine-de-ble']",2,[],"['en:e282', 'en:e300']",274.0,9.1,1.0,2.2,6.0,12.0,0.93
Organic Bread 21 Whole Grains and Seeds,0013764027053,"['en:plant-based-foods-and-beverages', 'en:plant-based-foods', 'en:cereals-and-potatoes', 'en:cereals-and-their-products', 'en:breads', 'en:sliced-breads', 'en:multigrain-sliced-breads']",0,[],[],244.0,0.0,0.0,8.89,8.89,13.3,0.944
Pain Grillé l'Original,3182180002436,"['en:plant-based-foods-and-beverages', 'en:plant-based-foods', 'en:cereals-and-potatoes', 'en:cereals-and-their-products', 'en:breads', 'en:toasts', 'fr:b']",1,[],['en:e300'],388.0,3.5,0.4,4.1,4.3,11.0,1.3
Pan de molde natural trigo espelta 100% integral,8480000864673,"['en:plant-based-foods-and-beverages', 'en:plant-based-foods', 'en:cereals-and-potatoes', 'en:cereals-and-their-products', 'en:breads', 'en:sliced-breads', 'en:wholemeal-breads', 'en:wholemeal-sliced-breads']",0,[],[],240.0,4.1,0.8,3.7,7.4,12.0,1.1
Sourdough  bagels,5099077004306,"['en:plant-based-foods-and-beverages', 'en:plant-based-foods', 'en:cereals-and-potatoes', 'en:breads', 'en:special-breads', 'en:bagel-breads']",3,[],"['en:e200', 'en:e282', 'en:e300']",277.0,3.05,0.38,6.24,4.13,10.1,1.11
Farmhouse Super Seeded Loaf,5057545928769,"['en:plant-based-foods-and-beverages', 'en:plant-based-foods', 'en:cereals-and-potatoes', 'en:breads', 'en:sliced-breads', 'en:multigrain-sliced-breads']",4,[],"['en:e282', 'en:e300', 'en:e471', 'en:e472e']",294.0,9.6,1.2,4.9,5.8,11.2,0.9
Krisprolls - Wholegrain Complets,7311071330815,"['en:plant-based-foods-and-beverages', 'en:plant-based-foods', 'en:cereals-and-potatoes', 'en:breads', 'en:toasts', 'en:crispbreads', 'en:toasted-bread-rolls']",0,[],[],397.0,6.2,2.1,7.0,7.7,12.0,1.6
White Bread wraps,5022824240061,"['en:plant-based-foods-and-beverages', 'en:plant-based-foods', 'en:cereals-and-potatoes', 'en:sandwiches', 'en:breads', 'en:wraps', 'en:white-breads', 'en:wheat-breads']",1,[],['en:e282'],225.0,0.9,0.3,1.3,2.5,5.9,0.5
Biscottes Pleine vie Sans sel ajouté,3392460481114,"['en:plant-based-foods-and-beverages', 'en:plant-based-foods', 'en:cereals-and-potatoes', 'en:specific-products', 'en:products-for-specific-diets', 'en:breads', 'en:products-with-reduced-salt', 'en:rusks', 'en:rusks-without-salt']",1,[],['en:e300'],407.0,6.1,2.7,4.8,3.7,12.0,0.01
Pain de mie extra-moelleux nature,4056489007166,"['en:plant-based-foods-and-beverages', 'en:plant-based-foods', 'en:cereals-and-potatoes', 'en:cereals-and-their-products', 'en:breads', 'en:sliced-breads']",1,[],['en:e262'],284.0,4.4,0.4,3.6,2.8,8.4,0.9
Pain AMS 7 céréales,3228850000262,"['en:plant-based-foods-and-beverages', 'en:plant-based-foods', 'en:cereals-and-potatoes', 'en:breads', 'en:sliced-breads', 'en:multigrain-sliced-breads']",0,[],[],282.0,6.8,0.7,5.0,6.5,10.7,1.13
Wholemeal Seeded Farmhouse Loaf,20511296,"['en:plant-based-foods-and-beverages', 'en:plant-based-foods', 'en:cereals-and-potatoes', 'en:breads', 'en:sliced-breads', 'en:wholemeal-breads', 'en:wholemeal-sliced-breads']",2,[],"['en:e300', 'en:e322']",262.0,7.87,0.851,2.13,8.3,12.3,0.984
Tartines craquantes Froment,20006174,"['en:plant-based-foods-and-beverages', 'en:plant-based-foods', 'en:snacks', 'en:cereals-and-potatoes', 'en:salty-snacks', 'en:appetizers', 'en:biscuits-and-crackers', 'en:breads', 'en:crackers-appetizers', 'en:extruded-crispbreads', 'en:toasts']",0,[],[],385.0,23.4,0.5,3.5,6.2,11.7,1.19
Original Breadsticks,4088600305592,"['en:plant-based-foods-and-beverages', 'en:plant-based-foods', 'en:cereals-and-potatoes', 'en:breads', 'en:breadsticks']",0,[],[],406.0,8.4,1.4,3.0,3.7,10.0,1.7
Biscottes aux céréales et aux graines,20298036,"['en:plant-based-foods-and-beverages', 'en:plant-based-foods', 'en:cereals-and-potatoes', 'en:breads', 'en:rusks', 'en:multigrain-rusks']",1,[],['en:e300'],405.0,10.0,1.2,4.0,7.5,14.0,1.7
Pain grillé Pelletier,7622210416667,"['en:plant-based-foods-and-beverages', 'en:plant-based-foods', 'en:cereals-and-potatoes', 'en:breads', 'en:toasts']",1,[],['en:e300'],389.0,4.8,2.0,2.5,0.9,12.0,1.8
Seeded,5010003063457,"['en:plant-based-foods-and-beverages', 'en:plant-based-foods', 'en:cereals-and-potatoes', 'en:breads', 'en:sourdough']",1,[],['en:e300'],280.0,7.4,0.7,3.4,4.3,10.7,1.22
American Sandwich Nature,3228857000838,"['en:plant-based-foods-and-beverages', 'en:plant-based-foods', 'en:cereals-and-potatoes', 'en:sandwiches', 'en:breads', 'en:sliced-breads']",0,[],[],271.0,4.1,0.4,7.7,3.9,7.6,1.1
White Tortilla Wraps,5057967342044,"['en:plant-based-foods-and-beverages', 'en:plant-based-foods', 'en:cereals-and-potatoes', 'en:breads', 'en:flatbreads', 'en:white-breads', 'en:wheat-breads']",7,[],"['en:e282', 'en:e330', 'en:e422', 'en:e450', 'en:e450i', 'en:e471', 'en:e500', 'en:e500ii', 'en:e920']",284.0,5.0,2.2,2.2,3.7,8.2,0.965
The Honey Soaked Seeded Bloomer,4088600161686,"['en:plant-based-foods-and-beverages', 'en:plant-based-foods', 'en:cereals-and-potatoes', 'en:breads']",1,[],['en:e300'],256.0,4.8,0.6,4.6,6.8,9.8,0.785
Thins Multi-Seed Flatbreads,5050974000822,"['en:plant-based-foods-and-beverages', 'en:plant-based-foods', 'en:snacks', 'en:cereals-and-potatoes', 'en:salty-snacks', 'en:appetizers', 'en:breads', 'en:flatbreads']",1,[],['en:e508'],435.0,14.1,3.3,2.9,8.1,16.4,1.54
Gluten free,8008698011065,"['en:plant-based-foods-and-beverages', 'en:plant-based-foods', 'en:cereals-and-potatoes', 'en:specific-products', 'en:products-for-specific-diets', 'en:breads', 'en:products-without-gluten', 'en:gluten-free-breads', 'en:sliced-breads', 'en:gluten-free-sliced-breads']",2,[],"['en:e464', 'en:potassium-iodide']",262.0,9.2,1.1,0.9,8.8,4.5,1.0
Simply Sesame,5050974505297,"['en:plant-based-foods-and-beverages', 'en:plant-based-foods', 'en:cereals-and-potatoes', 'en:breads', 'en:crispbreads', 'fr:pains-croustillants-complets']",0,[],[],381.0,6.67,0.952,2.86,18.1,13.3,0.667
Pain au lait bio x12 420g,3760049798890,"['en:plant-based-foods-and-beverages', 'en:plant-based-foods', 'en:snacks', 'en:cereals-and-potatoes', 'en:sweet-snacks', 'en:biscuits-and-cakes', 'en:sweet-pastries-and-pies', 'en:breads', 'en:viennoiseries', 'en:milk-bread-rolls']",0,[],[],345.0,11.0,1.2,8.7,2.4,9.4,0.9
Pain de mie nature,3228857000913,"['en:plant-based-foods-and-beverages', 'en:plant-based-foods', 'en:cereals-and-potatoes', 'en:breads', 'en:sliced-breads', 'en:sliced-breads-without-crust']",0,[],[],266.0,4.3,0.4,7.7,3.8,7.0,1.1
Pan de Molde 100% Integral,8480000823281,"['en:plant-based-foods-and-beverages', 'en:plant-based-foods', 'en:cereals-and-potatoes', 'en:cereals-and-their-products', 'en:breads', 'en:sliced-breads', 'en:wholemeal-breads', 'en:wholemeal-sliced-breads']",6,[],"['en:e200', 'en:e202', 'en:e282', 'en:e300', 'en:e471', 'en:e472e']",238.0,3.2,0.7,2.9,7.4,11.0,1.0
Sesame Crispbread with a naturally nutty flavour,40874302,"['en:plant-based-foods-and-beverages', 'en:plant-based-foods', 'en:snacks', 'en:cereals-and-potatoes', 'en:salty-snacks', 'en:appetizers', 'en:breads', 'en:crispbreads', 'en:high-fibre-bread', 'en:high-fibre-products']",0,[],[],369.0,6.3,1.0,3.7,16.8,12.3,0.55
PUMPKIN SEED & OAT CRISPBREAD,5050974503712,"['en:plant-based-foods-and-beverages', 'en:plant-based-foods', 'en:cereals-and-potatoes', 'en:breads', 'en:flatbreads', 'en:crispbreads', 'en:crispbreads-wholemeal', 'en:crisp-bread']",0,[],[],384.0,8.8,1.6,3.2,14.4,13.6,0.48
Pain 100% mie nature sans sucre ajouté,3228857001118,"['en:plant-based-foods-and-beverages', 'en:plant-based-foods', 'en:cereals-and-potatoes', 'en:breads', 'en:sliced-breads', 'fr:pains-de-mie-blancs-nature']",0,[],[],262.0,5.0,0.4,5.6,4.9,7.1,1.0
Wholemeal tortilla wraps,5057967342082,"['en:plant-based-foods-and-beverages', 'en:plant-based-foods', 'en:cereals-and-potatoes', 'en:breads', 'en:flatbreads', 'en:white-breads', 'en:wheat-breads', 'en:wheat-flatbreads']",7,[],"['en:e202', 'en:e282', 'en:e330', 'en:e422', 'en:e450', 'en:e450i', 'en:e471', 'en:e500', 'en:e500ii']",279.0,5.25,2.46,3.28,6.89,9.02,0.885
Le pain au Seigle,3560070879762,"['en:plant-based-foods-and-beverages', 'en:plant-based-foods', 'en:cereals-and-potatoes', 'en:breads', 'en:rye-breads']",3,[],"['en:e200', 'en:e262', 'en:e300']",221.0,1.2,0.3,3.4,6.3,7.1,1.2
Oregano Crostini Italian Bread Bites,5060198640643,"['en:plant-based-foods-and-beverages', 'en:plant-based-foods', 'en:snacks', 'en:cereals-and-potatoes', 'en:salty-snacks', 'en:breads', 'en:breadsticks', 'en:bread-bite']",0,[],[],467.0,17.0,2.3,1.5,3.3,10.0,2.0
Fines Tartines farine de Seigle,3029330004240,"['en:plant-based-foods-and-beverages', 'en:plant-based-foods', 'en:cereals-and-potatoes', 'en:breads']",2,[],"['en:e262', 'en:e300']",224.0,1.6,0.3,3.8,8.7,7.1,1.2
,7300400117975,"['en:plant-based-foods-and-beverages', 'en:plant-based-foods', 'en:snacks', 'en:cereals-and-potatoes', 'en:salty-snacks', 'en:appetizers', 'en:biscuits-and-crackers', 'en:frozen-foods', 'en:breads', 'en:crackers-appetizers', 'en:crispbreads', 'en:panificati', 'en:sostitutivo-del-pane']",0,[],[],333.0,1.11,0.556,2.22,20.0,8.89,0.00222
Pane Pugliese,5060198640247,"['en:plant-based-foods-and-beverages', 'en:plant-based-foods', 'en:cereals-and-potatoes', 'en:breads', 'en:special-breads']",0,[],[],252.0,1.2,0.23,2.3,4.1,8.9,1.2775
Baker Street Seeded Rye Bread,5027952012573,"['en:plant-based-foods-and-beverages', 'en:plant-based-foods', 'en:cereals-and-potatoes', 'en:cereals-and-their-products', 'en:breads', 'en:rye-breads']",3,[],"['en:e200', 'en:e262', 'en:e262i', 'en:e300']",242.0,4.5,0.5,2.5,5.5,8.5,1.0
,6111259347106,"['en:plant-based-foods-and-beverages', 'en:plant-based-foods', 'en:snacks', 'en:cereals-and-potatoes', 'en:sweet-snacks', 'en:cocoa-and-its-products', 'en:confectioneries', 'en:chocolate-candies', 'en:breads', 'en:chocolates', 'en:rusks', 'en:rusk-with-eggs']",0,[],[],500.0,25.0,15.0,45.0,5.0,5.0,0.5
12 Crunchy Taco Shells,8410076480637,"['en:plant-based-foods-and-beverages', 'en:plant-based-foods', 'en:cereals-and-potatoes', 'en:breads', 'en:flatbreads', 'en:corn-flatbreads', 'en:tacos']",0,[],[],509.0,27.0,2.3,1.0,3.6,5.4,0.05
Malted Bloomer,4088600184197,"['en:plant-based-foods-and-beverages', 'en:plant-based-foods', 'en:cereals-and-potatoes', 'en:breads', 'en:white-breads', 'en:bread-white-from-wheat-flour-of-the-highest-grade-gost-26987-86']",2,[],"['en:e282', 'en:e300']",251.0,1.7,0.1,4.9,4.1,8.5,0.48
Biscotte gout brioche heudebert,3017760771894,"['en:plant-based-foods-and-beverages', 'en:plant-based-foods', 'en:cereals-and-potatoes', 'en:breads', 'en:rusks', 'en:toasts']",4,[],"['en:e160a', 'en:e160ai', 'en:e300', 'en:e471', 'en:e481']",196.0,5.0,2.2,5.4,1.7,5.0,0.5
mission wraps,5036034406186,"['en:plant-based-foods-and-beverages', 'en:plant-based-foods', 'en:cereals-and-potatoes', 'en:breads', 'en:flatbreads', 'en:white-breads', 'en:wheat-breads', 'en:wheat-flatbreads']",6,[],"['en:e202', 'en:e282', 'en:e296', 'en:e422', 'en:e471', 'en:e500']",312.0,6.86,1.14,2.29,2.45,8.01,0.739
Seeded Sourdough,5060235980589,"['en:plant-based-foods-and-beverages', 'en:plant-based-foods', 'en:cereals-and-potatoes', 'en:breads', 'en:sourdough-bread']",0,[],[],232.0,4.1,0.4,1.2,6.7,9.5,1.0
Biscottes Complètes bio,3560070308316,"['en:plant-based-foods-and-beverages', 'en:plant-based-foods', 'en:cereals-and-potatoes', 'en:cereals-and-their-products', 'en:breads', 'en:rusks', 'en:wholemeal-rusks']",1,[],['en:e300'],388.0,6.3,0.7,4.9,9.7,12.0,1.3
Multiseed Batch,5057545928899,"['en:plant-based-foods-and-beverages', 'en:plant-based-foods', 'en:cereals-and-potatoes', 'en:breads', 'en:sliced-breads', 'en:multigrain-sliced-breads']",3,[],"['en:e282', 'en:e300', 'en:e472e']",260.0,4.6,0.8,3.0,4.0,9.8,0.92
2 Stonebaked Baguettes,4088600072029,"['en:plant-based-foods-and-beverages', 'en:plant-based-foods', 'en:cereals-and-potatoes', 'en:breads', 'en:baguettes', 'en:pre-baked-breads']",2,[],"['en:e1510', 'en:e300']",291.0,1.24,0.442,2.74,3.54,10.0,1.09
Sliced White Sourdough Bread with Protein,5025125000075,"['en:plant-based-foods-and-beverages', 'en:plant-based-foods', 'en:cereals-and-potatoes', 'en:flours', 'en:breads', 'en:bread-flours', 'en:white-breads', 'en:bread-white-from-wheat-flour-of-the-highest-grade-gost-26987-86', 'en:sourdough']",0,[],[],238.0,6.38,0.69,1.72,5.52,20.3,0.00246
Grilletine froment,3182180002092,"['en:plant-based-foods-and-beverages', 'en:plant-based-foods', 'en:cereals-and-potatoes', 'en:cereals-and-their-products', 'en:breads', 'en:toasts', 'en:crispbreads', 'en:toasted-bread-rolls']",2,[],"['en:e300', 'en:e471']",427.0,9.6,2.0,9.0,6.3,12.0,0.88
PAIN MIE SANDWICH BIO* COMPLET Sans sucres ajoutés 500G,3760049794373,"['en:plant-based-foods-and-beverages', 'en:plant-based-foods', 'en:cereals-and-potatoes', 'en:cereals-and-their-products', 'en:breads', 'en:sliced-breads', 'en:packaged-breads', 'en:wholemeal-breads', 'en:wholemeal-sliced-breads']",1,[],['en:e300'],252.0,5.1,0.5,1.9,6.9,10.0,0.99
CRISP BREAD Blackpepper,5050974503736,"['en:plant-based-foods-and-beverages', 'en:plant-based-foods', 'en:cereals-and-potatoes', 'en:cereals-and-their-products', 'en:breads', 'en:crispbreads', 'en:crispbreads-wholemeal', 'en:crisp-bread']",0,[],[],344.0,1.6,0.2,2.5,14.5,8.8,0.56
Pain de mie complet,6111245460345,"['en:plant-based-foods-and-beverages', 'en:plant-based-foods', 'en:cereals-and-potatoes', 'en:breads', 'en:sliced-breads', 'en:wholemeal-breads', 'en:wholemeal-sliced-breads']",0,[],[],237.0,3.5,0.3,4.2,7.0,8.0,1.0
Pain complet seigle,3229820019208,"['en:plant-based-foods-and-beverages', 'en:plant-based-foods', 'en:cereals-and-potatoes', 'en:breads', 'en:rye-breads', 'en:wholemeal-breads']",0,[],[],198.0,1.3,0.2,4.0,10.0,4.6,1.1
Crispbread,8008698007303,"['en:plant-based-foods-and-beverages', 'en:plant-based-foods', 'en:cereals-and-potatoes', 'en:specific-products', 'en:products-for-specific-diets', 'en:breads', 'en:products-without-gluten', 'en:crispbreads']",0,[],[],380.0,1.7,0.3,6.0,2.3,6.0,1.4
Pan de molde 12 cereales y semillas,8480000835475,"['en:plant-based-foods-and-beverages', 'en:plant-based-foods', 'en:cereals-and-potatoes', 'en:cereals-and-their-products', 'en:breads', 'en:sliced-breads', 'en:multigrain-sliced-breads']",5,[],"['en:e200', 'en:e202', 'en:e282', 'en:e471', 'en:e472e']",263.0,6.1,1.0,3.4,6.3,11.0,1.175
Warburtons 6 Brown Sandwich Thins,5010044004679,"['en:plant-based-foods-and-beverages', 'en:plant-based-foods', 'en:cereals-and-potatoes', 'en:breads', 'en:sliced-breads']",7,[],"['en:e282', 'en:e300', 'en:e415', 'en:e466', 'en:e471', 'en:e481', 'en:e920']",250.0,2.75,1.0,4.0,3.5,10.0,0.955
Classic Medium Sliced Wholemeal Bread,5010092736614,"['en:plant-based-foods-and-beverages', 'en:plant-based-foods', 'en:cereals-and-potatoes', 'en:breads']",1,[],['en:e300'],228.0,2.61,0.435,3.26,6.09,11.1,0.957
wholemeal sourdough bread,00363167,"['en:plant-based-foods-and-beverages', 'en:plant-based-foods', 'en:cereals-and-potatoes', 'en:breads', 'en:sliced-breads', 'en:wholemeal-breads', 'en:wholemeal-sliced-breads']",1,[],['en:e300'],258.0,4.0,0.6,2.6,4.6,10.9,0.9725
8 Tortillas - Blé nature,8410076472946,"['en:plant-based-foods-and-beverages', 'en:plant-based-foods', 'en:cereals-and-potatoes', 'en:breads', 'en:flatbreads', 'en:white-breads', 'en:wheat-breads', 'en:wheat-flatbreads']",4,[],"['en:e422', 'en:e450', 'en:e471', 'en:e500', 'en:e500ii']",299.0,5.2,1.2,2.1,1.6,9.1,1.0
Pain de mie grandes tranches complet,3564700596968,"['en:plant-based-foods-and-beverages', 'en:plant-based-foods', 'en:cereals-and-potatoes', 'en:breads', 'en:sliced-breads', 'en:wholemeal-breads', 'en:wholemeal-sliced-breads', 'fr:sojasun']",4,[],"['en:e282', 'en:e300', 'en:e471', 'en:e481']",255.0,4.8,0.8,6.2,7.4,9.3,1.1
"Wholemeal, Seeds and Grains Loaf",5057753893958,"['en:plant-based-foods-and-beverages', 'en:plant-based-foods', 'en:cereals-and-potatoes', 'en:breads', 'en:wholemeal-breads']",2,[],"['en:e300', 'en:e472e']",256.0,5.0,0.909,2.73,6.36,11.6,0.892
Old English Medium Sliced White Bread,5010044006529,"['en:plant-based-foods-and-beverages', 'en:plant-based-foods', 'en:cereals-and-potatoes', 'en:breads', 'en:white-breads']",1,[],['en:e300'],248.0,2.6,0.5,3.4,2.1,9.4,0.98
Soft Tiger Bloomer,5010044003955,"['en:plant-based-foods-and-beverages', 'en:plant-based-foods', 'en:cereals-and-potatoes', 'en:breads', 'en:white-breads', 'en:wheat-breads']",5,[],"['en:e282', 'en:e300', 'en:e471', 'en:e472e', 'en:e920']",251.0,2.4,0.5,3.0,2.0,10.1,0.98
,4056489018636,"['en:plant-based-foods-and-beverages', 'en:plant-based-foods', 'en:cereals-and-potatoes', 'en:cereals-and-their-products', 'en:breads', 'en:flatbreads', 'en:white-breads', 'en:wheat-breads', 'en:wheat-flatbreads']",5,[],"['en:e202', 'en:e282', 'en:e422', 'en:e471', 'en:e500']",297.0,7.5,1.8,2.0,4.8,12.0,1.0
Best of Both Bread,5010003052949,"['en:plant-based-foods-and-beverages', 'en:plant-based-foods', 'en:cereals-and-potatoes', 'en:breads', 'en:white-breads', 'en:bread-white-from-wheat-flour-of-the-highest-grade-gost-26987-86']",5,[],"['en:e282', 'en:e300', 'en:e322', 'en:e471', 'en:e472e']",232.0,1.75,0.25,3.5,2.5,8.75,0.887
21 Whole Grains and Seeds Organic Bread,0013764027138,"['en:plant-based-foods-and-beverages', 'en:plant-based-foods', 'en:cereals-and-potatoes', 'en:cereals-and-their-products', 'en:breads', 'en:sliced-breads']",0,[],[],214.0,3.57,0.0,10.7,10.7,10.7,0.938
Wheat and Rye Soughdough Half Bloomer,00458061,"['en:plant-based-foods-and-beverages', 'en:plant-based-foods', 'en:cereals-and-potatoes', 'en:cereals-and-their-products', 'en:breads', 'en:sliced-breads', 'en:sliced-fermented-soughdough-bread-made-with-wheat-rye']",1,[],['en:e300'],249.0,2.6,0.4,1.6,5.0,9.0,0.945
Wholemeal Bagels,5018297002008,"['en:plant-based-foods-and-beverages', 'en:plant-based-foods', 'en:cereals-and-potatoes', 'en:breads', 'en:special-breads', 'en:bagel-breads']",2,[],"['en:e282', 'en:e300']",252.0,1.9,0.3,6.4,6.2,10.7,0.78
Rosemary & Sea Salt Thins,5050974504139,"['en:plant-based-foods-and-beverages', 'en:plant-based-foods', 'en:snacks', 'en:cereals-and-potatoes', 'en:salty-snacks', 'en:appetizers', 'en:breads', 'en:flatbreads']",1,[],['en:e508'],386.0,4.29,0.857,2.86,8.57,12.9,1.68
CIABATTA ROLLS,4088600003610,"['en:plant-based-foods-and-beverages', 'en:plant-based-foods', 'en:cereals-and-potatoes', 'en:breads', 'en:bread-rolls']",0,[],[],267.0,2.4,0.5,2.8,3.2,10.4,0.62
100% mie,3228857000869,"['en:plant-based-foods-and-beverages', 'en:plant-based-foods', 'en:cereals-and-potatoes', 'en:breads', 'en:sliced-breads', 'en:sliced-breads-without-crust']",0,[],[],266.0,4.2,0.4,7.7,4.0,7.0,1.1
Wholemeal Loaf,5010044009650,"['en:plant-based-foods-and-beverages', 'en:plant-based-foods', 'en:cereals-and-potatoes', 'en:cereals-and-their-products', 'en:breads', 'en:sliced-breads', 'en:wholemeal-breads']",4,[],"['en:e282', 'en:e300', 'en:e471', 'en:e472e']",260.0,4.6,0.8,3.2,7.0,16.0,0.885
TORTILLA WRAPS WHOLEMEAL,4088600111209,"['en:plant-based-foods-and-beverages', 'en:plant-based-foods', 'en:cereals-and-potatoes', 'en:breads', 'en:flatbreads', 'en:white-breads', 'en:wheat-breads', 'en:wheat-flatbreads']",8,[],"['en:e202', 'en:e282', 'en:e330', 'en:e422', 'en:e450', 'en:e471', 'en:e500', 'en:e920']",307.142857142857,3.75,0.714285714285715,1.07142857142857,7.85714285714286,7.32142857142857,0.0
Krisprolls,7311070032581,"['en:plant-based-foods-and-beverages', 'en:plant-based-foods', 'en:cereals-and-potatoes', 'en:breads', 'en:toasts', 'en:toasted-bread-rolls']",0,[],[],397.0,6.2,2.1,7.0,7.7,12.0,1.5725
Superseed Farmhouse,4088600236377,"['en:plant-based-foods-and-beverages', 'en:plant-based-foods', 'en:cereals-and-potatoes', 'en:breads', 'en:sliced-breads', 'en:white-breads', 'en:wheat-breads', 'en:seeded-loaf']",4,[],"['en:e282', 'en:e300', 'en:e471', 'en:e472e']",286.0,8.2,1.3,2.7,5.0,10.4,0.99
6 Wholemeal Pitta Breads,4056489851387,"['en:plant-based-foods-and-beverages', 'en:plant-based-foods', 'en:cereals-and-potatoes', 'en:breads', 'en:flatbreads', 'en:special-breads', 'en:pitas']",1,[],['en:e282'],213.0,1.3,0.3,2.5,7.2,10.0,0.47
Pain grillé,3182180002474,"['en:plant-based-foods-and-beverages', 'en:plant-based-foods', 'en:cereals-and-potatoes', 'en:cereals-and-their-products', 'en:breads', 'en:toasts', 'en:pains-de-campagne']",0,[],[],403.0,6.6,0.7,3.3,5.8,11.0,1.3
Pan de molde blanco natural rústico,8480000233592,"['en:plant-based-foods-and-beverages', 'en:plant-based-foods', 'en:cereals-and-potatoes', 'en:cereals-and-their-products', 'en:breads', 'en:sliced-breads']",0,[],[],265.0,4.5,0.6,3.8,1.2,9.1,1.1
Tasty Wholemeal Thick,5010003000353,"['en:plant-based-foods-and-beverages', 'en:plant-based-foods', 'en:cereals-and-potatoes', 'en:breads', 'en:sliced-breads', 'en:wholemeal-breads', 'en:wholemeal-sliced-breads']",3,[],"['en:e282', 'en:e300', 'en:e472e']",221.0,1.7,0.426,4.04,6.81,10.0,0.894
Heudebert Blé complet,7622210941480,"['en:plant-based-foods-and-beverages', 'en:plant-based-foods', 'en:cereals-and-potatoes', 'en:breads', 'en:rusks', 'en:toasts', 'en:wholemeal-rusks']",1,[],['en:e300'],387.0,4.7,1.9,7.4,6.5,14.0,1.43
Maxi tranches complet,3560071472719,"['en:plant-based-foods-and-beverages', 'en:plant-based-foods', 'en:cereals-and-potatoes', 'en:breads', 'en:sliced-breads', 'en:wholemeal-breads', 'en:wholemeal-sliced-breads']",1,[],['en:e282'],267.0,4.7,0.5,4.8,5.8,9.2,1.1
Parmigiano Reggiano & Poppyseed Torinesi Breadsticks,5060198641183,"['en:plant-based-foods-and-beverages', 'en:plant-based-foods', 'en:cereals-and-potatoes', 'en:breads', 'en:breadsticks']",0,[],[],430.0,11.0,4.3,2.6,3.3,13.0,2.3
cracotte,3041090063152,"['en:plant-based-foods-and-beverages', 'en:plant-based-foods', 'en:cereals-and-potatoes', 'en:breads', 'en:rusks']",1,[],"['en:e322', 'en:e322i']",389.0,2.6,1.0,12.0,2.8,12.0,1.4
Harrys brioche tranchee pepites de chocolat sans additif 485g,3228857001347,"['en:plant-based-foods-and-beverages', 'en:plant-based-foods', 'en:snacks', 'en:cereals-and-potatoes', 'en:sweet-snacks', 'en:biscuits-and-cakes', 'en:biscuits-and-crackers', 'en:cereals-and-their-products', 'en:biscuits', 'en:sweet-pastries-and-pies', 'en:breads', 'en:viennoiseries', 'en:brioches', 'en:variety-packs', 'en:biscuits-or-cookies-variety-packs', 'en:biscuits-or-cookies-perishable', 'en:brioche-filled-with-chocolate-drops', 'en:packaged-breads', 'fr:brioches-tranchees']",0,[],[],357.0,13.0,2.7,17.0,5.2,7.5,0.65
Original,7300400118101,"['en:plant-based-foods-and-beverages', 'en:plant-based-foods', 'en:cereals-and-potatoes', 'en:breads', 'en:crispbreads']",0,[],[],336.0,1.5,0.4,1.0,19.0,9.0,1.0
Grissini Breadstick,40897899,"['en:plant-based-foods-and-beverages', 'en:plant-based-foods', 'en:cereals-and-potatoes', 'en:breads', 'en:breadsticks']",0,[],[],415.0,8.0,1.2,3.0,4.3,12.5,1.75
Allinson Signature Seeded Bread 650G,5010092736812,"['en:plant-based-foods-and-beverages', 'en:plant-based-foods', 'en:cereals-and-potatoes', 'en:breads', 'en:wholemeal-breads']",4,[],"['en:e300', 'en:e471', 'en:e472e', 'en:e481']",268.0,9.0,1.3,2.5,,13.2,0.75
White Pittas tesco,5000119082985,"['en:plant-based-foods-and-beverages', 'en:plant-based-foods', 'en:cereals-and-potatoes', 'en:breads', 'en:flatbreads', 'en:special-breads', 'en:pitas']",1,[],['en:e282'],254.0,0.7,0.1,2.4,3.8,9.4,0.58
mutigrain brown,5056142400029,"['en:plant-based-foods-and-beverages', 'en:plant-based-foods', 'en:cereals-and-potatoes', 'en:breads']",3,[],"['en:e300', 'en:e471', 'en:e472']",247.0,1.78,0.444,2.67,4.89,10.2,0.811
Medium Sliced Soft White Bread,5010044000039,"['en:plant-based-foods-and-beverages', 'en:plant-based-foods', 'en:cereals-and-potatoes', 'en:breads', 'en:sliced-breads']",4,[],"['en:e282', 'en:e300', 'en:e472e', 'en:e481']",244.0,2.0,0.5,3.0,2.3,9.1,0.965
Ancient Grains Farmhouse Bread,4088600251806,"['en:plant-based-foods-and-beverages', 'en:plant-based-foods', 'en:cereals-and-potatoes', 'en:breads', 'en:wholemeal-breads']",4,[],"['en:e282', 'en:e300', 'en:e471', 'en:e472e']",235.0,1.7,0.4,3.1,4.8,9.5,1.0825
Danish Lighter White Bread,5010044000305,"['en:plant-based-foods-and-beverages', 'en:plant-based-foods', 'en:cereals-and-potatoes', 'en:breads', 'en:white-breads']",4,[],"['en:e282', 'en:e471', 'en:e472e', 'en:e920']",240.0,1.55,0.775,2.71,1.94,9.69,0.95
"Golden Wheat Swedish Krisprolls, 7.9oz (225g)",7311070032574,"['en:plant-based-foods-and-beverages', 'en:plant-based-foods', 'en:cereals-and-potatoes', 'en:breads', 'en:toasts', 'en:toasted-bread-rolls']",0,[],[],432.0,10.0,1.3,9.5,3.1,10.0,0.66
Le pain aux Céréales,3560071010058,"['en:plant-based-foods-and-beverages', 'en:plant-based-foods', 'en:cereals-and-potatoes', 'en:breads', 'fr:pains-multicereales']",3,[],"['en:e200', 'en:e262', 'en:e300']",253.0,6.9,0.8,2.3,6.9,8.2,1.2
superloaf,5060526430601,"['en:plant-based-foods-and-beverages', 'en:plant-based-foods', 'en:cereals-and-potatoes', 'en:breads', 'en:sliced-breads', 'en:multigrain-sliced-breads']",2,[],"['en:e412', 'en:e414']",242.0,6.25,1.0,1.25,7.5,10.2,0.738
granary wholemeal bread,5010003000292,"['en:plant-based-foods-and-beverages', 'en:plant-based-foods', 'en:cereals-and-potatoes', 'en:breads', 'en:sliced-breads']",4,[],"['en:e282', 'en:e300', 'en:e471', 'en:e472e']",236.0,2.4,0.4,2.4,6.8,10.6,0.98
Pain de mie american sandwich complet sans sucres ajoutés maxi 900g,3228857002351,"['en:plant-based-foods-and-beverages', 'en:plant-based-foods', 'en:cereals-and-potatoes', 'en:frozen-foods', 'en:breads', 'en:sliced-breads', 'en:frozen-breads', 'en:wholemeal-breads', 'en:wholemeal-sliced-breads']",0,[],[],280.0,6.8,0.5,3.6,8.1,7.7,1.1
Unleavened Breads,3177500000742,"['en:plant-based-foods-and-beverages', 'en:plant-based-foods', 'en:cereals-and-potatoes', 'en:breads', 'en:flatbreads', 'en:unleavened-breads', 'fr:pains-azymes-a-la-farine-de-ble']",0,[],[],364.0,0.8,0.18,1.1,3.5,10.6,0.01
Hogaza Masa Madre y Cereales,8412600028131,"['en:plant-based-foods-and-beverages', 'en:plant-based-foods', 'en:cereals-and-potatoes', 'en:cereals-and-their-products', 'en:breads', 'en:sliced-breads', 'en:multigrain-sliced-breads']",0,[],[],245.0,3.8,0.6,2.9,8.2,11.0,1.0
Pan Gratí,06174988,"['en:plant-based-foods-and-beverages', 'en:plant-based-foods', 'en:cereals-and-potatoes', 'en:specific-products', 'en:products-for-specific-diets', 'en:breads', 'en:products-without-gluten', 'en:gluten-free-breads', 'en:bread-crumbs']",1,[],['en:e464'],256.0,6.2,0.8,5.8,8.7,4.4,0.91
Integral familiar 100%,8480000838865,"['en:plant-based-foods-and-beverages', 'en:plant-based-foods', 'en:cereals-and-potatoes', 'en:cereals-and-their-products', 'en:breads', 'en:sliced-breads', 'en:wholemeal-breads', 'en:wholemeal-sliced-breads']",5,[],"['en:e200', 'en:e282', 'en:e412', 'en:e471', 'en:e481']",247.0,3.75,0.938,2.81,7.5,8.75,1.17
Fruit Crunch Crisp,5050974000556,"['en:plant-based-foods-and-beverages', 'en:plant-based-foods', 'en:cereals-and-potatoes', 'en:breads', 'en:rye-breads']",0,[],[],370.0,4.7,0.7,19.4,11.2,9.8,0.03
Piadina,5060198640407,"['en:plant-based-foods-and-beverages', 'en:plant-based-foods', 'en:cereals-and-potatoes', 'en:breads', 'en:flatbreads', 'en:white-breads', 'en:piadina', 'en:wheat-breads', 'en:wheat-flatbreads']",0,[],[],303.0,8.6,1.5,1.1,2.2,8.1,1.6
Pain AMS complet,3228857000180,"['en:plant-based-foods-and-beverages', 'en:plant-based-foods', 'en:cereals-and-potatoes', 'en:breads', 'en:sliced-breads', 'en:wholemeal-breads', 'en:wholemeal-sliced-breads']",0,[],[],253.0,4.5,0.4,4.9,7.2,7.7,1.2
Pan Bauletto Bianco,8076809504720,"['en:plant-based-foods-and-beverages', 'en:plant-based-foods', 'en:cereals-and-potatoes', 'en:cereals-and-their-products', 'en:breads', 'en:sliced-breads']",0,[],[],268.0,3.2,0.568,6.89,4.25,8.4,1.18
Toastie White Bread,5010044000275,"['en:plant-based-foods-and-beverages', 'en:plant-based-foods', 'en:cereals-and-potatoes', 'en:breads', 'en:white-breads']",4,[],"['en:e282', 'en:e300', 'en:e472e', 'en:e481']",243.0,2.08,1.74,2.78,2.08,9.03,2.35
Pain de Mie Complet,6111245460086,"['en:plant-based-foods-and-beverages', 'en:plant-based-foods', 'en:cereals-and-potatoes', 'en:breads', 'en:sliced-breads', 'en:wholemeal-breads', 'en:wholemeal-sliced-breads']",0,[],[],282.0,3.0,0.71,8.65,7.0,9.4,1.13
6 pains suedois 180g,3760049791266,"['en:plant-based-foods-and-beverages', 'en:plant-based-foods', 'en:cereals-and-potatoes', 'en:breads', 'en:toasts', 'en:wheat-swedish-toast']",2,[],"['en:e300', 'en:e503', 'en:e503ii']",288.0,2.8,0.3,11.0,5.4,8.9,0.96
Petits pains grillés blé complet,3564700582633,"['en:plant-based-foods-and-beverages', 'en:plant-based-foods', 'en:cereals-and-potatoes', 'en:breads', 'en:toasts', 'en:toasted-bread-rolls']",1,[],['en:e300'],408.0,10.0,0.9,4.2,6.9,10.0,1.1
Bakery Co. 5 The Original Bagels Fresher for Longer,5018297006464,"['en:plant-based-foods-and-beverages', 'en:plant-based-foods', 'en:cereals-and-potatoes', 'en:breads', 'en:special-breads', 'en:bagel-breads']",3,[],"['en:e200', 'en:e282', 'en:e300']",267.0,2.47,0.235,5.41,3.41,9.41,0.824
Golden,6111031005651,"['en:plant-based-foods-and-beverages', 'en:plant-based-foods', 'en:snacks', 'en:cereals-and-potatoes', 'en:sweet-snacks', 'en:biscuits-and-cakes', 'en:biscuits-and-crackers', 'en:biscuits', 'en:breads', 'en:rusks']",2,[],"['en:e322', 'en:e322i', 'en:e500', 'en:e500ii']",461.0,14.5,6.7,27.0,0.2,6.3,0.43
Pan de molde 35% avena,8480000822956,"['en:plant-based-foods-and-beverages', 'en:plant-based-foods', 'en:cereals-and-potatoes', 'en:cereals-and-their-products', 'en:breads', 'en:special-breads', 'en:sliced-breads']",5,[],"['en:e200', 'en:e202', 'en:e282', 'en:e471', 'en:e472e']",266.0,6.84,1.32,1.58,6.05,13.4,0.0025
Picos 100% integrales,8480000862150,"['en:plant-based-foods-and-beverages', 'en:plant-based-foods', 'en:cereals-and-potatoes', 'en:cereals-and-their-products', 'en:breads', 'en:breadsticks', 'es:picos-de-pan']",0,[],[],379.0,6.4,0.8,3.1,11.0,14.0,2.1
Vollkorn Roggen,7300400114714,"['en:plant-based-foods-and-beverages', 'en:plant-based-foods', 'en:cereals-and-potatoes', 'en:breads', 'en:crispbreads']",0,[],[],333.0,3.88,0.78,3.88,20.2,9.3,1.22
100% trigo espelta integral,8423102210351,"['en:plant-based-foods-and-beverages', 'en:plant-based-foods', 'en:cereals-and-potatoes', 'en:seeds', 'en:cereals-and-their-products', 'en:cereal-grains', 'en:breads', 'en:wheats', 'en:spelts']",0,[],[],522.0,31.7,3.3,1.2,7.7,13.5,1.8
Baker’s bloomer,5010044009124,"['en:plant-based-foods-and-beverages', 'en:plant-based-foods', 'en:cereals-and-potatoes', 'en:breads', 'en:sliced-breads', 'en:white-breads', 'en:bread-loaf']",3,[],"['en:e282', 'en:e300', 'en:e920']",240.0,2.5,0.5,2.5,2.4,9.2,0.9
Wraps au blé nature,8710637105352,"['en:plant-based-foods-and-beverages', 'en:plant-based-foods', 'en:cereals-and-potatoes', 'en:sandwiches', 'en:breads', 'en:flatbreads', 'en:wraps', 'en:white-breads', 'en:wheat-breads', 'en:wheat-flatbreads']",4,[],"['en:e296', 'en:e422', 'en:e471', 'en:e500', 'en:e500ii']",314.0,7.0,0.8,1.1,4.3,8.0,0.98
Baked Pretzels Original Sea Salted,5032439100070,"['en:plant-based-foods-and-beverages', 'en:plant-based-foods', 'en:snacks', 'en:cereals-and-potatoes', 'en:salty-snacks', 'en:appetizers', 'en:biscuits-and-crackers', 'en:breads', 'en:crackers-appetizers', 'en:special-breads', 'en:pretzel']",1,[],['en:e524'],393.0,4.6,0.5,3.3,3.6,10.0,2.46
Superseded sliced loaf bread,5054781498063,"['en:plant-based-foods-and-beverages', 'en:plant-based-foods', 'en:cereals-and-potatoes', 'en:breads', 'en:sliced-breads', 'en:multigrain-sliced-breads']",1,[],['en:e300'],298.0,9.7,1.2,4.1,5.5,12.0,0.8175
6 Wholemeal Pittas,00635684,"['en:plant-based-foods-and-beverages', 'en:plant-based-foods', 'en:cereals-and-potatoes', 'en:breads', 'en:flatbreads', 'en:special-breads', 'en:pitas']",1,[],['en:e282'],232.0,1.33,0.333,2.5,7.17,10.0,0.483
Pain de mie american sandwich nature sans sucres ajoutés 550g,3228857002184,"['en:plant-based-foods-and-beverages', 'en:plant-based-foods', 'en:cereals-and-potatoes', 'en:frozen-foods', 'en:breads', 'en:sliced-breads', 'en:frozen-breads']",0,[],[],283.0,6.0,0.5,5.2,5.5,7.4,1.1
Toast brioché,3392460488809,"['en:plant-based-foods-and-beverages', 'en:plant-based-foods', 'en:snacks', 'en:cereals-and-potatoes', 'en:sweet-snacks', 'en:sweet-pastries-and-pies', 'en:breads', 'en:viennoiseries', 'en:brioches', 'en:rusks', 'en:toasts']",3,[],"['en:e300', 'en:e471', 'en:e481']",438.0,8.7,5.4,10.0,3.5,14.0,1.1
Tortilla de mais et blé,8727200195221,"['en:plant-based-foods-and-beverages', 'en:plant-based-foods', 'en:cereals-and-potatoes', 'en:cereals-and-their-products', 'en:breads', 'en:flatbreads', 'en:corn-flatbreads']",5,[],"['en:e330', 'en:e422', 'en:e450', 'en:e471', 'en:e500', 'en:e500ii']",289.0,4.8,0.7,4.4,2.4,8.5,0.95
Pain de mie sans croute complet 330g,3760049795059,"['en:plant-based-foods-and-beverages', 'en:plant-based-foods', 'en:cereals-and-potatoes', 'en:breads', 'en:sliced-breads', 'en:sliced-breads-without-crust', 'en:wholemeal-breads', 'en:wholemeal-sliced-breads']",1,[],['en:e300'],216.0,1.8,0.2,2.4,5.9,8.9,1.0
Pan Bauletto Integrale,8076809504751,"['en:plant-based-foods-and-beverages', 'en:plant-based-foods', 'en:cereals-and-potatoes', 'en:cereals-and-their-products', 'en:breads', 'en:sliced-breads', 'en:wholemeal-breads', 'en:wholemeal-sliced-breads']",0,[],[],276.0,6.8,0.8,7.2,8.4,11.2,1.18
Harrys pain de mie extra moelleux complet sans sucres ajoutés 280g,3228857001507,"['en:plant-based-foods-and-beverages', 'en:plant-based-foods', 'en:cereals-and-potatoes', 'en:breads', 'en:sliced-breads', 'en:wholemeal-breads', 'en:wholemeal-sliced-breads']",0,[],[],273.0,4.6,0.4,5.1,6.0,8.0,1.1
seven seeds and grains sourdough,5060149576069,"['en:plant-based-foods-and-beverages', 'en:plant-based-foods', 'en:cereals-and-potatoes', 'en:breads', 'en:sliced-breads', 'en:multigrain-sliced-breads']",0,[],[],247.0,4.7,0.7,1.2,4.6,9.7,0.97
8 Flour Tortilla Wraps Regular,0046000283265,"['en:plant-based-foods-and-beverages', 'en:plant-based-foods', 'en:cereals-and-potatoes', 'en:breads', 'en:flatbreads', 'en:white-breads', 'en:wheat-breads', 'en:wheat-flatbreads']",4,[],"['en:e422', 'en:e450', 'en:e471', 'en:e500', 'en:e500ii']",300.0,5.12,1.22,2.2,0.732,9.02,0.982
Plain tortilla wraps,01810295,"['en:plant-based-foods-and-beverages', 'en:plant-based-foods', 'en:cereals-and-potatoes', 'en:cereals-and-their-products', 'en:breads', 'en:flatbreads', 'en:white-breads', 'en:wheat-breads', 'en:wheat-flatbreads', 'en:plain-tortilla-wraps', 'en:tortilla-wraps']",7,[],"['en:e282', 'en:e330', 'en:e422', 'en:e450', 'en:e450i', 'en:e471', 'en:e500', 'en:e500ii', 'en:e920']",292.0,4.19,2.1,2.26,2.26,7.58,0.778
Plain Tortilla Wraps,4056489239642,"['en:plant-based-foods-and-beverages', 'en:plant-based-foods', 'en:cereals-and-potatoes', 'en:breads', 'en:flatbreads', 'en:white-breads', 'en:wheat-breads', 'en:wheat-flatbreads']",8,[],"['en:e202', 'en:e282', 'en:e330', 'en:e422', 'en:e450', 'en:e471', 'en:e500', 'en:e920']",290.0,4.03,1.77,1.77,3.06,8.23,0.762
Multi-Seed Flatbread Thins,4056489159773,"['en:plant-based-foods-and-beverages', 'en:plant-based-foods', 'en:cereals-and-potatoes', 'en:cereals-and-their-products', 'en:breads', 'en:pumpernickel']",0,[],[],437.0,14.5,1.6000000238419,2.0999999046326,,15.199999809265,0.89999997615814
Tesco Sesame Breadsticks,5052004163866,"['en:plant-based-foods-and-beverages', 'en:plant-based-foods', 'en:cereals-and-potatoes', 'en:breads', 'en:breadsticks']",0,[],[],496.0,19.3,2.9,2.4,,15.3,1.2
Sourdough Bread,5025125000181,"['en:plant-based-foods-and-beverages', 'en:plant-based-foods', 'en:cereals-and-potatoes', 'en:breads', 'en:sliced-breads']",0,[],[],230.0,0.8,0.7,2.4,2.6,10.7,0.905
4 Pains burger géant à la farine  complète,3029330072690,"['en:plant-based-foods-and-beverages', 'en:plant-based-foods', 'en:cereals-and-potatoes', 'en:breads', 'en:special-breads', 'en:hamburger-buns']",0,[],[],270.0,5.0,0.6,4.8,5.8,9.4,1.1
Whole Grain Rye Beard,20507336,"['en:plant-based-foods-and-beverages', 'en:plant-based-foods', 'en:cereals-and-potatoes', 'en:breads', 'en:rye-breads', 'en:wholemeal-breads']",0,[],[],166.0,1.2,0.3,3.7,10.1,4.2,0.9825
Pan Especial de Trigo,8412600028124,"['en:plant-based-foods-and-beverages', 'en:plant-based-foods', 'en:cereals-and-potatoes', 'en:breads', 'en:sliced-breads']",0,[],[],239.0,1.5,0.3,3.8,4.0,9.4,1.1
Grissini Breadsticks,00440783,"['en:plant-based-foods-and-beverages', 'en:plant-based-foods', 'en:cereals-and-potatoes', 'en:breads', 'en:breadsticks']",0,[],[],409.0,7.2,1.1,3.8,3.8,11.5,1.17
Biscottes Forme+,3392460482012,"['en:plant-based-foods-and-beverages', 'en:plant-based-foods', 'en:cereals-and-potatoes', 'en:breads', 'en:rusks', 'en:toasts', 'en:wholemeal-rusks', 'fr:biscottes-au-gluten']",1,[],['en:e300'],390.0,6.5,2.3,6.9,7.8,15.0,1.41
Dark Rye & Sunflower Bread,5057545928806,"['en:plant-based-foods-and-beverages', 'en:plant-based-foods', 'en:cereals-and-potatoes', 'en:breads', 'en:sliced-breads']",0,[],[],285.0,7.2,1.3,2.4,4.3,10.8,0.6
Pain de mie sandwich complet 550g,3256222646985,"['en:plant-based-foods-and-beverages', 'en:plant-based-foods', 'en:cereals-and-potatoes', 'en:breads', 'en:sliced-breads', 'en:wholemeal-breads', 'en:wholemeal-sliced-breads']",3,[],"['en:e282', 'en:e300', 'en:e471']",261.0,4.9,1.2,5.9,6.5,9.0,1.1
,8480000828422,"['en:plant-based-foods-and-beverages', 'en:plant-based-foods', 'en:cereals-and-potatoes', 'en:breads', 'en:toasts']",1,[],['en:e300'],384.0,6.0,0.7,4.4,9.3,17.5,2.2
Plain Thin Bagels,5010044005577,"['en:plant-based-foods-and-beverages', 'en:plant-based-foods', 'en:cereals-and-potatoes', 'en:breads', 'en:special-breads', 'en:bagel-breads']",2,[],"['en:e282', 'en:e300']",257.0,1.3,0.4,6.3,2.4,10.0,0.7875
Pain de mie longue conservation,3228850006035,"['en:plant-based-foods-and-beverages', 'en:plant-based-foods', 'en:cereals-and-potatoes', 'en:breads', 'en:sliced-breads', 'fr:pains-de-mie-blancs-nature']",1,[],['en:e282'],283.0,4.3,0.5,6.5,3.7,9.0,1.25
Pain de mie,4056489007173,"['en:plant-based-foods-and-beverages', 'en:plant-based-foods', 'en:cereals-and-potatoes', 'en:breads', 'en:sliced-breads']",0,[],[],273.0,3.7,0.4,9.2,2.4,7.8,1.0
Chapelure dorée,3165440007808,"['en:plant-based-foods-and-beverages', 'en:plant-based-foods', 'en:cereals-and-potatoes', 'en:breads', 'en:bread-crumbs', 'en:wheat-crumbs', 'en:groceries']",0,[],[],360.0,1.6,0.4,4.3,4.5,9.5,1.18
Wasa tartine croustillante sensation aux graines de chia & touche de sel 245g,7300400483063,"['en:plant-based-foods-and-beverages', 'en:plant-based-foods', 'en:snacks', 'en:cereals-and-potatoes', 'en:salty-snacks', 'en:seeds', 'en:appetizers', 'en:cereals-and-their-products', 'en:chips-and-fries', 'en:cereal-grains', 'en:crisps', 'en:breads', 'en:chia', 'en:crispbreads']",0,[],[],339.0,3.0,0.4,0.5,20.0,10.0,1.2
Pan tostado integral,3560070710713,"['en:plant-based-foods-and-beverages', 'en:plant-based-foods', 'en:cereals-and-potatoes', 'en:breads', 'en:rusks', 'en:toasts', 'es:pain', 'es:pain-grille']",1,[],['en:e300'],375.0,4.0,0.5,4.0,7.5,12.0,1.4
Sliced Malt Loaf,5088722225852,"['en:plant-based-foods-and-beverages', 'en:plant-based-foods', 'en:cereals-and-potatoes', 'en:breads', 'en:special-breads']",2,[],"['en:e150c', 'en:e282']",304.0,1.8,0.4,16.0,3.2,7.9,0.5
Finest Wholemeal Loaf,5057545918791,"['en:plant-based-foods-and-beverages', 'en:plant-based-foods', 'en:cereals-and-potatoes', 'en:breads', 'en:sliced-breads', 'en:wholemeal-breads']",3,[],"['en:e300', 'en:e471', 'en:e472e']",220.0,1.7,0.4,2.8,6.3,11.0,1.3
White Sourdough Bread,5000169305348,"['en:plant-based-foods-and-beverages', 'en:plant-based-foods', 'en:cereals-and-potatoes', 'en:breads', 'en:sliced-breads', 'en:rye-breads']",0,[],[],230.0,1.5,0.2,1.8,3.0,8.5,0.81
Biscottes au blé complet x36 tranches de 300g,3256225722075,"['en:plant-based-foods-and-beverages', 'en:plant-based-foods', 'en:cereals-and-potatoes', 'en:breads', 'en:rusks', 'en:toasts', 'en:wholemeal-rusks']",1,[],['en:e300'],386.0,6.0,0.6,3.5,10.0,13.0,1.1
Pain campagnard Gerblé sans gluten,3175681121263,"['en:plant-based-foods-and-beverages', 'en:plant-based-foods', 'en:cereals-and-potatoes', 'en:specific-products', 'en:products-for-specific-diets', 'en:breads', 'en:products-without-gluten', 'en:gluten-free-breads', 'en:pains-de-campagne']",3,[],"['en:e334', 'en:e464', 'en:e471']",242.0,4.7,0.6,2.1,7.7,4.0,0.99
Tesco wholemeal bread,5057545619520,"['en:plant-based-foods-and-beverages', 'en:plant-based-foods', 'en:cereals-and-potatoes', 'en:breads', 'en:sliced-breads']",4,[],"['en:e282', 'en:e300', 'en:e471', 'en:e472e']",230.0,1.75,0.5,3.75,6.25,10.2,0.812
Tasty Wholemeal 400g,5010003000247,"['en:plant-based-foods-and-beverages', 'en:plant-based-foods', 'en:cereals-and-potatoes', 'en:breads', 'en:sliced-breads']",5,[],"['en:e282', 'en:e300', 'en:e471', 'en:e472e', 'en:e481']",221.0,1.72,0.345,4.14,6.9,10.0,3.1
Half & Half Medium,5010044008615,"['en:plant-based-foods-and-beverages', 'en:plant-based-foods', 'en:cereals-and-potatoes', 'en:breads', 'en:sliced-breads']",4,[],"['en:e282', 'en:e300', 'en:e471', 'en:e472e']",248.0,2.8,0.7,2.7,4.2,10.0,0.95
Hovis white,5010003063440,"['en:plant-based-foods-and-beverages', 'en:plant-based-foods', 'en:cereals-and-potatoes', 'en:breads']",1,[],['en:e300'],245.0,1.7,0.14,3.2,2.9,8.7,1.48
Biscottes complètes sans sucres ajoutés x36,3250391124800,"['en:plant-based-foods-and-beverages', 'en:plant-based-foods', 'en:cereals-and-potatoes', 'en:breads', 'en:rusks', 'en:toasts', 'en:wholemeal-rusks', 'fr:biscottes-completes-cereales-graines']",1,[],['en:e300'],374.0,5.1,0.6,3.4,11.0,16.0,1.5
Wraps Multigrains,8710637105390,"['en:plant-based-foods-and-beverages', 'en:plant-based-foods', 'en:cereals-and-potatoes', 'en:breads', 'en:flatbreads', 'en:white-breads', 'en:wheat-breads', 'en:wheat-flatbreads']",4,[],"['en:e296', 'en:e422', 'en:e471', 'en:e500', 'en:e500ii']",312.0,7.0,0.9,1.0,6.4,7.3,0.92
Multigrain Farmhouse,4056489238997,"['en:plant-based-foods-and-beverages', 'en:plant-based-foods', 'en:cereals-and-potatoes', 'en:breads', 'en:sliced-breads', 'en:multigrain-bread']",2,[],"['en:e300', 'en:e322']",260.0,4.2,0.6,4.0,5.0,9.7,0.7875
Seeded Bloomer,4056489159797,"['en:plant-based-foods-and-beverages', 'en:plant-based-foods', 'en:cereals-and-potatoes', 'en:breads', 'en:white-breads']",7,[],"['en:e282', 'en:e300', 'en:e330', 'en:e500', 'en:e503', 'en:e516', 'en:e920']",282.0,7.1,0.7,2.6,4.8,9.4,0.955
"Sharwood's Poppadoms, Plain",5000197541893,"['en:plant-based-foods-and-beverages', 'en:plant-based-foods', 'en:cereals-and-potatoes', 'en:breads', 'en:flatbreads', 'en:special-breads', 'en:papadum']",1,[],['en:e529'],439.0,19.8,1.5,0.5,9.0,17.9,3.54
Pain Extra Moelleux Nature Sans Sucres Ajoutés,3228857000876,"['en:plant-based-foods-and-beverages', 'en:plant-based-foods', 'en:cereals-and-potatoes', 'en:breads', 'en:sliced-breads', 'fr:pains-de-mie-blancs-nature']",0,[],[],281.0,5.2,0.5,7.0,3.5,8.0,1.1
Tartine p'tit dej nature ssa 410 gr,3029330069911,"['en:plant-based-foods-and-beverages', 'en:plant-based-foods', 'en:cereals-and-potatoes', 'en:breads', 'en:sliced-breads']",0,[],[],278.0,4.4,0.5,6.3,3.9,9.6,1.0
Pain de seigle complet Epeautre et épeautre vert,20507350,"['en:plant-based-foods-and-beverages', 'en:plant-based-foods', 'en:cereals-and-potatoes', 'en:cereals-and-their-products', 'en:breads', 'en:rye-breads', 'en:wholemeal-breads']",0,[],[],200.0,1.7,0.5,3.2,9.7,5.3,1.2
Petits pains grilles,3270190007425,"['en:plant-based-foods-and-beverages', 'en:plant-based-foods', 'en:cereals-and-potatoes', 'en:breads', 'en:toasts', 'en:toasted-bread-rolls']",1,[],['en:e300'],408.0,10.0,0.9,4.2,6.9,10.0,1.0
biscottes braisées,3560070401826,"['en:plant-based-foods-and-beverages', 'en:plant-based-foods', 'en:cereals-and-potatoes', 'en:breads', 'en:rusks', 'en:toasts', 'en:wholemeal-rusks']",1,[],['en:e300'],370.0,5.6,0.7,3.8,14.0,14.0,0.92
Soft & Sliced 5 Bagels Plain,5010044008707,"['en:plant-based-foods-and-beverages', 'en:plant-based-foods', 'en:cereals-and-potatoes', 'en:breads', 'en:special-breads', 'en:bagel-breads']",7,[],"['en:e282', 'en:e300', 'en:e330', 'en:e466', 'en:e472e', 'en:e481', 'en:e920']",259.0,1.7,0.6,6.4,2.7,10.6,0.002
,8076809582179,"['en:plant-based-foods-and-beverages', 'en:plant-based-foods', 'en:cereals-and-potatoes', 'en:cereals-and-their-products', 'en:breads', 'en:sliced-breads', 'en:multigrain-sliced-breads', 'fr:pancarre']",0,[],[],278.0,5.9,0.7,7.0,6.0,11.0,1.3
8 Wholemeal Tortilla Wraps,01808414,"['en:plant-based-foods-and-beverages', 'en:plant-based-foods', 'en:cereals-and-potatoes', 'en:breads', 'en:flatbreads', 'en:white-breads', 'en:wheat-breads', 'en:wheat-flatbreads', 'en:tortilla-wraps']",7,[],"['en:e282', 'en:e330', 'en:e422', 'en:e450', 'en:e450i', 'en:e471', 'en:e500', 'en:e500ii', 'en:e920']",284.0,4.68,0.968,2.26,8.06,9.35,0.81
White Sourdough Bloomer,5000129339925,"['en:plant-based-foods-and-beverages', 'en:plant-based-foods', 'en:cereals-and-potatoes', 'en:cereals-and-their-products', 'en:breads']",0,[],[],238.0,1.1,0.2,2.1,2.0,7.1,0.9
The wholemeal Rustic Bloomer,4088600165486,"['en:plant-based-foods-and-beverages', 'en:plant-based-foods', 'en:cereals-and-potatoes', 'en:breads', 'en:sliced-breads', 'en:wholemeal-breads', 'en:wholemeal-sliced-breads']",2,[],"['en:e282', 'en:e300']",224.0,1.35,0.541,3.51,7.3,10.8,2.42
6 White Pittas,00234924,"['en:plant-based-foods-and-beverages', 'en:plant-based-foods', 'en:cereals-and-potatoes', 'en:breads', 'en:flatbreads', 'en:special-breads', 'en:pitas', 'en:white-pitta']",1,[],['en:e282'],254.0,0.877,0.175,2.46,3.68,9.47,0.588
Malt Lunchbox Loaf,5018735224948,"['en:plant-based-foods-and-beverages', 'en:plant-based-foods', 'en:cereals-and-potatoes', 'en:breads', 'en:cake-bar', 'en:malt-loaf']",2,[],"['en:e150c', 'en:e282']",306.0,1.5,0.4,19.0,9.0,3.5,0.49
5 Banana Lunchbox Loaves,5018735224931,"['en:plant-based-foods-and-beverages', 'en:plant-based-foods', 'en:snacks', 'en:cereals-and-potatoes', 'en:breads']",4,[],"['en:e161b', 'en:e282', 'en:e422', 'en:e440']",337.0,2.33,0.667,21.7,2.67,8.67,0.558
Pain de mie american sandwich 7 céréales sans sucres ajoutés 550g,3228857002221,"['en:plant-based-foods-and-beverages', 'en:plant-based-foods', 'en:cereals-and-potatoes', 'en:frozen-foods', 'en:breads', 'en:sliced-breads', 'en:frozen-breads', 'en:multigrain-sliced-breads']",0,[],[],278.0,6.5,0.6,4.0,7.6,9.0,1.0
Pain de mie Bio petites tranches complet & levain sans sucres ajoutés 280g,3760049797909,"['en:plant-based-foods-and-beverages', 'en:plant-based-foods', 'en:cereals-and-potatoes', 'en:frozen-foods', 'en:cereals-and-their-products', 'en:breads', 'en:sliced-breads', 'en:packaged-breads', 'en:wholemeal-breads', 'en:wholemeal-sliced-breads']",1,[],['en:e300'],261.0,4.6,0.4,4.1,5.9,10.0,1.1
Pan de Molde Semillas & Pipas,8480000838698,"['en:plant-based-foods-and-beverages', 'en:plant-based-foods', 'en:cereals-and-potatoes', 'en:cereals-and-their-products', 'en:breads', 'en:sliced-breads']",6,[],"['en:e200', 'en:e282', 'en:e300', 'en:e412', 'en:e471', 'en:e481']",291.0,9.3,1.5,5.3,5.7,11.0,1.1
Soft White Thick,5010003054226,"['en:plant-based-foods-and-beverages', 'en:plant-based-foods', 'en:cereals-and-potatoes', 'en:breads', 'en:sliced-breads', 'en:white-breads']",5,[],"['en:e282', 'en:e300', 'en:e471', 'en:e472e', 'en:e481']",234.0,1.6,0.4,3.4,2.4,8.8,0.885
4 Seed Sensations Bread,5010003064768,"['en:plant-based-foods-and-beverages', 'en:plant-based-foods', 'en:cereals-and-potatoes', 'en:breads', 'en:sliced-breads']",3,[],"['en:e282', 'en:e300', 'en:e472e']",278.0,6.6,0.6,3.8,5.3,10.0,0.88
Flourless Sprouted Grain Bread,0073472001202,"['en:plant-based-foods-and-beverages', 'en:plant-based-foods', 'en:legumes-and-their-products', 'en:cereals-and-potatoes', 'en:legumes', 'en:seeds', 'en:cereals-and-their-products', 'en:legume-seeds', 'en:cereal-grains', 'en:pulses', 'en:breads', 'en:sprouts', 'en:lentils', 'en:lentil-sprouts', 'en:pre-baked-breads', 'en:sliced-breads', 'en:wheats', 'en:multigrain-sliced-breads', 'en:sprouted-wheat', 'en:sprouted-barley', 'en:sprouted-millet', 'en:sprouted-soybeans', 'en:sprouted-spelt']",0,[],[],235.0,1.47,0.0,1.47,8.82,11.8,0.551
Soft White Pittas,4088600276250,"['en:plant-based-foods-and-beverages', 'en:plant-based-foods', 'en:cereals-and-potatoes', 'en:breads', 'en:flatbreads', 'en:special-breads', 'en:pitas']",1,[],['en:e282'],251.0,0.9,0.3,1.7,3.5,9.5,0.96
Biscottes complètes,3564707002158,"['en:plant-based-foods-and-beverages', 'en:plant-based-foods', 'en:cereals-and-potatoes', 'en:breads', 'en:rusks', 'en:wholemeal-rusks']",1,[],['en:e300'],387.0,6.1,0.7,5.3,11.0,13.0,1.3
Pan tostado 100% integral bajo en sal y en azúcares,8480000837899,"['en:plant-based-foods-and-beverages', 'en:plant-based-foods', 'en:cereals-and-potatoes', 'en:cereals-and-their-products', 'en:breads', 'en:rusks', 'en:wholemeal-breads']",0,[],[],388.0,5.7,0.6,2.9,10.9,17.7,0.2
REGAÑA,8480000823656,"['en:plant-based-foods-and-beverages', 'en:plant-based-foods', 'en:snacks', 'en:cereals-and-potatoes', 'en:salty-snacks', 'en:appetizers', 'en:biscuits-and-crackers', 'en:cereals-and-their-products', 'en:breads', 'en:crackers-appetizers', 'en:special-breads', 'en:wheat-crackers', 'es:reganas', 'en:alimentos-y-bebidas-de-origen-vegetal-alimentos-de-origen-vegetal-cereales-y-patatas-panes-panes-especiales-reganas']",0,[],[],448.0,15.0,2.3,2.6,3.7,11.8,1.8
Pain de table Bio aux graines de lin & tournesol 400g,3760049798746,"['en:plant-based-foods-and-beverages', 'en:plant-based-foods', 'en:cereals-and-potatoes', 'en:frozen-foods', 'en:breads', 'en:packaged-breads']",1,[],['en:e300'],319.0,11.0,1.1,3.7,5.8,9.0,1.0
Biscottes blé complet Sans sucres* et sans sel ajoutés,3560071433277,"['en:plant-based-foods-and-beverages', 'en:plant-based-foods', 'en:cereals-and-potatoes', 'en:specific-products', 'en:products-for-specific-diets', 'en:breads', 'en:products-with-reduced-salt', 'en:rusks', 'en:rusks-without-salt', 'en:wholemeal-rusks', 'fr:bicottes-sans-sel']",1,[],['en:e300'],383.0,3.5,0.4,3.0,9.9,14.0,0.02
6 carb lite wraps,5012121005241,"['en:plant-based-foods-and-beverages', 'en:plant-based-foods', 'en:cereals-and-potatoes', 'en:breads', 'en:flatbreads', 'en:white-breads', 'en:wheat-breads', 'en:wheat-flatbreads']",8,[],"['en:e282', 'en:e330', 'en:e422', 'en:e450', 'en:e450i', 'en:e466', 'en:e471', 'en:e500', 'en:e500ii', 'en:e920']",230.0,6.4,2.0,1.6,12.0,13.8,1.0
Pain de mie Grand Mie complet,3250390272007,"['en:plant-based-foods-and-beverages', 'en:plant-based-foods', 'en:cereals-and-potatoes', 'en:cereals-and-their-products', 'en:breads', 'en:sliced-breads', 'en:wholemeal-breads', 'en:wholemeal-sliced-breads']",1,[],['en:e282'],251.0,3.9,0.6,6.7,6.8,9.1,1.1
Petits pains grillés au blé complet,3250390819455,"['en:plant-based-foods-and-beverages', 'en:plant-based-foods', 'en:cereals-and-potatoes', 'en:cereals-and-their-products', 'en:breads', 'en:toasts', 'en:toasted-bread-rolls', 'fr:pains-grilles-toasts-brioches']",0,[],[],379.0,6.0,0.6,3.2,8.3,12.0,1.5
Granary Medium,5010003001169,"['en:plant-based-foods-and-beverages', 'en:plant-based-foods', 'en:cereals-and-potatoes', 'en:breads', 'en:sliced-breads', 'en:granary-bread']",2,[],"['en:e300', 'en:e472e']",256.0,2.5,0.833,3.33,3.61,10.3,1.01
Wholegrain Crackerbread,5050974000655,"['en:plant-based-foods-and-beverages', 'en:plant-based-foods', 'en:snacks', 'en:cereals-and-potatoes', 'en:breads', 'en:extruded-crispbreads']",0,[],[],380.0,3.6,0.6,4.1,8.5,12.5,0.58
White Champion Bloomer,5056142400005,"['en:plant-based-foods-and-beverages', 'en:plant-based-foods', 'en:cereals-and-potatoes', 'en:breads', 'en:white-breads']",3,[],"['en:e300', 'en:e471', 'en:e472']",250.0,2.7,0.8,2.2,4.0,8.6,0.9
Vollkornbrot,3029330004233,"['en:plant-based-foods-and-beverages', 'en:plant-based-foods', 'en:cereals-and-potatoes', 'en:breads', 'en:rye-breads', 'en:wholemeal-breads']",0,[],[],207.0,1.7,0.3,4.9,10.0,6.8,1.0
Petits pains grilles,3560070737048,"['en:plant-based-foods-and-beverages', 'en:plant-based-foods', 'en:cereals-and-potatoes', 'en:breads', 'en:toasts', 'en:toasted-bread-rolls']",1,[],['en:e300'],408.0,10.0,0.9,4.2,6.9,10.0,1.0
Pain Carré Doré 525g,3760049798265,"['en:plant-based-foods-and-beverages', 'en:plant-based-foods', 'en:cereals-and-potatoes', 'en:breads']",2,[],"['en:e300', 'en:e500', 'en:e500ii']",279.0,4.2,0.4,9.8,5.2,9.8,0.8
Pan Bauletto al Grano Duro,8076809517966,"['en:plant-based-foods-and-beverages', 'en:plant-based-foods', 'en:cereals-and-potatoes', 'en:cereals-and-their-products', 'en:breads', 'en:white-breads']",0,[],[],258.0,3.9,0.6,8.4,5.0,8.7,1.3
Super Seeded,00642118,"['en:plant-based-foods-and-beverages', 'en:plant-based-foods', 'en:cereals-and-potatoes', 'en:breads']",1,[],['en:e300'],304.0,10.3,1.5,4.4,5.0,12.0,0.73
Sainsbury's San Francisco Style Sourdough,01135626,"['en:plant-based-foods-and-beverages', 'en:plant-based-foods', 'en:cereals-and-potatoes', 'en:cereals-and-their-products', 'en:breads']",0,[],[],273.0,1.3,0.5,2.0,2.3,8.4,0.9
Wheat and rye bread,29204861,"['en:plant-based-foods-and-beverages', 'en:plant-based-foods', 'en:cereals-and-potatoes', 'en:seeds', 'en:cereals-and-their-products', 'en:cereal-grains', 'en:breads', 'en:sliced-breads', 'en:wheats', 'en:rye-breads']",0,[],[],223.0,0.5,0.1,0.1,4.8,7.2,1.08
Tartines de Pain multi-céréales,3182180060290,"['en:plant-based-foods-and-beverages', 'en:plant-based-foods', 'en:snacks', 'en:cereals-and-potatoes', 'en:breads', 'en:rusks']",1,[],['en:e300'],410.0,7.5,1.0,5.1,5.3,14.0,1.6
Petits pains grillés au froment,4056489039532,"['en:plant-based-foods-and-beverages', 'en:plant-based-foods', 'en:cereals-and-potatoes', 'en:breads', 'en:toasts', 'en:toasted-bread-rolls', 'en:wheat-rusk-slices']",1,[],['en:e300'],407.0,7.8,0.7,8.6,3.5,9.5,1.0
Snack de Pan con pipas,8423102210153,"['en:plant-based-foods-and-beverages', 'en:plant-based-foods', 'en:snacks', 'en:cereals-and-potatoes', 'en:breads', 'en:breadsticks', 'en:alimentos-e-bebidas-a-base-de-plantas', 'en:alimentos-a-base-de-plantas', 'en:cereais-e-batatas', 'en:paes']",0,[],[],521.0,30.2,2.8,1.3,3.4,11.4,2.3
Burgers nature géant sans additifs,3029330072683,"['en:plant-based-foods-and-beverages', 'en:plant-based-foods', 'en:cereals-and-potatoes', 'en:sandwiches', 'en:breads', 'en:special-breads', 'en:hamburger-buns', 'en:hamburgers']",0,[],[],275.0,4.5,0.5,5.4,3.8,9.7,1.0
Original Seeded Batch,5010044002446,"['en:plant-based-foods-and-beverages', 'en:plant-based-foods', 'en:cereals-and-potatoes', 'en:breads', 'en:sliced-breads']",4,[],"['en:e282', 'en:e300', 'en:e471', 'en:e472e']",284.0,7.6,1.2,3.0,4.0,10.3,0.95
Biscotte blé complet,3182189999829,"['en:plant-based-foods-and-beverages', 'en:plant-based-foods', 'en:cereals-and-potatoes', 'en:breads', 'en:rusks', 'en:wholemeal-rusks']",1,[],['en:e300'],386.0,6.0,0.9,4.1,11.0,14.0,1.1
Tesco Finest Oat And Barley Loaf 800G,5057545928783,"['en:plant-based-foods-and-beverages', 'en:plant-based-foods', 'en:cereals-and-potatoes', 'en:breads', 'en:sliced-breads', 'en:oat-and-barley-bread']",4,[],"['en:e282', 'en:e300', 'en:e471', 'en:e472e']",257.0,2.27,0.455,2.95,4.09,9.09,0.8
Grilletine Briochée x18,3182180000692,"['en:plant-based-foods-and-beverages', 'en:plant-based-foods', 'en:cereals-and-potatoes', 'en:breads', 'en:toasts', 'en:toasted-bread-rolls']",1,[],['en:e300'],443.0,13.0,8.6,9.4,3.3,14.0,1.2
Biscottes 6 cereales,3564700253434,"['en:plant-based-foods-and-beverages', 'en:plant-based-foods', 'en:cereals-and-potatoes', 'en:breads', 'en:rusks', 'en:toasts', 'en:multigrain-rusks', 'en:wholemeal-rusks']",1,[],['en:e300'],412.0,7.3,0.9,5.6,6.0,12.0,1.5
Piquitos con salvado,8437006994002,"['en:plant-based-foods-and-beverages', 'en:plant-based-foods', 'en:cereals-and-potatoes', 'en:cereals-and-their-products', 'en:breads', 'en:breadsticks', 'es:picos-de-pan']",2,[],"['en:e300', 'en:e472e']",378.0,3.4,1.2,2.4,5.7,11.5,2.4
6 Wholemeal Pittas,5054070479155,"['en:plant-based-foods-and-beverages', 'en:plant-based-foods', 'en:cereals-and-potatoes', 'en:cereals-and-their-products', 'en:breads', 'en:flatbreads', 'en:special-breads', 'en:pitas']",1,[],['en:e282'],241.0,1.2,0.2,2.8,9.7,10.0,0.58
Bagels,4088600287805,"['en:plant-based-foods-and-beverages', 'en:plant-based-foods', 'en:cereals-and-potatoes', 'en:breads', 'en:special-breads', 'en:bagel-breads']",2,[],"['en:e282', 'en:e300']",263.0,1.8,0.3,5.1,3.5,9.2,0.6
Spelt Sourdough Bread,5000169410738,"['en:plant-based-foods-and-beverages', 'en:plant-based-foods', 'en:cereals-and-potatoes', 'en:breads', 'en:sourdough']",0,[],[],241.0,1.2,0.2,1.0,4.3,9.4,0.275
Pains grillés  Blé complet,3564700582596,"['en:plant-based-foods-and-beverages', 'en:plant-based-foods', 'en:cereals-and-potatoes', 'en:breads', 'en:toasts', 'en:toasted-bread-rolls']",1,[],['en:e300'],388.0,4.3,0.5,4.4,6.8,11.0,1.6
Biscottes sans sel x 34,3564700009666,"['en:plant-based-foods-and-beverages', 'en:plant-based-foods', 'en:cereals-and-potatoes', 'en:specific-products', 'en:products-for-specific-diets', 'en:breads', 'en:products-with-reduced-salt', 'en:rusks', 'en:rusks-without-salt']",1,[],['en:e300'],405.0,5.1,0.6,7.3,3.9,11.9,0.0
Pain campagnard avec du sarrasin et de levain,8008698002599,"['en:plant-based-foods-and-beverages', 'en:plant-based-foods', 'en:cereals-and-potatoes', 'en:cereals-and-their-products', 'en:specific-products', 'en:products-for-specific-diets', 'en:breads', 'en:products-without-gluten', 'en:gluten-free-breads', 'en:sliced-breads', 'en:gluten-free-sliced-breads', 'en:pains-de-campagne']",1,[],['en:e464'],262.0,3.1,0.5,2.6,6.8,4.1,1.1
Pain de mie 7 céréales et graines,26071510,"['en:plant-based-foods-and-beverages', 'en:plant-based-foods', 'en:cereals-and-potatoes', 'en:breads', 'en:sliced-breads', 'en:multigrain-sliced-breads']",2,[],"['en:e282', 'en:e300']",280.0,6.5,0.8,6.7,5.3,8.7,1.0
Fette biscottate Integrali 315 gr,8076809512077,"['en:plant-based-foods-and-beverages', 'en:plant-based-foods', 'en:cereals-and-potatoes', 'en:cereals-and-their-products', 'en:breads', 'en:rusks', 'en:crispbreads', 'en:wholemeal-rusks']",0,[],[],386.0,7.95,1.14,5.68,12.5,13.6,1.22
Fette biscottate,8002590043148,"['en:plant-based-foods-and-beverages', 'en:plant-based-foods', 'en:cereals-and-potatoes', 'en:breads', 'en:rusks', 'en:wholemeal-rusks']",0,[],[],387.0,5.9,0.7,5.6,13.0,13.0,1.2
Campagnard Sans gluten et sans lactose,06164010,"['en:plant-based-foods-and-beverages', 'en:plant-based-foods', 'en:cereals-and-potatoes', 'en:specific-products', 'en:products-for-specific-diets', 'en:breads', 'en:products-without-gluten', 'en:gluten-free-breads']",2,[],"['en:e464', 'en:e471']",240.0,4.3,0.6,10.0,12.0,4.2,0.79
The Great Tiger Bloomer,4088600165455,"['en:plant-based-foods-and-beverages', 'en:plant-based-foods', 'en:cereals-and-potatoes', 'en:breads', 'en:white-breads']",4,[],"['en:e300', 'en:e500', 'en:e503', 'en:e920']",243.0,1.72,0.172,4.83,3.45,8.28,0.983
Battered Chunky Fish Fingers,5060235980510,"['en:plant-based-foods-and-beverages', 'en:plant-based-foods', 'en:cereals-and-potatoes', 'en:breads', 'en:sourdough-bread']",0,[],[],234.0,1.7,0.3,1.8,3.2,9.1,2.06
Burger rústico,8480000602510,"['en:plant-based-foods-and-beverages', 'en:plant-based-foods', 'en:cereals-and-potatoes', 'en:breads', 'en:special-breads', 'en:sliced-breads', 'es:burger-rustico-100-integral']",7,[],"['en:e200', 'en:e202', 'en:e282', 'en:e300', 'en:e412', 'en:e471', 'en:e481']",253.0,4.8,1.1,2.0,8.0,11.0,1.08
Pain de mie complet Grandes Tranches,3596710497720,"['en:plant-based-foods-and-beverages', 'en:plant-based-foods', 'en:cereals-and-potatoes', 'en:frozen-foods', 'en:cereals-and-their-products', 'en:breads', 'en:sliced-breads', 'en:frozen-breads', 'en:wholemeal-breads', 'en:wholemeal-sliced-breads']",3,[],"['en:e282', 'en:e300', 'en:e471']",259.0,4.7,0.7,5.8,6.4,9.2,1.1
Rosemary & sea salt Flatbreads,0612322000776,"['en:plant-based-foods-and-beverages', 'en:plant-based-foods', 'en:snacks', 'en:cereals-and-potatoes', 'en:salty-snacks', 'en:appetizers', 'en:biscuits-and-crackers', 'en:breads', 'en:crackers-appetizers', 'en:flatbread-crackers', 'en:flatbread-oat']",1,[],['en:e503'],432.0,14.4,5.6,3.2,7.2,8.8,1.8
Pain grillé au blé complet,3560070737079,"['en:plant-based-foods-and-beverages', 'en:plant-based-foods', 'en:cereals-and-potatoes', 'en:breads', 'en:toasts']",1,[],['en:e300'],388.0,4.3,0.5,4.4,6.8,11.0,1.6
"Tartine p,tit dej",3029330069904,"['en:plant-based-foods-and-beverages', 'en:plant-based-foods', 'en:cereals-and-potatoes', 'en:breads', 'en:sliced-breads']",0,[],[],287.0,4.9,0.6,9.8,5.3,9.0,1.1
Biscottes sans sucres ajoutés,3182180002009,"['en:plant-based-foods-and-beverages', 'en:plant-based-foods', 'en:cereals-and-potatoes', 'en:breads', 'en:rusks']",1,[],['en:e300'],400.0,4.5,0.6,2.5,8.7,11.0,1.57
Pain de mie complet sans croûte,4056489257110,"['en:plant-based-foods-and-beverages', 'en:plant-based-foods', 'en:cereals-and-potatoes', 'en:breads', 'en:sliced-breads', 'en:wholemeal-breads', 'en:wholemeal-sliced-breads']",0,[],[],264.0,4.3,0.9,6.0,6.5,11.0,0.9
Pain de mie complet,3560071232719,"['en:plant-based-foods-and-beverages', 'en:plant-based-foods', 'en:cereals-and-potatoes', 'en:breads', 'en:sliced-breads', 'en:wholemeal-breads', 'en:wholemeal-sliced-breads']",0,[],[],274.0,5.0,0.4,6.1,4.7,7.9,1.2
Wraps de Blé Nature,8410076474438,"['en:plant-based-foods-and-beverages', 'en:plant-based-foods', 'en:cereals-and-potatoes', 'en:breads', 'en:flatbreads', 'en:white-breads', 'en:wheat-breads', 'en:wheat-flatbreads']",4,[],"['en:e422', 'en:e450', 'en:e471', 'en:e500', 'en:e500ii']",299.0,5.2,1.0,2.0,1.0,9.1,1.0
Sensational Soya & Linseed Bread,5011986004505,"['en:plant-based-foods-and-beverages', 'en:plant-based-foods', 'en:cereals-and-potatoes', 'en:breads', 'en:sliced-breads']",1,[],['en:e300'],241.0,5.1,0.7,4.8,6.6,12.0,1.0
& Mollica Black Olive Grissini,5060198640018,"['en:plant-based-foods-and-beverages', 'en:plant-based-foods', 'en:cereals-and-potatoes', 'en:breads', 'en:breadsticks']",0,[],[],416.0,11.0,1.7,2.1,3.2,9.6,1.6
Malted Bloomer,4056489159780,"['en:plant-based-foods-and-beverages', 'en:plant-based-foods', 'en:cereals-and-potatoes', 'en:cereals-and-their-products', 'en:breads']",7,[],"['en:e282', 'en:e300', 'en:e330', 'en:e500', 'en:e503', 'en:e516', 'en:e920']",258.0,3.5,0.4,3.4,4.6,9.4,0.7375
Tortilla Wraps Vollkorn,4335619022126,"['en:plant-based-foods-and-beverages', 'en:plant-based-foods', 'en:cereals-and-potatoes', 'en:breads', 'en:flatbreads', 'en:white-breads', 'en:wheat-breads', 'en:wheat-flatbreads']",9,[],"['en:e202', 'en:e282', 'en:e296', 'en:e330', 'en:e415', 'en:e422', 'en:e450', 'en:e450i', 'en:e471', 'en:e500', 'en:e500ii']",290.0,4.4,0.9,5.6,2.8,9.4,1.3775
Muffins complets,3564700462874,"['en:plant-based-foods-and-beverages', 'en:plant-based-foods', 'en:cereals-and-potatoes', 'en:cereals-and-their-products', 'en:breads', 'en:special-breads', 'en:english-muffins']",2,[],"['en:e200', 'en:e282']",209.0,1.5,0.3,6.0,6.8,12.4,0.9
Petits Pains Grillés Au blé complet,3564700121511,"['en:plant-based-foods-and-beverages', 'en:plant-based-foods', 'en:cereals-and-potatoes', 'en:breads', 'en:toasts', 'en:toasted-bread-rolls', 'fr:petits-pains-grilles-au-ble-complet']",1,[],['en:e300'],414.0,6.3,0.6,2.8,6.3,12.0,0.4
Petits pains grillés au blé complet 400g,3256221094428,"['en:plant-based-foods-and-beverages', 'en:plant-based-foods', 'en:cereals-and-potatoes', 'en:breads', 'en:toasts', 'en:toasted-bread-rolls', 'en:wholemeal-breads']",1,[],['en:e300'],408.0,10.0,0.9,4.2,6.9,10.0,1.0
Pan Goccioli,8076809542753,"['en:plant-based-foods-and-beverages', 'en:plant-based-foods', 'en:snacks', 'en:cereals-and-potatoes', 'en:sweet-snacks', 'en:sweet-pastries-and-pies', 'en:breads', 'en:viennoiseries', 'en:brioches', 'en:brioche-filled-with-chocolate-drops']",2,[],"['en:e322', 'en:e322i', 'en:e570']",334.0,12.0,3.5,16.0,4.8,8.3,0.85
Panecillo 100% integral,8480000223883,"['en:plant-based-foods-and-beverages', 'en:plant-based-foods', 'en:cereals-and-potatoes', 'en:breads', 'en:special-breads']",2,[],"['en:e300', 'en:e472e']",235.0,1.5,0.4,3.0,7.2,9.2,1.2
Soft White Bread,5010092097944,"['en:plant-based-foods-and-beverages', 'en:plant-based-foods', 'en:cereals-and-potatoes', 'en:breads', 'en:sliced-breads']",3,[],"['en:e282', 'en:e300', 'en:e472e']",234.0,2.2,0.4,3.1,4.7,9.4,0.95
Lime & Coriander Chutney Poppadoms,5000328428581,"['en:plant-based-foods-and-beverages', 'en:plant-based-foods', 'en:snacks', 'en:cereals-and-potatoes', 'en:salty-snacks', 'en:breads', 'en:flatbreads', 'en:special-breads', 'en:papadum']",1,[],['en:e330'],487.0,25.0,2.5,2.6,2.0,6.4,3.0
Milk Roll Sliced White Bread,5010044000312,"['en:plant-based-foods-and-beverages', 'en:plant-based-foods', 'en:cereals-and-potatoes', 'en:breads']",2,[],"['en:e282', 'en:e300']",248.0,2.8,1.3,4.0,2.4,9.4,1.0
Pan de molde blanco sin corteza,8480000823229,"['en:plant-based-foods-and-beverages', 'en:plant-based-foods', 'en:cereals-and-potatoes', 'en:cereals-and-their-products', 'en:breads', 'en:sliced-breads']",5,[],"['en:e200', 'en:e282', 'en:e300', 'en:e471', 'en:e472e']",225.0,2.1,0.5,5.0,3.0,8.0,1.1
Pan de molde integral,8410087414874,"['en:plant-based-foods-and-beverages', 'en:plant-based-foods', 'en:cereals-and-potatoes', 'en:cereals-and-their-products', 'en:breads', 'en:sliced-breads', 'en:wholemeal-breads', 'en:wholemeal-sliced-breads']",5,[],"['en:e200', 'en:e282', 'en:e412', 'en:e471', 'en:e481']",248.0,4.14,0.69,4.14,5.86,10.0,1.21
Kelderman Dutch Stone Baked Rye Bread 9 Slices,8710899007104,"['en:plant-based-foods-and-beverages', 'en:plant-based-foods', 'en:cereals-and-potatoes', 'en:breads']",2,[],"['en:e200', 'en:e282']",223.0,0.8,0.1,4.6,,7.5,1.1
Super Soft Seeded Wraps,4088600111193,"['en:plant-based-foods-and-beverages', 'en:plant-based-foods', 'en:cereals-and-potatoes', 'en:breads', 'en:flatbreads', 'en:white-breads', 'en:wheat-breads', 'en:wheat-flatbreads']",8,[],"['en:e202', 'en:e282', 'en:e330', 'en:e422', 'en:e450', 'en:e471', 'en:e500', 'en:e920']",284.0,4.84,2.1,3.23,6.29,8.55,0.952
CRUMPET THINS,5010044010175,"['en:plant-based-foods-and-beverages', 'en:plant-based-foods', 'en:cereals-and-potatoes', 'en:breads', 'en:crumpets']",4,[],"['en:e282', 'en:e450', 'en:e500', 'en:e501']",191.0,0.938,0.312,1.88,2.19,6.25,3.67
Sundried Tomato & Oregano Bread with Sourdough,5059697263682,"['en:plant-based-foods-and-beverages', 'en:plant-based-foods', 'en:cereals-and-potatoes', 'en:breads']",1,[],['en:e300'],240.0,2.7,0.3,2.2,5.2,7.6,1.0625
100% integral,8424465810356,"['en:plant-based-foods-and-beverages', 'en:plant-based-foods', 'en:cereals-and-potatoes', 'en:breads', 'en:wholemeal-breads', 'es:pan-integral-fino']",0,[],[],223.0,2.5,0.4,0.9,,9.1,1.2
Natural 100%,8412600038635,"['en:plant-based-foods-and-beverages', 'en:plant-based-foods', 'en:cereals-and-potatoes', 'en:breads', 'en:sliced-breads', 'en:wholemeal-breads', 'en:wholemeal-sliced-breads']",0,[],[],250.0,3.2,0.6,5.8,6.1,11.0,1.2
Pain grille,7622210416728,"['en:plant-based-foods-and-beverages', 'en:plant-based-foods', 'en:cereals-and-potatoes', 'en:breads', 'en:toasts']",0,[],[],389.0,4.8,2.0,2.5,4.1,12.0,1.8
Biscottes Aixoises,3273670000107,"['en:plant-based-foods-and-beverages', 'en:plant-based-foods', 'en:cereals-and-potatoes', 'en:breads', 'en:rusks', 'en:common-wheat-rusks']",2,[],"['en:e300', 'en:e322', 'en:e322i']",410.0,6.0,0.9,5.0,4.4,12.0,1.12
Spécial mie Complet,3560070449675,"['en:plant-based-foods-and-beverages', 'en:plant-based-foods', 'en:cereals-and-potatoes', 'en:breads', 'en:sliced-breads', 'en:sliced-breads-without-crust', 'en:wholemeal-breads', 'en:wholemeal-sliced-breads']",2,[],"['en:e282', 'en:e300']",220.0,3.1,0.3,3.3,7.1,8.4,1.0
Krisprolls Complets Sans sucres ajoutés,7311070013412,"['en:plant-based-foods-and-beverages', 'en:plant-based-foods', 'en:cereals-and-potatoes', 'en:breads', 'en:toasts', 'en:toasted-bread-rolls']",0,[],[],400.0,6.6,0.9,1.1,8.3,13.0,1.1
Pain complet au sarrasin,3175681272903,"['en:plant-based-foods-and-beverages', 'en:plant-based-foods', 'en:cereals-and-potatoes', 'en:specific-products', 'en:products-for-specific-diets', 'en:breads', 'en:products-without-gluten', 'en:gluten-free-breads', 'en:sliced-breads', 'en:wholemeal-breads', 'fr:pains-au-sarrasin']",3,[],"['en:e1510', 'en:e464', 'en:e471']",224.0,3.6,0.5,4.2,15.0,7.5,1.1
Protein Knäcke Kürbiskern,4033634028689,"['en:plant-based-foods-and-beverages', 'en:plant-based-foods', 'en:cereals-and-potatoes', 'en:breads', 'en:crispbreads']",0,[],[],461.0,21.0,3.3,2.3,7.8,33.0,1.9
Sourdough Crumpets,4056489518075,"['en:plant-based-foods-and-beverages', 'en:plant-based-foods', 'en:cereals-and-potatoes', 'en:breads', 'en:sourdough-crumpets']",1,[],['en:e450'],173.0,0.545,0.182,2.55,2.73,5.64,0.932
Pan 5 semillas,8414897100583,"['en:plant-based-foods-and-beverages', 'en:plant-based-foods', 'en:cereals-and-potatoes', 'en:cereals-and-their-products', 'en:breads', 'en:sliced-breads']",4,[],"['en:e200', 'en:e282', 'en:e300', 'en:e412']",274.0,4.6,0.7,2.4,5.1,11.0,0.845
,7300400481724,"['en:plant-based-foods-and-beverages', 'en:plant-based-foods', 'en:snacks', 'en:cereals-and-potatoes', 'en:cereals-and-their-products', 'en:breads', 'en:crispbreads', 'es:aliments-d-origine-vegetale', 'es:aliments-et-boissons-a-base-de-vegetaux', 'es:amuse-gueules', 'es:cereales-et-pommes-de-terre', 'es:chips', 'es:chips-et-frites', 'es:pains', 'es:pains-croustillants', 'es:pains-croustillants-complets', 'es:snacks-sales']",0,[],[],392.0,9.5,1.2,1.0,11.0,14.0,1.2
Harrys brioche tranchee farine complete sans additif 485g,3228857001330,"['en:plant-based-foods-and-beverages', 'en:plant-based-foods', 'en:snacks', 'en:cereals-and-potatoes', 'en:sweet-snacks', 'en:cereals-and-their-products', 'en:sweet-pastries-and-pies', 'en:breads', 'en:viennoiseries', 'en:brioches', 'en:packaged-breads', 'fr:brioches-tranchees', 'fr:brioches-natures']",0,[],[],336.0,11.0,3.9,15.0,7.5,8.5,0.93
Panecillos cereales y semillas,8480000824172,"['en:plant-based-foods-and-beverages', 'en:plant-based-foods', 'en:cereals-and-potatoes', 'en:cereals-and-their-products', 'en:breads', 'en:toasts', 'en:toasted-bread-rolls', 'en:wholemeal-breads']",2,[],"['en:e170', 'en:e170i', 'en:e300']",425.0,13.0,1.6,3.8,6.8,13.8,1.4
Krisprolls froment,7311070017380,"['en:plant-based-foods-and-beverages', 'en:plant-based-foods', 'en:cereals-and-potatoes', 'en:breads', 'en:toasts', 'en:toasted-bread-rolls']",0,[],[],421.0,10.0,1.3,1.2,6.7,13.0,0.89
Sourdough Crispbread,5060198820939,"['en:plant-based-foods-and-beverages', 'en:plant-based-foods', 'en:cereals-and-potatoes', 'en:breads', 'en:crispbreads', 'en:sourdough-crispbread']",0,[],[],367.0,2.8,0.2,4.0,8.1,13.0,0.1
MultiGraines,6111260961148,"['en:plant-based-foods-and-beverages', 'en:plant-based-foods', 'en:cereals-and-potatoes', 'en:breads', 'en:sliced-breads', 'fr:pain-de-mie-multi-graines']",9,[],"['en:e200', 'en:e202', 'en:e270', 'en:e282', 'en:e300', 'en:e341', 'en:e471', 'en:e472e', 'en:e481']",245.0,0.71,0.24,1.62,6.7,11.3,1.17
4 Muffins Complet,3245412694516,"['en:plant-based-foods-and-beverages', 'en:plant-based-foods', 'en:cereals-and-potatoes', 'en:breads', 'en:special-breads', 'en:english-muffins']",2,[],"['en:e200', 'en:e282']",243.0,2.8,0.3,5.5,6.7,11.0,0.73
Petits pains grillés au blé complet,26095547,"['en:plant-based-foods-and-beverages', 'en:plant-based-foods', 'en:cereals-and-potatoes', 'en:breads', 'en:toasts', 'en:toasted-bread-rolls', 'fr:feculents']",1,[],['en:e300'],408.0,10.0,0.9,4.2,6.9,10.0,1.0
Salinis,8008698002070,"['en:plant-based-foods-and-beverages', 'en:plant-based-foods', 'en:snacks', 'en:cereals-and-potatoes', 'en:salty-snacks', 'en:appetizers', 'en:biscuits-and-crackers', 'en:meals', 'en:breads', 'en:crackers-appetizers', 'en:special-breads', 'en:pretzel', 'en:crackersappetizers']",4,[],"['en:e322', 'en:e322i', 'en:e450', 'en:e450i', 'en:e466', 'en:e500', 'en:e500ii']",482.0,21.0,9.9,2.0,0.7,0.9,2.4575
Organic Bread Good Seed Thin-Sliced,0013764027121,"['en:plant-based-foods-and-beverages', 'en:plant-based-foods', 'en:cereals-and-potatoes', 'en:breads', 'en:sliced-breads', 'en:multigrain-sliced-breads']",0,[],[],250.0,5.36,0.0,7.14,10.7,14.3,1.07
,4007933459024,"['en:plant-based-foods-and-beverages', 'en:plant-based-foods', 'en:cereals-and-potatoes', 'en:breads', 'en:sliced-breads', 'en:sunflower-seed-bread']",0,[],[],218.0,4.1,0.7,3.7,9.6,5.7,1.0
Flutes aux 3 graines,7610216210464,"['en:plant-based-foods-and-beverages', 'en:plant-based-foods', 'en:snacks', 'en:cereals-and-potatoes', 'en:salty-snacks', 'en:seeds', 'en:sweet-snacks', 'en:appetizers', 'en:biscuits-and-cakes', 'en:biscuits-and-crackers', 'en:cereals-and-their-products', 'en:cereal-grains', 'en:breads', 'en:crackers-appetizers', 'en:flax-seeds', 'en:sesame', 'en:breadsticks', 'en:papaver-seeds', 'fr:flutes-droites-aux-graines']",2,[],"['en:e300', 'en:e472e']",502.0,26.0,8.0,3.0,6.0,15.0,1.3
Pain grillé au blé complet - BIO,3250392550301,"['en:plant-based-foods-and-beverages', 'en:plant-based-foods', 'en:breakfasts', 'en:cereals-and-potatoes', 'en:breads', 'en:toasts', 'fr:pains-grilles-toasts-complets-cereales-graines']",1,[],['en:e300'],391.0,4.4,0.5,4.5,6.8,11.0,1.4
Biscottes aux 6 céréales x36 - 300g,3256220020527,"['en:plant-based-foods-and-beverages', 'en:plant-based-foods', 'en:cereals-and-potatoes', 'en:breads', 'en:rusks', 'en:toasts', 'en:multigrain-rusks', 'en:wholemeal-rusks']",1,[],['en:e300'],394.0,7.2,0.9,5.6,6.7,12.0,1.6
"Pâine cu semințe, feliată",5941143026340,"['en:plant-based-foods-and-beverages', 'en:plant-based-foods', 'en:cereals-and-potatoes', 'en:cereals-and-their-products', 'en:breads', 'en:white-breads']",4,[],"['en:e200', 'en:e282', 'en:e300', 'en:e570']",283.0,8.0,1.0,1.7,6.3,11.6,0.00325
Wholemeal Pitta Tesco,5054269805611,"['en:plant-based-foods-and-beverages', 'en:plant-based-foods', 'en:cereals-and-potatoes', 'en:breads', 'en:flatbreads', 'en:special-breads', 'en:pitas']",1,[],['en:e282'],243.0,0.69,0.12,4.1,4.5,10.7,0.925
multiseed wholemeal farmhouse loaf,00356282,"['en:plant-based-foods-and-beverages', 'en:plant-based-foods', 'en:cereals-and-potatoes', 'en:breads', 'en:sliced-breads', 'en:wholemeal-breads', 'en:noodle-kit']",1,[],['en:e300'],226.0,6.81,0.851,3.4,5.96,10.6,0.723
Biscottes nature,3250390005643,"['en:plant-based-foods-and-beverages', 'en:plant-based-foods', 'en:cereals-and-potatoes', 'en:cereals-and-their-products', 'en:breads', 'en:rusks', 'fr:biscottes-nature']",1,[],['en:e300'],389.0,3.3,0.4,6.9,4.8,11.0,1.5
Pain grillé au blé complet 500g,3256221979138,"['en:plant-based-foods-and-beverages', 'en:plant-based-foods', 'en:cereals-and-potatoes', 'en:breads', 'en:toasts']",1,[],['en:e300'],388.0,4.3,0.5,4.4,6.8,11.0,1.6
Tortillas sans gluten,8410076473981,"['en:plant-based-foods-and-beverages', 'en:plant-based-foods', 'en:cereals-and-potatoes', 'en:breads', 'en:flatbreads', 'en:white-breads', 'en:wheat-breads', 'en:wheat-flatbreads', 'fr:tortillas']",2,[],"['en:e415', 'en:e422']",266.0,1.5,0.6,2.3,3.9,1.9,1.17
Pain mie sandwich bio* cereales 500g,3760049794397,"['en:plant-based-foods-and-beverages', 'en:plant-based-foods', 'en:cereals-and-potatoes', 'en:breads', 'en:sliced-breads', 'en:multigrain-sliced-breads', 'en:packaged-breads']",1,[],['en:e300'],309.0,8.5,0.7,5.5,4.4,8.8,1.2
chapelure,20115685,"['en:plant-based-foods-and-beverages', 'en:plant-based-foods', 'en:cereals-and-potatoes', 'en:breads', 'en:bread-crumbs']",0,[],[],357.0,1.6,0.9,4.4,5.2,13.0,1.48
Brioch'Burger,3587220002306,"['en:plant-based-foods-and-beverages', 'en:plant-based-foods', 'en:snacks', 'en:cereals-and-potatoes', 'en:sweet-snacks', 'en:sweet-pastries-and-pies', 'en:breads', 'en:viennoiseries', 'en:special-breads', 'en:hamburger-buns']",2,[],"['en:e160a', 'en:e160ai', 'en:e471']",310.0,7.0,2.3,12.0,,9.5,1.1
Seeded tortilla wraps,4056489239666,"['en:plant-based-foods-and-beverages', 'en:plant-based-foods', 'en:cereals-and-potatoes', 'en:breads', 'en:flatbreads', 'en:white-breads', 'en:wheat-breads', 'en:wheat-flatbreads']",8,[],"['en:e202', 'en:e282', 'en:e330', 'en:e422', 'en:e450', 'en:e471', 'en:e500', 'en:e920']",290.0,5.48,2.58,2.26,5.48,8.87,0.742
Malted Wheat Sourdough,5060235980527,"['en:plant-based-foods-and-beverages', 'en:plant-based-foods', 'en:cereals-and-potatoes', 'en:breads']",0,[],[],235.0,1.5,0.3,2.6,4.7,8.6,0.002475
Multiseed bloomer,5056142400043,"['en:plant-based-foods-and-beverages', 'en:plant-based-foods', 'en:cereals-and-potatoes', 'en:breads', 'en:sliced-breads', 'en:white-breads', 'en:multiseed-sliced-bread']",3,[],"['en:e300', 'en:e471', 'en:e472']",265.0,6.5,1.1,2.1,6.0,10.9,0.77
Fine chapelure de pain,3600900020404,"['en:plant-based-foods-and-beverages', 'en:plant-based-foods', 'en:cereals-and-potatoes', 'en:breads', 'en:bread-crumbs']",0,[],[],364.0,1.8,0.4,3.7,3.9,13.0,1.3
Pan tostado cereales y semillas,8480000822901,"['en:plant-based-foods-and-beverages', 'en:plant-based-foods', 'en:cereals-and-potatoes', 'en:cereals-and-their-products', 'en:breads', 'en:sliced-breads', 'en:toasts', 'en:multigrain-sliced-breads']",3,[],"['en:e170', 'en:e170i', 'en:e300', 'en:e412']",422.0,13.0,1.5,3.8,7.8,16.0,1.8
6 tortilla nature,5412514932473,"['en:plant-based-foods-and-beverages', 'en:plant-based-foods', 'en:cereals-and-potatoes', 'en:breads', 'en:cooking-helpers', 'en:flatbreads', 'en:special-breads', 'en:white-breads', 'en:wheat-breads', 'en:wheat-flatbreads']",2,[],"['en:e270', 'en:e500', 'en:e500ii']",340.0,10.2,1.0,4.3,1.0,7.5,1.8
Biscotte au froment,4056489371724,"['en:plant-based-foods-and-beverages', 'en:plant-based-foods', 'en:cereals-and-potatoes', 'en:breads', 'en:rusks', 'en:common-wheat-rusks']",1,[],['en:e300'],399.0,5.0,0.5,6.0,4.0,11.0,1.5
Wraps proteinés,3175681287242,"['en:plant-based-foods-and-beverages', 'en:plant-based-foods', 'en:cereals-and-potatoes', 'en:cereals-and-their-products', 'en:frozen-foods', 'en:sandwiches', 'en:breads', 'en:flatbreads', 'en:wraps', 'en:white-breads', 'en:wheat-breads', 'en:wheat-flatbreads']",3,[],"['en:e296', 'en:e422', 'en:e471']",319.0,8.8,1.1,3.0,6.1,18.4,1.1
Original Rye Crispbread,4088600107646,"['en:plant-based-foods-and-beverages', 'en:plant-based-foods', 'en:cereals-and-potatoes', 'en:breads', 'en:crispbreads', 'en:rye-breads']",0,[],[],360.0,1.4,0.3,2.3,14.6,10.2,0.55
Soft Golden Wholemeal Farmhouse,00246255,"['en:plant-based-foods-and-beverages', 'en:plant-based-foods', 'en:cereals-and-potatoes', 'en:breads', 'en:sliced-breads', 'en:wholemeal-breads', 'en:wholemeal-sliced-breads']",1,[],['en:e472e'],222.0,2.3,0.4,2.2,7.5,10.0,1.03
Wholemeal and Rye Sourdough,5057172736669,"['en:plant-based-foods-and-beverages', 'en:plant-based-foods', 'en:cereals-and-potatoes', 'en:breads', 'en:brad']",1,[],['en:e300'],218.0,1.2,0.1,1.7,4.8,8.1,0.8
Wheat & Rye Sourdough Bread,5000169305355,"['en:plant-based-foods-and-beverages', 'en:plant-based-foods', 'en:cereals-and-potatoes', 'en:breads', 'en:sourdough']",0,[],[],227.0,0.8,0.2,1.0,4.1,7.6,0.78
4 Panini Rolls,4088600402970,"['en:plant-based-foods-and-beverages', 'en:plant-based-foods', 'en:cereals-and-potatoes', 'en:breads', 'en:special-breads', 'en:bakery']",0,[],[],271.0,3.1,0.6,2.9,2.0,10.4,0.7675
Petits pains grillés au blé complet,3250390002550,"['en:plant-based-foods-and-beverages', 'en:plant-based-foods', 'en:cereals-and-potatoes', 'en:breads', 'en:toasts', 'en:toasted-bread-rolls', 'fr:pains-grilles-toasts-complets-cereales-graines']",0,[],[],379.0,6.0,0.6,3.2,8.3,12.0,1.5
Pain au seigle complet,3564700743959,"['en:plant-based-foods-and-beverages', 'en:plant-based-foods', 'en:cereals-and-potatoes', 'en:breads', 'en:rye-breads', 'en:wholemeal-breads']",0,[],[],218.0,1.3,0.2,3.0,11.0,5.1,1.3
Pittas Wholemeal,5010251850403,"['en:plant-based-foods-and-beverages', 'en:plant-based-foods', 'en:cereals-and-potatoes', 'en:breads', 'en:flatbreads', 'en:wholemeal-breads', 'en:wholemeal-flatbread']",1,[],['en:e282'],277.0,2.7,0.4,3.4,7.8,10.9,0.88
Lightly Seeded Loaf,4088600259246,"['en:plant-based-foods-and-beverages', 'en:plant-based-foods', 'en:cereals-and-potatoes', 'en:breads', 'en:sliced-breads', 'en:white-breads', 'en:bread-white-from-wheat-flour-of-the-highest-grade-gost-26987-86']",3,[],"['en:e282', 'en:e300', 'en:e472e']",257.0,3.64,0.455,2.73,4.55,9.32,0.96
Le pain,3560071499402,"['en:plant-based-foods-and-beverages', 'en:plant-based-foods', 'en:cereals-and-potatoes', 'en:breads']",2,[],"['en:e200', 'en:e300']",226.0,2.1,0.3,4.7,7.2,8.1,0.97
Pain de mie seigle et céréales,3564700883563,"['en:plant-based-foods-and-beverages', 'en:plant-based-foods', 'en:cereals-and-potatoes', 'en:breads', 'en:sliced-breads', 'en:multigrain-sliced-breads']",3,[],"['en:e200', 'en:e282', 'en:e300']",255.0,3.1,0.6,4.0,4.8,9.4,1.2
Peanut Butter Crunch,0123456789012,"['en:plant-based-foods-and-beverages', 'en:plant-based-foods', 'en:fruits-and-vegetables-based-foods', 'en:cereals-and-potatoes', 'en:meats-and-their-products', 'en:dried-products', 'en:fruits-based-foods', 'en:meats', 'en:prepared-meats', 'en:dried-plant-based-foods', 'en:sausages', 'en:breads', 'en:dried-fruits']",10,[],"['en:e170', 'en:e170i', 'en:e200', 'en:e282', 'en:e300', 'en:e322', 'en:e322i', 'en:e341', 'en:e341i', 'en:e471', 'en:e481', 'en:e516', 'en:e517']",52.941176470588,0.0,0.0,2.9411764705882,1.5,10.588235294118,0.095588235294118
Tortilla Wraps White,4088600111827,"['en:plant-based-foods-and-beverages', 'en:plant-based-foods', 'en:cereals-and-potatoes', 'en:breads', 'en:flatbreads', 'en:white-breads', 'en:wheat-breads', 'en:wheat-flatbreads', 'en:tortilla-wraps']",8,[],"['en:e202', 'en:e282', 'en:e330', 'en:e422', 'en:e450', 'en:e471', 'en:e500', 'en:e920']",294.0,4.52,2.42,2.74,3.71,7.42,1.03
Thins Rosemary & Sea Salt Flatbreads,4088600448480,"['en:plant-based-foods-and-beverages', 'en:plant-based-foods', 'en:snacks', 'en:cereals-and-potatoes', 'en:salty-snacks', 'en:appetizers', 'en:biscuits-and-crackers', 'en:breads', 'en:crackers-appetizers']",0,[],[],400.0,6.9,1.0,2.1,5.2,13.9,1.63
Comple,6111260960639,"['en:plant-based-foods-and-beverages', 'en:plant-based-foods', 'en:cereals-and-potatoes', 'en:breads', 'en:sliced-breads', 'en:wholemeal-breads', 'en:wholemeal-sliced-breads']",9,[],"['en:e200', 'en:e202', 'en:e270', 'en:e282', 'en:e300', 'en:e341', 'en:e471', 'en:e472e', 'en:e481']",243.0,2.9,0.5,3.0,5.8,9.41,1.1
Both in one tortilla wraps,4056489851721,"['en:plant-based-foods-and-beverages', 'en:plant-based-foods', 'en:cereals-and-potatoes', 'en:sandwiches', 'en:breads', 'en:flatbreads', 'en:wraps', 'en:white-breads', 'en:wheat-breads', 'en:wheat-flatbreads']",5,[],"['en:e202', 'en:e282', 'en:e330', 'en:e422', 'en:e450']",285.0,4.84,2.26,2.9,4.35,8.06,0.746
Brioche tressée nature allegée en sucres sans additifs 450g,3228857002313,"['en:plant-based-foods-and-beverages', 'en:plant-based-foods', 'en:snacks', 'en:cereals-and-potatoes', 'en:sweet-snacks', 'en:cereals-and-their-products', 'en:sweet-pastries-and-pies', 'en:breads', 'en:viennoiseries', 'en:brioches', 'fr:brioches-tressees', 'en:brioche-prepacked', 'en:packaged-breads']",0,[],[],351.0,14.0,1.2,10.0,7.0,8.7,0.82
Biscottes goût brioché - Les gourmands Pelletier,3017760719490,"['en:plant-based-foods-and-beverages', 'en:plant-based-foods', 'en:cereals-and-potatoes', 'en:breads', 'en:rusks', 'fr:biscottes-pelletier']",2,[],"['en:e300', 'en:e472e']",173.0,5.2,3.5,4.8,1.3,4.8,0.36
Tostadas sin gluten,8480000828392,"['en:plant-based-foods-and-beverages', 'en:plant-based-foods', 'en:snacks', 'en:cereals-and-potatoes', 'en:breads', 'en:extruded-crispbreads', 'en:toasts']",1,[],"['en:e322', 'en:e322i']",387.0,2.3,0.4,0.5,1.6,6.7,1.6
Pan de molde integral sin corteza,8480000236432,"['en:plant-based-foods-and-beverages', 'en:plant-based-foods', 'en:cereals-and-potatoes', 'en:cereals-and-their-products', 'en:breads', 'en:sliced-breads', 'en:wholemeal-breads']",5,[],"['en:e200', 'en:e282', 'en:e300', 'en:e471', 'en:e472e']",208.0,2.5,0.4,2.5,6.9,9.2,1.0
Paine grau intreg,5941143015740,"['en:plant-based-foods-and-beverages', 'en:plant-based-foods', 'en:cereals-and-potatoes', 'en:breads', 'en:sliced-breads', 'en:white-breads', 'en:wheat-breads', 'en:wholemeal-breads']",0,[],[],223.0,1.7,0.3,2.2,8.7,10.8,1.3
Pain de mie grandes tranches Maïs & Graines 500g,3760049791174,"['en:plant-based-foods-and-beverages', 'en:plant-based-foods', 'en:cereals-and-potatoes', 'en:cereals-and-their-products', 'en:breads', 'en:sliced-breads', 'en:multigrain-sliced-breads']",2,[],"['en:e282', 'en:e300']",270.0,6.9,0.8,2.1,4.1,13.0,0.94
"Kelderman Rye Bread, German Style",8710482070621,"['en:plant-based-foods-and-beverages', 'en:plant-based-foods', 'en:cereals-and-potatoes', 'en:breads', 'en:rye-breads']",4,[],"['en:e200', 'en:e270', 'en:e282', 'en:e330']",191.0,1.1,0.1,3.2,8.2,6.1,1.0
Granary farmhouse bread,00580311,"['en:plant-based-foods-and-beverages', 'en:plant-based-foods', 'en:cereals-and-potatoes', 'en:breads', 'en:sliced-breads']",1,[],['en:e300'],256.0,2.6,0.8,4.7,,9.9,0.8
Wasa tartine croustillante sensation aux flocons d'avoine & touche de sel 265g,7300400483070,"['en:plant-based-foods-and-beverages', 'en:plant-based-foods', 'en:snacks', 'en:breakfasts', 'en:cereals-and-potatoes', 'en:salty-snacks', 'en:appetizers', 'en:cereals-and-their-products', 'en:chips-and-fries', 'en:breakfast-cereals', 'en:crisps', 'en:breads', 'en:rusks']",1,[],"['en:e500', 'en:e500ii']",406.0,10.0,1.2,0.5,10.0,11.0,1.2
In Store Baked Sourdough Bloomer,0283839002005,"['en:plant-based-foods-and-beverages', 'en:plant-based-foods', 'en:cereals-and-potatoes', 'en:breads', 'en:sourdough']",0,[],[],232.0,0.8,0.2,2.2,2.8,9.3,0.9
Pain de mie american sandwich nature sans sucres ajoutés maxi 825g,3228857002191,"['en:plant-based-foods-and-beverages', 'en:plant-based-foods', 'en:cereals-and-potatoes', 'en:frozen-foods', 'en:breads', 'en:sliced-breads', 'en:frozen-breads']",0,[],[],283.0,6.0,0.5,5.2,5.5,7.4,1.1
Pain campagnard aux graines,8008698022214,"['en:plant-based-foods-and-beverages', 'en:plant-based-foods', 'en:cereals-and-potatoes', 'en:specific-products', 'en:products-for-specific-diets', 'en:breads', 'en:products-without-gluten', 'en:special-breads', 'en:gluten-free-breads', 'en:sliced-breads', 'fr:pains-multicereales']",1,[],['en:e460'],270.0,5.3,0.7,4.2,8.5,4.5,1.5
Grissini Artigianali Romarin,3760077537218,"['en:plant-based-foods-and-beverages', 'en:plant-based-foods', 'en:snacks', 'en:cereals-and-potatoes', 'en:salty-snacks', 'en:appetizers', 'en:biscuits-and-crackers', 'en:breads', 'en:artisan-products', 'en:crackers-appetizers', 'en:breadsticks', 'en:handmade-breadsticks']",0,[],[],442.0,11.0,1.0,2.9,3.5,11.0,2.1
Fiori d'acqua,8076809520003,"['en:plant-based-foods-and-beverages', 'en:plant-based-foods', 'en:snacks', 'en:cereals-and-potatoes', 'en:salty-snacks', 'en:appetizers', 'en:biscuits-and-crackers', 'en:breads', 'en:crackers-appetizers', 'en:breadsticks']",1,[],"['en:e500', 'en:e500ii']",409.0,7.0,1.2,2.5,5.5,11.0,1.25
Pure Kornkraft Haferbrot,4056489183631,"['en:plant-based-foods-and-beverages', 'en:plant-based-foods', 'en:cereals-and-potatoes', 'en:cereals-and-their-products', 'en:breads', 'en:brote', 'en:getreide-und-kartoffeln', 'en:haferbrot', 'en:pflanzliche-lebensmittel', 'en:pflanzliche-lebensmittel-und-getranke']",0,[],[],286.0,15.1,2.2,0.7,11.9,11.4,1.0
Hovis Granary Thick Bread,5010003001176,"['en:plant-based-foods-and-beverages', 'en:plant-based-foods', 'en:cereals-and-potatoes', 'en:breads', 'en:sliced-breads', 'en:white-breads']",1,[],['en:e472e'],255.0,2.27,0.682,3.41,3.64,10.2,1.01
Lancashire oven bottom muffins,5023528000036,"['en:plant-based-foods-and-beverages', 'en:plant-based-foods', 'en:cereals-and-potatoes', 'en:breads', 'en:special-breads', 'en:hamburger-buns']",3,[],"['en:e282', 'en:e300', 'en:e481']",254.0,2.46,0.462,2.46,1.85,9.69,0.769
Wholemeal loaf,5057753931735,"['en:plant-based-foods-and-beverages', 'en:plant-based-foods', 'en:cereals-and-potatoes', 'en:breads', 'en:wholemeal-breads']",4,[],"['en:e282', 'en:e300', 'en:e471', 'en:e472e']",254.0,5.0,0.9,2.7,6.4,11.7,1.0
Wheat & White Mini Wraps,5036034406476,"['en:plant-based-foods-and-beverages', 'en:plant-based-foods', 'en:cereals-and-potatoes', 'en:cereals-and-their-products', 'en:sandwiches', 'en:breads', 'en:flatbreads', 'en:wraps', 'en:white-breads', 'en:wheat-breads', 'en:wheat-flatbreads']",6,[],"['en:e202', 'en:e282', 'en:e296', 'en:e422', 'en:e471', 'en:e500']",313.0,7.1,1.29,2.26,3.23,8.06,0.775
Wholemeal seeded farmhouse,00496223,"['en:plant-based-foods-and-beverages', 'en:plant-based-foods', 'en:cereals-and-potatoes', 'en:breads', 'en:sliced-breads', 'en:wholemeal-breads', 'en:wholemeal-sliced-breads']",1,[],['en:e300'],263.0,6.7,0.9,2.5,8.4,11.4,0.85
Nature Wrap De Blé,4335619022119,"['en:plant-based-foods-and-beverages', 'en:plant-based-foods', 'en:cereals-and-potatoes', 'en:frozen-foods', 'en:breads', 'en:flatbreads', 'en:white-breads', 'en:wheat-breads', 'en:wheat-flatbreads']",8,[],"['en:e202', 'en:e282', 'en:e296', 'en:e330', 'en:e415', 'en:e422', 'en:e450', 'en:e450i', 'en:e500', 'en:e500ii']",296.77,5.97,1.13,4.68,4.35,7.9,0.0
Pains au lait format familial,3256540000704,"['en:plant-based-foods-and-beverages', 'en:plant-based-foods', 'en:snacks', 'en:cereals-and-potatoes', 'en:sweet-snacks', 'en:sweet-pastries-and-pies', 'en:breads', 'en:viennoiseries', 'en:milk-bread-rolls']",2,[],"['en:e300', 'en:e471']",353.0,11.0,4.0,11.0,3.5,8.6,1.1
Pain de mie au céréales et aux graines,3029330067047,"['en:plant-based-foods-and-beverages', 'en:plant-based-foods', 'en:cereals-and-potatoes', 'en:breads', 'en:sliced-breads', 'en:multigrain-sliced-breads']",0,[],[],271.0,5.8,0.6,4.3,5.4,10.0,0.98
Tortillas à base de farine de blé,20119676,"['en:plant-based-foods-and-beverages', 'en:plant-based-foods', 'en:cereals-and-potatoes', 'en:cereals-and-their-products', 'en:breads', 'en:flatbreads', 'en:white-breads', 'en:wheat-breads', 'en:wheat-flatbreads', 'fr:tortillas']",9,[],"['en:e202', 'en:e281', 'en:e296', 'en:e412', 'en:e422', 'en:e450', 'en:e466', 'en:e471', 'en:e500']",310.0,6.5,1.3,1.9,2.3,9.9,0.935
Harrys pain de mie 100% mie complet sans croute sans sucres ajoutés,3228857001521,"['en:plant-based-foods-and-beverages', 'en:plant-based-foods', 'en:cereals-and-potatoes', 'en:frozen-foods', 'en:breads', 'en:sliced-breads', 'en:sliced-breads-without-crust', 'en:wholemeal-breads', 'en:wholemeal-sliced-breads']",0,[],[],241.0,4.0,0.3,3.0,7.4,8.5,1.1
6 Maxi Tortillas Trigo Wraps,8480000808707,"['en:plant-based-foods-and-beverages', 'en:plant-based-foods', 'en:cereals-and-potatoes', 'en:breads', 'en:flatbreads', 'en:white-breads', 'en:wheat-breads', 'en:wheat-flatbreads']",8,[],"['en:e202', 'en:e282', 'en:e296', 'en:e415', 'en:e422', 'en:e471', 'en:e500', 'en:e500ii', 'en:e920']",303.0,6.4,1.8,1.8,4.4,8.0,1.6
Roggen Vollkorn-Knäckebr,20171841,"['en:plant-based-foods-and-beverages', 'en:plant-based-foods', 'en:cereals-and-potatoes', 'en:breads', 'en:crispbreads', 'en:rye-breads']",0,[],[],319.0,1.5,0.3,2.5,16.0,8.3,1.3
Pain de mie au ble complet,3564707148450,"['en:plant-based-foods-and-beverages', 'en:plant-based-foods', 'en:cereals-and-potatoes', 'en:breads', 'en:sliced-breads', 'en:wholemeal-breads', 'en:wholemeal-sliced-breads']",0,[],[],273.0,5.1,0.4,5.2,4.6,8.4,1.1
Pan integral sin azucares añadidos,4056489287513,"['en:plant-based-foods-and-beverages', 'en:plant-based-foods', 'en:cereals-and-potatoes', 'en:breads', 'en:wholemeal-breads']",8,[],"['en:e200', 'en:e202', 'en:e270', 'en:e282', 'en:e300', 'en:e471', 'en:e481', 'en:e920']",233.0,2.0,0.7,3.0,5.0,10.0,1.2
Wholemeal tortilla wraps,5057753924553,"['en:plant-based-foods-and-beverages', 'en:plant-based-foods', 'en:cereals-and-potatoes', 'en:breads', 'en:flatbreads', 'en:white-breads', 'en:wheat-breads', 'en:wheat-flatbreads']",8,[],"['en:e202', 'en:e282', 'en:e330', 'en:e422', 'en:e450', 'en:e450i', 'en:e471', 'en:e500', 'en:e500ii', 'en:e920']",284.0,5.1,2.3,3.7,9.4,8.8,0.99
6 Soft White Rolls Sliced,5010044002316,"['en:plant-based-foods-and-beverages', 'en:plant-based-foods', 'en:cereals-and-potatoes', 'en:breads', 'en:bread-rolls']",7,[],"['en:e282', 'en:e300', 'en:e466', 'en:e471', 'en:e472e', 'en:e481', 'en:e920']",266.0,3.9,0.8,3.0,2.4,9.7,0.98
Wholemeal bread,00280457,"['en:plant-based-foods-and-beverages', 'en:plant-based-foods', 'en:cereals-and-potatoes', 'en:breads', 'en:sliced-breads', 'en:wholemeal-breads']",3,[],"['en:e282', 'en:e300', 'en:e472e']",232.0,3.0,0.5,3.0,6.5,12.0,0.863
Sunflower and Pumpkin Soft Farmhouse,00356268,"['en:plant-based-foods-and-beverages', 'en:plant-based-foods', 'en:cereals-and-potatoes', 'en:breads', 'en:sliced-breads']",1,[],['en:e300'],291.0,10.6,1.4,2.5,9.0,12.2,0.79
Garlic & Coriander Naan Bread,5060151180766,"['en:plant-based-foods-and-beverages', 'en:plant-based-foods', 'en:cereals-and-potatoes', 'en:breads', 'en:naan-bread']",2,[],"['en:e282', 'en:e500', 'en:e500ii']",251.0,4.5,0.6,2.8,2.4,8.1,1.08
Garlic and Coriander Naan Bread,5060415520826,"['en:plant-based-foods-and-beverages', 'en:plant-based-foods', 'en:cereals-and-potatoes', 'en:breads', 'en:naan-bread']",3,[],"['en:e260', 'en:e282', 'en:e330']",247.0,4.8,0.7,0.5,2.8,6.1,0.983
Thick White Super Soft Loaf,00405799,"['en:plant-based-foods-and-beverages', 'en:plant-based-foods', 'en:cereals-and-potatoes', 'en:breads', 'en:sliced-breads', 'en:white-breads']",1,[],['en:e300'],249.0,2.7,0.8,4.0,,9.0,1.03
Pain 100% mie complet,3228850008138,"['en:plant-based-foods-and-beverages', 'en:plant-based-foods', 'en:cereals-and-potatoes', 'en:breads', 'en:sliced-breads', 'en:sliced-breads-without-crust', 'en:wholemeal-breads', 'en:wholemeal-sliced-breads']",0,[],[],241.0,4.3,0.4,4.3,7.1,7.2,1.09
Biscottes sans sel ajouté,5400101201712,"['en:plant-based-foods-and-beverages', 'en:plant-based-foods', 'en:cereals-and-potatoes', 'en:specific-products', 'en:products-for-specific-diets', 'en:breads', 'en:products-with-reduced-salt', 'en:rusks', 'en:common-wheat-rusks', 'en:rusks-without-salt']",1,[],['en:e300'],401.0,5.1,0.6,7.3,3.9,12.0,0.01
Biscottes à la farine complète,3174503423424,"['en:plant-based-foods-and-beverages', 'en:plant-based-foods', 'en:cereals-and-potatoes', 'en:cereals-and-their-products', 'en:breads', 'en:rusks', 'en:toasts', 'en:wholemeal-rusks']",1,[],['en:e300'],394.0,6.4,1.0,5.4,11.0,13.0,1.3
ORIGINAL au seigle,7300400118118,"['en:plant-based-foods-and-beverages', 'en:plant-based-foods', 'en:cereals-and-potatoes', 'en:breads', 'en:rusks', 'en:crispbreads', 'en:rye-breads', 'en:wholemeal-rusks']",0,[],[],336.0,1.5,0.4,1.0,19.0,9.0,0.0
Pain Campagnard aux graines,06175019,"['en:plant-based-foods-and-beverages', 'en:plant-based-foods', 'en:cereals-and-potatoes', 'en:specific-products', 'en:products-for-specific-diets', 'en:breads', 'en:products-without-gluten', 'en:gluten-free-breads', 'en:rusks']",1,[],['en:e460'],393.0,6.3,0.6,4.4,8.5,3.9,1.8
Panecillos 100% Integral de Trigo,8480000134455,"['en:plant-based-foods-and-beverages', 'en:plant-based-foods', 'en:cereals-and-potatoes', 'en:cereals-and-their-products', 'en:breads', 'en:toasts', 'en:b', 'es:alimentos-e-bebidas-a-base-de-plantas', 'es:alimentos-a-base-de-plantas', 'es:paes']",0,[],[],382.0,7.8,0.8,4.0,10.3,13.3,0.0
bruschette chips,3800205875109,"['en:plant-based-foods-and-beverages', 'en:plant-based-foods', 'en:snacks', 'en:cereals-and-potatoes', 'en:salty-snacks', 'en:appetizers', 'en:biscuits-and-crackers', 'en:breads', 'en:crackers-appetizers']",6,[],"['en:e260', 'en:e330', 'en:e392', 'en:e551', 'en:e570', 'en:e621']",453.0,14.0,1.2,0.0,3.3,9.1,2.0
Pain multicéréales 500g,3256227575235,"['en:plant-based-foods-and-beverages', 'en:plant-based-foods', 'en:cereals-and-potatoes', 'en:breads', 'fr:pains-multicereales']",3,[],"['en:e200', 'en:e262', 'en:e300']",255.0,5.5,0.6,4.1,7.1,8.8,1.0
Beau & bon seigle,3228857001811,"['en:plant-based-foods-and-beverages', 'en:plant-based-foods', 'en:cereals-and-potatoes', 'en:frozen-foods', 'en:cereals-and-their-products', 'en:breads', 'en:rye-breads', 'en:sliced-breads', 'en:frozen-breads']",0,[],[],292.0,7.0,0.7,5.0,6.5,10.0,0.98
Three Cheese Flatbreads,5050974504115,"['en:plant-based-foods-and-beverages', 'en:plant-based-foods', 'en:cereals-and-potatoes', 'en:breads', 'en:flatbreads', 'en:white-breads', 'en:wheat-breads', 'en:wheat-flatbreads']",0,[],[],420.0,10.5,6.4,4.1,,19.1,1.45
Wholemeal Medium Sliced,4088600251615,"['en:plant-based-foods-and-beverages', 'en:plant-based-foods', 'en:cereals-and-potatoes', 'en:breads', 'en:sliced-breads']",4,[],"['en:e282', 'en:e300', 'en:e471', 'en:e472e']",230.0,2.25,0.5,2.5,8.0,10.8,0.875
Tiger bloomer,4056489596240,"['en:plant-based-foods-and-beverages', 'en:plant-based-foods', 'en:cereals-and-potatoes', 'en:breads']",7,[],"['en:e282', 'en:e300', 'en:e330', 'en:e500', 'en:e503', 'en:e516', 'en:e920']",295.0,7.02,0.877,3.86,3.16,8.07,0.865
White sourdough,5057172737147,"['en:plant-based-foods-and-beverages', 'en:plant-based-foods', 'en:cereals-and-potatoes', 'en:breads', 'en:white-breads', 'en:bread-white-from-wheat-flour-of-the-highest-grade-gost-26987-86', 'en:sourdough']",1,[],['en:e300'],232.0,0.7,0.3,1.3,3.4,8.3,0.8175
6 PETIT PAINS,5054269960853,"['en:plant-based-foods-and-beverages', 'en:plant-based-foods', 'en:cereals-and-potatoes', 'en:breads', 'en:pre-baked-breads']",1,[],['en:e300'],295.0,1.3,0.4,3.7,4.2,8.9,1.1
Pain Tacos Maxi,6111245461083,"['en:plant-based-foods-and-beverages', 'en:plant-based-foods', 'en:cereals-and-potatoes', 'en:breads', 'en:special-breads']",8,[],"['en:e200', 'en:e270', 'en:e282', 'en:e330', 'en:e415', 'en:e450', 'en:e471', 'en:e500']",300.0,5.9,3.0,4.5,,8.5,1.3
Pan tostado,8420947604819,"['en:plant-based-foods-and-beverages', 'en:plant-based-foods', 'en:cereals-and-potatoes', 'en:breads', 'en:toasts']",0,[],[],376.0,4.7,0.6,4.6,,13.0,1.0
Pan 100% Integral Fino,8424465915228,"['en:plant-based-foods-and-beverages', 'en:plant-based-foods', 'en:cereals-and-potatoes', 'en:breads', 'en:sliced-breads', 'en:wholemeal-breads', 'en:wholemeal-sliced-breads']",0,[],[],223.0,2.5,0.4,0.9,,9.1,1.2
Biscottes Blé complet,3560070823291,"['en:plant-based-foods-and-beverages', 'en:plant-based-foods', 'en:cereals-and-potatoes', 'en:breads', 'en:rusks', 'en:toasts', 'en:wholemeal-rusks', 'en:pains-grilles']",0,[],[],366.0,4.9,0.5,5.5,12.0,12.0,1.5
8 Pains au lait frais Bio à la farine complète 280g,3760049798616,"['en:plant-based-foods-and-beverages', 'en:plant-based-foods', 'en:snacks', 'en:cereals-and-potatoes', 'en:sweet-snacks', 'en:sweet-pastries-and-pies', 'en:breads', 'en:viennoiseries', 'en:milk-bread-rolls']",0,[],[],359.0,13.0,1.2,11.0,4.2,9.4,0.9
Pain de mie grandes tranches nature sans sucres ajoutés 500G,3760049794380,"['en:plant-based-foods-and-beverages', 'en:plant-based-foods', 'en:cereals-and-potatoes', 'en:breads', 'en:sliced-breads']",1,[],['en:e300'],286.0,6.3,0.6,2.4,3.5,7.6,1.1
Vegan Bloc Butter,11555797,"['en:plant-based-foods-and-beverages', 'en:plant-based-foods', 'en:cereals-and-potatoes', 'en:breads', 'en:toasts']",0,[],[],720.0,80.0,39.0,0.0,0.5,0.5,0.198
,20051426,"['en:plant-based-foods-and-beverages', 'en:plant-based-foods', 'en:cereals-and-potatoes', 'en:breads', 'en:sliced-breads', 'en:wholemeal-breads', 'en:wholemeal-sliced-breads']",2,[],"['en:e200', 'en:e262']",272.0,5.6,0.4,4.4,6.4,8.8,1.0
Wholemeal pitta,5000169618806,"['en:plant-based-foods-and-beverages', 'en:plant-based-foods', 'en:cereals-and-potatoes', 'en:breads', 'en:flatbreads', 'en:special-breads', 'en:pitas']",1,[],['en:e282'],240.0,0.8,0.2,2.5,4.2,11.3,0.158
Palitos frutos secos,8480000133724,"['en:plant-based-foods-and-beverages', 'en:plant-based-foods', 'en:snacks', 'en:cereals-and-potatoes', 'en:salty-snacks', 'en:sweet-snacks', 'en:appetizers', 'en:nuts-and-their-products', 'en:bars', 'en:breads', 'en:nut-bars', 'en:breadsticks', 'es:picos-de-pan']",1,[],['en:e300'],487.0,23.4,2.6,2.7,4.3,13.0,3.0
Taste the Difference Brown Sourdough Bloomer,01142945,"['en:plant-based-foods-and-beverages', 'en:plant-based-foods', 'en:cereals-and-potatoes', 'en:breads', 'en:sourdough']",0,[],[],228.0,1.3,0.3,2.0,3.5,9.0,0.9
8 Pains au lait,3560070370436,"['en:plant-based-foods-and-beverages', 'en:plant-based-foods', 'en:snacks', 'en:breakfasts', 'en:cereals-and-potatoes', 'en:sweet-snacks', 'en:sweet-pastries-and-pies', 'en:breads', 'en:viennoiseries', 'en:milk-bread-rolls']",1,[],['en:e300'],357.0,12.0,1.0,13.0,2.0,8.7,1.1
8 Pains au chocolat pur beurre 400g,3284230004015,"['en:plant-based-foods-and-beverages', 'en:plant-based-foods', 'en:snacks', 'en:breakfasts', 'en:cereals-and-potatoes', 'en:sweet-snacks', 'en:sweet-pastries-and-pies', 'en:breads', 'en:viennoiseries', 'en:chocolate-croissant', 'en:packaged-breads']",1,[],['en:e322'],413.0,22.0,14.0,15.0,3.8,6.8,0.8
Grissini artigianali,3760077537249,"['en:plant-based-foods-and-beverages', 'en:plant-based-foods', 'en:cereals-and-potatoes', 'en:breads', 'en:artisan-products', 'en:breadsticks', 'en:handmade-breadsticks']",0,[],[],476.0,19.0,2.1,2.1,6.6,13.0,1.6
Pita original,8714535110081,"['en:plant-based-foods-and-beverages', 'en:plant-based-foods', 'en:cereals-and-potatoes', 'en:cereals-and-their-products', 'en:breads', 'en:flatbreads', 'en:special-breads', 'en:pitas']",0,[],[],243.0,1.0,0.2,1.9,3.0,8.4,1.0
Tomate,8480000821904,"['en:plant-based-foods-and-beverages', 'en:plant-based-foods', 'en:cereals-and-potatoes', 'en:cereals-and-their-products', 'en:breads', 'en:toasts', 'en:toasted-bread-rolls']",0,[],[],522.0,30.0,3.4,5.0,3.1,8.6,1.2
Солети Златна Добруджа,3800082900567,"['en:plant-based-foods-and-beverages', 'en:plant-based-foods', 'en:snacks', 'en:cereals-and-potatoes', 'en:salty-snacks', 'en:cereals-and-their-products', 'en:breads', 'en:breadsticks']",1,[],"['en:e500', 'en:e500ii']",381.3,4.5,2.3,2.7,1.8,8.4,2.4575
ORIGINAL RYE CRISPBREAD,40874319,"['en:plant-based-foods-and-beverages', 'en:plant-based-foods', 'en:cereals-and-potatoes', 'en:breads']",0,[],[],356.0,1.4,0.3,2.1,,10.0,0.13
Pan de molde cereales sin gluten,8480000867506,"['en:plant-based-foods-and-beverages', 'en:plant-based-foods', 'en:cereals-and-potatoes', 'en:cereals-and-their-products', 'en:specific-products', 'en:products-for-specific-diets', 'en:breads', 'en:products-without-gluten', 'en:gluten-free-breads', 'es:pan-de-cereales-sin-gluten-hacendado']",3,[],"['en:e160a', 'en:e160ai', 'en:e415', 'en:e464']",244.0,7.7,0.0,3.0,11.1,4.1,1.3
Medium Wholemeal Super Soft Loaf,00515221,"['en:plant-based-foods-and-beverages', 'en:plant-based-foods', 'en:cereals-and-potatoes', 'en:breads', 'en:sliced-breads', 'en:wholemeal-breads', 'en:wholemeal-sliced-breads']",1,[],['en:e300'],234.0,2.3,0.6,3.9,6.2,11.0,0.98
Asda extra special Wholemeal & bread,5054781498070,"['en:plant-based-foods-and-beverages', 'en:plant-based-foods', 'en:cereals-and-potatoes', 'en:breads', 'en:sliced-breads', 'en:wholemeal-breads', 'en:wholemeal-sliced-breads']",1,[],['en:e300'],254.0,5.6,0.8,2.5,7.8,11.0,0.59
Plain Bagels,20720018,"['en:plant-based-foods-and-beverages', 'en:plant-based-foods', 'en:cereals-and-potatoes', 'en:breads', 'en:special-breads', 'en:bagel-breads']",2,[],"['en:e282', 'en:e300']",264.0,1.76,0.235,5.06,3.41,9.18,0.787
Patak's Plain Pappadums x 8,5011308325776,"['en:plant-based-foods-and-beverages', 'en:plant-based-foods', 'en:cereals-and-potatoes', 'en:breads', 'en:flatbreads', 'en:special-breads', 'en:papadum']",1,[],['en:e450'],462.0,25.0,1.25,1.25,8.75,18.8,5.31
Soft White,00246231,"['en:plant-based-foods-and-beverages', 'en:plant-based-foods', 'en:cereals-and-potatoes', 'en:breads', 'en:sliced-breads']",3,[],"['en:e300', 'en:e471', 'en:e472e']",250.0,2.4,0.5,3.2,4.3,8.2,0.885
Organic Bread,0013764027220,"['en:plant-based-foods-and-beverages', 'en:plant-based-foods', 'en:cereals-and-potatoes', 'en:cereals-and-their-products', 'en:breads', 'en:sliced-breads']",0,[],[],275.0,5.0,0.0,5.0,5.0,10.0,1.06
Pan de molde 100% integral sin corteza,8402001021541,"['en:plant-based-foods-and-beverages', 'en:plant-based-foods', 'en:cereals-and-potatoes', 'en:cereals-and-their-products', 'en:breads', 'en:bakery-products', 'en:sliced-breads', 'en:wholemeal-breads', 'en:wholemeal-sliced-breads']",6,[],"['en:e200', 'en:e202', 'en:e282', 'en:e300', 'en:e471', 'en:e472e']",225.0,4.9,0.9,1.8,6.43,9.29,0.99
22 TRANCHES SANS CROUTE Nature Sans Sucres Ajoutés,3029330068549,"['en:plant-based-foods-and-beverages', 'en:plant-based-foods', 'en:cereals-and-potatoes', 'en:breads', 'en:sliced-breads', 'en:sliced-breads-without-crust']",6,[],"['en:e200', 'en:e282', 'en:e300', 'en:e322', 'en:e415', 'en:e471']",264.0,3.4,0.4,5.5,4.2,9.3,1.1
Biscotte,3564707166980,"['en:plant-based-foods-and-beverages', 'en:plant-based-foods', 'en:cereals-and-potatoes', 'en:breads', 'en:rusks', 'en:wholemeal-rusks']",1,[],['en:e300'],401.0,5.4,0.6,3.0,6.2,13.0,0.03
Le Fresche Biscottate Integrali,8001405000024,"['en:plant-based-foods-and-beverages', 'en:plant-based-foods', 'en:cereals-and-potatoes', 'en:breads', 'en:rusks']",0,[],[],393.0,5.8,0.9,4.5,9.0,13.0,1.5
Biscottes à la farine complète sans sucres ajoutés,3596710508594,"['en:plant-based-foods-and-beverages', 'en:plant-based-foods', 'en:cereals-and-potatoes', 'en:breads', 'en:rusks', 'en:toasts', 'en:packaged-breads', 'en:wholemeal-rusks']",1,[],['en:e300'],395.0,4.6,0.5,3.4,7.0,14.0,1.5
Extra Special Wholemeal Multigrain Sliced Loaf,5057172110827,"['en:plant-based-foods-and-beverages', 'en:plant-based-foods', 'en:cereals-and-potatoes', 'en:breads', 'en:sliced-breads', 'en:multigrain-sliced-breads', 'en:wholemeal-breads', 'en:wholemeal-sliced-breads', 'en:bread-loaf']",1,[],['en:e300'],256.0,5.6,0.8,2.6,7.8,12.0,0.61
Sunflower and spelt loaf,29296088,"['en:plant-based-foods-and-beverages', 'en:plant-based-foods', 'en:cereals-and-potatoes', 'en:breads']",1,[],['en:e300'],282.0,7.7,0.7,1.9,9.7,12.2,0.78
,4056489749516,"['en:plant-based-foods-and-beverages', 'en:plant-based-foods', 'en:cereals-and-potatoes', 'en:breads', 'en:flatbreads', 'en:white-breads', 'en:wheat-breads', 'en:wheat-flatbreads', 'pt:a']",9,[],"['en:e202', 'en:e281', 'en:e296', 'en:e412', 'en:e422', 'en:e466', 'en:e471', 'en:e500', 'en:e920']",296.0,8.0,1.4,1.9,9.8,9.7,0.875
100% mie nature,3228857001965,"['en:plant-based-foods-and-beverages', 'en:plant-based-foods', 'en:cereals-and-potatoes', 'en:frozen-foods', 'en:cereals-and-their-products', 'en:breads', 'en:sliced-breads', 'en:frozen-breads']",0,[],[],266.0,4.3,0.4,7.7,3.8,7.0,1.1
White Sourdough Bloomer,00474030,"['en:plant-based-foods-and-beverages', 'en:plant-based-foods', 'en:cereals-and-potatoes', 'en:breads']",1,[],['en:e300'],257.0,2.83,0.377,2.83,2.08,9.62,0.736
White pitta bread,4056489851370,"['en:plant-based-foods-and-beverages', 'en:plant-based-foods', 'en:cereals-and-potatoes', 'en:breads', 'en:flatbreads', 'en:special-breads', 'en:pitas']",1,[],['en:e282'],249.0,1.2,0.2,2.7,2.7,9.6,0.36
Biscottes complètes x36,3250391699995,"['en:plant-based-foods-and-beverages', 'en:plant-based-foods', 'en:cereals-and-potatoes', 'en:breads', 'en:rusks', 'en:wholemeal-rusks', 'fr:biscottes-completes-cereales-graines']",1,[],['en:e300'],375.0,4.8,0.5,6.4,10.0,15.0,1.4
Biscottes complètes x36 - BIO,3250391774081,"['en:plant-based-foods-and-beverages', 'en:plant-based-foods', 'en:cereals-and-potatoes', 'en:breads', 'en:rusks', 'en:toasts', 'en:wholemeal-rusks', 'fr:biscottes-completes-cereales-graines']",1,[],['en:e300'],373.0,3.8,0.5,5.5,9.2,15.0,1.3
Biscottes,3270190128533,"['en:plant-based-foods-and-beverages', 'en:plant-based-foods', 'en:cereals-and-potatoes', 'en:cereals-and-their-products', 'en:breads', 'en:rusks']",1,[],['en:e300'],396.0,5.2,0.6,5.0,4.6,11.0,1.3
Le Gourmand Céréales et Graines,3560070877546,"['en:plant-based-foods-and-beverages', 'en:plant-based-foods', 'en:cereals-and-potatoes', 'en:cereals-and-their-products', 'en:breads', 'en:sliced-breads', 'en:multigrain-sliced-breads']",3,[],"['en:e282', 'en:e300', 'en:e471']",289.0,5.5,0.7,4.4,3.9,10.0,0.99
Volkoren cracker,7300400481700,"['en:plant-based-foods-and-beverages', 'en:plant-based-foods', 'en:cereals-and-potatoes', 'en:cereals-and-their-products', 'en:breads', 'en:crispbreads', 'en:crispbreads-wholemeal']",0,[],[],330.0,2.0,0.4,1.5,20.0,10.0,1.25
Kalamata Olive Bloomer,01121124,"['en:plant-based-foods-and-beverages', 'en:plant-based-foods', 'en:cereals-and-potatoes', 'en:breads', 'en:bakery-products']",0,[],[],242.0,2.8,0.4,4.6,3.0,8.2,1.1
Wholemeal,5010092093243,"['en:plant-based-foods-and-beverages', 'en:plant-based-foods', 'en:cereals-and-potatoes', 'en:breads', 'en:sliced-breads', 'en:wholemeal-breads']",3,[],"['en:e282', 'en:e471', 'en:e472e']",235.0,3.0,0.5,4.3,6.2,10.5,1.0
,8412600018897,"['en:plant-based-foods-and-beverages', 'en:plant-based-foods', 'en:cereals-and-potatoes', 'en:breads', 'en:sliced-breads', 'en:bran-sliced-breads', 'en:wholemeal-breads']",0,[],[],240.0,1.7,0.4,2.7,39.0,11.0,1.1
Jason's sourdough grains and seeds,5025125000242,"['en:plant-based-foods-and-beverages', 'en:plant-based-foods', 'en:cereals-and-potatoes', 'en:breads', 'en:sourdough-bread']",0,[],[],256.0,3.7,0.6,2.1,3.0,11.0,0.89
Seeded multigrain bloomer,0281249002257,"['en:plant-based-foods-and-beverages', 'en:plant-based-foods', 'en:cereals-and-potatoes', 'en:breads']",0,[],[],256.0,5.8,0.9,3.3,7.7,11.0,0.79
Grand Mie 7 céréales,3250390758075,"['en:plant-based-foods-and-beverages', 'en:plant-based-foods', 'en:cereals-and-potatoes', 'en:breads', 'en:sliced-breads', 'en:multigrain-sliced-breads']",0,[],[],273.0,5.8,0.7,4.9,4.9,10.3,1.3
Cœur mie complet 500g,3250391785216,"['en:plant-based-foods-and-beverages', 'en:plant-based-foods', 'en:cereals-and-potatoes', 'en:breads', 'en:sliced-breads', 'en:sliced-breads-without-crust', 'en:wholemeal-breads', 'en:wholemeal-sliced-breads', 'fr:pains-de-mie-complets-cereales-graines']",1,[],['en:e282'],231.0,3.6,0.3,5.2,6.1,8.6,1.1
8 Wraps,5000128947589,"['en:plant-based-foods-and-beverages', 'en:plant-based-foods', 'en:cereals-and-potatoes', 'en:breads', 'en:flatbreads', 'en:white-breads', 'en:wheat-breads', 'en:wheat-flatbreads']",9,[],"['en:e202', 'en:e282', 'en:e296', 'en:e330', 'en:e422', 'en:e450', 'en:e466', 'en:e471', 'en:e500', 'en:e500ii']",306.0,6.94,4.52,2.42,2.42,7.74,1.66
6 Seed & Cereal Original Pitta,5060021080912,"['en:plant-based-foods-and-beverages', 'en:plant-based-foods', 'en:cereals-and-potatoes', 'en:breads', 'en:crispbreads']",0,[],[],239.0,2.9,0.6,1.9,7.0,9.8,0.3
Plain Poppadom,5054402114105,"['en:plant-based-foods-and-beverages', 'en:plant-based-foods', 'en:cereals-and-potatoes', 'en:breads', 'en:flatbreads', 'en:special-breads', 'en:papadum']",0,[],[],450.0,21.2,2.5,1.25,8.75,18.8,3.19
2 bake at home multigrain baguettes with sourdough,5059512727047,"['en:plant-based-foods-and-beverages', 'en:plant-based-foods', 'en:cereals-and-potatoes', 'en:breads', 'en:baguettes']",1,[],['en:e300'],296.0,2.5,0.357,3.57,3.57,10.0,1.18
2 Bake at Home Baguettes,5031021454072,"['en:plant-based-foods-and-beverages', 'en:plant-based-foods', 'en:cereals-and-potatoes', 'en:breads', 'en:pre-baked-breads', 'en:white-breads', 'en:bake-at-home-baguette']",0,[],[],295.0,1.3,0.4,3.7,4.2,8.9,1.0925
Ciabatta rolls,5000169386927,"['en:plant-based-foods-and-beverages', 'en:plant-based-foods', 'en:cereals-and-potatoes', 'en:breads', 'en:ciabatta']",0,[],[],254.0,3.5,0.5,4.3,1.2,9.5,0.65
Pain grillé au blé complet,3564707084062,"['en:plant-based-foods-and-beverages', 'en:plant-based-foods', 'en:cereals-and-potatoes', 'en:breads', 'en:toasts', 'en:wholemeal-breads']",1,[],['en:e300'],384.0,4.2,0.5,4.4,7.2,11.0,1.4
P'tits pains façon bretzel,3256540002494,"['en:plant-based-foods-and-beverages', 'en:plant-based-foods', 'en:cereals-and-potatoes', 'en:breads', 'en:special-breads', 'en:bread-pretzels']",1,[],['en:e524'],338.0,11.0,1.0,10.0,5.7,7.7,1.6
Wraps,3560070386352,"['en:plant-based-foods-and-beverages', 'en:plant-based-foods', 'en:cereals-and-potatoes', 'en:breads', 'en:flatbreads', 'en:white-breads', 'en:wheat-breads', 'en:wheat-flatbreads']",7,[],"['en:e202', 'en:e282', 'en:e296', 'en:e412', 'en:e422', 'en:e450', 'en:e450i', 'en:e466']",332.0,8.0,0.9,1.3,3.0,9.3,1.3
Wrap,3564700816479,"['en:plant-based-foods-and-beverages', 'en:plant-based-foods', 'en:cereals-and-potatoes', 'en:breads', 'en:flatbreads', 'en:white-breads', 'en:wheat-breads', 'en:wheat-flatbreads']",4,[],"['en:e282', 'en:e296', 'en:e422', 'en:e500']",328.0,7.3,0.9,3.2,2.3,9.4,0.9
Pan tostado ajo y perejil,8480000821997,"['en:plant-based-foods-and-beverages', 'en:plant-based-foods', 'en:snacks', 'en:cereals-and-potatoes', 'en:salty-snacks', 'en:appetizers', 'en:cereals-and-their-products', 'en:breads', 'en:toasts', 'en:toasted-bread-rolls', 'es:alimentos-e-bebidas-a-base-de-plantas', 'es:alimentos-a-base-de-plantas', 'es:cereais-e-batatas', 'es:lanches-comida', 'es:petiscos-salgados', 'es:paes', 'es:paes-especiais']",1,[],['en:e300'],545.0,33.0,3.6,1.8,2.5,8.2,1.8
Pain campagnard sans gluten,06174971,"['en:plant-based-foods-and-beverages', 'en:plant-based-foods', 'en:cereals-and-potatoes', 'en:cereals-and-their-products', 'en:specific-products', 'en:products-for-specific-diets', 'en:breads', 'en:products-without-gluten', 'en:gluten-free-breads', 'en:pains-de-campagne']",1,[],['en:e464'],262.0,3.1,0.5,2.6,,4.1,1.2
Fette biscottate integrali 630 gr,8076809512114,"['en:plant-based-foods-and-beverages', 'en:plant-based-foods', 'en:cereals-and-potatoes', 'en:breads', 'en:rusks', 'en:wholemeal-rusks']",0,[],[],387.0,7.4,0.8,4.6,12.0,14.0,1.3
100% Whole Wheat Bread,0072250037129,"['en:plant-based-foods-and-beverages', 'en:plant-based-foods', 'en:cereals-and-potatoes', 'en:cereals-and-their-products', 'en:breads', 'en:sliced-breads', 'en:white-breads', 'en:wheat-breads']",2,[],"['en:e322', 'en:e322i', 'en:e341', 'en:e341i']",231.0,1.92,0.0,3.85,7.69,11.5,1.15
Sandwich sotille integral,8410087820033,"['en:plant-based-foods-and-beverages', 'en:plant-based-foods', 'en:cereals-and-potatoes', 'en:breads', 'en:wholemeal-breads']",8,[],"['en:e14xx', 'en:e200', 'en:e202', 'en:e282', 'en:e330', 'en:e412', 'en:e471', 'en:e481']",267.0,4.1,1.0,9.6,4.3,10.0,0.88
Fluffy Crumpets,4088600162997,"['en:plant-based-foods-and-beverages', 'en:plant-based-foods', 'en:cereals-and-potatoes', 'en:breads', 'en:special-breads', 'en:crumpets']",3,[],"['en:e202', 'en:e450', 'en:e575']",206.0,1.0,0.2,4.2,2.4,6.4,1.08
Plain Breadsticks,5057172503575,"['en:plant-based-foods-and-beverages', 'en:plant-based-foods', 'en:cereals-and-potatoes', 'en:breads', 'en:breadsticks']",0,[],[],416.0,8.4,1.6,1.5,3.5,13.0,1.3
Tortilla wraps,4056489918202,"['en:plant-based-foods-and-beverages', 'en:plant-based-foods', 'en:cereals-and-potatoes', 'en:breads', 'en:flatbreads', 'en:white-breads', 'en:wheat-breads', 'en:wheat-flatbreads']",7,[],"['en:e202', 'en:e282', 'en:e296', 'en:e422', 'en:e471', 'en:e500', 'en:e920']",310.0,6.5,1.3,1.9,2.3,9.9,0.95
Seed Sensations Malted Wholegrains,5010003067684,"['en:plant-based-foods-and-beverages', 'en:plant-based-foods', 'en:cereals-and-potatoes', 'en:breads', 'en:sliced-breads', 'en:white-breads', 'en:bread-white-from-wheat-flour-of-the-highest-grade-gost-26987-86']",3,[],"['en:e282', 'en:e300', 'en:e472e']",257.0,4.55,0.455,3.41,5.23,10.2,1.63
Sliced Foccacia,5012121009003,"['en:plant-based-foods-and-beverages', 'en:plant-based-foods', 'en:cereals-and-potatoes', 'en:meals', 'en:breads', 'en:focaccia']",4,[],"['en:e282', 'en:e341', 'en:e450', 'en:e450i', 'en:e500', 'en:e500ii']",272.0,5.5,0.9,3.6,3.3,10.0,0.818
seeded Bread,5065009224302,"['en:plant-based-foods-and-beverages', 'en:plant-based-foods', 'en:cereals-and-potatoes', 'en:seeds', 'en:cereals-and-their-products', 'en:breads', 'en:wild-farmed-bread']",1,[],['en:e300'],251.0,3.7,1.1,4.1,6.4,11.7,0.96
American Sandwich Nature,3228857000845,"['en:plant-based-foods-and-beverages', 'en:plant-based-foods', 'en:cereals-and-potatoes', 'en:breads', 'en:sliced-breads']",0,[],[],271.0,4.1,0.4,7.7,3.9,7.6,1.1
4 Baguettes viennoises complètes sans sucres ajoutés 340g,3760049790672,"['en:plant-based-foods-and-beverages', 'en:plant-based-foods', 'en:snacks', 'en:cereals-and-potatoes', 'en:sweet-snacks', 'en:sweet-pastries-and-pies', 'en:breads', 'en:viennoiseries', 'en:baguettes', 'en:vienna-bread']",1,[],['en:e300'],314.0,9.9,1.5,3.6,6.4,13.0,0.86
Pain de mie complet,3580280748726,"['en:plant-based-foods-and-beverages', 'en:plant-based-foods', 'en:cereals-and-potatoes', 'en:frozen-foods', 'en:breads', 'en:sliced-breads', 'en:wholemeal-breads', 'en:wholemeal-sliced-breads']",3,[],"['en:e282', 'en:e300', 'en:e471']",251.0,4.0,0.5,6.0,6.5,8.4,1.1
Pain de table céréales,3596710425839,"['en:plant-based-foods-and-beverages', 'en:plant-based-foods', 'en:cereals-and-potatoes', 'en:frozen-foods', 'en:breads', 'en:special-breads', 'en:frozen-breads']",3,[],"['en:e200', 'en:e262', 'en:e300']",255.0,5.5,0.6,4.1,7.1,8.8,1.0
Pan de molde blanco,8402001000560,"['en:plant-based-foods-and-beverages', 'en:plant-based-foods', 'en:cereals-and-potatoes', 'en:cereals-and-their-products', 'en:breads', 'en:sliced-breads']",5,[],"['en:e200', 'en:e202', 'en:e282', 'en:e300', 'en:e472e']",240.0,2.44,0.697,3.14,3.83,9.41,0.923
Brioche Muffin x 5 250g,3760049798937,"['en:plant-based-foods-and-beverages', 'en:plant-based-foods', 'en:snacks', 'en:cereals-and-potatoes', 'en:sweet-snacks', 'en:biscuits-and-cakes', 'en:sweet-pastries-and-pies', 'en:breads', 'en:cakes', 'en:viennoiseries', 'en:brioches', 'en:muffins', 'en:special-breads', 'en:english-muffins', 'fr:brioches-tranchees', 'fr:brioches-industrielles']",0,[],[],320.0,8.5,1.7,8.4,3.9,11.0,0.93
Japanese Breadcrumbs Panko Semmelbrösel,5014276700453,"['en:plant-based-foods-and-beverages', 'en:plant-based-foods', 'en:cereals-and-potatoes', 'en:breads', 'en:bread-crumbs', 'en:panko']",0,[],[],362.0,1.7,0.4,3.8,0.8,15.0,0.7575
Poppy Seed Bagels,5099077001848,"['en:plant-based-foods-and-beverages', 'en:plant-based-foods', 'en:cereals-and-potatoes', 'en:breads', 'en:special-breads', 'en:bagel-breads']",2,[],"['en:e200', 'en:e282']",271.0,3.06,0.588,7.41,4.59,10.9,0.926
Petits pains grillés aux céréales,3270190191377,"['en:plant-based-foods-and-beverages', 'en:plant-based-foods', 'en:cereals-and-potatoes', 'en:breads', 'en:toasts', 'en:multigrain-rusk-slice', 'en:toasted-bread-rolls']",1,[],['en:e300'],404.0,7.8,1.0,4.2,4.7,12.0,1.2
Biscuits Nature,3245412589980,"['en:plant-based-foods-and-beverages', 'en:plant-based-foods', 'en:cereals-and-potatoes', 'en:breads', 'en:rusks', 'fr:biscottes-de-froment']",1,[],['en:e300'],393.0,5.0,0.7,6.5,4.0,11.0,1.1
Special Crumb Toast,3560070433063,"['en:plant-based-foods-and-beverages', 'en:plant-based-foods', 'en:cereals-and-potatoes', 'en:breads', 'en:sliced-breads', 'en:sliced-breads-without-crust']",1,[],['en:e282'],247.0,2.1,0.2,7.5,3.9,7.1,1.0
Biscottes sans sel x36,3250390005650,"['en:plant-based-foods-and-beverages', 'en:plant-based-foods', 'en:cereals-and-potatoes', 'en:specific-products', 'en:products-for-specific-diets', 'en:breads', 'en:products-with-reduced-salt', 'en:rusks', 'en:rusks-without-salt', 'fr:biscottes-nature']",1,[],['en:e300'],391.0,3.4,0.3,7.5,4.8,12.0,0.01
Piada sfogliata,20072483,"['en:plant-based-foods-and-beverages', 'en:plant-based-foods', 'en:cereals-and-potatoes', 'en:breads', 'en:flatbreads', 'en:white-breads', 'en:piadina']",0,[],[],311.0,9.4,3.9,3.1,,7.4,1.6
Vollkorn Knäckebrot,4056489189138,"['en:plant-based-foods-and-beverages', 'en:plant-based-foods', 'en:cereals-and-potatoes', 'en:breads', 'en:crispbreads', 'en:rye-breads', 'en:wholemeal-breads', 'en:knackebrote', 'en:pflanzliche-lebensmittel-und-getranke']",0,[],[],379.0,7.5,1.1,2.6,14.9,12.8,1.12
White Toastie,5057545619483,"['en:plant-based-foods-and-beverages', 'en:plant-based-foods', 'en:cereals-and-potatoes', 'en:breads', 'en:white-breads', 'en:wheat-breads']",3,[],"['en:e282', 'en:e300', 'en:e472e']",240.0,1.4,0.4,3.8,3.0,8.4,0.84
6 Burgers nature Classic,3029330800064,"['en:plant-based-foods-and-beverages', 'en:plant-based-foods', 'en:cereals-and-potatoes', 'en:breads', 'en:special-breads', 'en:hamburger-buns']",0,[],[],276.0,4.3,0.5,5.4,4.3,9.2,1.1
Pan Carrè,8076809582162,"['en:plant-based-foods-and-beverages', 'en:plant-based-foods', 'en:cereals-and-potatoes', 'en:breads', 'en:sliced-breads']",0,[],[],285.0,4.5,0.5,6.5,3.9,8.1,1.2
Sea Salt Sourdough Flatbreads,5060198820694,"['en:plant-based-foods-and-beverages', 'en:plant-based-foods', 'en:snacks', 'en:cereals-and-potatoes', 'en:salty-snacks', 'en:appetizers', 'en:biscuits-and-crackers', 'en:breads', 'en:crackers-appetizers', 'en:flatbreads']",0,[],[],412.0,10.0,1.25,3.75,10.0,11.2,0.198
Wholemeal wraps,5051413481905,"['en:plant-based-foods-and-beverages', 'en:plant-based-foods', 'en:cereals-and-potatoes', 'en:breads', 'en:flatbreads', 'en:white-breads', 'en:wheat-breads', 'en:wheat-flatbreads']",8,[],"['en:e202', 'en:e282', 'en:e330', 'en:e422', 'en:e450', 'en:e471', 'en:e500', 'en:e920']",279.0,5.2,2.5,3.3,6.9,9.0,0.9
White Sourdough bloomer with green and Kalamata olives,5000129341874,"['en:plant-based-foods-and-beverages', 'en:plant-based-foods', 'en:cereals-and-potatoes', 'en:breads', 'en:coop-kalamata-olive-sourdough-bloomer', 'en:sourdough-bloomer']",1,[],['en:e330'],249.0,4.9,0.8,2.0,3.9,6.8,1.16
Strong white bread flour,00061575,"['en:plant-based-foods-and-beverages', 'en:plant-based-foods', 'en:cereals-and-potatoes', 'en:cereals-and-their-products', 'en:flours', 'en:cereal-flours', 'en:breads', 'en:wheat-flours', 'en:bread-flours']",0,[],[],344.0,1.3,0.3,1.4,3.0,13.4,0.01
Brioche tranchee au skyr 450g,3760049799248,"['en:plant-based-foods-and-beverages', 'en:plant-based-foods', 'en:snacks', 'en:cereals-and-potatoes', 'en:sweet-snacks', 'en:sweet-pastries-and-pies', 'en:breads', 'en:viennoiseries', 'en:brioches', 'en:packaged-breads']",0,[],[],345.0,12.0,1.7,12.0,4.3,8.1,0.9
Bagels,0094360010151,"['en:plant-based-foods-and-beverages', 'en:plant-based-foods', 'en:cereals-and-potatoes', 'en:breads', 'en:special-breads', 'en:bagel-breads']",0,[],[],267.0,2.7,0.4,5.3,3.3,9.4,0.61
pain grillé palletier,3392460482906,"['en:plant-based-foods-and-beverages', 'en:plant-based-foods', 'en:cereals-and-potatoes', 'en:breads', 'en:toasts']",5,[],"['en:e160a', 'en:e160ai', 'en:e202', 'en:e300', 'en:e330', 'en:e471']",442.0,14.0,6.2,9.9,3.5,12.0,1.08
Pain de mie sandwich complet 825g,3256222646916,"['en:plant-based-foods-and-beverages', 'en:plant-based-foods', 'en:cereals-and-potatoes', 'en:breads', 'en:sliced-breads', 'en:wholemeal-breads', 'en:wholemeal-sliced-breads']",3,[],"['en:e282', 'en:e300', 'en:e471']",268.0,5.8,1.0,4.3,6.9,8.5,1.0
Petits pains grilles,3270190007418,"['en:plant-based-foods-and-beverages', 'en:plant-based-foods', 'en:cereals-and-potatoes', 'en:breads', 'en:toasts', 'en:croutons', 'en:toasted-bread-rolls', 'en:wheat-rusk-slices']",1,[],['en:e300'],407.0,7.8,0.7,8.6,3.5,9.5,1.0
biscottes à la farine d\'épautre,3268350120350,"['en:plant-based-foods-and-beverages', 'en:plant-based-foods', 'en:cereals-and-potatoes', 'en:breads', 'en:rusks', 'en:spelt-rusks']",0,[],[],379.0,5.7,1.3,1.7,5.5,11.0,1.4
Pan de molde sin corteza,8412600100325,"['en:plant-based-foods-and-beverages', 'en:plant-based-foods', 'en:cereals-and-potatoes', 'en:breads', 'en:sliced-breads']",7,[],"['en:e200', 'en:e282', 'en:e300', 'en:e341', 'en:e471', 'en:e472e', 'en:e481']",229.0,2.6,0.7,3.3,2.8,9.3,0.91
Tartines croustillantes au Seigle,3560071014179,"['en:plant-based-foods-and-beverages', 'en:plant-based-foods', 'en:cereals-and-potatoes', 'en:cereals-and-their-products', 'en:breads', 'en:crispbreads', 'en:crispbreads-wholemeal', 'fr:tartines']",0,[],[],350.0,1.8,0.3,1.8,15.0,10.0,1.4
Pain complet au seigle bio,3564707129879,"['en:plant-based-foods-and-beverages', 'en:plant-based-foods', 'en:cereals-and-potatoes', 'en:breads', 'en:rye-breads', 'en:wholemeal-breads']",0,[],[],208.0,1.6,0.3,0.8,9.9,4.8,1.2
Vollkorn-Sandwich,4061458022040,"['en:plant-based-foods-and-beverages', 'en:plant-based-foods', 'en:cereals-and-potatoes', 'en:cereals-and-their-products', 'en:breads', 'en:sliced-breads', 'en:toasts', 'en:wholemeal-breads', 'en:wholemeal-sliced-breads']",1,[],['en:e262'],240.0,12.3,0.267,3.2,6.67,22.7,0.00515
Tartine croustillantes,20978105,"['en:plant-based-foods-and-beverages', 'en:plant-based-foods', 'en:cereals-and-potatoes', 'en:frozen-foods', 'en:breads', 'en:flatbreads', 'en:crispbreads']",0,[],[],362.0,2.0,0.3,3.2,14.0,11.8,0.775
Belle Buone,8002190006345,"['en:plant-based-foods-and-beverages', 'en:plant-based-foods', 'en:cereals-and-potatoes', 'en:breads']",0,[],[],448.0,15.9,2.0,18.0,6.0,13.0,0.3
Pain de mie 100% mie harrys epaisse nature 500g,3228857001835,"['en:plant-based-foods-and-beverages', 'en:plant-based-foods', 'en:cereals-and-potatoes', 'en:breads', 'en:sliced-breads', 'en:sliced-breads-without-crust']",0,[],[],266.0,4.3,0.4,7.7,3.8,7.0,1.1
Red Onion & Chive Bagels,5018297008055,"['en:plant-based-foods-and-beverages', 'en:plant-based-foods', 'en:cereals-and-potatoes', 'en:breads', 'en:special-breads', 'en:bagel-breads']",2,[],"['en:e282', 'en:e300']",261.0,1.76,0.118,7.88,4.35,9.53,0.00156
Bruschetta Garlic & Parsley,5037412002464,"['en:plant-based-foods-and-beverages', 'en:plant-based-foods', 'en:cereals-and-potatoes', 'en:breads', 'en:special-breads', 'en:bruschetta-breads']",0,[],[],528.0,30.4,2.4,1.87,,8.8,1.87
Seeded Brioche Burger Buns,5027952012986,"['en:plant-based-foods-and-beverages', 'en:plant-based-foods', 'en:snacks', 'en:cereals-and-potatoes', 'en:sweet-snacks', 'en:sweet-pastries-and-pies', 'en:breads', 'en:viennoiseries', 'en:brioches', 'en:special-breads', 'en:hamburger-buns']",2,[],"['en:e160a', 'en:e160ai', 'en:e471']",309.0,8.2,2.1,10.0,2.9,9.4,2.75
Malted Grain & Seeds,5010044006536,"['en:plant-based-foods-and-beverages', 'en:plant-based-foods', 'en:cereals-and-potatoes', 'en:breads', 'en:malted-grains-and-seeds']",1,[],['en:e300'],269.0,4.6,0.8,3.7,4.5,11.3,0.9
Multigrain Loaf,5391526414385,"['en:plant-based-foods-and-beverages', 'en:plant-based-foods', 'en:cereals-and-potatoes', 'en:breads', 'en:sliced-breads', 'en:multigrain-sliced-breads']",8,[],"['en:e200', 'en:e281', 'en:e415', 'en:e422', 'en:e461', 'en:e464', 'en:e466', 'en:e500', 'en:e500i']",221.0,7.3,0.7,0.8,12.9,6.0,0.95
Hovis Granary,5010003063464,"['en:plant-based-foods-and-beverages', 'en:plant-based-foods', 'en:cereals-and-potatoes', 'en:breads']",1,[],['en:e300'],253.0,1.6,0.28,4.68,4.6,9.3,1.28
4 Burger buns,5027952015994,"['en:plant-based-foods-and-beverages', 'en:plant-based-foods', 'en:cereals-and-potatoes', 'en:cereals-and-their-products', 'en:breads', 'en:special-breads', 'en:hamburger-buns']",0,[],[],310.0,6.88,0.779,11.0,2.47,8.83,1.43
Maxi tacos wrap,6111245461809,"['en:plant-based-foods-and-beverages', 'en:plant-based-foods', 'en:cereals-and-potatoes', 'en:breads', 'en:white-breads', 'fr:pain-tacod-100-fibre', 'fr:pain-tacos']",1,[],['en:e450'],299.0,5.9,3.0,1.0,2.0,11.6,1.09
Pain de mie Grandes tranches 7 Céréales,3564700288450,"['en:plant-based-foods-and-beverages', 'en:plant-based-foods', 'en:cereals-and-potatoes', 'en:breads', 'en:sliced-breads', 'en:multigrain-sliced-breads']",3,[],"['en:e282', 'en:e300', 'en:e471']",283.0,6.5,0.9,6.2,4.0,8.2,1.1
Petits pains grillés au froment - 225g,3256220368186,"['en:plant-based-foods-and-beverages', 'en:plant-based-foods', 'en:breakfasts', 'en:cereals-and-potatoes', 'en:breads', 'en:toasts', 'en:toasted-bread-rolls', 'en:wheat-rusk-slices']",1,[],['en:e300'],403.0,7.4,0.8,7.4,4.1,9.1,1.0
Pain complet de seigle aux graines de tournesol,3175681085688,"['en:plant-based-foods-and-beverages', 'en:plant-based-foods', 'en:cereals-and-potatoes', 'en:breads', 'en:rye-breads', 'en:wholemeal-breads']",0,[],[],214.0,3.7,0.5,2.7,11.0,5.7,1.1
Petits Pains Grillés Froment,3564700582695,"['en:plant-based-foods-and-beverages', 'en:plant-based-foods', 'en:cereals-and-potatoes', 'en:breads', 'en:toasts', 'en:toasted-bread-rolls', 'en:wheat-rusk-slices']",1,[],['en:e300'],411.0,8.1,0.7,8.5,3.5,9.8,1.1
Pão de forma,8412600028568,"['en:plant-based-foods-and-beverages', 'en:plant-based-foods', 'en:cereals-and-potatoes', 'en:breads', 'en:sliced-breads']",5,[],"['en:e202', 'en:e282', 'en:e300', 'en:e471', 'en:e481']",254.545454545455,2.5974025974026,0.51948051948052,8.05194805194805,3.37662337662338,8.31168831168831,0.0
Petits pains grillés au blé complet sans sucres ajoutés,3250390145608,"['en:plant-based-foods-and-beverages', 'en:plant-based-foods', 'en:cereals-and-potatoes', 'en:cereals-and-their-products', 'en:breads', 'en:toasts', 'en:toasted-bread-rolls', 'fr:pains-grilles-toasts-complets-cereales-graines']",1,[],['en:e300'],389.0,5.5,0.5,2.8,7.6,13.0,1.3
Pain de mie,3029330071273,"['en:plant-based-foods-and-beverages', 'en:plant-based-foods', 'en:cereals-and-potatoes', 'en:breads', 'en:sliced-breads']",0,[],[],249.0,3.2,0.3,3.9,3.5,8.7,1.1
"Crackers Aux graines de courge, lin et sésame",3560071018405,"['en:plant-based-foods-and-beverages', 'en:plant-based-foods', 'en:snacks', 'en:cereals-and-potatoes', 'en:salty-snacks', 'en:appetizers', 'en:biscuits-and-crackers', 'en:breads', 'en:crackers-appetizers', 'en:crispbreads']",1,[],['en:e300'],486.0,27.0,3.9,1.7,12.0,21.0,0.82
Fette croccanti con sesamo,20006167,"['en:plant-based-foods-and-beverages', 'en:plant-based-foods', 'en:snacks', 'en:cereals-and-potatoes', 'en:meals', 'en:salty-snacks', 'en:appetizers', 'en:biscuits-and-crackers', 'en:cereals-and-their-products', 'en:breads', 'en:crackers-appetizers', 'en:crispbreads']",0,[],[],36.0,6.0,1.0,2.4,16.0,1.1,1.3
Pain tranché au seigle,3596710425525,"['en:plant-based-foods-and-beverages', 'en:plant-based-foods', 'en:cereals-and-potatoes', 'en:frozen-foods', 'en:breads', 'en:frozen-breads', 'en:rye-breads']",2,[],"['en:e200', 'en:e262']",216.0,1.3,0.2,2.5,6.0,6.8,1.2
"Bagels Semillas 8,8%",8412600018323,"['en:plant-based-foods-and-beverages', 'en:plant-based-foods', 'en:cereals-and-potatoes', 'en:breads', 'en:special-breads', 'en:bagel-breads']",6,[],"['en:e200', 'en:e202', 'en:e282', 'en:e300', 'en:e472e', 'en:e481']",296.0,4.1,0.6,9.4,5.1,11.0,0.76
Harrys pain de mie extra moelleux complet sans sucres ajoutés 500g,3228857001491,"['en:plant-based-foods-and-beverages', 'en:plant-based-foods', 'en:cereals-and-potatoes', 'en:breads', 'en:sliced-breads', 'en:wholemeal-breads', 'en:wholemeal-sliced-breads']",0,[],[],269.0,4.1,0.4,5.1,6.0,8.7,1.2
Co op wholemeal toastie,5000128967242,"['en:plant-based-foods-and-beverages', 'en:plant-based-foods', 'en:cereals-and-potatoes', 'en:breads', 'en:sliced-breads', 'en:wholemeal-breads', 'en:wholemeal-sliced-breads']",3,[],"['en:e282', 'en:e300', 'en:e471']",231.0,2.89,0.667,3.56,7.78,10.0,0.889
Toasting Muffins,5010044003559,"['en:plant-based-foods-and-beverages', 'en:plant-based-foods', 'en:snacks', 'en:cereals-and-potatoes', 'en:sweet-snacks', 'en:biscuits-and-cakes', 'en:breads', 'en:cakes', 'en:muffins', 'en:special-breads', 'en:english-muffins']",5,[],"['en:e282', 'en:e300', 'en:e334', 'en:e471', 'en:e472e']",230.401529636711,2.1,0.4,2.9,2.7,8.7,0.7675
Pitta breads,5054070479179,"['en:plant-based-foods-and-beverages', 'en:plant-based-foods', 'en:cereals-and-potatoes', 'en:breads', 'en:flatbreads', 'en:special-breads', 'en:pitas']",1,[],['en:e282'],254.0,0.7,0.1,2.4,3.8,9.4,0.59
Extra Special Mixed Seed Sourdough,5057172737154,"['en:plant-based-foods-and-beverages', 'en:plant-based-foods', 'en:cereals-and-potatoes', 'en:breads', 'en:mixed-seed-sourdough-bread']",1,[],['en:e300'],270.0,6.5,0.7,2.1,8.5,12.0,0.83
Grilletine Céréales et Graines x18,3182180001026,"['en:plant-based-foods-and-beverages', 'en:plant-based-foods', 'en:cereals-and-potatoes', 'en:breads', 'en:toasts', 'en:toasted-bread-rolls', 'fr:aux-cereales-completes']",1,[],['en:e300'],440.0,12.0,2.0,7.9,7.8,13.0,0.89
Pain de mie longue conservation,3228851000315,"['en:plant-based-foods-and-beverages', 'en:plant-based-foods', 'en:cereals-and-potatoes', 'en:breads', 'en:sliced-breads']",1,[],['en:e282'],283.0,4.7,0.5,8.0,3.0,8.2,1.13
10 pains au lait,26073651,"['en:plant-based-foods-and-beverages', 'en:plant-based-foods', 'en:snacks', 'en:breakfasts', 'en:cereals-and-potatoes', 'en:sweet-snacks', 'en:sweet-pastries-and-pies', 'en:breads', 'en:viennoiseries', 'en:milk-bread-rolls', 'fr:pains-au-lait-aux-oeufs-frais']",5,[],"['en:e160', 'en:e300', 'en:e417', 'en:e471', 'en:e481']",8.78,0.275,0.03,0.325,0.07,0.212,0.022
Crackers 3 graines - BIO,3250392480684,"['en:plant-based-foods-and-beverages', 'en:plant-based-foods', 'en:snacks', 'en:cereals-and-potatoes', 'en:salty-snacks', 'en:appetizers', 'en:biscuits-and-crackers', 'en:cereals-and-their-products', 'en:breads', 'en:crackers-appetizers', 'en:crackers']",1,[],['en:e300'],443.0,18.125,2.493,2.635,12.075,14.925,1.799
Krisprolls complets,7311070331318,"['en:plant-based-foods-and-beverages', 'en:plant-based-foods', 'en:cereals-and-potatoes', 'en:breads', 'en:toasts', 'en:toasted-bread-rolls']",0,[],[],400.0,6.6,0.9,1.1,8.3,13.0,1.1
Maxi Tranches Complet,3560071429508,"['en:plant-based-foods-and-beverages', 'en:plant-based-foods', 'en:cereals-and-potatoes', 'en:breads', 'en:sliced-breads', 'en:wholemeal-breads', 'en:wholemeal-sliced-breads']",2,[],"['en:e300', 'en:e471']",262.0,5.3,0.7,5.4,6.5,8.4,0.97
,4056489476672,"['en:plant-based-foods-and-beverages', 'en:plant-based-foods', 'en:cereals-and-potatoes', 'en:cereals-and-their-products', 'en:breads', 'en:flatbreads', 'en:white-breads', 'en:wheat-breads', 'en:wheat-flatbreads', 'ro:alimentos-e-bebidas-à-base-de-plantas', 'ro:alimentos-à-base-de-plantas', 'ro:cereais-e-batatas', 'ro:pães', 'ro:pães-brancos']",4,[],"['en:e282', 'en:e296', 'en:e422', 'en:e500']",294.0,5.0,1.5,5.2,6.4,10.0,0.75
White Bread,5057545579008,"['en:plant-based-foods-and-beverages', 'en:plant-based-foods', 'en:cereals-and-potatoes', 'en:breads', 'en:sliced-breads', 'en:white-breads']",3,[],"['en:e282', 'en:e300', 'en:e472e']",239.0,2.0,0.5,2.9,3.6,8.3,0.9
"Hand Finished Oat, Sunflower & Pumpkin Loaf",5000128848237,"['en:plant-based-foods-and-beverages', 'en:plant-based-foods', 'en:cereals-and-potatoes', 'en:breads', 'en:sliced-breads', 'en:multigrain-sliced-breads']",1,[],['en:e300'],296.0,9.8,1.0,3.4,8.2,10.0,0.82
Tortilla Wraps Mini White,4088600111667,"['en:plant-based-foods-and-beverages', 'en:plant-based-foods', 'en:cereals-and-potatoes', 'en:breads', 'en:flatbreads', 'en:white-breads', 'en:wheat-breads', 'en:wheat-flatbreads']",8,[],"['en:e202', 'en:e282', 'en:e330', 'en:e422', 'en:e450', 'en:e471', 'en:e500', 'en:e920']",294.0,4.52,2.26,3.23,2.58,7.42,0.887
Medium sliced super soft white,00358910,"['en:plant-based-foods-and-beverages', 'en:plant-based-foods', 'en:cereals-and-potatoes', 'en:breads', 'en:sliced-breads']",1,[],['en:e300'],249.0,2.75,0.75,4.0,3.62,9.0,1.01
Soft Tortilla Wrap,00241908,"['en:plant-based-foods-and-beverages', 'en:plant-based-foods', 'en:cereals-and-potatoes', 'en:breads', 'en:flatbreads', 'en:white-breads', 'en:wheat-breads', 'en:wheat-flatbreads']",4,[],"['en:e422', 'en:e450', 'en:e500', 'en:e500ii', 'en:e920']",294.0,4.35,1.94,2.74,3.23,8.06,0.887
Sainsburys,00499989,"['en:plant-based-foods-and-beverages', 'en:plant-based-foods', 'en:cereals-and-potatoes', 'en:breads', 'en:crumpets']",3,[],"['en:e202', 'en:e450', 'en:e450i', 'en:e500', 'en:e500ii']",204.0,0.7,0.1,3.0,,6.4,1.05
Krisprolls,13110707,"['en:plant-based-foods-and-beverages', 'en:plant-based-foods', 'en:cereals-and-potatoes', 'en:breads', 'en:toasts', 'en:toasted-bread-rolls']",0,[],[],373.0,14.0,2.5,19.0,,7.3,0.7475
Tartines de pain - blé complet - Bio,3182180060009,"['en:plant-based-foods-and-beverages', 'en:plant-based-foods', 'en:cereals-and-potatoes', 'en:breads', 'en:toasts', 'fr:bio']",1,[],['en:e300'],383.0,4.6,0.5,2.8,9.0,12.0,1.5
Brioche tressée pur beurre 800g,3284230001991,"['en:plant-based-foods-and-beverages', 'en:plant-based-foods', 'en:snacks', 'en:breakfasts', 'en:cereals-and-potatoes', 'en:sweet-snacks', 'en:sweet-pastries-and-pies', 'en:breads', 'en:viennoiseries', 'en:brioches', 'fr:brioches-tressees', 'en:packaged-breads', 'en:pure-butter-brioche', 'fr:brioche-tressee-pur-beurre']",0,[],[],334.0,12.0,7.8,12.0,3.8,8.5,0.95
,8480000838681,"['en:plant-based-foods-and-beverages', 'en:plant-based-foods', 'en:cereals-and-potatoes', 'en:breads', 'en:sliced-breads', 'en:wholemeal-breads', 'en:wholemeal-sliced-breads']",6,[],"['en:e200', 'en:e282', 'en:e300', 'en:e412', 'en:e471', 'en:e481']",227.0,2.3,0.4,2.0,5.5,11.0,1.1
Pain grillé au blé complet 250g,3256228103918,"['en:plant-based-foods-and-beverages', 'en:plant-based-foods', 'en:breakfasts', 'en:cereals-and-potatoes', 'en:breads', 'en:toasts']",1,[],['en:e300'],378.0,4.3,0.5,4.5,7.6,11.0,1.4
Harry Dinkel Sandwich 4071800047812 Dinkelsandwichbrot,4071800047812,"['en:plant-based-foods-and-beverages', 'en:plant-based-foods', 'en:cereals-and-potatoes', 'en:breads', 'en:toasts', 'de:dinkelbrot']",1,[],['en:e262'],246.0,3.0,0.3,4.7,5.1,10.0,1.0
Crousti Moelleux Complet Sans Sucre Ajouté 730gr,3029330003533,"['en:plant-based-foods-and-beverages', 'en:plant-based-foods', 'en:cereals-and-potatoes', 'en:breads', 'en:sliced-breads', 'en:wholemeal-breads', 'en:wholemeal-sliced-breads']",0,[],[],246.0,3.4,0.3,3.6,6.7,9.5,1.1
Petits pains grillés à l'épeautre,3560071417444,"['en:plant-based-foods-and-beverages', 'en:plant-based-foods', 'en:cereals-and-potatoes', 'en:breads', 'en:toasts', 'en:toasted-bread-rolls']",0,[],[],384.0,5.8,0.6,3.8,7.6,11.0,1.0
Panes especiales tomate y orégano,8480000223968,"['en:plant-based-foods-and-beverages', 'en:plant-based-foods', 'en:cereals-and-potatoes', 'en:breads', 'en:special-breads']",1,[],['en:e300'],483.0,23.1,2.1,4.6,3.3,9.6,2.0
Pan sottile cereales y semillas,8410087820019,"['en:plant-based-foods-and-beverages', 'en:plant-based-foods', 'en:cereals-and-potatoes', 'en:breads', 'en:wholemeal-breads', 'en:aliments-d-origine-vegetale', 'en:aliments-et-boissons-a-base-de-vegetaux', 'en:cereales-et-pommes-de-terre', 'fr:alimentos-de-origen-vegetal', 'fr:alimentos-y-bebidas-de-origen-vegetal', 'fr:cereales-y-patatas', 'fr:panes', 'fr:panes-de-molde', 'fr:panes-de-molde-con-cereales']",8,[],"['en:e14xx', 'en:e200', 'en:e202', 'en:e282', 'en:e330', 'en:e412', 'en:e471', 'en:e481']",253.0,2.5,1.1,8.0,,7.5,1.6
Sesame Seed Bagels,5018297006471,"['en:plant-based-foods-and-beverages', 'en:plant-based-foods', 'en:cereals-and-potatoes', 'en:breads', 'en:special-breads', 'en:bagel-breads']",2,[],"['en:e282', 'en:e300']",266.0,3.29,0.471,5.18,3.29,9.29,0.556
Organic Bread Good Seed,0013764027039,"['en:plant-based-foods-and-beverages', 'en:plant-based-foods', 'en:cereals-and-potatoes', 'en:cereals-and-their-products', 'en:breads', 'en:undefined']",0,[],[],267.0,5.56,0.0,11.1,6.67,11.1,0.889
Gluten Free Wholegrain crackers,0612322001360,"['en:plant-based-foods-and-beverages', 'en:plant-based-foods', 'en:cereals-and-potatoes', 'en:specific-products', 'en:products-for-specific-diets', 'en:breads', 'en:products-without-gluten', 'en:gluten-free-breads']",1,[],['en:e503'],459.0,18.9,7.3,1.7,7.5,10.8,1.69
Sunflower & Pumpkin Loaf,5057545918777,"['en:plant-based-foods-and-beverages', 'en:plant-based-foods', 'en:cereals-and-potatoes', 'en:breads']",4,[],"['en:e282', 'en:e300', 'en:e471', 'en:e472e']",301.0,9.9,1.5,3.6,4.8,11.1,0.825
Wholemeal seeded,4056489239017,"['en:plant-based-foods-and-beverages', 'en:plant-based-foods', 'en:cereals-and-potatoes', 'en:breads']",2,[],"['en:e300', 'en:e322']",264.0,8.79,0.909,1.82,9.09,12.1,0.97
6 White Pittas,00635677,"['en:plant-based-foods-and-beverages', 'en:plant-based-foods', 'en:cereals-and-potatoes', 'en:breads', 'en:flatbreads', 'en:special-breads', 'en:pitas', 'en:white-pitta']",1,[],['en:e282'],249.0,1.2,0.2,2.7,2.7,9.6,0.6
2 Bake at Home White Baguettes,00411424,"['en:plant-based-foods-and-beverages', 'en:plant-based-foods', 'en:cereals-and-potatoes', 'en:breads', 'en:baguettes', 'en:pre-baked-breads']",1,[],['en:e300'],288.0,1.2,0.3,3.5,3.4,9.8,1.09
BJORG Pain grillé au blé complet,3229820785844,"['en:plant-based-foods-and-beverages', 'en:plant-based-foods', 'en:cereals-and-potatoes', 'en:breads', 'en:toasts', 'fr:b']",1,[],['en:e300'],378.0,4.3,0.5,4.5,7.6,11.0,1.4
Pain complet aux flocons d'avoine les créations 500g,3250392265021,"['en:plant-based-foods-and-beverages', 'en:plant-based-foods', 'en:cereals-and-potatoes', 'en:breads', 'en:sliced-breads', 'en:wholemeal-breads', 'en:wholemeal-sliced-breads', 'fr:pains-de-mie-complets-cereales-graines']",3,[],"['en:e282', 'en:e300', 'en:e471']",269.0,5.0,0.6,5.8,6.8,11.0,1.0
"Biscottes très pauvre en sel x36, 300g",3256220110112,"['en:plant-based-foods-and-beverages', 'en:plant-based-foods', 'en:cereals-and-potatoes', 'en:cereals-and-their-products', 'en:specific-products', 'en:products-for-specific-diets', 'en:breads', 'en:products-with-reduced-salt', 'en:rusks', 'en:rusks-without-salt']",1,[],['en:e300'],402.0,5.1,0.6,7.3,3.9,12.0,0.01
Extra Moelleux complet 500g,3250390600848,"['en:plant-based-foods-and-beverages', 'en:plant-based-foods', 'en:cereals-and-potatoes', 'en:breads', 'en:sliced-breads', 'en:wholemeal-breads', 'en:wholemeal-sliced-breads', 'fr:pains-de-mie-complets-cereales-graines']",1,[],['en:e282'],247.0,3.1,0.3,4.6,7.9,10.0,1.1
Pan multifibras,8414897100590,"['en:plant-based-foods-and-beverages', 'en:plant-based-foods', 'en:cereals-and-potatoes', 'en:breads', 'en:sliced-breads', 'en:wholemeal-breads', 'en:wholemeal-sliced-breads']",3,[],"['en:e200', 'en:e282', 'en:e300']",250.0,2.5,0.4,2.1,6.7,10.1,0.93
Pan de molde blanco,8480000838674,"['en:plant-based-foods-and-beverages', 'en:plant-based-foods', 'en:cereals-and-potatoes', 'en:cereals-and-their-products', 'en:breads', 'en:sliced-breads']",5,[],"['en:e200', 'en:e282', 'en:e412', 'en:e471', 'en:e481']",250.0,2.7,0.7,3.0,3.0,9.0,1.18
Pains Burger brioché Géant,3029330800071,"['en:plant-based-foods-and-beverages', 'en:plant-based-foods', 'en:cereals-and-potatoes', 'en:breads', 'en:special-breads', 'en:hamburger-buns']",0,[],[],288.0,5.4,0.8,7.9,4.3,9.6,1.1
Original Muffins,0048121102081,"['en:plant-based-foods-and-beverages', 'en:plant-based-foods', 'en:cereals-and-potatoes', 'en:breads', 'en:special-breads', 'en:english-muffins']",3,[],"['en:e200', 'en:e282', 'en:e322', 'en:e322i']",246.0,3.28,1.64,3.28,3.28,8.2,1.77
Old El Paso 8 Regular Whole Wheat Tortillas,8410076472083,"['en:plant-based-foods-and-beverages', 'en:plant-based-foods', 'en:cereals-and-potatoes', 'en:breads', 'en:flatbreads', 'en:white-breads', 'en:wheat-breads', 'en:wheat-flatbreads', 'en:whole-wheat-tortilla']",4,[],"['en:e422', 'en:e450', 'en:e471', 'en:e500', 'en:e500ii']",290.0,5.85,0.976,2.2,5.37,9.02,1.03
Vimto Winter Warmer,5010044008714,"['en:plant-based-foods-and-beverages', 'en:plant-based-foods', 'en:cereals-and-potatoes', 'en:breads']",1,[],['en:e282'],265.0,1.5,0.5,9.12,3.62,10.1,1.57
Carb Balance Flour,0073731071090,"['en:plant-based-foods-and-beverages', 'en:plant-based-foods', 'en:cereals-and-potatoes', 'en:cereals-and-their-products', 'en:flours', 'en:cereal-flours', 'en:breads', 'en:wheat-flours', 'en:flatbreads', 'en:white-breads', 'en:wheat-breads', 'en:wheat-flatbreads']",7,[],"['en:e200', 'en:e270', 'en:e450', 'en:e450i', 'en:e460', 'en:e460ii', 'en:e466', 'en:e500', 'en:e500ii', 'en:e955']",163.0,8.14,3.49,0.0,39.5,14.0,1.92
Sourdough breadmix,5054268868662,"['en:plant-based-foods-and-beverages', 'en:plant-based-foods', 'en:cereals-and-potatoes', 'en:breads', 'en:sourdough-bread-mix']",0,[],[],248.0,3.3,0.6,0.98,4.98,9.18,0.78
Mini Plain Tortilla Wraps,5057967342105,"['en:plant-based-foods-and-beverages', 'en:plant-based-foods', 'en:cereals-and-potatoes', 'en:meals', 'en:breads', 'en:flatbreads', 'en:white-breads', 'en:wheat-breads', 'en:wheat-flatbreads']",5,[],"['en:e282', 'en:e330', 'en:e422', 'en:e500', 'en:e500ii', 'en:e570']",284.0,5.16,2.26,2.26,3.55,8.06,3.11
Wholegrain seeded bread flour,01728637,"['en:plant-based-foods-and-beverages', 'en:plant-based-foods', 'en:cereals-and-potatoes', 'en:flours', 'en:breads', 'en:bread-flours']",0,[],[],383.0,7.8,1.1,3.6,,15.4,0.0
6 PLAIN FLOUR WRAPS,8437011503626,"['en:plant-based-foods-and-beverages', 'en:plant-based-foods', 'en:cereals-and-potatoes', 'en:breads', 'en:flatbreads', 'en:white-breads', 'en:wheat-breads', 'en:wheat-flatbreads']",10,[],"['en:e175', 'en:e202', 'en:e282', 'en:e296', 'en:e330', 'en:e415', 'en:e422', 'en:e471', 'en:e500', 'en:e500ii', 'en:e920']",306.0,5.6,2.8,1.6,2.4,7.7,1.8
Pain 100% mie longue conservation,3228850008213,"['en:plant-based-foods-and-beverages', 'en:plant-based-foods', 'en:cereals-and-potatoes', 'en:breads', 'en:sliced-breads']",0,[],[],268.0,4.3,0.4,7.7,3.8,7.0,1.13
Pain aux céréales et aux graines les créations 500g,3250392265052,"['en:plant-based-foods-and-beverages', 'en:plant-based-foods', 'en:cereals-and-potatoes', 'en:breads', 'en:sliced-breads', 'en:multigrain-sliced-breads']",3,[],"['en:e282', 'en:e300', 'en:e471']",286.0,5.333,1.7,5.833,4.867,10.7,1.02
Biscottes aux 6 céréales x36,3250390145615,"['en:plant-based-foods-and-beverages', 'en:plant-based-foods', 'en:cereals-and-potatoes', 'en:breads', 'en:rusks', 'en:multigrain-rusks', 'fr:biscottes-nature']",1,[],['en:e300'],387.0,4.9,0.5,6.0,6.2,14.0,1.8
Pain spécial Vollkornbrot au seigle 500g,3256225436095,"['en:plant-based-foods-and-beverages', 'en:plant-based-foods', 'en:cereals-and-potatoes', 'en:breads', 'en:rye-breads', 'en:aliments-d-origine-vegetale', 'en:aliments-et-boissons-a-base-de-vegetaux', 'en:cereales-et-pommes-de-terre', 'en:pains', 'en:pains-complets', 'en:pains-de-seigle']",0,[],[],218.0,1.5,0.2,3.5,9.1,5.5,1.2
Tartine croustillante seigle paquet de 250g,3256224060895,"['en:plant-based-foods-and-beverages', 'en:plant-based-foods', 'en:cereals-and-potatoes', 'en:breads', 'en:crispbreads', 'en:rye-breads', 'fr:pains-croustillants-complets']",0,[],[],343.0,2.4,0.4,1.8,17.0,11.0,1.3
Delicate Crisp Rosemary & Sea Salt,7300400126229,"['en:plant-based-foods-and-beverages', 'en:plant-based-foods', 'en:cereals-and-potatoes', 'en:breads', 'en:crispbreads']",1,[],['en:e392'],394.0,8.0,0.7,3.0,10.0,11.0,2.5
Pain de mie grandes tranches complet,3564706576940,"['en:plant-based-foods-and-beverages', 'en:plant-based-foods', 'en:cereals-and-potatoes', 'en:breads', 'en:sliced-breads', 'en:wholemeal-breads', 'en:wholemeal-sliced-breads']",1,[],['en:e282'],253.0,4.0,0.4,3.3,5.7,9.4,1.2
Tartines croustillantes au seigle et sésame,3564707150088,"['en:plant-based-foods-and-beverages', 'en:plant-based-foods', 'en:cereals-and-potatoes', 'en:cereals-and-their-products', 'en:breads', 'en:crispbreads', 'en:crispbreads-wholemeal']",0,[],[],373.0,6.3,1.0,1.1,14.0,11.0,1.3
4 Pains Kebab,3556071235270,"['en:plant-based-foods-and-beverages', 'en:plant-based-foods', 'en:cereals-and-potatoes', 'en:breads', 'en:special-breads', 'en:kebab-breads']",2,[],"['en:e282', 'en:e412']",257.0,1.9,0.2,6.6,2.9,7.5,1.3
Petits Pains Grillés complet sans sucres ajoutés*,3596710509980,"['en:plant-based-foods-and-beverages', 'en:plant-based-foods', 'en:cereals-and-potatoes', 'en:breads', 'en:toasts', 'en:dried-breads', 'en:toasted-bread-rolls']",0,[],[],389.0,5.5,0.5,2.8,7.6,13.0,1.3
Tortilla Wraps Carrot,4056489476665,"['en:plant-based-foods-and-beverages', 'en:plant-based-foods', 'en:cereals-and-potatoes', 'en:breads', 'en:flatbreads', 'en:tortillas']",6,[],"['en:e202', 'en:e282', 'en:e296', 'en:e422', 'en:e471', 'en:e500']",290.0,4.9,1.4,3.0,6.0,10.0,0.7
Superseed soft suite farmhouse,00356251,"['en:plant-based-foods-and-beverages', 'en:plant-based-foods', 'en:cereals-and-potatoes', 'en:breads', 'en:farm-house-bread']",1,[],['en:e300'],303.0,10.3,1.2,3.1,5.6,11.9,0.875
White Tortilla Wraps,5057753912857,"['en:plant-based-foods-and-beverages', 'en:plant-based-foods', 'en:cereals-and-potatoes', 'en:breads', 'en:flatbreads', 'en:white-breads', 'en:wheat-breads', 'en:wheat-flatbreads']",8,[],"['en:e202', 'en:e282', 'en:e330', 'en:e422', 'en:e450', 'en:e450i', 'en:e471', 'en:e500', 'en:e500ii', 'en:e920']",287.0,4.43,2.13,3.44,2.79,7.7,0.984
Rye & Wheat Sourdough,5000169410752,"['en:plant-based-foods-and-beverages', 'en:plant-based-foods', 'en:cereals-and-potatoes', 'en:breads']",0,[],[],221.0,1.0,0.2,2.8,4.9,5.9,0.51
Pane proteico,20501327,"['en:plant-based-foods-and-beverages', 'en:plant-based-foods', 'en:cereals-and-potatoes', 'en:breads', 'en:wholemeal-breads', 'it:pane-proteico', 'it:pane-proteico']",0,[],[],227.0,8.6,1.1,1.9,8.8,18.0,1.1
6 plain Folded Flatbreads,00204392,"['en:plant-based-foods-and-beverages', 'en:plant-based-foods', 'en:cereals-and-potatoes', 'en:breads', 'en:flatbreads', 'en:white-breads', 'en:wheat-breads', 'en:wheat-flatbreads']",4,[],"['en:e282', 'en:e341', 'en:e450', 'en:e450i', 'en:e500', 'en:e500ii']",233.0,3.33,1.11,6.67,10.0,7.56,1.92
Part Baked Baguettes,5057545744468,"['en:plant-based-foods-and-beverages', 'en:plant-based-foods', 'en:cereals-and-potatoes', 'en:breads', 'en:baguettes']",1,[],['en:e300'],295.0,1.3,0.2,3.7,4.2,8.9,1.1
Plain Naan Bread,5060415520802,"['en:plant-based-foods-and-beverages', 'en:plant-based-foods', 'en:cereals-and-potatoes', 'en:breads', 'en:flatbreads', 'en:special-breads', 'en:naans', 'en:plain-naans']",1,[],['en:e282'],230.0,0.9,0.3,0.5,2.8,6.8,0.983
Bimbo maxi tacos,6111260961759,"['en:plant-based-foods-and-beverages', 'en:plant-based-foods', 'en:cereals-and-potatoes', 'en:breads']",3,[],"['en:e282', 'en:e300', 'en:e471']",328.0,8.66,4.33,2.99,2.99,7.91,2.2
Les gourmands Pelletier Biscottes Tradition,3392460482005,"['en:plant-based-foods-and-beverages', 'en:plant-based-foods', 'en:cereals-and-potatoes', 'en:frozen-foods', 'en:breads', 'en:rusks']",1,[],['en:e300'],414.0,8.9,3.9,5.9,4.2,12.0,1.43
Burger creation graines x4 260g,3029330070047,"['en:plant-based-foods-and-beverages', 'en:plant-based-foods', 'en:cereals-and-potatoes', 'en:breads', 'en:special-breads', 'en:hamburger-buns']",0,[],[],295.0,7.0,2.0,7.9,5.3,8.4,1.1
Pain de mie nature extra moelleux,3250390036692,"['en:plant-based-foods-and-beverages', 'en:plant-based-foods', 'en:cereals-and-potatoes', 'en:breads', 'en:sliced-breads']",1,[],['en:e282'],267.0,2.6,0.3,6.8,3.0,8.7,1.1
Extra Moelleux - Nature,3564700019320,"['en:plant-based-foods-and-beverages', 'en:plant-based-foods', 'en:cereals-and-potatoes', 'en:breads', 'en:sliced-breads']",3,[],"['en:e282', 'en:e300', 'en:e471']",287.0,4.7,0.7,5.2,3.0,7.7,1.1
Pain farine d'epeautre & graines 260g,3760049798838,"['en:plant-based-foods-and-beverages', 'en:plant-based-foods', 'en:cereals-and-potatoes', 'en:breads', 'en:sliced-breads', 'en:multigrain-sliced-breads']",1,[],['en:e282'],314.0,10.0,1.1,4.4,4.0,10.0,0.93
Biscottes,8008698028551,"['en:plant-based-foods-and-beverages', 'en:plant-based-foods', 'en:cereals-and-potatoes', 'en:specific-products', 'en:products-for-specific-diets', 'en:breads', 'en:products-without-gluten', 'en:gluten-free-breads']",1,[],['en:e464'],393.0,6.3,0.6,4.4,8.1,3.9,1.8
Muffin à la Farine Complète & 7 Graines,3513851559636,"['en:plant-based-foods-and-beverages', 'en:plant-based-foods', 'en:cereals-and-potatoes', 'en:breads', 'en:special-breads', 'en:english-muffins', 'fr:pains-a-garnir']",2,[],"['en:e200', 'en:e282']",298.0,5.9,0.98,3.1,5.0,14.8,0.84
Garlic bread,8713305800719,"['en:plant-based-foods-and-beverages', 'en:plant-based-foods', 'en:snacks', 'en:cereals-and-potatoes', 'en:salty-snacks', 'en:appetizers', 'en:breads', 'en:garlic-breads', 'en:toasts', 'en:toasted-bread-rolls']",0,[],[],528.0,30.0,2.5,1.8,3.4,8.9,1.8
Classic Tortilla Wraps,4056489328766,"['en:plant-based-foods-and-beverages', 'en:plant-based-foods', 'en:cereals-and-potatoes', 'en:breads', 'en:flatbreads', 'en:white-breads', 'en:wheat-breads', 'en:wheat-flatbreads']",7,[],"['en:e202', 'en:e282', 'en:e296', 'en:e422', 'en:e471', 'en:e500', 'en:e920']",310.0,6.5,0.6,3.9,3.2,9.9,0.67
Pan de pipas Girasol y Calabaza,4056489520528,"['en:plant-based-foods-and-beverages', 'en:plant-based-foods', 'en:cereals-and-potatoes', 'en:breads', 'en:sliced-breads']",3,[],"['en:e200', 'en:e282', 'en:e481']",272.0,8.6,1.6,4.9,9.5,14.0,0.0
WHOLE WHEAT BREAD,5099630002237,"['en:plant-based-foods-and-beverages', 'en:plant-based-foods', 'en:cereals-and-potatoes', 'en:breads']",1,[],"['en:e500', 'en:e500ii']",225.0,1.11,0.317,1.85,6.86,8.06,1.48
Seeded Sourdough Flatbreads,5060198820717,"['en:plant-based-foods-and-beverages', 'en:plant-based-foods', 'en:snacks', 'en:cereals-and-potatoes', 'en:salty-snacks', 'en:appetizers', 'en:biscuits-and-crackers', 'en:breads', 'en:crackers-appetizers', 'en:flatbreads']",0,[],[],426.0,13.0,1.4,3.4,6.6,13.0,2.1
hovis rustic seeded bloomer,5010003065659,"['en:plant-based-foods-and-beverages', 'en:plant-based-foods', 'en:cereals-and-potatoes', 'en:breads', 'en:seeded-bread']",2,[],"['en:e300', 'en:e472e']",293.0,6.8,1.1,3.1,4.2,10.6,0.88
Pan de molde 100% natural integral,8412600029343,"['en:plant-based-foods-and-beverages', 'en:plant-based-foods', 'en:cereals-and-potatoes', 'en:breads', 'en:sliced-breads', 'en:wholemeal-breads', 'en:wholemeal-sliced-breads']",0,[],[],250.0,3.2,0.1,5.8,6.1,11.0,0.265
Petits pains grillés,3564707093590,"['en:plant-based-foods-and-beverages', 'en:plant-based-foods', 'en:cereals-and-potatoes', 'en:breads', 'en:toasts', 'en:multigrain-rusk-slice', 'en:toasted-bread-rolls']",1,[],['en:e300'],400.0,7.9,0.9,4.0,4.4,11.0,1.1
Biscottes au froment germe de blé 300g,3256220280051,"['en:plant-based-foods-and-beverages', 'en:plant-based-foods', 'en:breakfasts', 'en:cereals-and-potatoes', 'en:breads', 'en:rusks', 'en:toasts', 'en:common-wheat-rusks']",1,[],['en:e300'],396.0,5.2,0.6,5.0,4.6,11.0,1.3
Crackers Apéritif Blé Complet,3017760619899,"['en:plant-based-foods-and-beverages', 'en:plant-based-foods', 'en:snacks', 'en:cereals-and-potatoes', 'en:salty-snacks', 'en:appetizers', 'en:biscuits-and-crackers', 'en:frozen-foods', 'en:breads', 'en:crackers-appetizers', 'fr:au-ble-complet']",1,[],"['en:e500', 'en:e500ii']",434.0,13.0,5.5,1.5,7.0,12.0,2.1
Les Pains complets - Seigle aux graines de lin,3175681117860,"['en:plant-based-foods-and-beverages', 'en:plant-based-foods', 'en:cereals-and-potatoes', 'en:breads', 'en:special-breads', 'en:rye-breads', 'en:wholemeal-breads', 'fr:pains-multicereales']",0,[],[],194.0,2.1,0.4,2.3,11.0,5.2,0.82
8 Tortillas au blé,3245412563256,"['en:plant-based-foods-and-beverages', 'en:plant-based-foods', 'en:cereals-and-potatoes', 'en:cereals-and-their-products', 'en:breads', 'en:flatbreads', 'en:white-breads', 'en:wheat-breads', 'en:wheat-flatbreads']",6,[],"['en:e282', 'en:e296', 'en:e422', 'en:e471', 'en:e500', 'en:e920']",326.0,7.3,0.9,3.2,2.3,9.4,0.9
24 petites tranches nature sans sucres ajoutés,3029330071129,"['en:plant-based-foods-and-beverages', 'en:plant-based-foods', 'en:cereals-and-potatoes', 'en:breads', 'en:sliced-breads', 'en:bran-sliced-breads']",0,[],[],269.0,3.3,0.4,4.2,4.4,8.6,1.1
6 Pains Wraps 370g,3556071234976,"['en:plant-based-foods-and-beverages', 'en:plant-based-foods', 'en:cereals-and-potatoes', 'en:breads', 'en:flatbreads', 'en:white-breads', 'en:packaged-breads', 'en:wheat-breads', 'en:wheat-flatbreads']",5,[],"['en:e202', 'en:e330', 'en:e422', 'en:e471', 'en:e500']",327.0,8.4,1.0,4.0,2.5,8.6,0.88
Croûtons Saveur Ail,20927790,"['en:plant-based-foods-and-beverages', 'en:plant-based-foods', 'en:cereals-and-potatoes', 'en:breads', 'en:croutons', 'en:croutons-with-garlic']",0,[],[],486.0,29.0,2.7,1.4,,7.1,2.7
Wraps,8008698011683,"['en:plant-based-foods-and-beverages', 'en:plant-based-foods', 'en:cereals-and-potatoes', 'en:specific-products', 'en:products-for-specific-diets', 'en:breads', 'en:products-without-gluten', 'en:flatbreads']",6,[],"['en:e202', 'en:e330', 'en:e334', 'en:e412', 'en:e420', 'en:e471']",271.0,6.2,3.1,1.5,9.3,7.1,1.0
Knäckebrot Rustikal,7300400114745,"['en:plant-based-foods-and-beverages', 'en:plant-based-foods', 'en:cereals-and-potatoes', 'en:breads', 'en:crispbreads']",0,[],[],330.0,1.5,0.4,1.5,20.0,9.0,1.2
Pan de centeno 51%,8425514085619,"['en:plant-based-foods-and-beverages', 'en:plant-based-foods', 'en:cereals-and-potatoes', 'en:breads', 'en:rye-breads']",0,[],[],262.0,1.7,1.1,3.2,4.4,9.4,1.5
Granetti integrali,8076809527033,"['en:plant-based-foods-and-beverages', 'en:plant-based-foods', 'en:snacks', 'en:cereals-and-potatoes', 'en:salty-snacks', 'en:appetizers', 'en:biscuits-and-crackers', 'en:breads', 'en:crackers-appetizers', 'en:breadsticks', 'it:sostitutivo-del-pane']",0,[],[],412.0,11.3,1.0,4.7,10.0,11.0,1.13
Pain de mie à la farine complète* biologique,3596710473625,"['en:plant-based-foods-and-beverages', 'en:plant-based-foods', 'en:cereals-and-potatoes', 'en:breads', 'en:sliced-breads', 'en:wholemeal-breads', 'en:wholemeal-sliced-breads']",0,[],[],273.0,5.1,0.4,5.2,4.6,8.4,1.1
Eiweiss Brot,4061458055734,"['en:plant-based-foods-and-beverages', 'en:plant-based-foods', 'en:cereals-and-potatoes', 'en:breads', 'en:pre-baked-breads', 'en:sliced-breads', 'de:eiweißbrot']",1,[],['en:e262'],383.0,12.6,1.71,2.0,11.1,38.6,1.86
Bread,5010092093045,"['en:plant-based-foods-and-beverages', 'en:plant-based-foods', 'en:cereals-and-potatoes', 'en:breads', 'en:sliced-breads']",3,[],"['en:e282', 'en:e300', 'en:e472e']",238.0,2.0,0.5,3.75,2.75,8.0,0.931
Sliced Tiger Bloomer,5000128783279,"['en:plant-based-foods-and-beverages', 'en:plant-based-foods', 'en:cereals-and-potatoes', 'en:breads', 'en:white-breads']",7,[],"['en:e282', 'en:e300', 'en:e330', 'en:e500', 'en:e503', 'en:e516', 'en:e920']",245.0,1.4,0.5,2.6,2.6,8.8,0.91
Luxury french sliced brioche burger buns,4088600041858,"['en:plant-based-foods-and-beverages', 'en:plant-based-foods', 'en:cereals-and-potatoes', 'en:breads', 'en:special-breads', 'en:hamburger-buns']",1,[],['en:e570'],308.0,6.2,1.4,9.6,2.4,9.0,0.9
Plain bagels,5057172612833,"['en:plant-based-foods-and-beverages', 'en:plant-based-foods', 'en:cereals-and-potatoes', 'en:breads', 'en:special-breads', 'en:bagel-breads']",2,[],"['en:e282', 'en:e300']",265.0,1.7,0.3,5.3,3.4,9.3,0.6
Focaccia panini,5060198645167,"['en:plant-based-foods-and-beverages', 'en:plant-based-foods', 'en:cereals-and-potatoes', 'en:meals', 'en:sandwiches', 'en:breads', 'en:special-breads', 'en:focaccia', 'en:paninis', 'en:white-breads', 'en:bread-white-from-wheat-flour-of-the-highest-grade-gost-26987-86', 'en:focaccia-panini']",0,[],[],276.0,6.2,0.9,1.7,1.2,9.1,1.8
wildfarmed sliced white,5065009224296,"['en:plant-based-foods-and-beverages', 'en:plant-based-foods', 'en:cereals-and-potatoes', 'en:breads']",1,[],['en:e300'],235.0,1.4,0.2,4.0,4.4,9.5,0.89
Biscottes à la farine complète,3268350120084,"['en:plant-based-foods-and-beverages', 'en:plant-based-foods', 'en:cereals-and-potatoes', 'en:breads', 'en:rusks', 'en:toasts', 'en:wholemeal-rusks']",0,[],[],379.0,5.7,1.1,3.9,9.2,13.0,1.4
GRISSINI LIGHT* Sésame,3245412933066,"['en:plant-based-foods-and-beverages', 'en:plant-based-foods', 'en:cereals-and-potatoes', 'en:breads', 'en:breadsticks']",1,[],['en:e300'],444.0,16.0,2.5,2.6,5.3,17.0,1.3
Les croustillantes Seigle,3564700582664,"['en:plant-based-foods-and-beverages', 'en:plant-based-foods', 'en:cereals-and-potatoes', 'en:breads', 'en:crispbreads', 'en:rye-breads', 'fr:pains-croustillants-complets']",0,[],[],348.0,1.6,0.4,2.1,16.0,9.4,1.3
Tortillas de blé 320G,3250391162215,"['en:plant-based-foods-and-beverages', 'en:plant-based-foods', 'en:cereals-and-potatoes', 'en:breads', 'en:flatbreads', 'en:white-breads', 'en:aliments-d-origine-vegetale', 'en:aliments-et-boissons-a-base-de-vegetaux', 'en:cereales-et-pommes-de-terre', 'en:pains-de-ble', 'en:tortillas-de-ble', 'fr:pains-tortilla']",5,[],"['en:e282', 'en:e296', 'en:e422', 'en:e500', 'en:e920']",332.0,8.4,1.0,2.4,2.7,9.6,1.0
Wraps intégral Blé complet,8710637105628,"['en:plant-based-foods-and-beverages', 'en:plant-based-foods', 'en:cereals-and-potatoes', 'en:breads', 'en:flatbreads', 'en:white-breads', 'en:wheat-breads', 'en:wheat-flatbreads']",9,[],"['en:e202', 'en:e281', 'en:e296', 'en:e412', 'en:e422', 'en:e466', 'en:e471', 'en:e500', 'en:e920']",292.0,7.5,1.4,1.9,9.8,9.7,0.88
,3175681185388,"['en:plant-based-foods-and-beverages', 'en:plant-based-foods', 'en:cereals-and-potatoes', 'en:specific-products', 'en:products-for-specific-diets', 'en:breads', 'en:products-without-gluten', 'en:gluten-free-breads', 'en:sliced-breads', 'en:gluten-free-sliced-breads']",4,[],"['en:e282', 'en:e412', 'en:e415', 'en:e481']",267.0,8.3,1.8,6.8,5.7,5.3,0.9
Pain tranché au seigle 500g,3256225436101,"['en:plant-based-foods-and-beverages', 'en:plant-based-foods', 'en:cereals-and-potatoes', 'en:breads', 'en:rye-breads', 'fr:pains-tranches']",3,[],"['en:e200', 'en:e262', 'en:e300']",214.0,1.1,0.1,3.2,6.6,6.5,1.1
Misura dolcesenza,8002590043155,"['en:plant-based-foods-and-beverages', 'en:plant-based-foods', 'en:cereals-and-potatoes', 'en:breads', 'en:rusks']",0,[],[],407.0,4.9,0.6,5.8,9.5,13.0,0.02
Gifflar,7311070006209,"['en:plant-based-foods-and-beverages', 'en:plant-based-foods', 'en:snacks', 'en:cereals-and-potatoes', 'en:sweet-snacks', 'en:biscuits-and-cakes', 'en:breads', 'en:cakes', 'en:pastries', 'en:cinnamon-buns']",7,[],"['en:e200', 'en:e282', 'en:e330', 'en:e440', 'en:e450', 'en:e471', 'en:e500']",373.0,14.0,2.5,18.0,,7.3,0.7475
Croûtons de pain croustillants,3185200001358,"['en:plant-based-foods-and-beverages', 'en:plant-based-foods', 'en:cereals-and-potatoes', 'en:frozen-foods', 'en:breads', 'en:croutons']",0,[],[],447.0,16.0,1.5,3.9,4.5,11.0,1.8
Both In One A Perfect Blend Of White Wholemeal,4088600011783,"['en:plant-based-foods-and-beverages', 'en:plant-based-foods', 'en:cereals-and-potatoes', 'en:breads']",1,[],['en:e300'],242.0,2.5,0.5,3.25,4.25,9.5,0.887
La Biscotte,3182189999812,"['en:plant-based-foods-and-beverages', 'en:plant-based-foods', 'en:cereals-and-potatoes', 'en:breads', 'en:rusks', 'fr:biscottes-de-froment']",1,[],['en:e300'],424.0,11.0,1.3,7.5,4.8,12.0,0.86
Multiseed Loaf,01050974,"['en:plant-based-foods-and-beverages', 'en:plant-based-foods', 'en:cereals-and-potatoes', 'en:breads', 'en:sliced-breads', 'en:multigrain-sliced-breads']",1,[],['en:e300'],367.0,8.9,1.1,2.4,5.9,14.0,1.09
Tiger Bloomer,4088600408521,"['en:plant-based-foods-and-beverages', 'en:plant-based-foods', 'en:cereals-and-potatoes', 'en:breads', 'en:white-breads', 'en:tiger-bloomer']",5,[],"['en:e282', 'en:e300', 'en:e500', 'en:e503', 'en:e920']",243.0,1.62,0.27,4.86,3.51,8.38,0.367
Pain de mie,6111245460338,"['en:plant-based-foods-and-beverages', 'en:plant-based-foods', 'en:cereals-and-potatoes', 'en:breads', 'en:sliced-breads']",0,[],[],265.0,3.5,0.3,6.5,3.7,8.5,1.0
Best of Both Thick,5010003053793,"['en:plant-based-foods-and-beverages', 'en:plant-based-foods', 'en:cereals-and-potatoes', 'en:breads', 'en:sliced-breads', 'en:wholemeal-breads']",5,[],"['en:e282', 'en:e300', 'en:e322', 'en:e471', 'en:e472e']",226.0,1.6,0.3,2.9,5.6,9.5,0.425
Pain de mie,6111246910016,"['en:plant-based-foods-and-beverages', 'en:plant-based-foods', 'en:cereals-and-potatoes', 'en:breads', 'en:sliced-breads']",9,[],"['en:e200', 'en:e202', 'en:e270', 'en:e282', 'en:e300', 'en:e341', 'en:e471', 'en:e472e', 'en:e481']",230.0,1.6,0.5,4.2,2.9,7.2,1.0
sourdough malted ciabattini,5025125000259,"['en:plant-based-foods-and-beverages', 'en:plant-based-foods', 'en:cereals-and-potatoes', 'en:breads']",0,[],[],231.0,0.8,0.1,3.4,4.4,9.6,0.92
Seeded Folded Flatbreads,00204415,"['en:plant-based-foods-and-beverages', 'en:plant-based-foods', 'en:cereals-and-potatoes', 'en:cereals-and-their-products', 'en:breads', 'en:special-breads']",4,[],"['en:e282', 'en:e341', 'en:e450', 'en:e450i', 'en:e500', 'en:e500ii']",355.0,9.3,0.9,3.5,5.3,10.2,0.7075
Rye Sourdough,01147551,"['en:plant-based-foods-and-beverages', 'en:plant-based-foods', 'en:cereals-and-potatoes', 'en:breads', 'en:sourdough-bread']",0,[],[],256.0,1.7,0.3,1.8,3.7,8.7,0.002325
Pain 100% mie complet biologique,3228857000937,"['en:plant-based-foods-and-beverages', 'en:plant-based-foods', 'en:cereals-and-potatoes', 'en:breads', 'en:sliced-breads', 'en:sliced-breads-without-crust', 'en:wholemeal-breads', 'en:wholemeal-sliced-breads']",0,[],[],248.0,4.6,0.5,5.0,7.7,8.5,1.25
Bio Knäckebrot,20918279,"['en:plant-based-foods-and-beverages', 'en:plant-based-foods', 'en:snacks', 'en:cereals-and-potatoes', 'en:salty-snacks', 'en:appetizers', 'en:biscuits-and-crackers', 'en:meals', 'en:breads', 'en:crispbreads', 'en:crackers']",0,[],[],445.0,18.0,6.7,4.4,10.3,18.0,1.5
Biscotte,7622210416643,"['en:plant-based-foods-and-beverages', 'en:plant-based-foods', 'en:cereals-and-potatoes', 'en:breads', 'en:rusks']",3,[],"['en:e300', 'en:e471', 'en:e481']",408.0,7.3,3.4,6.8,3.6,11.0,1.2
pain spécial aux 5 céréales et graines 500g,3248288089455,"['en:plant-based-foods-and-beverages', 'en:plant-based-foods', 'en:cereals-and-potatoes', 'en:breads', 'en:special-breads']",3,[],"['en:e262', 'en:e262i', 'en:e300', 'en:e471']",241.0,4.9,0.8,2.3,6.9,7.7,1.0
Tortillas de blé,3564700299142,"['en:plant-based-foods-and-beverages', 'en:plant-based-foods', 'en:cereals-and-potatoes', 'en:breads', 'en:flatbreads', 'en:white-breads', 'en:wheat-breads', 'en:wheat-flatbreads']",9,[],"['en:e202', 'en:e282', 'en:e296', 'en:e412', 'en:e422', 'en:e450', 'en:e466', 'en:e471', 'en:e500']",331.0,8.0,0.9,1.3,3.0,9.3,1.3
Silueta pan de molde integral sin corteza cereales,8412600307618,"['en:plant-based-foods-and-beverages', 'en:plant-based-foods', 'en:cereals-and-potatoes', 'en:breads', 'en:sliced-breads', 'en:multigrain-sliced-breads', 'en:sliced-breads-without-crust', 'en:wholemeal-breads', 'en:wholemeal-sliced-breads']",6,[],"['en:e200', 'en:e282', 'en:e341', 'en:e471', 'en:e472e', 'en:e481']",225.0,3.5,0.9,2.8,6.0,9.4,1.0
4 piadinas,8480000808943,"['en:plant-based-foods-and-beverages', 'en:plant-based-foods', 'en:cereals-and-potatoes', 'en:breads', 'en:flatbreads', 'en:white-breads', 'en:wheat-breads', 'en:wheat-flatbreads']",7,[],"['en:e202', 'en:e282', 'en:e296', 'en:e450', 'en:e450i', 'en:e471', 'en:e500', 'en:e500ii', 'en:e920']",315.0,8.5,1.3,5.8,1.7,7.0,1.9
Burger Buns,20836573,"['en:plant-based-foods-and-beverages', 'en:plant-based-foods', 'en:cereals-and-potatoes', 'en:breads', 'en:special-breads', 'en:hamburger-buns']",1,[],['en:e262'],302.0,7.7,0.8,7.0,4.6,9.7,1.2
Petits pains grillés au froment,3560071235840,"['en:plant-based-foods-and-beverages', 'en:plant-based-foods', 'en:cereals-and-potatoes', 'en:frozen-foods', 'en:breads', 'en:toasts', 'en:toasted-bread-rolls', 'en:wheat-rusk-slices']",0,[],[],394.0,6.4,0.7,6.2,3.2,9.6,1.1
Das Pure Haferbrot mit Ölsaaten,4100550010101,"['en:plant-based-foods-and-beverages', 'en:plant-based-foods', 'en:cereals-and-potatoes', 'en:breads', 'en:special-breads', 'de:haferbrot', 'de:hafervollkornbrot']",0,[],[],290.0,16.5,2.2,0.83,9.5,10.5,1.2
Baguette,06174994,"['en:plant-based-foods-and-beverages', 'en:plant-based-foods', 'en:cereals-and-potatoes', 'en:specific-products', 'en:products-for-specific-diets', 'en:breads', 'en:products-without-gluten', 'en:baguettes', 'en:gluten-free-breads']",3,[],"['en:e334', 'en:e464', 'en:e471']",248.0,3.7,0.4,4.9,7.4,4.4,1.0
Das Pure - Haferbrot mit 27% Ölsaaten,4061458176323,"['en:plant-based-foods-and-beverages', 'en:plant-based-foods', 'en:cereals-and-potatoes', 'en:cereals-and-their-products', 'en:breads', 'en:special-breads', 'en:brote', 'en:getreide-und-kartoffeln', 'en:haferbrote', 'en:pflanzliche-lebensmittel', 'en:pflanzliche-lebensmittel-und-getranke', 'en:spezielle-brote']",0,[],[],280.0,15.0,2.3,0.6,8.7,11.0,1.0
Fromage emmental & graines de courges,4033634076024,"['en:plant-based-foods-and-beverages', 'en:plant-based-foods', 'en:snacks', 'en:cereals-and-potatoes', 'en:salty-snacks', 'en:appetizers', 'en:biscuits-and-crackers', 'en:breads', 'en:crackers-appetizers', 'en:wheat-crackers']",0,[],[],442.0,18.0,4.8,2.4,10.0,18.0,1.8
Finest White Loaf,5057545918814,"['en:plant-based-foods-and-beverages', 'en:plant-based-foods', 'en:cereals-and-potatoes', 'en:breads']",2,[],"['en:e300', 'en:e472e']",236.0,1.3,0.3,7.1,4.1,8.6,1.0
Seeded Batch,5010003065604,"['en:plant-based-foods-and-beverages', 'en:plant-based-foods', 'en:cereals-and-potatoes', 'en:breads', 'en:sliced-breads', 'en:seeded-bread']",2,[],"['en:e282', 'en:e472e']",258.0,5.8,0.7,4.6,4.9,9.8,0.91
Toastie White,4088600253305,"['en:plant-based-foods-and-beverages', 'en:plant-based-foods', 'en:cereals-and-potatoes', 'en:breads', 'en:white-breads', 'en:sliced-white-bread']",3,[],"['en:e282', 'en:e300', 'en:e472e']",238.0,2.0,0.6,2.8,3.6,8.4,0.845
Mango & Chilli Chutney Poppadoms,5000328806181,"['en:plant-based-foods-and-beverages', 'en:plant-based-foods', 'en:snacks', 'en:cereals-and-potatoes', 'en:salty-snacks', 'en:appetizers', 'en:chips-and-fries', 'en:crisps', 'en:breads', 'en:flatbreads', 'en:special-breads', 'en:crisps-made-from-reconstituted-potato', 'en:papadum', 'en:poppadom']",4,[],"['en:e160c', 'en:e262', 'en:e262ii', 'en:e296', 'en:e330']",488.0,25.0,2.5,5.2,2.1,6.3,2.7525
Sliced Wholemeal Rolls,5010044002958,"['en:plant-based-foods-and-beverages', 'en:plant-based-foods', 'en:cereals-and-potatoes', 'en:breads', 'en:sliced-breads', 'en:wholemeal-breads', 'en:wholemeal-sliced-breads']",6,[],"['en:e282', 'en:e300', 'en:e471', 'en:e472e', 'en:e481', 'en:e920']",250.0,3.93,0.893,3.39,6.07,10.5,0.964
White corn tortillas,8410076482174,"['en:plant-based-foods-and-beverages', 'en:plant-based-foods', 'en:cereals-and-potatoes', 'en:breads', 'en:flatbreads', 'en:white-breads', 'en:corn-flatbreads', 'en:wheat-breads', 'en:wheat-flatbreads']",3,[],"['en:e415', 'en:e422', 'en:e471']",243.0,3.33,0.952,3.33,4.76,4.76,2.52
Bake at Home White Baguettes,4088600229928,"['en:plant-based-foods-and-beverages', 'en:plant-based-foods', 'en:cereals-and-potatoes', 'en:breads', 'en:baguettes', 'en:pre-baked-breads']",1,[],['en:e300'],290.0,1.18,0.294,3.97,3.82,8.68,3.05
Crunchy Toasts Seigle complet & sésame,3560071096984,"['en:plant-based-foods-and-beverages', 'en:plant-based-foods', 'en:snacks', 'en:cereals-and-potatoes', 'en:salty-snacks', 'en:breads', 'en:crispbreads', 'en:crispbreads-wholemeal', 'en:rye-breads']",0,[],[],357.0,4.6,0.9,1.4,18.0,11.0,1.2
Pain de mie Grandes tranches Complet,3564700596975,"['en:plant-based-foods-and-beverages', 'en:plant-based-foods', 'en:cereals-and-potatoes', 'en:breads', 'en:sliced-breads', 'en:wholemeal-breads', 'en:wholemeal-sliced-breads']",7,[],"['en:e282', 'en:e300', 'en:e322', 'en:e322i', 'en:e415', 'en:e471', 'en:e472e', 'en:e482']",251.0,3.6,1.0,5.7,6.8,9.6,0.93
Pavé complet 350g,3029330068518,"['en:plant-based-foods-and-beverages', 'en:plant-based-foods', 'en:cereals-and-potatoes', 'en:breads', 'en:sliced-breads', 'en:wholemeal-breads', 'en:wholemeal-sliced-breads']",0,[],[],265.0,2.7,0.4,4.2,6.3,10.0,1.2
Pain de mie farine complète sans croute,26025094,"['en:plant-based-foods-and-beverages', 'en:plant-based-foods', 'en:cereals-and-potatoes', 'en:breads', 'en:sliced-breads', 'en:sliced-breads-without-crust']",7,[],"['en:e282', 'en:e300', 'en:e322', 'en:e322i', 'en:e415', 'en:e471', 'en:e472e']",266.0,3.4,0.5,11.0,5.6,9.1,1.2
"Quart de miche, tranché et emballé",3661455100935,"['en:plant-based-foods-and-beverages', 'en:plant-based-foods', 'en:cereals-and-potatoes', 'en:breads', 'fr:pains-de-tradition-francaise', 'en:french-bread-ball-with-yeast']",0,[],[],246.0,0.8,0.1,1.8,4.1,8.4,1.1
4 pains pita 320g,3556071235287,"['en:plant-based-foods-and-beverages', 'en:plant-based-foods', 'en:cereals-and-potatoes', 'en:breads', 'en:flatbreads', 'en:special-breads', 'en:pitas']",2,[],"['en:e282', 'en:e412']",257.0,1.9,0.2,6.6,2.9,7.5,1.3
Pain lait bio* nature x8 280g,3700679611114,"['en:plant-based-foods-and-beverages', 'en:plant-based-foods', 'en:snacks', 'en:cereals-and-potatoes', 'en:sweet-snacks', 'en:sweet-pastries-and-pies', 'en:breads', 'en:viennoiseries', 'en:milk-bread-rolls']",0,[],[],345.0,11.0,1.2,8.7,2.4,9.4,0.9
Pan Maispaniermehl,7591002000547,"['en:plant-based-foods-and-beverages', 'en:plant-based-foods', 'en:cereals-and-potatoes', 'en:cereals-and-their-products', 'en:flours', 'en:cereal-flours', 'en:breads', 'en:cornmeal']",0,[],[],350.0,1.8,0.8,2.1,5.1,7.3,0.0
Sans gluten et sans lactose,7300400481823,"['en:plant-based-foods-and-beverages', 'en:plant-based-foods', 'en:snacks', 'en:cereals-and-potatoes', 'en:salty-snacks', 'en:appetizers', 'en:cereals-and-their-products', 'en:chips-and-fries', 'en:specific-products', 'en:crisps', 'en:products-for-specific-diets', 'en:breads', 'en:products-without-gluten', 'en:gluten-free-breads', 'en:crispbreads']",2,[],"['en:e464', 'en:e471']",398.0,8.0,1.0,2.0,7.0,5.0,1.1
Tradicional,8414897100606,"['en:plant-based-foods-and-beverages', 'en:plant-based-foods', 'en:cereals-and-potatoes', 'en:breads']",3,[],"['en:e200', 'en:e282', 'en:e300']",252.0,2.0,0.4,3.0,3.7,9.5,1.18
Tortillas de trigo,4056489121350,"['en:plant-based-foods-and-beverages', 'en:plant-based-foods', 'en:cereals-and-potatoes', 'en:breads', 'en:flatbreads', 'en:white-breads', 'en:wheat-breads', 'en:wheat-flatbreads']",9,[],"['en:e202', 'en:e281', 'en:e296', 'en:e412', 'en:e422', 'en:e466', 'en:e471', 'en:e500', 'en:e920']",318.0,7.5,1.25,1.5,2.75,8.0,1.08
Ciabatta,8008698010259,"['en:plant-based-foods-and-beverages', 'en:plant-based-foods', 'en:cereals-and-potatoes', 'en:cereals-and-their-products', 'en:specific-products', 'en:products-for-specific-diets', 'en:breads', 'en:ciabatta', 'en:alimentos-de-origen-vegetal', 'en:alimentos-y-bebidas-de-origen-vegetal', 'en:cereales-y-patatas', 'en:panes', 'en:productos-sin-gluten', 'pl:ciabatta-mit-sauerteig']",3,[],"['en:e330', 'en:e334', 'en:e460']",230.0,3.3,0.6,3.9,6.8,4.6,1.2
Grissini Sesamo,20669416,"['en:plant-based-foods-and-beverages', 'en:plant-based-foods', 'en:cereals-and-potatoes', 'en:breads', 'en:breadsticks']",0,[],[],425.0,11.5,4.3,2.0,0.0,12.0,1.75
Large tortillas,8410076470300,"['en:plant-based-foods-and-beverages', 'en:plant-based-foods', 'en:cereals-and-potatoes', 'en:breads', 'en:flatbreads', 'en:white-breads', 'en:wheat-breads', 'en:wheat-flatbreads']",4,[],"['en:e422', 'en:e450', 'en:e471', 'en:e500', 'en:e500ii']",299.0,5.2,1.2,2.1,1.6,9.1,1.0
,00168069,"['en:plant-based-foods-and-beverages', 'en:plant-based-foods', 'en:cereals-and-potatoes', 'en:crepes-and-galettes', 'en:breads', 'fr:crumpets']",2,[],"['en:e450', 'en:e500', 'en:e500ii']",207.0,1.27,0.182,3.09,6.18,6.0,1.24
Seedlip Slices x8,5060509390007,"['en:plant-based-foods-and-beverages', 'en:plant-based-foods', 'en:cereals-and-potatoes', 'en:breads']",0,[],[],308.0,14.2,2.0,1.1,10.8,9.5,1.25
White Wraps,5051413574843,"['en:plant-based-foods-and-beverages', 'en:plant-based-foods', 'en:cereals-and-potatoes', 'en:sandwiches', 'en:breads', 'en:wraps', 'en:white-breads', 'en:wheat-breads', 'en:white-wrap']",7,[],"['en:e282', 'en:e422', 'en:e450', 'en:e471', 'en:e500', 'en:e502', 'en:e920']",284.0,5.08,2.13,2.13,3.77,8.2,0.934
Warburtons Fruit Loaf with Cinnamon & Raisin,5010044002743,"['en:plant-based-foods-and-beverages', 'en:plant-based-foods', 'en:cereals-and-potatoes', 'en:breads']",8,[],"['en:e1400', 'en:e202', 'en:e282', 'en:e300', 'en:e412', 'en:e466', 'en:e471', 'en:e481']",265.0,2.79,0.838,19.8,2.79,6.7,0.768
Mini biscote 100% integral,8480000222138,"['en:plant-based-foods-and-beverages', 'en:plant-based-foods', 'en:cereals-and-potatoes', 'en:cereals-and-their-products', 'en:breads', 'en:wholemeal-breads']",0,[],[],405.0,10.0,1.2,2.7,10.0,13.0,1.0
Croutons de pains croustillants,3185200001327,"['en:plant-based-foods-and-beverages', 'en:plant-based-foods', 'en:cereals-and-potatoes', 'en:frozen-foods', 'en:breads', 'en:croutons', 'en:plain-croutons']",0,[],[],428.0,11.3,1.1,1.9,4.8,11.3,1.8
Thin Italian Breadsticks,5060198643286,"['en:plant-based-foods-and-beverages', 'en:plant-based-foods', 'en:cereals-and-potatoes', 'en:breads', 'en:breadsticks']",0,[],[],397.0,5.6,0.9,1.9,3.5,11.0,1.9
Sourdough crumpets,5057753927646,"['en:plant-based-foods-and-beverages', 'en:plant-based-foods', 'en:cereals-and-potatoes', 'en:breads', 'en:crumpets-with-sourdough']",4,[],"['en:e202', 'en:e282', 'en:e450', 'en:e450i', 'en:e500', 'en:e500ii']",186.0,0.6,0.1,2.2,2.5,5.7,1.2
2 Handcrafted Half Ciabattas,01145915,"['en:plant-based-foods-and-beverages', 'en:plant-based-foods', 'en:cereals-and-potatoes', 'en:cereals-and-their-products', 'en:breads']",0,[],[],267.0,5.0,1.0,4.4,3.5,8.2,0.7875
High protein bagel thins,4061462501135,"['en:plant-based-foods-and-beverages', 'en:plant-based-foods', 'en:cereals-and-potatoes', 'en:breads', 'en:special-breads', 'en:bagel-breads']",2,[],"['en:e282', 'en:e300']",324.0,4.75,0.625,7.0,11.0,19.0,0.85
4 Muffins Nature,3245412694455,"['en:plant-based-foods-and-beverages', 'en:plant-based-foods', 'en:snacks', 'en:cereals-and-potatoes', 'en:sweet-snacks', 'en:biscuits-and-cakes', 'en:breads', 'en:pastries', 'en:special-breads', 'en:english-muffins']",2,[],"['en:e200', 'en:e282']",228.0,1.2,0.2,2.9,2.4,10.0,0.68
Delicate Rounds SESAME & SEA SALT,7300400111119,"['en:plant-based-foods-and-beverages', 'en:plant-based-foods', 'en:snacks', 'en:cereals-and-potatoes', 'en:salty-snacks', 'en:appetizers', 'en:cereals-and-their-products', 'en:breads', 'en:toasts', 'en:crispbreads']",0,[],[],407.0,10.0,1.2,3.5,6.0,12.0,1.28
Pains au lait x10 - 350g,3256224801092,"['en:plant-based-foods-and-beverages', 'en:plant-based-foods', 'en:snacks', 'en:breakfasts', 'en:cereals-and-potatoes', 'en:sweet-snacks', 'en:sweet-pastries-and-pies', 'en:breads', 'en:viennoiseries', 'en:milk-bread-rolls', 'fr:pains-au-lait-aux-oeufs-frais']",5,[],"['en:e160', 'en:e300', 'en:e417', 'en:e471', 'en:e481']",355.0,12.0,3.8,12.0,2.2,7.6,1.2
Burger pavot sarrasin,3228857000364,"['en:plant-based-foods-and-beverages', 'en:plant-based-foods', 'en:cereals-and-potatoes', 'en:breads', 'en:special-breads', 'en:hamburger-buns']",3,[],"['en:e282', 'en:e300', 'en:e471']",262.0,3.4,0.6,4.8,4.1,9.5,1.1
Harry Brot Vital + Fit,4071800001012,"['en:plant-based-foods-and-beverages', 'en:plant-based-foods', 'en:cereals-and-potatoes', 'en:breads', 'en:sliced-breads']",1,[],['en:e262'],241.0,4.9,0.8,2.3,6.9,7.7,1.0
4 pains bruschetta 400g,3760049795509,"['en:plant-based-foods-and-beverages', 'en:plant-based-foods', 'en:cereals-and-potatoes', 'en:breads', 'en:special-breads', 'fr:bruschetta']",0,[],[],258.0,2.8,0.5,2.5,3.0,7.7,1.3
Pan de molde Natural,8412600013854,"['en:plant-based-foods-and-beverages', 'en:plant-based-foods', 'en:cereals-and-potatoes', 'en:breads', 'en:sliced-breads']",0,[],[],235.0,2.2,0.4,4.4,,9.7,0.98
Toasts Ronds Nature,3029330011040,"['en:plant-based-foods-and-beverages', 'en:plant-based-foods', 'en:cereals-and-potatoes', 'en:breads', 'en:sliced-breads', 'en:toasts']",5,[],"['en:e282', 'en:e300', 'en:e417', 'en:e471', 'en:e481']",297.0,6.3,0.6,9.0,3.4,7.3,1.1
Körner Balance Sandwich,4071800038810,"['en:plant-based-foods-and-beverages', 'en:plant-based-foods', 'en:cereals-and-potatoes', 'en:breads', 'en:toasts']",1,[],['en:e262'],258.0,6.05,0.53,3.42,6.05,8.68,0.3725
Wraps de blé souples x6 370g,3256220666510,"['en:plant-based-foods-and-beverages', 'en:plant-based-foods', 'en:cereals-and-potatoes', 'en:sandwiches', 'en:breads', 'en:flatbreads', 'en:wraps', 'en:white-breads']",6,[],"['en:e282', 'en:e296', 'en:e422', 'en:e471', 'en:e500', 'en:e500ii', 'en:e920']",326.0,7.3,0.9,3.2,2.3,9.4,0.9
Mini tostadas de trigo extra finas,5601560111905,"['en:plant-based-foods-and-beverages', 'en:plant-based-foods', 'en:cereals-and-potatoes', 'en:breads', 'en:toasts', 'en:crispbreads']",3,[],"['en:e300', 'en:e322', 'en:e322i', 'en:e481']",384.0,2.4,1.3,3.2,3.9,11.8,2.1
Tortillas souples de maïs 8 paquets - 320g,3256220666459,"['en:plant-based-foods-and-beverages', 'en:plant-based-foods', 'en:cereals-and-potatoes', 'en:breads', 'en:flatbreads', 'en:corn-flatbreads', 'fr:tortillas', 'fr:wrap-mais']",6,[],"['en:e202', 'en:e296', 'en:e422', 'en:e471', 'en:e500', 'en:e920']",321.0,6.3,0.9,4.7,1.9,11.0,0.9
American Style Sandwich Vollkorn,4056489124191,"['en:plant-based-foods-and-beverages', 'en:plant-based-foods', 'en:cereals-and-potatoes', 'en:breads', 'en:sliced-breads', 'en:wholemeal-breads', 'en:wholemeal-sliced-breads']",1,[],['en:e262'],256.0,4.6,0.501,4.0,6.5,8.5,1.0
Mehrkorn Wraps,4061458045797,"['en:plant-based-foods-and-beverages', 'en:plant-based-foods', 'en:cereals-and-potatoes', 'en:cereals-and-their-products', 'en:breads', 'en:flatbreads']",6,[],"['en:e282', 'en:e330', 'en:e415', 'en:e422', 'en:e471', 'en:e500', 'en:e500ii']",311.0,7.26,1.29,1.45,5.32,7.74,0.98
Elephant Salt,5949040201044,"['en:plant-based-foods-and-beverages', 'en:plant-based-foods', 'en:snacks', 'en:cereals-and-potatoes', 'en:salty-snacks', 'en:appetizers', 'en:biscuits-and-crackers', 'en:breads', 'en:crackers-appetizers', 'en:special-breads', 'en:pretzel']",3,[],"['en:e322', 'en:e392', 'en:e500', 'en:e500ii']",416.0,9.2,0.8,6.6,,9.0,2.8
Grandes tranches Nature,3560071442033,"['en:plant-based-foods-and-beverages', 'en:plant-based-foods', 'en:cereals-and-potatoes', 'en:breads', 'en:sliced-breads']",0,[],[],285.0,5.0,0.4,5.8,2.1,8.0,1.2
Pan proteinK,8427207003054,"['en:plant-based-foods-and-beverages', 'en:plant-based-foods', 'en:cereals-and-potatoes', 'en:breads']",1,[],['en:e200'],285.0,16.8,2.2,2.4,11.8,21.4,1.28
Sweet Potato Wraps 6 x (252g),5391521690494,"['en:plant-based-foods-and-beverages', 'en:plant-based-foods', 'en:cereals-and-potatoes', 'en:specific-products', 'en:products-for-specific-diets', 'en:breads', 'en:products-without-gluten', 'en:gluten-free-breads']",9,[],"['en:e296', 'en:e300', 'en:e330', 'en:e334', 'en:e341', 'en:e412', 'en:e415', 'en:e460', 'en:e500', 'en:e500ii']",205.0,3.0,0.4,8.6,20.0,2.9,1.3
POWERSEED ORGANIC BREAD,0013764027282,"['en:plant-based-foods-and-beverages', 'en:plant-based-foods', 'en:cereals-and-potatoes', 'en:breads', 'en:white-breads', 'en:wheat-breads']",0,[],[],446.0,9.92,0.0,4.96,19.8,24.8,1.61
Galette de wraps fins,8410076475565,"['en:plant-based-foods-and-beverages', 'en:plant-based-foods', 'en:cereals-and-potatoes', 'en:breads', 'en:flatbreads', 'en:white-breads', 'en:wheat-breads', 'en:wheat-flatbreads']",3,[],"['en:e422', 'en:e471', 'en:e500', 'en:e500ii']",300.0,5.31,0.938,2.5,1.25,8.44,3.04
Brioche buns,5027952015727,"['en:plant-based-foods-and-beverages', 'en:plant-based-foods', 'en:snacks', 'en:cereals-and-potatoes', 'en:sweet-snacks', 'en:sweet-pastries-and-pies', 'en:breads', 'en:viennoiseries', 'en:brioches', 'en:special-breads', 'en:hamburger-buns', 'en:brioche-bun']",2,[],"['en:e160a', 'en:e160ai', 'en:e471']",312.0,7.8,2.5,9.3,1.8,9.6,1.2775
Wraps blé complet,3560071253080,"['en:plant-based-foods-and-beverages', 'en:plant-based-foods', 'en:cereals-and-potatoes', 'en:crepes-and-galettes', 'en:breads', 'en:crepes', 'en:flatbreads', 'en:special-breads', 'en:white-breads', 'en:wheat-breads', 'en:wheat-flatbreads', 'fr:crepes-de-froment']",6,[],"['en:e282', 'en:e296', 'en:e422', 'en:e471', 'en:e500', 'en:e920']",304.0,7.4,1.0,3.7,6.5,7.7,0.88
Waitrose seeded tortilla wraps,5000169217887,"['en:plant-based-foods-and-beverages', 'en:plant-based-foods', 'en:cereals-and-potatoes', 'en:breads', 'en:bakery-products', 'en:flatbreads', 'en:white-breads', 'en:wheat-breads', 'en:wheat-flatbreads']",5,[],"['en:e282', 'en:e330', 'en:e422', 'en:e471', 'en:e500', 'en:e500ii']",283.0,5.3,2.2,2.4,7.0,9.3,0.59
Wholemeal Tortilla Wraps,5012121004503,"['en:plant-based-foods-and-beverages', 'en:plant-based-foods', 'en:cereals-and-potatoes', 'en:sandwiches', 'en:breads', 'en:flatbreads', 'en:wraps', 'en:white-breads', 'en:vegetarian-wraps', 'en:wheat-breads', 'en:wheat-flatbreads']",6,[],"['en:e282', 'en:e330', 'en:e422', 'en:e450', 'en:e450i', 'en:e471', 'en:e500', 'en:e500ii']",283.0,6.4,2.8,2.3,7.3,9.2,0.98
Mini Plain Tortilla Wraps,4056489851714,"['en:plant-based-foods-and-beverages', 'en:plant-based-foods', 'en:cereals-and-potatoes', 'en:breads', 'en:flatbreads', 'en:white-breads', 'en:wheat-breads', 'en:wheat-flatbreads']",8,[],"['en:e202', 'en:e282', 'en:e330', 'en:e422', 'en:e450', 'en:e471', 'en:e500', 'en:e920']",290.0,4.0,1.8,2.3,3.0,8.3,0.00077
Brown Sourdough Bloomer,5000129340129,"['en:plant-based-foods-and-beverages', 'en:plant-based-foods', 'en:cereals-and-potatoes', 'en:breads']",0,[],[],241.0,1.3,0.3,2.4,3.2,8.2,2.1
Olive & Rosemary Sourdough,5063089316764,"['en:plant-based-foods-and-beverages', 'en:plant-based-foods', 'en:cereals-and-potatoes', 'en:breads', 'en:sourdough-bread']",2,[],"['en:e270', 'en:e300']",241.0,4.1,0.6,3.3,5.8,7.2,1.0825
Pan de molde,8412600019696,"['en:plant-based-foods-and-beverages', 'en:plant-based-foods', 'en:cereals-and-potatoes', 'en:breads', 'en:sliced-breads']",6,[],"['en:e200', 'en:e282', 'en:e300', 'en:e341', 'en:e471', 'en:e472e']",295.0,6.1,1.2,6.3,3.1,10.0,1.1
Biscottes au germe de blé,26097114,"['en:plant-based-foods-and-beverages', 'en:plant-based-foods', 'en:cereals-and-potatoes', 'en:breads', 'en:rusks']",1,[],['en:e300'],396.0,5.2,0.6,4.8,4.5,11.0,1.3
Le pain grillier,7622210191830,"['en:plant-based-foods-and-beverages', 'en:plant-based-foods', 'en:cereals-and-potatoes', 'en:breads', 'en:toasts']",6,[],"['en:e160a', 'en:e160ai', 'en:e202', 'en:e300', 'en:e330', 'en:e471', 'en:e481']",418.0,9.5,4.1,9.3,3.8,12.0,1.17
Chia &avoine,4033634062201,"['en:plant-based-foods-and-beverages', 'en:plant-based-foods', 'en:cereals-and-potatoes', 'en:seeds', 'en:cereals-and-their-products', 'en:cereal-grains', 'en:breads', 'en:chia', 'en:crispbreads']",0,[],[],447.0,19.0,2.6,2.1,12.0,14.0,1.8
Tartines au seigle et graines de sésame,3560071014186,"['en:plant-based-foods-and-beverages', 'en:plant-based-foods', 'en:cereals-and-potatoes', 'en:frozen-foods', 'en:cereals-and-their-products', 'en:breads', 'en:toasts', 'en:crispbreads', 'en:crispbreads-wholemeal', 'fr:tartines']",0,[],[],372.0,6.2,1.0,1.6,14.0,11.0,1.3
Pain grillé à la farine complète,3268350120091,"['en:plant-based-foods-and-beverages', 'en:plant-based-foods', 'en:cereals-and-potatoes', 'en:breads', 'en:toasts']",1,[],['en:e300'],386.0,4.5,0.6,4.4,7.5,11.0,1.4
BISCOTTES Nature,3560070825219,"['en:plant-based-foods-and-beverages', 'en:plant-based-foods', 'en:cereals-and-potatoes', 'en:breads', 'en:rusks', 'en:common-wheat-rusks']",1,[],['en:e300'],391.0,5.6,0.6,5.6,4.5,11.0,1.2
Pain de mie moulé ferme nature,3564700019344,"['en:plant-based-foods-and-beverages', 'en:plant-based-foods', 'en:cereals-and-potatoes', 'en:cereals-and-their-products', 'en:breads', 'en:sliced-breads']",4,[],"['en:e282', 'en:e300', 'en:e471', 'en:e481']",275.0,3.8,0.7,6.4,2.8,8.2,1.3
,4056489034407,"['en:plant-based-foods-and-beverages', 'en:plant-based-foods', 'en:breakfasts', 'en:cereals-and-potatoes', 'en:cereals-and-their-products', 'en:breads', 'en:baguettes', 'en:non-upf-food']",0,[],[],150.0,15.0,1.1,1.5,2.5,0.9,1.1
Saveur du Mexique - 6 wrapes de blé nature,3250391892181,"['en:plant-based-foods-and-beverages', 'en:plant-based-foods', 'en:cereals-and-potatoes', 'en:breads', 'en:flatbreads', 'en:white-breads', 'en:wheat-breads', 'en:wheat-flatbreads']",5,[],"['en:e282', 'en:e296', 'en:e422', 'en:e500', 'en:e920']",327.0,8.4,1.0,2.4,2.7,9.6,0.9825
Biscottes goût brioché x 36,3564700676844,"['en:plant-based-foods-and-beverages', 'en:plant-based-foods', 'en:cereals-and-potatoes', 'en:breads', 'en:rusks']",1,[],['en:e300'],430.0,9.1,1.0,10.6,3.5,10.0,1.3
Durums,3276650115617,"['en:plant-based-foods-and-beverages', 'en:plant-based-foods', 'en:cereals-and-potatoes', 'en:cereals-and-their-products', 'en:breads', 'en:flatbreads', 'en:white-breads', 'en:wheat-breads', 'en:wheat-flatbreads', 'fr:tortillas']",9,[],"['en:e202', 'en:e282', 'en:e296', 'en:e412', 'en:e422', 'en:e450', 'en:e450i', 'en:e471', 'en:e473', 'en:e500', 'en:e500ii']",297.0,6.5,2.9,2.6,5.0,7.8,1.5
Pan crujiente de centeno con semillas de sésamo,24024075,"['en:plant-based-foods-and-beverages', 'en:plant-based-foods', 'en:cereals-and-potatoes', 'en:breads', 'es:panaderia']",0,[],[],338.0,1.7,0.3,2.0,16.0,9.6,1.25
Pain croquant multi-céréales,1201189420002,"['en:plant-based-foods-and-beverages', 'en:plant-based-foods', 'en:cereals-and-potatoes', 'en:frozen-foods', 'en:breads', 'en:crispbreads', 'en:crispbreads-wholemeal']",1,[],['en:e471'],360.0,6.5,1.5,2.3,15.384615384615,11.0,1.4
Balance Brot,4056489123972,"['en:plant-based-foods-and-beverages', 'en:plant-based-foods', 'en:cereals-and-potatoes', 'en:breads', 'en:sliced-breads', 'en:pflanzliche-lebensmittel-und-getranke']",1,[],['en:e262'],256.0,5.5,0.5,3.0,6.4,8.3,1.0
Vollkorntoast,4061458045759,"['en:plant-based-foods-and-beverages', 'en:plant-based-foods', 'en:cereals-and-potatoes', 'en:breads', 'en:sliced-breads', 'en:toasts', 'en:wholemeal-breads', 'en:wholemeal-sliced-breads']",1,[],['en:e262'],268.0,5.3,0.5,4.3,6.5,8.8,1.1
Finn Crisp - Rustikal,6437005078866,"['en:plant-based-foods-and-beverages', 'en:plant-based-foods', 'en:cereals-and-potatoes', 'en:cereals-and-their-products', 'en:breads', 'en:crispbreads']",0,[],[],350.0,2.6,0.5,1.6,20.0,10.0,1.4
Tartines croustillantes sésame 250g,3256228437259,"['en:plant-based-foods-and-beverages', 'en:plant-based-foods', 'en:cereals-and-potatoes', 'en:frozen-foods', 'en:cereals-and-their-products', 'en:breads', 'en:rye-breads', 'en:crispbreads', 'en:crispbreads-wholemeal']",0,[],[],357.0,4.6,0.9,1.4,18.0,11.0,1.2
Eiweißreiches Weizenvollkornbrot,4056489206026,"['en:plant-based-foods-and-beverages', 'en:plant-based-foods', 'en:cereals-and-potatoes', 'en:breads', 'en:sliced-breads']",2,[],"['en:e262', 'en:e270']",257.0,12.0,1.71,2.0,7.71,23.1,1.31
Sans gluten sans lactose graines,06164033,"['en:plant-based-foods-and-beverages', 'en:plant-based-foods', 'en:cereals-and-potatoes', 'en:specific-products', 'en:products-for-specific-diets', 'en:breads', 'en:products-without-gluten', 'en:gluten-free-breads', 'en:sliced-breads', 'en:gluten-free-sliced-breads']",6,[],"['en:e14xx', 'en:e282', 'en:e412', 'en:e415', 'en:e464', 'en:e481']",267.0,8.3,1.8,6.8,5.7,5.3,0.91
Wholemeal Mediun Sliced,5054781496717,"['en:plant-based-foods-and-beverages', 'en:plant-based-foods', 'en:cereals-and-potatoes', 'en:breads', 'en:sliced-breads']",3,[],"['en:e282', 'en:e300', 'en:e472e']",234.0,2.9,0.6,3.0,6.6,12.0,0.88
Artisan Tiger Gluten Free,5010044007830,"['en:plant-based-foods-and-beverages', 'en:plant-based-foods', 'en:cereals-and-potatoes', 'en:specific-products', 'en:products-for-specific-diets', 'en:breads', 'en:products-without-gluten', 'en:gluten-free-breads']",3,[],"['en:e282', 'en:e422', 'en:e464']",241.0,5.9,0.5,2.0,5.5,4.0,0.74
Croutons de pain croustillant,3185200001372,"['en:plant-based-foods-and-beverages', 'en:plant-based-foods', 'en:cereals-and-potatoes', 'en:breads', 'en:croutons']",0,[],[],447.0,16.0,1.5,3.9,4.5,11.0,1.77
21 Whole Grains And Seeds,0013764027756,"['en:plant-based-foods-and-beverages', 'en:plant-based-foods', 'en:cereals-and-potatoes', 'en:cereals-and-their-products', 'en:breads', 'en:sliced-breads', 'en:multigrain-sliced-breads']",0,[],[],244.0,3.33,0.0,8.89,8.89,13.3,0.944
Baguette,5059512743702,"['en:plant-based-foods-and-beverages', 'en:plant-based-foods', 'en:cereals-and-potatoes', 'en:breads', 'en:baguettes']",1,[],['en:e300'],259.0,0.96,0.32,3.52,3.04,9.12,1.28
Wholemeal baps,03012369,"['en:plant-based-foods-and-beverages', 'en:plant-based-foods', 'en:cereals-and-potatoes', 'en:breads', 'en:wholemeal-bread-rolls']",3,[],"['en:e300', 'en:e472e', 'en:e920']",242.0,3.6,1.4,3.8,5.6,10.3,0.8
Taste the Difference Brioche Burger Bun,00495493,"['en:plant-based-foods-and-beverages', 'en:plant-based-foods', 'en:snacks', 'en:cereals-and-potatoes', 'en:sweet-snacks', 'en:sweet-pastries-and-pies', 'en:breads', 'en:viennoiseries', 'en:brioches', 'en:special-breads', 'en:hamburger-buns', 'en:brioche-burger-buns']",2,[],"['en:e160a', 'en:e300']",287.0,6.8,2.9,11.0,3.3,9.2,0.61
Mini whole wheat wraps,8437011503343,"['en:plant-based-foods-and-beverages', 'en:plant-based-foods', 'en:cereals-and-potatoes', 'en:sandwiches', 'en:breads', 'en:flatbreads', 'en:wraps', 'en:white-breads', 'en:wheat-breads', 'en:wheat-flatbreads']",0,[],[],308.0,7.6,3.6,1.6,4.8,7.6,1.6
Sainsburys Lightly Seeded Bread thick sliced 800g,00490160,"['en:plant-based-foods-and-beverages', 'en:plant-based-foods', 'en:cereals-and-potatoes', 'en:breads', 'en:sliced-breads']",2,[],"['en:e282', 'en:e300']",230.0,4.2,0.6,2.8,3.2,8.6,0.8
Wildfarmed White Rolls,5065009224319,"['en:plant-based-foods-and-beverages', 'en:plant-based-foods', 'en:cereals-and-potatoes', 'en:breads', 'en:white-roll']",1,[],['en:e300'],238.0,1.9,0.2,9.1,3.5,8.8,0.6
pain spécial de campagne,3248280001837,"['en:plant-based-foods-and-beverages', 'en:plant-based-foods', 'en:cereals-and-potatoes', 'en:breads', 'en:pains-de-campagne']",3,[],"['en:e262', 'en:e262i', 'en:e300', 'en:e471']",241.0,2.7,0.3,2.9,3.3,7.5,1.3
Petits pains grillés au blé complet - 225g,3256220110259,"['en:plant-based-foods-and-beverages', 'en:plant-based-foods', 'en:cereals-and-potatoes', 'en:cereals-and-their-products', 'en:breads', 'en:toasts', 'en:toasted-bread-rolls', 'fr:ble-complet-45']",1,[],['en:e300'],408.0,10.0,0.9,4.2,6.9,10.0,1.0
Pan integral Silueta 8 cereales,8412600300121,"['en:plant-based-foods-and-beverages', 'en:plant-based-foods', 'en:cereals-and-potatoes', 'en:breads', 'en:sliced-breads', 'en:wholemeal-breads', 'en:wholemeal-sliced-breads']",7,[],"['en:e200', 'en:e202', 'en:e282', 'en:e300', 'en:e341', 'en:e472e', 'en:e481']",246.0,3.4,0.6,4.8,6.9,12.0,0.945
HOT DOG x4,3029330003847,"['en:plant-based-foods-and-beverages', 'en:plant-based-foods', 'en:cereals-and-potatoes', 'en:breads', 'en:special-breads', 'en:hot-dog-buns']",1,[],['en:e282'],282.0,4.8,0.5,7.0,3.7,8.9,1.1
Le Grand Nature Gerblé sans gluten,3175681209190,"['en:plant-based-foods-and-beverages', 'en:plant-based-foods', 'en:cereals-and-potatoes', 'en:specific-products', 'en:products-for-specific-diets', 'en:breads']",3,[],"['en:e1510', 'en:e412', 'en:e464']",236.0,3.8,0.5,2.7,7.5,4.5,0.54
Pain spécial de Campagne,3564700756218,"['en:plant-based-foods-and-beverages', 'en:plant-based-foods', 'en:cereals-and-potatoes', 'en:breads', 'en:special-breads', 'en:pains-de-campagne']",4,[],"['en:e262', 'en:e300', 'en:e412', 'en:e471']",237.0,2.7,0.3,2.6,4.3,8.1,1.0
Picos,8480000822796,"['en:plant-based-foods-and-beverages', 'en:plant-based-foods', 'en:cereals-and-potatoes', 'en:breads', 'en:special-breads', 'en:breadsticks', 'es:picos-de-pan']",0,[],[],416.0,6.2,0.7,2.6,2.2,11.2,2.0
Pain spécial à la farine complète,3276550320494,"['en:plant-based-foods-and-beverages', 'en:plant-based-foods', 'en:cereals-and-potatoes', 'en:breads', 'en:wholemeal-breads']",3,[],"['en:e300', 'en:e471', 'en:e472']",244.0,1.4,0.7,0.5,6.7,11.0,1.3
Wasa delicate crisp rosemary 190g we,7300400482622,"['en:plant-based-foods-and-beverages', 'en:plant-based-foods', 'en:snacks', 'en:cereals-and-potatoes', 'en:salty-snacks', 'en:appetizers', 'en:cereals-and-their-products', 'en:chips-and-fries', 'en:crisps', 'en:breads', 'en:crispbreads', 'en:crispbreads-wholemeal']",1,[],['en:e392'],396.0,8.0,0.7,3.0,10.0,11.0,2.5
6 pains burger classic,4056489510659,"['en:plant-based-foods-and-beverages', 'en:plant-based-foods', 'en:cereals-and-potatoes', 'en:cereals-and-their-products', 'en:breads', 'en:special-breads', 'en:hamburger-buns']",5,[],"['en:e200', 'en:e202', 'en:e262', 'en:e282', 'en:e412']",284.0,5.09,0.909,6.36,3.27,9.64,0.768
Das Pure - Bio-Haferbrot mit 29% Ölsaaten,4061461077563,"['en:plant-based-foods-and-beverages', 'en:plant-based-foods', 'en:cereals-and-potatoes', 'en:breads', 'en:special-breads', 'en:wholemeal-breads']",0,[],[],296.0,18.1,2.5,0.7,8.1,10.9,1.03
4 pains burger géant nature,4056489510642,"['en:plant-based-foods-and-beverages', 'en:plant-based-foods', 'en:cereals-and-potatoes', 'en:cereals-and-their-products', 'en:frozen-foods', 'en:breads', 'en:special-breads', 'en:hamburger-buns']",6,[],"['en:e200', 'en:e202', 'en:e262', 'en:e282', 'en:e412', 'en:e471']",278.0,5.0,0.9,4.9,3.2,9.7,1.1
Vogel's Glorious Original Mixed Grain,5011986001290,"['en:plant-based-foods-and-beverages', 'en:plant-based-foods', 'en:cereals-and-potatoes', 'en:breads']",1,[],['en:e300'],214.0,0.9,0.2,4.4,,8.4,0.69
Farmhouse Seeded Loaf,5000128752558,"['en:plant-based-foods-and-beverages', 'en:plant-based-foods', 'en:cereals-and-potatoes', 'en:breads', 'en:sliced-breads']",2,[],"['en:e282', 'en:e300']",266.0,7.0,0.9,2.5,6.2,11.0,0.7
Golden Breadcrumbs,5053947494468,"['en:plant-based-foods-and-beverages', 'en:plant-based-foods', 'en:cereals-and-potatoes', 'en:breads', 'en:bread-crumbs']",1,[],['en:e160c'],365.0,1.8,0.4,4.4,4.0,10.7,0.8
Multi seed and cereal bagel slims,5099077002265,"['en:plant-based-foods-and-beverages', 'en:plant-based-foods', 'en:cereals-and-potatoes', 'en:breads', 'en:special-breads', 'en:bagel-breads']",3,[],"['en:e200', 'en:e282', 'en:e300']",272.0,5.0,0.833,6.04,7.08,11.0,1.23
Piadina Wheat Flatbreads,5060198642562,"['en:plant-based-foods-and-beverages', 'en:plant-based-foods', 'en:cereals-and-potatoes', 'en:breads', 'en:flatbreads', 'en:white-breads', 'en:wheat-breads', 'en:wheat-flatbreads']",0,[],[],299.0,7.9,1.2,2.4,2.0,8.9,1.5
Maxi complet,3560071478865,"['en:plant-based-foods-and-beverages', 'en:plant-based-foods', 'en:cereals-and-potatoes', 'en:frozen-foods', 'en:breads', 'en:sliced-breads', 'en:wholemeal-breads', 'en:wholemeal-sliced-breads']",1,[],['en:e282'],253.0,4.0,0.4,3.3,5.7,9.4,1.1
golden breadcrumbs,5019989101818,"['en:plant-based-foods-and-beverages', 'en:plant-based-foods', 'en:cereals-and-potatoes', 'en:breads', 'en:cooking-helpers', 'en:bread-crumbs']",2,[],"['en:e100', 'en:e160c']",360.0,1.9,0.3,6.0,3.7,11.6,1.47
6 Thins Soft White Sliced,5010044004037,"['en:plant-based-foods-and-beverages', 'en:plant-based-foods', 'en:cereals-and-potatoes', 'en:breads', 'en:white-breads', 'en:wheat-breads', 'en:soft-brod']",7,[],"['en:e282', 'en:e300', 'en:e415', 'en:e466', 'en:e471', 'en:e481', 'en:e920']",250.0,2.75,2.0,4.0,2.5,9.0,0.956
Mexican Street Tacos,5060321390438,"['en:plant-based-foods-and-beverages', 'en:plant-based-foods', 'en:cereals-and-potatoes', 'en:breads', 'en:flatbreads', 'en:white-breads', 'en:wheat-breads', 'en:wheat-flatbreads']",7,[],"['en:e282', 'en:e296', 'en:e422', 'en:e450', 'en:e466', 'en:e471', 'en:e500']",307.0,6.5,0.8,2.1,,8.5,0.8
M&S sourdough baguette,29210084,"['en:plant-based-foods-and-beverages', 'en:plant-based-foods', 'en:cereals-and-potatoes', 'en:cereals-and-their-products', 'en:sandwiches', 'en:breads', 'en:sandwiches-filled-with-cold-cuts', 'en:baguettes', 'en:french-bread-sandwiches', 'en:white-breads', 'en:blt-sandwich', 'en:wheat-breads']",0,[],[],273.0,0.8,0.2,2.3,2.6,11.6,1.325
6 Sourdough Crumpets,4088600456461,"['en:plant-based-foods-and-beverages', 'en:plant-based-foods', 'en:cereals-and-potatoes', 'en:breads', 'en:crumpets']",3,[],"['en:e202', 'en:e450', 'en:e501', 'en:e501i']",180.0,0.5,0.1,0.8,2.3,5.2,1.01
Bagel thins,4056489240099,"['en:plant-based-foods-and-beverages', 'en:plant-based-foods', 'en:cereals-and-potatoes', 'en:breads', 'en:special-breads', 'en:bagel-breads']",2,[],"['en:e282', 'en:e300']",280.0,1.56,0.222,5.78,3.11,10.9,0.611
,00556293,"['en:plant-based-foods-and-beverages', 'en:plant-based-foods', 'en:cereals-and-potatoes', 'en:breads']",1,[],['en:e300'],240.0,0.9,0.1,3.9,3.9,10.2,0.85
Panko Breadcrumbs,00453875,"['en:plant-based-foods-and-beverages', 'en:plant-based-foods', 'en:cereals-and-potatoes', 'en:breads', 'en:bread-crumbs']",0,[],[],376.0,1.5,0.2,2.5,6.0,10.9,0.72
Pain protéine,3175681296664,"['en:plant-based-foods-and-beverages', 'en:plant-based-foods', 'en:cereals-and-potatoes', 'en:frozen-foods', 'en:breads', 'en:rye-and-wheat-breads']",0,[],[],256.0,12.0,1.6,2.9,10.0,21.0,1.3
Mission wraps,8437000906803,"['en:plant-based-foods-and-beverages', 'en:plant-based-foods', 'en:cereals-and-potatoes', 'en:breads', 'en:flatbreads', 'en:white-breads', 'en:wheat-breads', 'en:wheat-flatbreads']",10,[],"['en:e202', 'en:e281', 'en:e296', 'en:e412', 'en:e422', 'en:e450', 'en:e466', 'en:e471', 'en:e500', 'en:e920']",311.0,7.3,3.5,2.2,2.8,7.8,2.7
Pain de mie nature Bio village 15 tranches,3564707087483,"['en:plant-based-foods-and-beverages', 'en:plant-based-foods', 'en:cereals-and-potatoes', 'en:breads', 'en:sliced-breads']",0,[],[],286.0,5.1,0.5,5.6,2.7,8.2,1.3
Grissini Sésame et Huile d'olive 7%,3560070718788,"['en:plant-based-foods-and-beverages', 'en:plant-based-foods', 'en:snacks', 'en:cereals-and-potatoes', 'en:salty-snacks', 'en:appetizers', 'en:biscuits-and-crackers', 'en:breads', 'en:crackers-appetizers', 'en:breadsticks', 'en:salty-sesame-snacks']",1,[],['en:e300'],491.0,22.0,3.8,3.0,4.7,16.0,1.3
Vollkorn-Toast,4009249019923,"['en:plant-based-foods-and-beverages', 'en:plant-based-foods', 'en:cereals-and-potatoes', 'en:cereals-and-their-products', 'en:breads', 'en:sliced-breads', 'en:toasts', 'en:wholemeal-breads', 'en:wholemeal-sliced-breads']",1,[],['en:e262'],268.0,5.3,0.5,4.3,6.5,8.8,1.1
FLUTES SESAME 125G - KAMBLY - 125g,7610216184000,"['en:plant-based-foods-and-beverages', 'en:plant-based-foods', 'en:snacks', 'en:cereals-and-potatoes', 'en:salty-snacks', 'en:sweet-snacks', 'en:appetizers', 'en:biscuits-and-cakes', 'en:biscuits-and-crackers', 'en:biscuits', 'en:breads', 'en:crackers-appetizers', 'en:biscuits-cookies-shelf-stable', 'en:breadsticks', 'en:flaky-biscuits', 'en:salty-sesame-snacks', 'fr:flute-sesame']",2,[],"['en:e300', 'en:e472e']",511.0,28.0,8.0,3.0,5.5,16.0,1.3
Pain de mie complet sans croute 500g,3256221848854,"['en:plant-based-foods-and-beverages', 'en:plant-based-foods', 'en:cereals-and-potatoes', 'en:breads', 'en:sliced-breads', 'en:wholemeal-breads', 'en:wholemeal-sliced-breads']",3,[],"['en:e282', 'en:e300', 'en:e471']",239.0,3.5,0.7,7.0,5.5,8.1,1.0
Muffin Pur Beurre,3513851559421,"['en:plant-based-foods-and-beverages', 'en:plant-based-foods', 'en:snacks', 'en:cereals-and-potatoes', 'en:sweet-snacks', 'en:biscuits-and-cakes', 'en:breads', 'en:cakes', 'en:muffins', 'en:special-breads', 'en:english-muffins', 'fr:pains-a-garnir']",2,[],"['en:e200', 'en:e280']",297.0,5.3,3.1,8.4,2.2,12.0,0.9
Vollkorn Tortilla Wraps,20555313,"['en:plant-based-foods-and-beverages', 'en:plant-based-foods', 'en:cereals-and-potatoes', 'en:breads', 'en:flatbreads', 'en:white-breads', 'en:wheat-breads', 'en:wheat-flatbreads']",8,[],"['en:e282', 'en:e296', 'en:e422', 'en:e450', 'en:e466', 'en:e471', 'en:e500', 'en:e920']",289.0,6.0,1.1,2.7,6.4,9.3,0.983
Pain de mie sandwich nature 550g,3256222646961,"['en:plant-based-foods-and-beverages', 'en:plant-based-foods', 'en:cereals-and-potatoes', 'en:breads', 'en:sliced-breads']",3,[],"['en:e282', 'en:e300', 'en:e471']",274.0,4.4,0.9,6.3,3.2,7.2,1.2
Grissini Artigianali Traditionnels,3760077537201,"['en:plant-based-foods-and-beverages', 'en:plant-based-foods', 'en:cereals-and-potatoes', 'en:breads', 'en:breadsticks']",0,[],[],442.0,11.0,1.0,2.5,,11.0,2.1
Brot Eiweiß-Brot,4071800041766,"['en:plant-based-foods-and-beverages', 'en:plant-based-foods', 'en:cereals-and-potatoes', 'en:cereals-and-their-products', 'en:breads', 'en:brote', 'en:eiweissbrot', 'en:getreide-und-kartoffeln', 'en:pflanzliche-lebensmittel', 'en:pflanzliche-lebensmittel-und-getranke', 'en:spezielle-brote']",0,[],[],243.0,9.29,1.19,3.57,5.48,23.1,0.98
Knusperbrot Dunkel,8008698011294,"['en:plant-based-foods-and-beverages', 'en:plant-based-foods', 'en:snacks', 'en:cereals-and-potatoes', 'en:breads', 'en:extruded-crispbreads', 'en:crispbreads']",0,[],[],365.0,1.8,0.4,0.0,6.0,8.1,1.1
Krisprolls complets,7311070013245,"['en:plant-based-foods-and-beverages', 'en:plant-based-foods', 'en:cereals-and-potatoes', 'en:breads', 'en:toasts', 'en:toasted-bread-rolls']",0,[],[],397.0,6.2,2.1,7.0,7.7,12.0,1.6
Petit crisp,06174965,"['en:plant-based-foods-and-beverages', 'en:plant-based-foods', 'en:cereals-and-potatoes', 'en:breads']",0,[],[],431.0,12.0,7.3,6.6,,4.1,2.2
Pain noir allemand vollkornbrot 500g,3256228588197,"['en:plant-based-foods-and-beverages', 'en:plant-based-foods', 'en:breakfasts', 'en:cereals-and-potatoes', 'en:spreads', 'en:plant-based-spreads', 'en:sweet-spreads', 'en:fruit-and-vegetable-preserves', 'en:breads', 'en:rye-breads', 'en:wholemeal-breads']",0,[],[],182.0,1.2,0.1,2.5,9.0,4.2,0.93
Pain lait bio* far complet x8 280g,3700679600309,"['en:plant-based-foods-and-beverages', 'en:plant-based-foods', 'en:snacks', 'en:cereals-and-potatoes', 'en:sweet-snacks', 'en:cereals-and-their-products', 'en:sweet-pastries-and-pies', 'en:breads', 'en:viennoiseries', 'en:milk-bread-rolls', 'en:packaged-breads']",0,[],[],359.0,13.0,1.2,11.0,4.2,9.4,0.9
Mix B Bread,8008698004845,"['en:plant-based-foods-and-beverages', 'en:plant-based-foods', 'en:legumes-and-their-products', 'en:cereals-and-potatoes', 'en:cereals-and-their-products', 'en:flours', 'en:specific-products', 'en:products-for-specific-diets', 'en:breads', 'en:products-without-gluten', 'en:gluten-free-breads', 'en:legume-flours', 'en:gluten-free-flours', 'ro:faina-fara-gluten']",1,[],['en:e460'],337.0,0.6,0.3,2.6,4.1,2.6,0.73
Wholemeal seeded bloomer,5000169154137,"['en:plant-based-foods-and-beverages', 'en:plant-based-foods', 'en:cereals-and-potatoes', 'en:cereals-and-their-products', 'en:breads', 'en:white-breads', 'en:wheat-breads']",0,[],[],282.0,9.3,1.2,3.2,7.4,12.9,0.8
Pain nordique,3250393220517,"['en:plant-based-foods-and-beverages', 'en:plant-based-foods', 'en:cereals-and-potatoes', 'en:breads']",1,[],['en:e300'],294.0,8.8,1.0,1.0,9.0,12.0,1.0
Tortilla Wraps x8,8717853272967,"['en:plant-based-foods-and-beverages', 'en:plant-based-foods', 'en:cereals-and-potatoes', 'en:breads', 'en:flatbreads', 'en:white-breads', 'en:wheat-breads', 'en:wheat-flatbreads']",6,[],"['en:e202', 'en:e282', 'en:e296', 'en:e422', 'en:e471', 'en:e500']",299.0,4.9,1.0,1.5,,9.1,0.8
4 Savoureux Wraps Blé Complet,8410076475275,"['en:plant-based-foods-and-beverages', 'en:plant-based-foods', 'en:cereals-and-potatoes', 'en:breads', 'en:flatbreads', 'en:white-breads', 'en:wheat-breads', 'en:wheat-flatbreads']",4,[],"['en:e422', 'en:e450', 'en:e471', 'en:e500', 'en:e500ii']",293.0,6.0,1.1,2.3,5.5,9.1,1.05
6 Sourdough Crumpets,5000169491256,"['en:plant-based-foods-and-beverages', 'en:plant-based-foods', 'en:cereals-and-potatoes', 'en:breads']",2,[],"['en:e450', 'en:e450i', 'en:e501', 'en:e501ii']",119.0,0.625,0.125,2.38,,3.88,1.5
Sweet Onion Crunchy Rye Breads 5 x (200g),5050974503750,"['en:plant-based-foods-and-beverages', 'en:plant-based-foods', 'en:cereals-and-potatoes', 'en:breads', 'en:crispbreads']",0,[],[],360.0,1.0,0.2,5.0,13.0,9.0,0.7
Large tortilla wraps,5012121004497,"['en:plant-based-foods-and-beverages', 'en:plant-based-foods', 'en:cereals-and-potatoes', 'en:breads', 'en:flatbreads', 'en:white-breads', 'en:wheat-breads', 'en:wheat-flatbreads']",6,[],"['en:e282', 'en:e330', 'en:e422', 'en:e450', 'en:e450i', 'en:e471', 'en:e500', 'en:e500ii']",297.0,5.74,2.62,2.3,3.11,7.21,1.44
Mini Breadsticks,5052909539698,"['en:plant-based-foods-and-beverages', 'en:plant-based-foods', 'en:snacks', 'en:cereals-and-potatoes', 'en:breads', 'en:breadsticks']",0,[],[],419.0,8.9,2.4,3.0,,11.0,1.28
mornflake,5010026518262,"['en:plant-based-foods-and-beverages', 'en:plant-based-foods', 'en:breakfasts', 'en:cereals-and-potatoes', 'en:cereals-and-their-products', 'en:breakfast-cereals', 'en:bran', 'en:breads', 'en:flakes', 'en:cereal-brans', 'en:cereal-flakes', 'en:oat-brans', 'en:wholemeal-breads', 'en:porridge-oats']",0,[],[],147.0,7.5,1.25,1.0,9.1,11.5,0.01
White Baguettes,01344899,"['en:plant-based-foods-and-beverages', 'en:plant-based-foods', 'en:cereals-and-potatoes', 'en:breads', 'en:baguettes']",1,[],['en:e300'],285.0,0.9,0.3,3.6,4.0,8.4,2.96
So Malty Malt Loaf,4088600545363,"['en:plant-based-foods-and-beverages', 'en:plant-based-foods', 'en:cereals-and-potatoes', 'en:breads', 'en:fruit-malt-loaf', 'en:malt-loaf']",1,[],['en:e282'],293.0,1.0,0.3,18.0,4.1,7.1,0.35
wholemeal Seeded Slices Bread,5024285012997,"['en:plant-based-foods-and-beverages', 'en:plant-based-foods', 'en:cereals-and-potatoes', 'en:breads', 'en:sliced-breads', 'en:wholemeal-breads', 'en:wholemeal-sliced-breads']",0,[],[],260.0,8.7,1.3,3.4,10.2,24.7,0.93
Bagel Thins,4088600140056,"['en:plant-based-foods-and-beverages', 'en:plant-based-foods', 'en:cereals-and-potatoes', 'en:breads', 'en:special-breads', 'en:bagel-breads']",2,[],"['en:e282', 'en:e300']",287.0,1.56,0.222,6.22,2.44,11.1,0.62
Pain de mie grandes tranches complet,8412600019658,"['en:plant-based-foods-and-beverages', 'en:plant-based-foods', 'en:cereals-and-potatoes', 'en:frozen-foods', 'en:breads', 'en:sliced-breads', 'en:wholemeal-breads', 'en:wholemeal-sliced-breads']",10,[],"['en:e200', 'en:e202', 'en:e270', 'en:e282', 'en:e300', 'en:e341', 'en:e471', 'en:e472e', 'en:e481', 'en:e920']",258.0,5.8,1.1,3.4,7.3,11.0,1.2
Wraps,5060086841602,"['en:plant-based-foods-and-beverages', 'en:plant-based-foods', 'en:cereals-and-potatoes', 'en:sandwiches', 'en:breads', 'en:flatbreads', 'en:wraps', 'en:white-breads', 'en:wheat-breads', 'en:wheat-flatbreads']",7,[],"['en:e202', 'en:e282', 'en:e330', 'en:e422', 'en:e450', 'en:e450i', 'en:e471', 'en:e500', 'en:e500ii']",120.0,0.8,0.3,0.9,3.6,3.7,0.235
White Farmhouse Bread,4088600165707,"['en:plant-based-foods-and-beverages', 'en:plant-based-foods', 'en:cereals-and-potatoes', 'en:breads', 'en:sliced-breads', 'en:white-breads']",3,[],"['en:e282', 'en:e300', 'en:e472e']",236.0,1.3,0.4,2.7,3.8,8.4,0.6875
Wholemeal Farmhouse Loaf,00982184,"['en:plant-based-foods-and-beverages', 'en:plant-based-foods', 'en:cereals-and-potatoes', 'en:breads', 'en:sliced-breads', 'en:wholemeal-breads']",2,[],"['en:e300', 'en:e472e']",229.0,3.0,0.9,3.7,7.9,11.4,0.78
Pain libanaiss,6111246910191,"['en:plant-based-foods-and-beverages', 'en:plant-based-foods', 'en:cereals-and-potatoes', 'en:cereals-and-their-products', 'en:breads', 'en:chawarma-bread']",0,[],[],249.0,0.9,0.2,1.6,2.5,8.0,0.5
Greek Style Flatbreads,00394635,"['en:plant-based-foods-and-beverages', 'en:plant-based-foods', 'en:cereals-and-potatoes', 'en:breads', 'en:flatbreads', 'en:special-breads', 'en:white-breads', 'en:wheat-breads', 'en:wheat-flatbreads']",7,[],"['en:e202', 'en:e282', 'en:e330', 'en:e341', 'en:e450', 'en:e450i', 'en:e466', 'en:e500', 'en:e500ii']",291.0,4.7,0.5,3.0,6.5,12.2,0.62
2 half ciabata,00678773,"['en:plant-based-foods-and-beverages', 'en:plant-based-foods', 'en:cereals-and-potatoes', 'en:breads', 'en:special-breads', 'fr:pains-ciabatta']",0,[],[],229.0,1.5,0.3,5.8,5.7,9.5,1.15
Pain De Mie Aux Graines,3175681296268,"['en:plant-based-foods-and-beverages', 'en:plant-based-foods', 'en:cereals-and-potatoes', 'en:specific-products', 'en:products-for-specific-diets', 'en:breads', 'en:products-without-gluten', 'en:gluten-free-breads', 'en:sliced-breads', 'en:gluten-free-sliced-breads']",1,[],['en:e471'],263.0,7.4,1.0,12.0,14.0,5.2,0.65
Plain naan bread,5060151180773,"['en:plant-based-foods-and-beverages', 'en:plant-based-foods', 'en:cereals-and-potatoes', 'en:breads', 'en:naan-bread']",1,[],['en:e282'],234.0,1.6,0.5,2.9,2.2,8.3,1.09
pain de mie tranché aux graines de lin et tournesol et à la farine de seigle,8794049798609,"['en:plant-based-foods-and-beverages', 'en:plant-based-foods', 'en:cereals-and-potatoes', 'en:breads', 'en:sliced-breads', 'en:multigrain-sliced-breads']",1,[],['en:e282'],297.0,9.6,1.0,4.2,7.2,12.0,0.98
Rustic White Bloomer,5010003065642,"['en:plant-based-foods-and-beverages', 'en:plant-based-foods', 'en:cereals-and-potatoes', 'en:breads']",2,[],"['en:e300', 'en:e472e']",265.0,2.9,0.8,3.9,3.0,9.5,0.96
Petits pains ble complet,3182189999768,"['en:plant-based-foods-and-beverages', 'en:plant-based-foods', 'en:cereals-and-potatoes', 'en:cereals-and-their-products', 'en:breads', 'en:special-breads', 'en:whole-wheat-english-muffins']",0,[],[],401.0,6.9,0.8,6.1,7.2,11.0,1.1
Le Gourmand Complet,3560070877577,"['en:plant-based-foods-and-beverages', 'en:plant-based-foods', 'en:cereals-and-potatoes', 'en:breads', 'en:sliced-breads', 'en:wholemeal-breads', 'en:wholemeal-sliced-breads']",3,[],"['en:e282', 'en:e300', 'en:e471']",274.0,5.1,0.8,5.1,6.0,11.0,0.98
toasts briochés,3392460488816,"['en:plant-based-foods-and-beverages', 'en:plant-based-foods', 'en:cereals-and-potatoes', 'en:breads', 'en:toasts', 'fr:toast-brioche']",3,[],"['en:e300', 'en:e471', 'en:e481']",422.0,7.41,4.44,21.5,4.44,11.9,0.889
Pain de mie spécial sandwich nature grandes tranches 500g,3256220870511,"['en:plant-based-foods-and-beverages', 'en:plant-based-foods', 'en:breakfasts', 'en:cereals-and-potatoes', 'en:breads', 'en:sliced-breads']",0,[],[],284.0,5.8,0.5,4.7,3.6,7.2,1.1
Brasserie burger nature sans sucres ajoutes x4,3029330070023,"['en:plant-based-foods-and-beverages', 'en:plant-based-foods', 'en:cereals-and-potatoes', 'en:breads', 'en:special-breads', 'en:hamburger-buns']",0,[],[],288.0,5.4,0.5,5.8,4.3,8.6,1.3
Special sandwich7 cereales,3596710433162,"['en:plant-based-foods-and-beverages', 'en:plant-based-foods', 'en:cereals-and-potatoes', 'en:frozen-foods', 'en:breads', 'en:sliced-breads', 'en:frozen-breads', 'en:multigrain-sliced-breads']",3,[],"['en:e282', 'en:e300', 'en:e471']",280.0,6.5,1.1,6.7,5.3,8.7,1.0
4  Brioch'Burgers sésame,3587220002313,"['en:plant-based-foods-and-beverages', 'en:plant-based-foods', 'en:cereals-and-potatoes', 'en:breads', 'en:special-breads', 'en:hamburger-buns']",2,[],"['en:e160a', 'en:e160ai', 'en:e471']",314.0,7.8,2.3,11.0,,9.8,1.12
Tartine croustillante céréales 250g,3256224060888,"['en:plant-based-foods-and-beverages', 'en:plant-based-foods', 'en:cereals-and-potatoes', 'en:breads', 'en:crispbreads', 'en:crispbreads-wholemeal']",0,[],[],341.0,4.4,0.7,1.0,24.0,11.0,1.5
Wraps Integral,8410076470744,"['en:plant-based-foods-and-beverages', 'en:plant-based-foods', 'en:cereals-and-potatoes', 'en:breads', 'en:flatbreads', 'en:white-breads', 'en:wheat-breads', 'en:wheat-flatbreads', 'en:aliments-d-origine-vegetale', 'en:aliments-et-boissons-a-base-de-vegetaux', 'en:cereales-et-pommes-de-terre']",4,[],"['en:e422', 'en:e450', 'en:e471', 'en:e500', 'en:e500ii']",293.0,6.0,1.1,2.3,5.5,9.1,1.05
Croûtons pour soupe saveur ail,3564700660508,"['en:plant-based-foods-and-beverages', 'en:plant-based-foods', 'en:cereals-and-potatoes', 'en:breads', 'en:croutons']",0,[],[],530.0,31.0,2.8,2.3,3.4,8.1,2.2
Tortillas souples x8 320g,3256220666466,"['en:plant-based-foods-and-beverages', 'en:plant-based-foods', 'en:cereals-and-potatoes', 'en:breads', 'en:flatbreads', 'en:white-breads', 'en:wheat-breads', 'en:wheat-flatbreads']",6,[],"['en:e282', 'en:e296', 'en:e422', 'en:e471', 'en:e500', 'en:e920']",326.0,7.3,0.9,3.2,2.3,9.4,0.9
Croûtons à l’ail -25% de sel Tipiak,3185200001112,"['en:plant-based-foods-and-beverages', 'en:plant-based-foods', 'en:cereals-and-potatoes', 'en:breads', 'en:croutons', 'en:croutons-with-garlic']",0,[],[],439.0,12.7,1.2,3.5,5.1,10.5,1.6
Knackebrod Rag,1301485140007,"['en:plant-based-foods-and-beverages', 'en:plant-based-foods', 'en:snacks', 'en:cereals-and-potatoes', 'en:breads', 'en:rye-breads']",1,[],['en:e471'],385.0,0.0,0.0,0.0,15.4,7.69,1.44
Toast Vollkorn,20235147,"['en:plant-based-foods-and-beverages', 'en:plant-based-foods', 'en:cereals-and-potatoes', 'en:breads', 'en:sliced-breads', 'en:toasts', 'en:wholemeal-breads', 'en:wholemeal-sliced-breads', 'en:pflanzliche-lebensmittel-und-getranke']",1,[],['en:e262'],240.0,3.2,0.3,3.2,6.6,8.6,1.0
Le fresche Biscottate classiche,8001405000017,"['en:plant-based-foods-and-beverages', 'en:plant-based-foods', 'en:cereals-and-potatoes', 'en:cereals-and-their-products', 'en:breads', 'en:rusks', 'en:cereali-e-patate', 'en:cibi-a-base-vegetale', 'en:cibi-e-bevande-a-base-vegetale', 'en:fette-biscottate', 'en:pani']",0,[],[],405.0,5.3,0.8,5.0,3.0,11.0,1.5
Bake at Home Rolls,4056489124177,"['en:plant-based-foods-and-beverages', 'en:plant-based-foods', 'en:cereals-and-potatoes', 'en:breads', 'en:pre-baked-breads', 'en:bread-rolls']",2,[],"['en:e262', 'en:e472e']",268.0,1.0,0.3,3.8,2.5,9.1,0.9825
Sammy's Whole Grain Super Sandwich,4071800056784,"['en:plant-based-foods-and-beverages', 'en:plant-based-foods', 'en:cereals-and-potatoes', 'en:breads', 'en:sliced-breads', 'en:wholemeal-breads', 'en:wholemeal-sliced-breads']",1,[],"['en:e262', 'en:e262i']",239.0,3.16,0.263,3.16,6.58,8.68,1.0
Brioche Buns imp,5027952012511,"['en:plant-based-foods-and-beverages', 'en:plant-based-foods', 'en:cereals-and-potatoes', 'en:breads', 'en:special-breads', 'en:hamburger-buns']",2,[],"['en:e160a', 'en:e160ai', 'en:e471']",315.0,6.7,1.4,12.0,2.1,9.6,1.18
Artesano bakery bread,0072945612419,"['en:plant-based-foods-and-beverages', 'en:plant-based-foods', 'en:cereals-and-potatoes', 'en:cereals-and-their-products', 'en:breads', 'en:sliced-breads']",1,[],"['en:e322', 'en:e322i']",263.0,3.95,0.0,5.26,2.63,10.5,1.32
Pains burger seigle & flocons de ble 250g,3760049791112,"['en:plant-based-foods-and-beverages', 'en:plant-based-foods', 'en:cereals-and-potatoes', 'en:breads', 'en:special-breads', 'en:hamburger-buns']",2,[],"['en:e282', 'en:e300']",285.0,6.0,0.6,2.9,4.6,9.5,1.0
Triple Malt Sourdough Bread with Seeds,5000169154496,"['en:plant-based-foods-and-beverages', 'en:plant-based-foods', 'en:cereals-and-potatoes', 'en:breads', 'en:sliced-breads', 'en:multigrain-sliced-breads']",0,[],[],237.0,1.9,0.3,12.0,4.0,8.7,0.78
8 super soft both in one wraps,4088600111841,"['en:plant-based-foods-and-beverages', 'en:plant-based-foods', 'en:cereals-and-potatoes', 'en:cereals-and-their-products', 'en:sandwiches', 'en:breads', 'en:flatbreads', 'en:wraps', 'en:white-breads', 'en:wheat-breads', 'en:wheat-flatbreads']",8,[],"['en:e202', 'en:e282', 'en:e330', 'en:e422', 'en:e450', 'en:e471', 'en:e500', 'en:e920']",281.0,3.71,1.77,3.06,5.16,8.06,0.99
Alison bread flour,5010067371994,"['en:plant-based-foods-and-beverages', 'en:plant-based-foods', 'en:cereals-and-potatoes', 'en:breads', 'en:strong-white-bread-flour']",0,[],[],350.0,2.2,0.4,2.1,2.9,14.0,0.03
Stone Oven Baguette White,8718564135206,"['en:plant-based-foods-and-beverages', 'en:plant-based-foods', 'en:cereals-and-potatoes', 'en:breads', 'en:baguettes']",1,[],['en:e300'],263.0,3.1,0.4,3.4,3.3,8.4,0.95
Metro Rolls Italian Style,4088600492629,"['en:plant-based-foods-and-beverages', 'en:plant-based-foods', 'en:cereals-and-potatoes', 'en:breads', 'en:white-breads', 'en:bread-rolls']",1,[],['en:e300'],251.0,1.5,0.5,7.4,2.7,8.4,0.9
Ekmek,6111250475952,"['en:plant-based-foods-and-beverages', 'en:plant-based-foods', 'en:cereals-and-potatoes', 'en:breads', 'en:sliced-breads']",0,[],[],231.0,2.1,0.6,3.8,5.0,8.0,0.24
Rye bread,4007933855987,"['en:plant-based-foods-and-beverages', 'en:plant-based-foods', 'en:cereals-and-potatoes', 'en:breads', 'en:rye-breads']",1,[],['en:e200'],229.0,0.8,0.1,3.0,,7.0,1.3
Pan Redondo Cristal,8424465903799,"['en:plant-based-foods-and-beverages', 'en:plant-based-foods', 'en:cereals-and-potatoes', 'en:breads', 'es:pan-cristal']",0,[],[],228.0,2.33,0.333,1.33,,7.33,1.3
Biscottes,3270190197867,"['en:plant-based-foods-and-beverages', 'en:plant-based-foods', 'en:cereals-and-potatoes', 'en:breads', 'en:rusks', 'en:multigrain-rusks']",1,[],['en:e300'],405.0,10.0,1.2,4.0,7.5,14.0,1.7
Pain grillé Villageois Pelletier,3392460480940,"['en:plant-based-foods-and-beverages', 'en:plant-based-foods', 'en:cereals-and-potatoes', 'en:breads', 'en:rusks', 'en:toasts']",2,[],"['en:e300', 'en:e322', 'en:e322i']",399.0,5.8,2.5,2.8,4.5,12.0,1.5
Pain de mie Bio sans croûte à la farine complète sans sucres ajoutés 330g,3760049796018,"['en:plant-based-foods-and-beverages', 'en:plant-based-foods', 'en:cereals-and-potatoes', 'en:breads', 'en:sliced-breads', 'en:sliced-breads-without-crust', 'en:wholemeal-breads', 'en:wholemeal-sliced-breads']",1,[],['en:e300'],240.0,4.4,0.4,2.3,5.5,7.3,1.15
Pain grillé au blé complet,3596710407712,"['en:plant-based-foods-and-beverages', 'en:plant-based-foods', 'en:cereals-and-potatoes', 'en:breads', 'en:rusks', 'en:toasts', 'en:wholemeal-breads']",1,[],['en:e300'],388.0,4.3,0.5,4.4,6.8,11.0,1.6
Burger creation nature x4 260g,3029330070054,"['en:plant-based-foods-and-beverages', 'en:plant-based-foods', 'en:cereals-and-potatoes', 'en:breads', 'en:special-breads', 'en:hamburger-buns']",0,[],[],289.0,6.1,2.0,8.5,4.8,8.2,1.1
Pain de mie blé complet,3564700733011,"['en:plant-based-foods-and-beverages', 'en:plant-based-foods', 'en:cereals-and-potatoes', 'en:breads', 'en:sliced-breads', 'en:wholemeal-breads', 'en:wholemeal-sliced-breads']",3,[],"['en:e282', 'en:e471', 'en:e481']",251.0,4.9,0.7,5.9,6.7,9.3,1.1
Pain grillé à la farine complète BIO,3596710307319,"['en:plant-based-foods-and-beverages', 'en:plant-based-foods', 'en:cereals-and-potatoes', 'en:breads', 'en:toasts', 'en:dried-breads']",1,[],['en:e300'],377.0,4.2,0.5,4.5,7.6,11.0,1.4
Petits pains grillés au froment,3564707143226,"['en:plant-based-foods-and-beverages', 'en:plant-based-foods', 'en:cereals-and-potatoes', 'en:breads', 'en:toasts', 'en:toasted-bread-rolls', 'en:wheat-rusk-slices']",1,[],['en:e300'],408.0,7.8,0.8,7.5,3.9,9.4,1.1
Grissini Nature Vita Vigor,8007900000255,"['en:plant-based-foods-and-beverages', 'en:plant-based-foods', 'en:snacks', 'en:cereals-and-potatoes', 'en:salty-snacks', 'en:appetizers', 'en:biscuits-and-crackers', 'en:breads', 'en:crackers-appetizers', 'en:breadsticks']",0,[],[],396.0,5.0,0.0,2.5,3.5,12.0,0.3
Pain complet,3276550087038,"['en:plant-based-foods-and-beverages', 'en:plant-based-foods', 'en:cereals-and-potatoes', 'en:cereals-and-their-products', 'en:breads', 'en:wholemeal-breads']",1,[],['en:e300'],256.0,1.9,0.3,1.6,8.8,9.2,1.075
Flat Bread,20758165,"['en:plant-based-foods-and-beverages', 'en:plant-based-foods', 'en:cereals-and-potatoes', 'en:breads', 'en:flatbreads', 'en:white-breads', 'en:wheat-breads', 'en:wheat-flatbreads']",9,[],"['en:e202', 'en:e282', 'en:e296', 'en:e412', 'en:e422', 'en:e450', 'en:e466', 'en:e471', 'en:e920']",316.0,7.9,2.9,3.3,3.2,8.8,1.84
Knäckebröd Vezelrijk,7300400481731,"['en:plant-based-foods-and-beverages', 'en:plant-based-foods', 'en:cereals-and-potatoes', 'en:breads', 'en:crispbreads', 'fr:pains-croustillants-complets']",0,[],[],333.0,5.0,1.0,2.0,26.0,13.0,1.1
Ciabatta Rustikal,8008698003152,"['en:plant-based-foods-and-beverages', 'en:plant-based-foods', 'en:cereals-and-potatoes', 'en:specific-products', 'en:products-for-specific-diets', 'en:breads', 'en:products-without-gluten', 'en:gluten-free-breads']",3,[],"['en:e330', 'en:e334', 'en:e464']",285.0,9.4,1.0,4.6,9.6,6.8,0.92
Graham de vel Pitat,5941143016624,"['en:plant-based-foods-and-beverages', 'en:plant-based-foods', 'en:cereals-and-potatoes', 'en:breads', 'en:bakery-products']",0,[],[],235.0,2.0,0.4,5.4,5.2,9.6,2.75
pâine Domneasca,5941143020454,"['en:plant-based-foods-and-beverages', 'en:plant-based-foods', 'en:cereals-and-potatoes', 'en:breads', 'en:white-breads', 'en:wheat-breads']",2,[],"['en:e200', 'en:e282']",244.0,0.9,0.4,4.7,2.7,8.0,3.25
Pave multicereale p&c 400g,3250393047664,"['en:plant-based-foods-and-beverages', 'en:plant-based-foods', 'en:cereals-and-potatoes', 'en:breads', 'fr:autres-produits']",0,[],[],267.0,3.8,0.4,2.3,5.3,9.5,1.2
Mulino B. fette Armonie Cereali,8076809519984,"['en:plant-based-foods-and-beverages', 'en:plant-based-foods', 'en:cereals-and-potatoes', 'en:breads', 'en:rusks', 'en:multigrain-rusks']",0,[],[],395.0,7.14,1.02,4.08,5.1,12.2,1.79
Tortilla with whole wheat and wheat,7311311020636,"['en:plant-based-foods-and-beverages', 'en:plant-based-foods', 'en:cereals-and-potatoes', 'en:breads', 'en:flatbreads', 'en:corn-flatbreads']",5,[],"['en:e330', 'en:e415', 'en:e422', 'en:e471', 'en:e500']",280.0,5.5,1.5,2.4,5.2,8.0,1.18
PAN RUSTICO,8008698024188,"['en:plant-based-foods-and-beverages', 'en:plant-based-foods', 'en:cereals-and-potatoes', 'en:specific-products', 'en:products-for-specific-diets', 'en:breads', 'en:products-without-gluten', 'en:gluten-free-breads']",1,[],['en:e464'],226.0,2.4,0.4,6.3,6.7,3.8,1.0
Biona rye bread,5032722308053,"['en:plant-based-foods-and-beverages', 'en:plant-based-foods', 'en:cereals-and-potatoes', 'en:breads', 'en:rye-breads']",0,[],[],196.0,3.5,0.6,2.2,8.3,5.8,1.15
Tortilla Original Medium 8stk 320g St.Maria,7311311020599,"['en:plant-based-foods-and-beverages', 'en:plant-based-foods', 'en:cereals-and-potatoes', 'en:breads', 'en:flatbreads', 'en:white-breads', 'en:wheat-breads', 'en:wheat-flatbreads']",2,[],"['en:e422', 'en:e471']",302.0,4.91,1.19,2.0,2.5,8.31,1.38
Schär Meisterbäckers Classic mit Sauerteig 8008698027400 Glutenfreies weißes Schnittbrot,8008698027400,"['en:plant-based-foods-and-beverages', 'en:plant-based-foods', 'en:cereals-and-potatoes', 'en:specific-products', 'en:products-for-specific-diets', 'en:breads', 'en:products-without-gluten', 'en:bakery-products', 'en:gluten-free-breads', 'en:white-breads']",0,[],[],233.0,3.4,0.4,3.3,8.1,3.5,0.99
,4071800055763,"['en:plant-based-foods-and-beverages', 'en:plant-based-foods', 'en:cereals-and-potatoes', 'en:breads']",2,[],"['en:e262', 'en:e570']",241.0,4.9,0.8,2.3,6.9,7.7,1.0
Pain de mie sans gluten,06163861,"['en:plant-based-foods-and-beverages', 'en:plant-based-foods', 'en:cereals-and-potatoes', 'en:specific-products', 'en:products-for-specific-diets', 'en:breads', 'en:products-without-gluten', 'en:gluten-free-breads', 'en:sliced-breads', 'en:gluten-free-sliced-breads']",0,[],[],231.0,4.6,0.4,1.6,,4.8,0.98
EZEKIEL 4:9 Sesame,0073472001233,"['en:plant-based-foods-and-beverages', 'en:plant-based-foods', 'en:cereals-and-potatoes', 'en:breads', 'en:sliced-breads', 'en:multigrain-sliced-breads']",0,[],[],235.0,1.47,0.0,0.0,8.82,14.7,0.515
Crackers Protéiné,20065539,"['en:plant-based-foods-and-beverages', 'en:plant-based-foods', 'en:snacks', 'en:cereals-and-potatoes', 'en:salty-snacks', 'en:appetizers', 'en:biscuits-and-crackers', 'en:breads', 'en:crackers-appetizers', 'fr:crakers']",0,[],[],488.0,30.8,3.5,1.0,13.9,34.4,1.3
Ancient grains sourdough bloomer,5000129340051,"['en:plant-based-foods-and-beverages', 'en:plant-based-foods', 'en:cereals-and-potatoes', 'en:breads']",0,[],[],263.0,3.6,0.5,2.0,3.8,8.2,0.75
Multiseed and cereal bagels,5099077001862,"['en:plant-based-foods-and-beverages', 'en:plant-based-foods', 'en:cereals-and-potatoes', 'en:breads', 'en:special-breads', 'en:bagel-breads']",2,[],"['en:e200', 'en:e282']",268.0,4.47,0.706,5.65,9.53,10.9,0.926
& Mollica Rosemary Linguette Flatbreads with Extra Virgin Olive Oil,5060198640049,"['en:plant-based-foods-and-beverages', 'en:plant-based-foods', 'en:cereals-and-potatoes', 'en:breads', 'en:flatbreads', 'en:breadsticks']",0,[],[],431.0,13.6,2.3,4.0,,10.3,1.8
classic grissini,5060198640001,"['en:plant-based-foods-and-beverages', 'en:plant-based-foods', 'en:cereals-and-potatoes', 'en:breads', 'en:breadsticks']",0,[],[],410.0,6.9,1.0,2.2,3.2,10.0,1.6
Signaturbrød,5701205008994,"['en:plant-based-foods-and-beverages', 'en:plant-based-foods', 'en:cereals-and-potatoes', 'en:breads', 'da:rugbrød']",0,[],[],208.0,4.62,0.513,2.05,8.72,6.15,1.56
Sweet chili thins flatbreads,5050974001201,"['en:plant-based-foods-and-beverages', 'en:plant-based-foods', 'en:snacks', 'en:cereals-and-potatoes', 'en:salty-snacks', 'en:appetizers', 'en:breads']",0,[],[],400.0,5.71,0.571,8.57,8.57,11.4,0.8
Mini Wraps,5036034406469,"['en:plant-based-foods-and-beverages', 'en:plant-based-foods', 'en:cereals-and-potatoes', 'en:breads', 'en:flatbreads', 'en:white-breads', 'en:wheat-breads', 'en:wheat-flatbreads']",6,[],"['en:e202', 'en:e282', 'en:e296', 'en:e422', 'en:e471', 'en:e500']",323.0,7.0,0.333,2.33,2.67,8.33,0.225
Super soft wholemeal,00140164,"['en:plant-based-foods-and-beverages', 'en:plant-based-foods', 'en:cereals-and-potatoes', 'en:breads', 'en:sliced-breads', 'en:wholemeal-breads']",0,[],[],234.0,2.3,0.6,3.9,,11.0,0.98
So organic Wholemeal loaf,01128833,"['en:plant-based-foods-and-beverages', 'en:plant-based-foods', 'en:cereals-and-potatoes', 'en:breads', 'en:sliced-breads', 'en:wholemeal-breads', 'en:organic-bread']",1,[],['en:e300'],137.0,9.0,1.0,4.5,8.0,12.0,3.0
Elephant atta Chapattis,5018420550031,"['en:plant-based-foods-and-beverages', 'en:plant-based-foods', 'en:cereals-and-potatoes', 'en:flours', 'en:breads', 'en:flatbreads', 'en:white-breads', 'en:wheat-breads', 'en:wheat-flatbreads', 'en:chapatti']",5,[],"['en:e330', 'en:e415', 'en:e422', 'en:e471', 'en:e500']",311.0,7.4,2.2,2.0,,8.8,0.6
Premium Baked Farmhouse Soft White,5010003060128,"['en:plant-based-foods-and-beverages', 'en:plant-based-foods', 'en:cereals-and-potatoes', 'en:breads', 'en:sliced-breads', 'en:farmhouse-soft-white-bread']",0,[],[],240.0,2.4,0.7,3.5,,8.7,0.91
Kebab wraps,4056489851356,"['en:plant-based-foods-and-beverages', 'en:plant-based-foods', 'en:cereals-and-potatoes', 'en:breads', 'en:flatbreads', 'en:white-breads', 'en:wheat-breads', 'en:wheat-flatbreads', 'en:bread-wrap']",7,[],"['en:e202', 'en:e282', 'en:e330', 'en:e341', 'en:e450', 'en:e466', 'en:e500']",260.0,4.0,0.7,3.1,6.5,10.7,0.64
Baker St Sliced Rye & Wheat Bread,5027952012559,"['en:plant-based-foods-and-beverages', 'en:plant-based-foods', 'en:cereals-and-potatoes', 'en:breads']",3,[],"['en:e200', 'en:e262', 'en:e262i', 'en:e300']",211.0,1.2,0.2,2.6,,6.7,1.0
5 New York Style Sesame Bagels,4056489757894,"['en:plant-based-foods-and-beverages', 'en:plant-based-foods', 'en:cereals-and-potatoes', 'en:breads', 'en:special-breads', 'en:bagel-breads']",2,[],"['en:e282', 'en:e300']",288.0,3.76,0.471,5.53,5.29,10.4,0.624
Roasted Garlic & Extra Virgin Olive Oil Flatbread,01780284,"['en:plant-based-foods-and-beverages', 'en:plant-based-foods', 'en:snacks', 'en:cereals-and-potatoes', 'en:salty-snacks', 'en:appetizers', 'en:breads', 'en:garlic-breads']",0,[],[],319.0,10.8,1.6,6.3,0.85,9.6,0.95
Bt nature,3228857001972,"['en:plant-based-foods-and-beverages', 'en:plant-based-foods', 'en:snacks', 'en:cereals-and-potatoes', 'en:sweet-snacks', 'en:cereals-and-their-products', 'en:sweet-pastries-and-pies', 'en:breads', 'en:viennoiseries', 'en:brioches', 'en:packaged-breads', 'fr:brioches-tranchees']",0,[],[],345.0,11.0,4.3,15.0,5.0,8.0,1.1
Pain complet 3 céréales,3560071459468,"['en:plant-based-foods-and-beverages', 'en:plant-based-foods', 'en:cereals-and-potatoes', 'en:breads', 'en:wholemeal-breads']",0,[],[],175.0,2.2,0.3,2.1,8.9,5.0,1.1
Muffin Complet X4 245g IDS SSA,3250393436451,"['en:plant-based-foods-and-beverages', 'en:plant-based-foods', 'en:cereals-and-potatoes', 'en:breads', 'en:special-breads', 'en:english-muffins', 'en:whole-wheat-english-muffins', 'fr:muffins-complets']",0,[],[],161.0,4.8,0.5,4.9,6.7,9.7,0.93
Petits pain au Froment,3182189999775,"['en:plant-based-foods-and-beverages', 'en:plant-based-foods', 'en:cereals-and-potatoes', 'en:breads']",0,[],[],404.0,6.6,0.7,7.9,6.1,10.0,0.98
Original Sourdough Crispbread,5060198821295,"['en:plant-based-foods-and-beverages', 'en:plant-based-foods', 'en:snacks', 'en:cereals-and-potatoes', 'en:salty-snacks', 'en:appetizers', 'en:biscuits-and-crackers', 'en:breads', 'en:crackers-appetizers', 'en:crispbreads']",0,[],[],367.0,2.8,1.2,4.0,8.1,13.0,1.6
