product_name,code,categories_tags,additives_n,additives,additives_tags,energy_kcal_100g,fat_100g,saturated_fat_100g,sugars_100g,fiber_100g,proteins_100g,salt_100g
Weetabix,5010029000016,"['en:plant-based-foods-and-beverages', 'en:plant-based-foods', 'en:breakfasts', 'en:cereals-and-potatoes', 'en:cereals-and-their-products', 'en:breakfast-cereals']",0,[],[],358.0,2.11,0.526,4.21,10.0,11.8,0.257
cruesly mélange de noix,3168930010265,"['en:plant-based-foods-and-beverages', 'en:plant-based-foods', 'en:breakfasts', 'en:cereals-and-potatoes', 'en:cereals-and-their-products', 'en:breakfast-cereals', 'en:mueslis', 'en:cereals-with-nuts', 'en:crunchy-cereal-clusters', 'en:cereal-clusters-with-nuts']",1,[],['en:e306'],462.0,19.0,2.0,12.0,10.0,8.5,0.0
Family Pack,5010029000801,"['en:plant-based-foods-and-beverages', 'en:plant-based-foods', 'en:breakfasts', 'en:cereals-and-potatoes', 'en:cereals-and-their-products', 'en:breakfast-cereals', 'en:breakfast-cereals-rich-in-fibre']",0,[],[],362.0,2.0,0.6,4.2,10.0,12.0,0.275
Haferflocken,20003166,"['en:plant-based-foods-and-beverages', 'en:plant-based-foods', 'en:breakfasts', 'en:cereals-and-potatoes', 'en:cereals-and-their-products', 'en:breakfast-cereals', 'en:flakes', 'en:cereal-flakes', 'en:extruded-flakes', 'en:rolled-flakes', 'en:rolled-oats', 'ro:cereale']",0,[],[],372.0,7.0,1.3,0.7,10.0,13.5,0.03
Flocons d'avoine,3229820019307,"['en:plant-based-foods-and-beverages', 'en:plant-based-foods', 'en:breakfasts', 'en:cereals-and-potatoes', 'en:cereals-and-their-products', 'en:breakfast-cereals', 'en:flakes', 'en:cereal-flakes', 'en:rolled-flakes', 'en:rolled-oats']",0,[],[],362.0,7.1,1.3,1.7,11.0,11.0,0.02
Croustillant Chocolat,3229820160672,"['en:plant-based-foods-and-beverages', 'en:plant-based-foods', 'en:breakfasts', 'en:cereals-and-potatoes', 'en:cereals-and-their-products', 'en:breakfast-cereals', 'en:chocolate-cereals', 'en:breakfast-cereals-rich-in-fibre', 'en:crunchy-cereal-clusters', 'en:cereal-clusters-with-chocolate']",2,[],"['en:e306', 'en:e414']",433.0,14.0,3.8,14.0,9.8,9.8,0.28
Weetabix produit à base de blé complet 100%,5010029000023,"['en:plant-based-foods-and-beverages', 'en:plant-based-foods', 'en:breakfasts', 'en:cereals-and-potatoes', 'en:cereals-and-their-products', 'en:breakfast-cereals', 'en:breakfast-cereals-rich-in-fibre', 'fr:weetabix']",0,[],[],362.0,2.0,0.53,4.2,10.0,12.0,0.26
Wheat Bisks,4088600247519,"['en:plant-based-foods-and-beverages', 'en:plant-based-foods', 'en:breakfasts', 'en:cereals-and-potatoes', 'en:cereals-and-their-products', 'en:breakfast-cereals', 'en:flakes', 'en:cereal-flakes']",0,[],[],353.0,2.11,0.526,4.47,10.0,11.8,0.257
"Muesli Raisin, Figue, Abricot",3229820129488,"['en:plant-based-foods-and-beverages', 'en:plant-based-foods', 'en:breakfasts', 'en:cereals-and-potatoes', 'en:cereals-and-their-products', 'en:breakfast-cereals', 'en:cereals-with-fruits', 'en:mueslis', 'en:mueslis-with-fruits']",0,[],[],352.0,5.8,0.9,14.0,10.0,11.0,0.03
Special Muesli 30% fruits & noix,5010477348678,"['en:plant-based-foods-and-beverages', 'en:plant-based-foods', 'en:breakfasts', 'en:cereals-and-potatoes', 'en:cereals-and-their-products', 'en:breakfast-cereals', 'en:cereals-with-fruits', 'en:mueslis', 'en:mueslis-with-fruits']",0,[],[],362.0,7.2,2.0,17.0,8.8,10.0,0.03
Quaker Rolled Oats,5000108022152,"['en:plant-based-foods-and-beverages', 'en:plant-based-foods', 'en:breakfasts', 'en:cereals-and-potatoes', 'en:cereals-and-their-products', 'en:breakfast-cereals', 'en:flakes', 'en:cereal-flakes', 'en:rolled-flakes', 'en:porridge', 'en:rolled-oats']",0,[],[],368.0,8.5,1.75,1.0,10.0,12.3,0.00625
"Muesli SuperFruits Raisins, cassis,cranberry, myrtille",3229820782560,"['en:plant-based-foods-and-beverages', 'en:plant-based-foods', 'en:breakfasts', 'en:cereals-and-potatoes', 'en:cereals-and-their-products', 'en:breakfast-cereals', 'en:cereals-with-fruits', 'en:mueslis', 'en:mueslis-with-fruits']",0,[],[],358.0,6.0,0.9,13.0,10.0,11.0,0.04
Corn Flakes,3159470000120,"['en:plant-based-foods-and-beverages', 'en:plant-based-foods', 'en:breakfasts', 'en:cereals-and-potatoes', 'en:cereals-and-their-products', 'en:breakfast-cereals', 'en:flakes', 'en:cereal-flakes', 'en:extruded-cereals', 'en:extruded-flakes', 'en:corn-flakes']",0,[],[],378.0,0.9,0.2,8.0,3.0,7.0,1.1
Flocons d'avoine complète,3168930009078,"['en:plant-based-foods-and-beverages', 'en:plant-based-foods', 'en:breakfasts', 'en:cereals-and-potatoes', 'en:cereals-and-their-products', 'en:breakfast-cereals', 'en:flakes', 'en:cereal-flakes', 'en:rolled-flakes', 'en:rolled-oats']",0,[],[],375.0,8.0,1.5,1.1,9.0,11.0,0.01
Country Crisp 4 noix,5010477348357,"['en:plant-based-foods-and-beverages', 'en:plant-based-foods', 'en:breakfasts', 'en:cereals-and-potatoes', 'en:cereals-and-their-products', 'en:breakfast-cereals', 'en:breakfast-cereals-rich-in-fibre', 'en:cereals-with-nuts', 'en:crunchy-cereal-clusters', 'en:cereal-clusters-with-nuts']",0,[],[],465.0,20.0,2.6,18.0,6.1,11.0,0.03
Copos de avena,4008713756661,"['en:plant-based-foods-and-beverages', 'en:plant-based-foods', 'en:breakfasts', 'en:cereals-and-potatoes', 'en:cereals-and-their-products', 'en:breakfast-cereals', 'en:flakes', 'en:cereal-flakes', 'en:rolled-flakes', 'en:rolled-oats']",0,[],[],375.0,7.0,1.3,0.7,10.0,14.0,0.02
simply nutty muesli,5018357012497,"['en:plant-based-foods-and-beverages', 'en:plant-based-foods', 'en:breakfasts', 'en:cereals-and-potatoes', 'en:cereals-and-their-products', 'en:nuts-and-their-products', 'en:breakfast-cereals', 'en:nuts', 'en:mueslis', 'en:cereals-with-nuts', 'en:mueslis-with-nuts']",0,[],[],376.0,6.8,1.1,14.2,8.6,9.9,0.03
Muesli Crunchy 0%,8402001010873,"['en:plant-based-foods-and-beverages', 'en:plant-based-foods', 'en:breakfasts', 'en:cereals-and-potatoes', 'en:seeds', 'en:cereals-and-their-products', 'en:breakfast-cereals', 'en:cereal-grains', 'en:mueslis', 'es:cereales-muesly']",0,[],[],401.0,12.0,1.4,3.2,23.0,8.8,0.08
Bitesize shredded wheat,7613287194374,"['en:plant-based-foods-and-beverages', 'en:plant-based-foods', 'en:breakfasts', 'en:cereals-and-potatoes', 'en:cereals-and-their-products', 'en:breakfast-cereals', 'en:extruded-cereals']",0,[],[],367.0,2.2,0.5,0.7,12.5,11.8,0.05
Wheat Biscuits,5000119117359,"['en:plant-based-foods-and-beverages', 'en:plant-based-foods', 'en:snacks', 'en:breakfasts', 'en:cereals-and-potatoes', 'en:sweet-snacks', 'en:cereals-and-their-products', 'en:breakfast-cereals']",0,[],[],358.0,2.0,0.6,4.4,10.0,12.0,0.28
Super Seedy & Nutty Granola,5070000126579,"['en:plant-based-foods-and-beverages', 'en:plant-based-foods', 'en:breakfasts', 'en:cereals-and-potatoes', 'en:cereals-and-their-products', 'en:breakfast-cereals', 'en:mueslis']",0,[],[],402.0,14.4,2.2,9.6,14.4,10.9,0.03
Muesli avoine chocolat bio,3229820769165,"['en:plant-based-foods-and-beverages', 'en:plant-based-foods', 'en:breakfasts', 'en:cereals-and-potatoes', 'en:cereals-and-their-products', 'en:breakfast-cereals', 'en:chocolate-cereals', 'en:mueslis', 'en:mueslis-with-chocolate']",1,[],['en:e414'],390.0,9.6,3.8,8.7,10.0,12.0,0.1
Malt Wheats,5000436857112,"['en:plant-based-foods-and-beverages', 'en:plant-based-foods', 'en:breakfasts', 'en:cereals-and-potatoes', 'en:cereals-and-their-products', 'en:breakfast-cereals', 'en:extruded-cereals', 'en:breakfast-cereals-rich-in-fibre']",0,[],[],362.0,1.25,0.25,10.0,11.0,11.0,0.269
Muesli,5010029226188,"['en:plant-based-foods-and-beverages', 'en:plant-based-foods', 'en:breakfasts', 'en:cereals-and-potatoes', 'en:cereals-and-their-products', 'en:breakfast-cereals', 'en:mueslis']",0,[],[],370.0,5.5,0.9,18.0,8.0,12.0,0.275
Crispy minis imp,5010029229035,"['en:plant-based-foods-and-beverages', 'en:plant-based-foods', 'en:breakfasts', 'en:cereals-and-potatoes', 'en:cereals-and-their-products', 'en:breakfast-cereals', 'en:extruded-cereals']",1,[],"['en:e322', 'en:e322i']",385.0,5.0,2.25,17.0,10.0,10.0,0.2
NESTLE CHOCAPIC BIO Céréales 375g,7613036669146,"['en:plant-based-foods-and-beverages', 'en:plant-based-foods', 'en:breakfasts', 'en:cereals-and-potatoes', 'en:cereals-and-their-products', 'en:breakfast-cereals', 'en:chocolate-cereals', 'en:breakfast-cereals-fortified-with-vitamins-and-chemical-elements', 'en:extruded-cereals', 'en:breakfast-cereals-rich-in-fibre', 'en:chocolate-wheat-shells']",0,[],[],390.0,5.6,1.6,19.9,8.2,9.1,0.2
Céréales Chocapic,7613034626844,"['en:plant-based-foods-and-beverages', 'en:plant-based-foods', 'en:breakfasts', 'en:cereals-and-potatoes', 'en:cereals-and-their-products', 'en:breakfast-cereals', 'en:chocolate-cereals', 'en:breakfast-cereals-fortified-with-vitamins-and-chemical-elements', 'en:extruded-cereals', 'en:breakfast-cereals-rich-in-fibre', 'en:chocolate-wheat-shells', 'en:unfilled-breakfast-chocolate-cereals-fortified-with-vitamins-and-chemical-elements']",1,[],['en:e322'],388.0,4.8,2.0,22.4,7.5,8.8,0.22
Low Sugar Nuts & Seeds Granola imp,5060043224561,"['en:plant-based-foods-and-beverages', 'en:plant-based-foods', 'en:breakfasts', 'en:cereals-and-potatoes', 'en:cereals-and-their-products', 'en:breakfast-cereals', 'en:mueslis', 'en:granola-for-breakfast', 'en:liz-granola-no-sugar']",0,[],[],447.0,16.0,2.6,2.9,10.0,13.9,0.03
Country Crisp - Chocolat noir 70% cacao,5010477348395,"['en:plant-based-foods-and-beverages', 'en:plant-based-foods', 'en:breakfasts', 'en:cereals-and-potatoes', 'en:cereals-and-their-products', 'en:breakfast-cereals', 'en:chocolate-cereals', 'en:breakfast-cereals-rich-in-fibre', 'en:crunchy-cereal-clusters', 'en:cereal-clusters-with-chocolate']",1,[],"['en:e322', 'en:e322i']",453.0,16.7,4.6,20.8,6.0,9.2,0.03
Organic Porridge Oats,4088600056135,"['en:plant-based-foods-and-beverages', 'en:plant-based-foods', 'en:breakfasts', 'en:cereals-and-potatoes', 'en:cereals-and-their-products', 'en:breakfast-cereals', 'en:flakes', 'en:cereal-flakes', 'en:rolled-flakes', 'en:porridge', 'en:rolled-oats']",0,[],[],360.0,6.0,1.0,0.25,9.75,11.2,0.05
weetabix,5010029000504,"['en:plant-based-foods-and-beverages', 'en:plant-based-foods', 'en:breakfasts', 'en:cereals-and-potatoes', 'en:cereals-and-their-products', 'en:breakfast-cereals']",0,[],[],349.0,2.05,0.513,4.1,9.74,11.5,0.25
"Crispy Minis Choco, céréales de blé complet enrichies en vitamines et en fer avec du chocolat",5010029229110,"['en:plant-based-foods-and-beverages', 'en:plant-based-foods', 'en:breakfasts', 'en:cereals-and-potatoes', 'en:cereals-and-their-products', 'en:frozen-foods', 'en:breakfast-cereals', 'en:chocolate-cereals']",1,[],"['en:e322', 'en:e322i']",386.0,5.09999990463257,2.29999995231628,17.0,10.0,10.0,0.16
original shredded wheat,7613031473113,"['en:plant-based-foods-and-beverages', 'en:plant-based-foods', 'en:breakfasts', 'en:cereals-and-potatoes', 'en:cereals-and-their-products', 'en:breakfast-cereals', 'en:extruded-cereals', 'en:breakfast-cereals-rich-in-fibre']",0,[],[],360.0,2.2,0.5,0.7,12.2,12.2,0.05
Cruesli Chocolat noir,3168930010906,"['en:plant-based-foods-and-beverages', 'en:plant-based-foods', 'en:breakfasts', 'en:cereals-and-potatoes', 'en:cereals-and-their-products', 'en:breakfast-cereals', 'en:chocolate-cereals', 'en:breakfast-cereals-rich-in-fibre', 'en:crunchy-cereal-clusters', 'en:cereal-clusters-with-chocolate']",3,[],"['en:e306', 'en:e322', 'en:e322i', 'en:e476']",455.0,19.0,4.9,16.0,10.0,8.1,0.48
Country Crisp 4 Baies,5010477348517,"['en:plant-based-foods-and-beverages', 'en:plant-based-foods', 'en:breakfasts', 'en:cereals-and-potatoes', 'en:cereals-and-their-products', 'en:frozen-foods', 'en:breakfast-cereals', 'en:cereals-with-fruits', 'en:mueslis', 'en:mueslis-with-fruits', 'en:breakfast-cereals-rich-in-fibre', 'en:crunchy-cereal-clusters', 'en:cereal-clusters-with-fruits']",0,[],[],432.0,13.0,1.8,20.0,6.0,9.1,0.03
Irish Organic Jumbo Oats,5099801003339,"['en:plant-based-foods-and-beverages', 'en:plant-based-foods', 'en:breakfasts', 'en:cereals-and-potatoes', 'en:seeds', 'en:cereals-and-their-products', 'en:breakfast-cereals', 'en:cereal-grains', 'en:flakes', 'en:cereal-flakes', 'en:rolled-flakes', 'en:rolled-oats', 'en:oat']",0,[],[],370.0,5.75,1.0,1.0,8.25,11.2,0.0125
Wholegrain Wheat Bixies,20471613,"['en:plant-based-foods-and-beverages', 'en:plant-based-foods', 'en:snacks', 'en:breakfasts', 'en:cereals-and-potatoes', 'en:sweet-snacks', 'en:cereals-and-their-products', 'en:biscuits-and-cakes', 'en:breakfast-cereals', 'en:biscuits']",0,[],[],362.0,2.25,0.5,3.0,9.5,12.7,0.225
Oat so Simple,5000108280941,"['en:plant-based-foods-and-beverages', 'en:plant-based-foods', 'en:breakfasts', 'en:cereals-and-potatoes', 'en:cereals-and-their-products', 'en:breakfast-cereals', 'en:flakes', 'en:rolled-flakes', 'en:porridge', 'en:plain-porridge']",0,[],[],370.0,7.78,1.11,1.11,8.89,11.1,0.0
NESTLE CHOCAPIC Céréales 375g,3387390123210,"['en:plant-based-foods-and-beverages', 'en:plant-based-foods', 'en:breakfasts', 'en:cereals-and-potatoes', 'en:cereals-and-their-products', 'en:breakfast-cereals', 'en:chocolate-cereals', 'en:breakfast-cereals-fortified-with-vitamins-and-chemical-elements', 'en:extruded-cereals', 'en:breakfast-cereals-rich-in-fibre', 'en:chocolate-wheat-shells', 'en:unfilled-breakfast-chocolate-cereals-fortified-with-vitamins-and-chemical-elements']",1,[],['en:e322'],384.0,4.4,1.1,19.9,7.7,8.5,0.2
Hafer Flocken Zart,40897677,"['en:plant-based-foods-and-beverages', 'en:plant-based-foods', 'en:breakfasts', 'en:cereals-and-potatoes', 'en:cereals-and-their-products', 'en:breakfast-cereals', 'en:flakes', 'en:cereal-flakes', 'en:rolled-flakes', 'en:rolled-oats']",0,[],[],371.0,6.7,1.1,0.8,9.7,13.2,0.0
,20159917,"['en:plant-based-foods-and-beverages', 'en:plant-based-foods', 'en:breakfasts', 'en:cereals-and-potatoes', 'en:cereals-and-their-products', 'en:breakfast-cereals', 'en:flakes', 'en:cereal-flakes', 'en:extruded-cereals', 'en:extruded-flakes', 'en:corn-flakes', 'en:plain-corn-flakes']",0,[],[],386.0,1.2,0.6,3.0,1.9,8.0,1.95
Avena crunchy,8480000156112,"['en:plant-based-foods-and-beverages', 'en:plant-based-foods', 'en:breakfasts', 'en:cereals-and-potatoes', 'en:cereals-and-their-products', 'en:breakfast-cereals']",1,[],['en:e307'],390.0,5.8,1.0,4.6,11.0,13.0,0.2
Bran Flakes Malty Crunch,5057753158422,"['en:plant-based-foods-and-beverages', 'en:plant-based-foods', 'en:breakfasts', 'en:cereals-and-potatoes', 'en:cereals-and-their-products', 'en:breakfast-cereals', 'en:flakes', 'en:cereal-flakes', 'en:extruded-cereals', 'en:extruded-flakes', 'en:breakfast-cereals-rich-in-fibre', 'en:extruded-wheat-flakes']",0,[],[],352.0,2.5,0.5,10.2,15.7,10.6,0.59
Simply Delicious Muesli,5018357012411,"['en:plant-based-foods-and-beverages', 'en:plant-based-foods', 'en:breakfasts', 'en:cereals-and-potatoes', 'en:cereals-and-their-products', 'en:breakfast-cereals', 'en:cereals-with-fruits', 'en:mueslis', 'en:mueslis-with-fruits']",0,[],[],368.0,7.3,1.1,14.7,9.0,9.6,0.03
Simply Fruity muesli,5018357012534,"['en:plant-based-foods-and-beverages', 'en:plant-based-foods', 'en:breakfasts', 'en:cereals-and-potatoes', 'en:cereals-and-their-products', 'en:breakfast-cereals', 'en:cereals-with-fruits', 'en:mueslis', 'en:mueslis-with-fruits']",2,[],"['en:e220', 'en:e330']",349.0,2.89,0.667,20.0,7.33,8.67,0.0444
Bran Flakes,5000127062092,"['en:plant-based-foods-and-beverages', 'en:plant-based-foods', 'en:breakfasts', 'en:cereals-and-potatoes', 'en:cereals-and-their-products', 'en:breakfast-cereals', 'en:flakes', 'en:cereal-flakes', 'en:extruded-cereals', 'en:extruded-flakes', 'en:breakfast-cereals-rich-in-fibre', 'en:extruded-wheat-flakes']",0,[],[],358.0,2.2,0.4,14.0,17.0,11.0,0.66
Fitness Nature Céréales complètes,7613287514325,"['en:plant-based-foods-and-beverages', 'en:plant-based-foods', 'en:breakfasts', 'en:cereals-and-potatoes', 'en:cereals-and-their-products', 'en:breakfast-cereals', 'en:flakes', 'en:cereal-flakes', 'en:extruded-cereals', 'en:extruded-flakes', 'en:breakfast-cereals-rich-in-fibre', 'en:mixed-cereal-flakes']",1,[],['en:e306'],368.0,1.5,0.6,8.3,8.5,9.8,0.56
Muesli Croustillant Noix de pécan & noix du Brésil,3168930009795,"['en:plant-based-foods-and-beverages', 'en:plant-based-foods', 'en:breakfasts', 'en:cereals-and-potatoes', 'en:cereals-and-their-products', 'en:breakfast-cereals', 'en:mueslis', 'en:cereals-with-nuts', 'en:mueslis-with-nuts']",2,[],"['en:e306', 'en:e471']",420.0,11.0,1.8,13.0,13.0,11.0,0.24
Granola,5010477347312,"['en:plant-based-foods-and-beverages', 'en:plant-based-foods', 'en:breakfasts', 'en:cereals-and-potatoes', 'en:cereals-and-their-products', 'en:breakfast-cereals']",0,[],[],418.0,11.0,1.5,17.0,6.3,11.0,0.03
Malted Wheaties,4088600247458,"['en:plant-based-foods-and-beverages', 'en:plant-based-foods', 'en:breakfasts', 'en:cereals-and-potatoes', 'en:cereals-and-their-products', 'en:breakfast-cereals', 'en:extruded-cereals']",0,[],[],370.0,1.8,0.2,10.9,13.3,11.7,0.27
Special Flakes Classic,20621469,"['en:plant-based-foods-and-beverages', 'en:plant-based-foods', 'en:breakfasts', 'en:cereals-and-potatoes', 'en:cereals-and-their-products', 'en:breakfast-cereals', 'en:flakes', 'en:cereal-flakes', 'en:extruded-cereals', 'en:extruded-flakes', 'en:breakfast-cereals-rich-in-fibre', 'en:mixed-cereal-flakes']",0,[],[],388.0,1.8,0.4,8.8,8.2,9.0,0.51
Rice Krispies,5059319029702,"['en:plant-based-foods-and-beverages', 'en:plant-based-foods', 'en:breakfasts', 'en:cereals-and-potatoes', 'en:cereals-and-their-products', 'en:breakfast-cereals']",0,[],[],389.0,1.2,0.4,7.9,2.9,7.0,0.9825
"Low Sugar, Naturally Gut-Loving Granola",5070000126548,"['en:plant-based-foods-and-beverages', 'en:plant-based-foods', 'en:breakfasts', 'en:cereals-and-potatoes', 'en:cereals-and-their-products', 'en:breakfast-cereals', 'en:mueslis', 'en:breakfast-cereals-fortified-with-vitamins-and-chemical-elements', 'en:breakfast-cereals-rich-in-fibre', 'en:breakfast-cereals-rich-in-fibre-fortified-with-vitamins-and-chemical-elements']",0,[],[],447.0,17.9,3.7,7.9,17.0,13.2,0.06
Oat flakes,3560070614202,"['en:plant-based-foods-and-beverages', 'en:plant-based-foods', 'en:breakfasts', 'en:cereals-and-potatoes', 'en:cereals-and-their-products', 'en:breakfast-cereals', 'en:flakes', 'en:cereal-flakes', 'en:rolled-flakes', 'en:rolled-oats']",0,[],[],372.0,7.0,1.3,0.7,10.0,14.0,0.0
Shreddies,7613287152183,"['en:plant-based-foods-and-beverages', 'en:plant-based-foods', 'en:breakfasts', 'en:cereals-and-potatoes', 'en:cereals-and-their-products', 'en:breakfast-cereals', 'en:extruded-cereals']",0,[],[],364.0,1.8,0.3,13.0,12.0,11.0,0.72
,3387390326574,"['en:plant-based-foods-and-beverages', 'en:plant-based-foods', 'en:breakfasts', 'en:cereals-and-potatoes', 'en:cereals-and-their-products', 'en:breakfast-cereals', 'en:chocolate-cereals', 'en:extruded-cereals']",2,[],"['en:e306', 'en:e500']",393.0,5.2,0.9,22.4,6.0,6.7,0.66
Bran Flakes,20621483,"['en:plant-based-foods-and-beverages', 'en:plant-based-foods', 'en:breakfasts', 'en:cereals-and-potatoes', 'en:cereals-and-their-products', 'en:breakfast-cereals', 'en:flakes', 'en:cereal-flakes', 'en:extruded-cereals', 'en:extruded-flakes', 'en:breakfast-cereals-rich-in-fibre', 'en:extruded-wheat-flakes']",0,[],[],362.0,2.0,0.5,13.2,17.2,11.1,0.63
Avena Crunchy Cacao,8402001015205,"['en:plant-based-foods-and-beverages', 'en:plant-based-foods', 'en:breakfasts', 'en:cereals-and-potatoes', 'en:cereals-and-their-products', 'en:breakfast-cereals', 'en:extruded-cereals']",1,[],['en:e306'],393.0,6.4,1.6,9.0,11.0,13.0,0.18
Flocons d'avoine complète,3168930003632,"['en:plant-based-foods-and-beverages', 'en:plant-based-foods', 'en:breakfasts', 'en:cereals-and-potatoes', 'en:cereals-and-their-products', 'en:breakfast-cereals', 'en:flakes', 'en:cereal-flakes', 'en:rolled-flakes', 'en:rolled-oats']",0,[],[],375.0,8.0,1.5,1.1,9.0,11.0,0.01
Corn Flakes,5059319014814,"['en:plant-based-foods-and-beverages', 'en:plant-based-foods', 'en:breakfasts', 'en:cereals-and-potatoes', 'en:cereals-and-their-products', 'en:breakfast-cereals', 'en:flakes', 'en:cereal-flakes', 'en:extruded-cereals', 'en:extruded-flakes', 'en:corn-flakes']",0,[],[],378.0,0.9,0.2,8.0,3.0,7.0,1.1
Cheerios Multigrain,7613287195210,"['en:plant-based-foods-and-beverages', 'en:plant-based-foods', 'en:breakfasts', 'en:cereals-and-potatoes', 'en:cereals-and-their-products', 'en:breakfast-cereals', 'en:extruded-cereals']",3,[],"['en:e160a', 'en:e160b', 'en:e160bii', 'en:e306']",383.3333,4.6667,1.0,10.0,2.7,9.3333,0.83333
Corn Flakes,5059319030517,"['en:plant-based-foods-and-beverages', 'en:plant-based-foods', 'en:breakfasts', 'en:cereals-and-potatoes', 'en:cereals-and-their-products', 'en:breakfast-cereals', 'en:flakes', 'en:cereal-flakes', 'en:extruded-cereals', 'en:extruded-flakes', 'en:corn-flakes']",0,[],[],378.0,0.9,0.2,8.0,3.0,7.0,1.1
"Muesli con quinoa, chía y chocolate negro",8480000095367,"['en:plant-based-foods-and-beverages', 'en:plant-based-foods', 'en:breakfasts', 'en:cereals-and-potatoes', 'en:cereals-and-their-products', 'en:breakfast-cereals', 'en:chocolate-cereals', 'en:mueslis', 'en:mueslis-with-chocolate']",1,[],['en:e322'],416.0,13.0,4.3,18.0,10.0,9.8,0.11
Wheat Biscuits,00130509,"['en:plant-based-foods-and-beverages', 'en:plant-based-foods', 'en:snacks', 'en:breakfasts', 'en:cereals-and-potatoes', 'en:sweet-snacks', 'en:biscuits-and-cakes', 'en:biscuits-and-crackers', 'en:cereals-and-their-products', 'en:biscuits', 'en:breakfast-cereals']",0,[],[],358.0,2.0,0.6,4.4,10.0,12.0,0.28
Nutty Granola,5060482841565,"['en:plant-based-foods-and-beverages', 'en:plant-based-foods', 'en:breakfasts', 'en:cereals-and-potatoes', 'en:cereals-and-their-products', 'en:breakfast-cereals', 'en:mueslis', 'en:crunchy-mueslis']",0,[],[],465.0,18.0,2.6,16.0,8.2,12.0,0.2175
,5010029226133,"['en:plant-based-foods-and-beverages', 'en:plant-based-foods', 'en:breakfasts', 'en:cereals-and-potatoes', 'en:cereals-and-their-products', 'en:breakfast-cereals', 'en:mueslis']",0,[],[],374.0,5.6,0.9,21.0,7.7,11.0,0.25
Crunchy Oat Granola Raisin & Almond,5010477353115,"['en:plant-based-foods-and-beverages', 'en:plant-based-foods', 'en:breakfasts', 'en:cereals-and-potatoes', 'en:cereals-and-their-products', 'en:breakfast-cereals', 'en:mueslis', 'en:breakfast-cereals-rich-in-fibre']",0,[],[],416.0,12.0,1.5,21.0,6.2,11.0,0.03
Miel pops,5059319023762,"['en:plant-based-foods-and-beverages', 'en:plant-based-foods', 'en:breakfasts', 'en:cereals-and-potatoes', 'en:cereals-and-their-products', 'en:breakfast-cereals', 'en:extruded-cereals', 'en:honey-cereal-balls', 'en:cereals-with-honey']",1,[],['en:e160'],384.0,1.5,0.1,22.0,4.6,5.2,0.4
Weetabix,5010029202410,"['en:plant-based-foods-and-beverages', 'en:plant-based-foods', 'en:breakfasts', 'en:cereals-and-potatoes', 'en:cereals-and-their-products', 'en:breakfast-cereals']",0,[],[],362.0,2.0,0.6,4.2,10.0,12.0,0.28
"Muesli bio 36% fruits, noix & graines",5010477348630,"['en:plant-based-foods-and-beverages', 'en:plant-based-foods', 'en:breakfasts', 'en:cereals-and-potatoes', 'en:cereals-and-their-products', 'en:breakfast-cereals', 'en:cereals-with-fruits', 'en:mueslis', 'en:mueslis-with-fruits']",0,[],[],373.0,8.4,2.8,18.9,8.5,9.3,0.03
Corn Flakes,5000436616443,"['en:plant-based-foods-and-beverages', 'en:plant-based-foods', 'en:breakfasts', 'en:cereals-and-potatoes', 'en:cereals-and-their-products', 'en:breakfast-cereals', 'en:flakes', 'en:cereal-flakes', 'en:extruded-cereals', 'en:extruded-flakes', 'en:corn-flakes']",0,[],[],387.0,1.2,0.3,6.1,2.5,7.7,0.59
Céréales All Bran Kellogg's Fibre Plus,3159470001424,"['en:plant-based-foods-and-beverages', 'en:plant-based-foods', 'en:breakfasts', 'en:cereals-and-potatoes', 'en:cereals-and-their-products', 'en:breakfast-cereals', 'en:extruded-cereals', 'en:breakfast-cereals-rich-in-fibre', 'en:wheat-bran-sticks', 'fr:cereales-pour-petit-dejeuner-a-base-de-son-de-ble']",0,[],[],334.0,3.5,0.7,18.0,27.0,14.0,0.95
Granola Chocolat,3229820798110,"['en:plant-based-foods-and-beverages', 'en:plant-based-foods', 'en:breakfasts', 'en:cereals-and-potatoes', 'en:cereals-and-their-products', 'en:breakfast-cereals', 'en:chocolate-cereals', 'en:mueslis', 'en:mueslis-with-chocolate']",1,[],['en:e306'],420.0,13.0,3.1,12.0,7.5,10.0,0.01
Cheerios Multigrain,7613287157201,"['en:plant-based-foods-and-beverages', 'en:plant-based-foods', 'en:breakfasts', 'en:cereals-and-potatoes', 'en:cereals-and-their-products', 'en:breakfast-cereals', 'en:extruded-cereals']",3,[],"['en:e150c', 'en:e160b', 'en:e340', 'en:e340iii']",377.0,4.67,1.0,17.7,9.67,10.0,0.783
Grape-Nuts,0884912005502,"['en:plant-based-foods-and-beverages', 'en:plant-based-foods', 'en:breakfasts', 'en:cereals-and-potatoes', 'en:cereals-and-their-products', 'en:breakfast-cereals', 'en:breakfast-cereals-rich-in-fibre']",0,[],[],362.0,1.8,0.3,8.9,12.0,11.2,1.0
Crousti' Avoine Chocolat,3229820786605,"['en:plant-based-foods-and-beverages', 'en:plant-based-foods', 'en:breakfasts', 'en:cereals-and-potatoes', 'en:cereals-and-their-products', 'en:breakfast-cereals', 'en:chocolate-cereals', 'en:mueslis', 'en:mueslis-with-chocolate', 'en:crunchy-cereal-clusters', 'en:cereal-clusters-with-chocolate']",2,[],"['en:e306', 'en:e414']",416.0,13.0,4.4,14.0,9.5,10.0,0.1
Premium Fruit & Nut Muesli,20060831,"['en:plant-based-foods-and-beverages', 'en:plant-based-foods', 'en:fruits-and-vegetables-based-foods', 'en:breakfasts', 'en:cereals-and-potatoes', 'en:cereals-and-their-products', 'en:fruits-based-foods', 'en:breakfast-cereals', 'en:fruits', 'en:cereals-with-fruits', 'en:mueslis', 'en:mueslis-with-fruits']",2,[],"['en:e220', 'en:e330']",393.0,11.6,4.67,24.7,6.44,8.89,0.0444
Nutty Granola,5018357804764,"['en:plant-based-foods-and-beverages', 'en:plant-based-foods', 'en:breakfasts', 'en:cereals-and-potatoes', 'en:cereals-and-their-products', 'en:breakfast-cereals', 'en:mueslis']",0,[],[],442.0,15.6,2.0,13.1,6.22,10.2,5.56e-05
Corn Flakes 0% azúcares añadidos,8480000229663,"['en:plant-based-foods-and-beverages', 'en:plant-based-foods', 'en:breakfasts', 'en:cereals-and-potatoes', 'en:cereals-and-their-products', 'en:breakfast-cereals', 'en:flakes', 'en:cereal-flakes', 'en:extruded-cereals', 'en:extruded-flakes', 'en:corn-flakes']",1,[],['en:e306'],373.0,1.1,0.4,0.9,4.4,6.7,1.0
Oat Granola,5018357804849,"['en:plant-based-foods-and-beverages', 'en:plant-based-foods', 'en:breakfasts', 'en:cereals-and-potatoes', 'en:cereals-and-their-products', 'en:breakfast-cereals', 'en:mueslis']",0,[],[],442.0,16.4,1.7,16.5,5.0,8.7,0.03
Special K,5059319029016,"['en:plant-based-foods-and-beverages', 'en:plant-based-foods', 'en:breakfasts', 'en:cereals-and-potatoes', 'en:cereals-and-their-products', 'en:breakfast-cereals', 'en:flakes', 'en:cereal-flakes', 'en:extruded-cereals', 'en:extruded-flakes', 'en:mixed-cereal-flakes']",0,[],[],392.0,1.3,0.3,15.0,6.0,8.0,0.825
Muesli bio chocolat noir,5010477356239,"['en:plant-based-foods-and-beverages', 'en:plant-based-foods', 'en:breakfasts', 'en:cereals-and-potatoes', 'en:cereals-and-their-products', 'en:breakfast-cereals', 'en:chocolate-cereals', 'en:mueslis', 'en:mueslis-with-chocolate']",1,[],"['en:e322', 'en:e322i']",398.0,11.0,3.1,8.9,4.1,9.1,0.03
Fiocchi di avena integrali,20283360,"['en:plant-based-foods-and-beverages', 'en:plant-based-foods', 'en:breakfasts', 'en:cereals-and-potatoes', 'en:cereals-and-their-products', 'en:breakfast-cereals', 'en:flakes', 'en:cereal-flakes', 'en:extruded-flakes', 'en:rolled-flakes', 'en:rolled-oats']",0,[],[],372.0,7.0,1.3,0.7,10.0,13.5,0.03
Copos de trigo espelta integral 0%,8480000095718,"['en:plant-based-foods-and-beverages', 'en:plant-based-foods', 'en:breakfasts', 'en:cereals-and-potatoes', 'en:cereals-and-their-products', 'en:breakfast-cereals', 'en:flakes', 'en:cereal-flakes']",0,[],[],364.0,2.7,0.2,1.9,8.8,14.6,0.78
Nesquik Cereal,7613287366665,"['en:plant-based-foods-and-beverages', 'en:plant-based-foods', 'en:breakfasts', 'en:cereals-and-potatoes', 'en:cereals-and-their-products', 'en:cocoa-and-its-products', 'en:breakfast-cereals', 'en:chocolate-cereals', 'en:cocoa-and-chocolate-powders', 'en:diet-chocolate-breakfast-cereals']",1,[],"['en:e500', 'en:e500ii']",373.0,3.0,0.9,22.4,,8.4,0.45
No Added Sugar Muesli imp,5010029219326,"['en:plant-based-foods-and-beverages', 'en:plant-based-foods', 'en:breakfasts', 'en:cereals-and-potatoes', 'en:cereals-and-their-products', 'en:breakfast-cereals', 'en:cereals-with-fruits', 'en:mueslis', 'en:mueslis-with-fruits']",0,[],[],369.0,5.8,0.405,16.0,8.3,12.0,0.275
Jemné ovesné vločky,4056489195917,"['en:plant-based-foods-and-beverages', 'en:plant-based-foods', 'en:breakfasts', 'en:cereals-and-potatoes', 'en:cereals-and-their-products', 'en:breakfast-cereals', 'en:flakes', 'en:cereal-flakes', 'en:rolled-flakes', 'en:rolled-oats']",0,[],[],372.0,5.7,1.0,0.7,8.5,14.0,0.0
Céréales Miel Pops,5053827110983,"['en:plant-based-foods-and-beverages', 'en:plant-based-foods', 'en:breakfasts', 'en:cereals-and-potatoes', 'en:cereals-and-their-products', 'en:breakfast-cereals', 'en:extruded-cereals', 'en:honey-cereal-balls', 'en:cereals-with-honey']",1,[],['en:e160'],384.0,1.5,0.1,22.0,4.6,5.2,0.4
Wheat Biscuits malty & crispy,5000119117342,"['en:plant-based-foods-and-beverages', 'en:plant-based-foods', 'en:breakfasts', 'en:cereals-and-potatoes', 'en:cereals-and-their-products', 'en:breakfast-cereals', 'en:breakfast-cereals-rich-in-fibre', 'en:wheat-biscuits']",0,[],[],358.0,2.0,0.6,4.4,10.0,12.0,0.3
Tresor - Choco Nut,5053827199568,"['en:plant-based-foods-and-beverages', 'en:plant-based-foods', 'en:breakfasts', 'en:cereals-and-potatoes', 'en:cereals-and-their-products', 'en:breakfast-cereals', 'en:chocolate-cereals', 'en:extruded-cereals', 'en:filled-cereals']",3,[],"['en:e160b', 'en:e304', 'en:e304i', 'en:e307']",453.0,15.0,3.8,26.0,3.7,6.6,0.94
Granola Sante Czekoladowa,5900617002983,"['en:plant-based-foods-and-beverages', 'en:plant-based-foods', 'en:breakfasts', 'en:cereals-and-potatoes', 'en:cereals-and-their-products', 'en:breakfast-cereals', 'en:chocolate-cereals', 'en:mueslis', 'en:mueslis-with-chocolate']",2,[],"['en:e322', 'en:e322i', 'en:e500']",454.54545454545,16.363636363636,3.6363636363636,21.818181818182,7.2727272727273,9.0909090909091,0.54545454545455
Low Sugar Granola Original,4056489159506,"['en:plant-based-foods-and-beverages', 'en:plant-based-foods', 'en:breakfasts', 'en:cereals-and-potatoes', 'en:cereals-and-their-products', 'en:breakfast-cereals', 'en:mueslis']",0,[],[],521.0,23.7,3.3,3.0,7.6,13.7,0.03
Céréales Extra Pépites Chocolat Noisettes,3159470005071,"['en:plant-based-foods-and-beverages', 'en:plant-based-foods', 'en:breakfasts', 'en:cereals-and-potatoes', 'en:cereals-and-their-products', 'en:breakfast-cereals', 'en:chocolate-cereals', 'en:crunchy-cereal-clusters', 'en:cereal-clusters-with-chocolate', 'en:aliments-d-origine-vegetale', 'en:aliments-et-boissons-a-base-de-vegetaux', 'en:cereales-au-chocolat', 'en:cereales-et-derives', 'en:cereales-et-pommes-de-terre', 'en:cereales-pour-petit-dejeuner', 'en:petit-dejeuners', 'en:pepites-de-cereales-au-chocolat', 'en:pepites-de-cereales-croustillantes']",1,[],"['en:e322', 'en:e322i']",497.0,25.0,12.0,21.0,5.8,8.0,0.68
Flocons d'avoine,3229820796857,"['en:plant-based-foods-and-beverages', 'en:plant-based-foods', 'en:breakfasts', 'en:cereals-and-potatoes', 'en:cereals-and-their-products', 'en:breakfast-cereals', 'en:flakes', 'en:cereal-flakes', 'en:rolled-flakes', 'en:rolled-oats']",0,[],[],363.333333333333,8.0,1.0,0.0,11.0,10.8333333333333,0.0833333333333333
shredded wheat,7613287170989,"['en:plant-based-foods-and-beverages', 'en:plant-based-foods', 'en:breakfasts', 'en:cereals-and-potatoes', 'en:cereals-and-their-products', 'en:breakfast-cereals', 'en:extruded-cereals']",0,[],[],367.0,2.2,0.5,0.7,12.5,11.8,0.05
Muesli Bio Superfruits,5010477354051,"['en:plant-based-foods-and-beverages', 'en:plant-based-foods', 'en:breakfasts', 'en:cereals-and-potatoes', 'en:cereals-and-their-products', 'en:breakfast-cereals', 'en:cereals-with-fruits', 'en:mueslis', 'en:mueslis-with-fruits']",0,[],[],360.0,5.5,1.0,10.2,9.4,11.2,0.03
Corn Flakes,8410188012092,"['en:plant-based-foods-and-beverages', 'en:plant-based-foods', 'en:breakfasts', 'en:cereals-and-potatoes', 'en:cereals-and-their-products', 'en:breakfast-cereals', 'en:flakes', 'en:cereal-flakes', 'en:extruded-cereals', 'en:extruded-flakes', 'en:corn-flakes']",0,[],[],378.0,0.9,0.2,8.0,3.0,7.0,1.1
Croustillant 3 noix,3229820797861,"['en:plant-based-foods-and-beverages', 'en:plant-based-foods', 'en:breakfasts', 'en:cereals-and-potatoes', 'en:cereals-and-their-products', 'en:breakfast-cereals', 'en:mueslis', 'en:breakfast-cereals-rich-in-fibre', 'en:cereals-with-nuts', 'en:crunchy-cereal-clusters', 'en:cereal-clusters-with-nuts']",2,[],"['en:e306', 'en:e414']",441.0,17.0,2.1,14.0,9.9,11.0,0.02
Granola baja en azúcares,8480000094742,"['en:plant-based-foods-and-beverages', 'en:plant-based-foods', 'en:breakfasts', 'en:cereals-and-potatoes', 'en:cereals-and-their-products', 'en:breakfast-cereals', 'en:mueslis']",0,[],[],477.0,22.7,3.5,4.7,8.5,13.6,0.02
Jumbo Rolled Oats,5000108030904,"['en:plant-based-foods-and-beverages', 'en:plant-based-foods', 'en:breakfasts', 'en:cereals-and-potatoes', 'en:cereals-and-their-products', 'en:breakfast-cereals', 'en:flakes', 'en:cereal-flakes', 'en:rolled-flakes', 'en:porridge', 'en:rolled-oats']",0,[],[],375.0,8.0,1.5,1.0,9.0,11.0,0.0
Tesco No Added Sugar or Salt Swiss Style Muesli,5052003786561,"['en:plant-based-foods-and-beverages', 'en:plant-based-foods', 'en:breakfasts', 'en:cereals-and-potatoes', 'en:cereals-and-their-products', 'en:breakfast-cereals', 'en:mueslis']",0,[],[],362.0,4.2,0.8,13.3,8.5,10.5,0.03
High Protein Granola Honey & Seed,4056489239956,"['en:plant-based-foods-and-beverages', 'en:plant-based-foods', 'en:breakfasts', 'en:cereals-and-potatoes', 'en:cereals-and-their-products', 'en:breakfast-cereals', 'en:mueslis', 'en:cereals-with-honey']",0,[],[],436.0,16.0,2.67,17.3,5.56,24.9,0.00156
Wholegrain Bran Flakes,00388030,"['en:plant-based-foods-and-beverages', 'en:plant-based-foods', 'en:breakfasts', 'en:cereals-and-potatoes', 'en:cereals-and-their-products', 'en:breakfast-cereals', 'en:flakes', 'en:cereal-flakes', 'en:extruded-cereals', 'en:extruded-flakes', 'en:extruded-wheat-flakes']",0,[],[],347.0,2.6,0.9,8.1,15.7,12.2,0.54
Wholegrain Malties,01242942,"['en:plant-based-foods-and-beverages', 'en:plant-based-foods', 'en:breakfasts', 'en:cereals-and-potatoes', 'en:cereals-and-their-products', 'en:breakfast-cereals', 'en:extruded-cereals']",0,[],[],360.0,1.67,0.333,10.7,11.0,11.3,1.08
Knusper Müsli Schoko,4056489300786,"['en:plant-based-foods-and-beverages', 'en:plant-based-foods', 'en:breakfasts', 'en:cereals-and-potatoes', 'en:cereals-and-their-products', 'en:breakfast-cereals', 'en:chocolate-cereals', 'en:mueslis', 'en:mueslis-with-chocolate']",1,[],['en:e322'],447.0,16.2,5.8,13.7,9.1,10.9,0.41
"Granola Coconut, Cashew & Almond",4056489438564,"['en:plant-based-foods-and-beverages', 'en:plant-based-foods', 'en:breakfasts', 'en:cereals-and-potatoes', 'en:cereals-and-their-products', 'en:breakfast-cereals', 'en:cereals-with-fruits', 'en:mueslis', 'en:breakfast-cereal-fortified-with-vitamins']",0,[],[],427.0,12.5,2.2,15.5,7.6,9.3,0.05
Quaker Cruesli Chocolat au lait,3168930010890,"['en:plant-based-foods-and-beverages', 'en:plant-based-foods', 'en:breakfasts', 'en:cereals-and-potatoes', 'en:cereals-and-their-products', 'en:breakfast-cereals', 'en:chocolate-cereals', 'en:breakfast-cereals-rich-in-fibre', 'en:crunchy-cereal-clusters', 'en:cereal-clusters-with-chocolate']",2,[],"['en:e306', 'en:e322', 'en:e322i']",457.0,19.0,4.8,20.0,8.7,7.7,0.51
Harvest Morn Granola Raisin & Almond,4088600169866,"['en:plant-based-foods-and-beverages', 'en:plant-based-foods', 'en:breakfasts', 'en:cereals-and-potatoes', 'en:cereals-and-their-products', 'en:breakfast-cereals', 'en:mueslis']",0,[],[],427.0,12.0,1.56,18.7,6.89,11.1,0.0222
NESTLE CHOCAPIC Céréales 750g,7613034947611,"['en:plant-based-foods-and-beverages', 'en:plant-based-foods', 'en:breakfasts', 'en:cereals-and-potatoes', 'en:cereals-and-their-products', 'en:breakfast-cereals', 'en:chocolate-cereals', 'en:breakfast-cereals-fortified-with-vitamins-and-chemical-elements', 'en:extruded-cereals', 'en:breakfast-cereals-rich-in-fibre', 'en:chocolate-wheat-shells', 'en:unfilled-breakfast-chocolate-cereals-fortified-with-vitamins-and-chemical-elements']",1,[],"['en:e322', 'en:e322i']",388.0,4.8,2.0,22.4,7.5,8.8,0.22
chocapic,7613032779566,"['en:plant-based-foods-and-beverages', 'en:plant-based-foods', 'en:breakfasts', 'en:cereals-and-potatoes', 'en:cereals-and-their-products', 'en:breakfast-cereals', 'en:chocolate-cereals', 'en:breakfast-cereals-fortified-with-vitamins-and-chemical-elements', 'en:extruded-cereals', 'en:breakfast-cereals-rich-in-fibre', 'en:chocolate-wheat-shells', 'en:unfilled-breakfast-chocolate-cereals-fortified-with-vitamins-and-chemical-elements']",1,[],['en:e322'],384.0,4.4,1.1,19.9,7.7,8.5,0.2
Weetabix 72S 1362G,5010029000856,"['en:plant-based-foods-and-beverages', 'en:plant-based-foods', 'en:breakfasts', 'en:cereals-and-potatoes', 'en:cereals-and-their-products', 'en:breakfast-cereals']",0,[],[],363.0,2.13,0.533,4.27,10.1,12.0,0.267
Dorset cereals nutty muesli,5018357012350,"['en:plant-based-foods-and-beverages', 'en:plant-based-foods', 'en:breakfasts', 'en:cereals-and-potatoes', 'en:cereals-and-their-products', 'en:breakfast-cereals', 'en:cereals-with-fruits', 'en:mueslis', 'en:mueslis-with-fruits']",1,[],['en:e220'],415.0,14.3,2.0,8.4,8.1,13.2,0.03
Wholewheat biscuits,00130530,"['en:plant-based-foods-and-beverages', 'en:plant-based-foods', 'en:breakfasts', 'en:cereals-and-potatoes', 'en:cereals-and-their-products', 'en:breakfast-cereals', 'en:breakfast-cereals-rich-in-fibre']",0,[],[],358.0,2.0,0.6,4.4,10.0,12.0,0.28
Muesli aux fruits,3229820116716,"['en:plant-based-foods-and-beverages', 'en:plant-based-foods', 'en:breakfasts', 'en:cereals-and-potatoes', 'en:cereals-and-their-products', 'en:breakfast-cereals', 'en:cereals-with-fruits', 'en:mueslis', 'en:bircher-style-mueslis', 'en:mueslis-with-fruits', 'en:bircher-style-mueslis-with-fruits']",0,[],[],358.0,6.0,2.5,10.0,10.0,11.0,0.02
FUEL10K Protein Boosted Chunky Chocolate Granola imp,5060201621805,"['en:plant-based-foods-and-beverages', 'en:plant-based-foods', 'en:breakfasts', 'en:cereals-and-potatoes', 'en:cereals-and-their-products', 'en:breakfast-cereals', 'en:breakfast-cereals-rich-in-fibre']",2,[],"['en:e306', 'en:e322']",442.0,13.6,2.8,17.6,6.4,15.8,0.04
Rice Snaps,5054402006486,"['en:plant-based-foods-and-beverages', 'en:plant-based-foods', 'en:breakfasts', 'en:cereals-and-potatoes', 'en:cereals-and-their-products', 'en:breakfast-cereals', 'en:puffed-grains', 'en:puffed-cereals']",0,[],[],387.0,1.33,0.333,5.0,1.67,8.0,0.658
bio organic oat flakes,4056489254157,"['en:plant-based-foods-and-beverages', 'en:plant-based-foods', 'en:breakfasts', 'en:cereals-and-potatoes', 'en:seeds', 'en:cereals-and-their-products', 'en:breakfast-cereals', 'en:cereal-grains', 'en:flakes', 'en:cereal-flakes', 'en:rolled-flakes', 'en:rolled-oats', 'en:oat', 'en:fine-oats']",0,[],[],364.0,6.9,1.0,1.2,12.3,14.2,0.01
GOLDEN SYRUP FLAVOUR MICROWAVEABLE OATS,5000108030553,"['en:plant-based-foods-and-beverages', 'en:plant-based-foods', 'en:breakfasts', 'en:cereals-and-potatoes', 'en:cereals-and-their-products', 'en:breakfast-cereals', 'en:porridge']",0,[],[],375.0,6.39,1.11,17.8,7.22,8.89,0.549
Porridge Oats,5057545744765,"['en:plant-based-foods-and-beverages', 'en:plant-based-foods', 'en:breakfasts', 'en:cereals-and-potatoes', 'en:cereals-and-their-products', 'en:breakfast-cereals', 'en:flakes', 'en:cereal-flakes', 'en:rolled-flakes']",0,[],[],376.0,8.1,1.6,1.5,8.5,11.0,0.01
,8480000094926,"['en:plant-based-foods-and-beverages', 'en:plant-based-foods', 'en:breakfasts', 'en:cereals-and-potatoes', 'en:cereals-and-their-products', 'en:breakfast-cereals', 'en:cereals-with-fruits', 'en:mueslis', 'en:mueslis-with-fruits']",1,[],['en:e330'],367.0,9.3,5.1,26.0,7.8,6.8,0.11
High Protein Granola Nuts & Seeds,5060092030977,"['en:plant-based-foods-and-beverages', 'en:plant-based-foods', 'en:breakfasts', 'en:cereals-and-potatoes', 'en:cereals-and-their-products', 'en:breakfast-cereals', 'en:mueslis', 'en:granola-vegan-vegetarian']",0,[],[],450.0,17.0,3.2,12.0,6.8,27.0,0.61
Cereales special K original,5050083296079,"['en:plant-based-foods-and-beverages', 'en:plant-based-foods', 'en:breakfasts', 'en:cereals-and-potatoes', 'en:cereals-and-their-products', 'en:breakfast-cereals', 'en:flakes', 'en:cereal-flakes', 'en:extruded-cereals', 'en:extruded-flakes', 'en:breakfast-cereals-rich-in-fibre', 'en:mixed-cereal-flakes']",0,[],[],392.0,1.3,0.3,15.0,6.0,8.0,0.84
Original Nuts & Seeds imp,5060043224486,"['en:plant-based-foods-and-beverages', 'en:plant-based-foods', 'en:breakfasts', 'en:cereals-and-potatoes', 'en:cereals-and-their-products', 'en:breakfast-cereals', 'en:mueslis', 'en:cereals-with-nuts', 'en:mueslis-with-nuts']",0,[],[],471.0,22.6,5.0,7.2,7.3,12.5,0.03
NESTLE LION céréales 400g​,3387390019995,"['en:plant-based-foods-and-beverages', 'en:plant-based-foods', 'en:breakfasts', 'en:cereals-and-potatoes', 'en:cereals-and-their-products', 'en:breakfast-cereals', 'en:chocolate-cereals', 'en:extruded-cereals', 'en:cereals-with-caramel']",1,[],['en:e322'],405.0,7.4,1.1,24.5,7.0,8.1,0.48
Bio Knusper Müsli Früchte,4056489296805,"['en:plant-based-foods-and-beverages', 'en:plant-based-foods', 'en:fruits-and-vegetables-based-foods', 'en:breakfasts', 'en:cereals-and-potatoes', 'en:cereals-and-their-products', 'en:fruits-based-foods', 'en:breakfast-cereals', 'en:fruits', 'en:cereals-with-fruits', 'en:mueslis', 'en:berries', 'en:crunchy-mueslis', 'en:mueslis-with-fruits', 'en:crunchy-mueslis-with-fruits']",1,[],['en:e306'],441.0,14.6,4.1,15.8,8.3,9.7,0.1975
Shreddies,7613287136053,"['en:plant-based-foods-and-beverages', 'en:plant-based-foods', 'en:breakfasts', 'en:cereals-and-potatoes', 'en:cereals-and-their-products', 'en:breakfast-cereals', 'en:extruded-cereals']",0,[],[],364.0,1.8,0.3,12.5,12.0,10.8,0.72
Multigrain Alpha Bites,5060139434386,"['en:plant-based-foods-and-beverages', 'en:plant-based-foods', 'en:breakfasts', 'en:cereals-and-potatoes', 'en:cereals-and-their-products', 'en:breakfast-cereals', 'en:extruded-cereals']",0,[],[],380.0,2.7,0.5,11.0,7.0,9.3,0.02
Cereal Mix,8480000095329,"['en:plant-based-foods-and-beverages', 'en:plant-based-foods', 'en:breakfasts', 'en:cereals-and-potatoes', 'en:cereals-and-their-products', 'en:breakfast-cereals', 'en:puffed-grains', 'en:puffed-cereals']",1,[],"['en:e322', 'en:e322i']",372.0,2.7,0.7,17.1,5.6,9.4,0.0
Muesli Protéines,3229820794556,"['en:plant-based-foods-and-beverages', 'en:plant-based-foods', 'en:breakfasts', 'en:cereals-and-potatoes', 'en:cereals-and-their-products', 'en:breakfast-cereals', 'en:cereals-with-fruits', 'en:mueslis', 'en:mueslis-with-fruits']",0,[],[],382.0,12.0,1.9,11.0,13.0,21.0,0.03
Muesli 4 nuts,4056489210016,"['en:plant-based-foods-and-beverages', 'en:plant-based-foods', 'en:breakfasts', 'en:cereals-and-potatoes', 'en:cereals-and-their-products', 'en:breakfast-cereals', 'en:mueslis', 'en:cereals-with-nuts', 'en:mueslis-with-nuts']",0,[],[],454.0,16.9,4.9,18.1,8.1,10.3,0.08
Granola Amandes Noisettes & Graines,5010477356277,"['en:plant-based-foods-and-beverages', 'en:plant-based-foods', 'en:breakfasts', 'en:cereals-and-potatoes', 'en:cereals-and-their-products', 'en:breakfast-cereals', 'en:mueslis', 'en:breakfast-cereals-rich-in-fibre']",0,[],[],451.0,14.8,2.4,2.5,16.1,12.6,0.03
Crownfield Special Flakes Red Fruit,20621452,"['en:plant-based-foods-and-beverages', 'en:plant-based-foods', 'en:breakfasts', 'en:cereals-and-potatoes', 'en:cereals-and-their-products', 'en:breakfast-cereals', 'en:cereals-with-fruits', 'en:extruded-cereals', 'en:breakfast-cereals-rich-in-fibre', 'en:cereal-flakes-with-fruits']",0,[],[],382.0,2.6,0.7,11.5,6.5,8.9,0.37
Muesli pépites croustillantes chocolat-noissette réduit en sucre,3564706604360,"['en:plant-based-foods-and-beverages', 'en:plant-based-foods', 'en:breakfasts', 'en:cereals-and-potatoes', 'en:cereals-and-their-products', 'en:breakfast-cereals', 'en:chocolate-cereals', 'en:mueslis', 'en:crunchy-mueslis', 'en:mueslis-with-chocolate', 'en:crunchy-mueslis-with-chocolate', 'en:crunchy-muesli-with-chocolate-not-fortified-with-vitamins-and-chemical-elements']",3,[],"['en:e306', 'en:e322', 'en:e322i']",432.0,16.0,2.9,9.3,12.0,10.0,0.07
Country Crisp with Sun-Ripe Strawberries imp,5010477300508,"['en:plant-based-foods-and-beverages', 'en:plant-based-foods', 'en:breakfasts', 'en:cereals-and-potatoes', 'en:cereals-and-their-products', 'en:breakfast-cereals', 'en:cereals-with-fruits', 'en:mueslis', 'en:mueslis-with-fruits']",0,[],[],447.0,14.9,4.7,20.8,6.4,8.1,0.03
Multi-Grain Hoops,4088600202433,"['en:plant-based-foods-and-beverages', 'en:plant-based-foods', 'en:breakfasts', 'en:cereals-and-potatoes', 'en:cereals-and-their-products', 'en:breakfast-cereals', 'en:extruded-cereals']",3,[],"['en:e160c', 'en:e170', 'en:e170i', 'en:e306']",370.0,3.33,0.667,14.0,12.3,10.7,0.558
Bran Flakes,4088600326252,"['en:plant-based-foods-and-beverages', 'en:plant-based-foods', 'en:breakfasts', 'en:cereals-and-potatoes', 'en:cereals-and-their-products', 'en:breakfast-cereals', 'en:flakes', 'en:cereal-flakes', 'en:extruded-cereals', 'en:extruded-flakes', 'en:extruded-wheat-flakes']",0,[],[],359.0,2.5,0.5,11.0,16.0,12.0,0.28
Cocoa Alpha Bites,5060139434362,"['en:plant-based-foods-and-beverages', 'en:plant-based-foods', 'en:breakfasts', 'en:cereals-and-potatoes', 'en:cereals-and-their-products', 'en:breakfast-cereals', 'en:extruded-cereals']",0,[],[],385.0,2.4,0.8,12.0,6.7,10.0,0.1
Honey Granola,5018357804863,"['en:plant-based-foods-and-beverages', 'en:plant-based-foods', 'en:breakfasts', 'en:cereals-and-potatoes', 'en:cereals-and-their-products', 'en:breakfast-cereals', 'en:mueslis', 'en:cereals-with-nuts', 'en:mueslis-with-nuts']",0,[],[],494.0,26.7,2.7,12.6,7.0,13.1,0.03
rice crispies,5059319024165,"['en:plant-based-foods-and-beverages', 'en:plant-based-foods', 'en:breakfasts', 'en:cereals-and-potatoes', 'en:cereals-and-their-products', 'en:breakfast-cereals', 'en:puffed-grains', 'en:puffed-cereals', 'en:puffed-rice', 'en:rice-crispies']",0,[],[],390.0,1.33,0.333,8.0,3.0,7.0,0.983
Oreo O's,5010029227062,"['en:plant-based-foods-and-beverages', 'en:plant-based-foods', 'en:breakfasts', 'en:cereals-and-potatoes', 'en:cereals-and-their-products', 'en:breakfast-cereals', 'en:chocolate-cereals', 'en:extruded-cereals']",4,[],"['en:e500', 'en:e500i', 'en:e501', 'en:e501i', 'en:e503', 'en:e503i', 'en:e524']",382.0,2.1,0.8,27.0,3.9,7.9,0.56
Flocons d'avoine,3564706624467,"['en:plant-based-foods-and-beverages', 'en:plant-based-foods', 'en:breakfasts', 'en:cereals-and-potatoes', 'en:cereals-and-their-products', 'en:breakfast-cereals', 'en:flakes', 'en:cereal-flakes', 'en:rolled-flakes', 'en:rolled-oats']",0,[],[],372.0,7.0,1.3,0.7,10.0,14.0,0.025
Weetabix Oatiflakes,5010029208610,"['en:plant-based-foods-and-beverages', 'en:plant-based-foods', 'en:breakfasts', 'en:cereals-and-potatoes', 'en:cereals-and-their-products', 'en:breakfast-cereals', 'en:flakes', 'en:cereal-flakes', 'en:rolled-flakes', 'en:rolled-oats']",0,[],[],405.0,8.6,1.4,14.0,8.0,11.0,0.258
Copos de trigo integral y arroz 0% azúcares añadidos,8480000094889,"['en:plant-based-foods-and-beverages', 'en:plant-based-foods', 'en:breakfasts', 'en:cereals-and-potatoes', 'en:cereals-and-their-products', 'en:breakfast-cereals']",0,[],[],373.0,1.67,0.167,0.667,4.67,10.3,0.6
Nougat Bits,20101268,"['en:plant-based-foods-and-beverages', 'en:plant-based-foods', 'en:breakfasts', 'en:cereals-and-potatoes', 'en:cereals-and-their-products', 'en:breakfast-cereals', 'en:extruded-cereals', 'en:filled-cereals']",1,[],['en:e322'],443.0,16.3,3.5,26.6,4.9,6.1,0.3825
Rice Krispies,5059319023533,"['en:plant-based-foods-and-beverages', 'en:plant-based-foods', 'en:breakfasts', 'en:cereals-and-potatoes', 'en:cereals-and-their-products', 'en:breakfast-cereals', 'en:puffed-grains', 'en:puffed-cereals', 'en:puffed-rice', 'en:plain-puffed-rice']",0,[],[],389.0,1.2,0.4,7.9,2.9,7.0,1.0
Céréales Extra Kellogg's Pépites Chocolat au lait,5050083516313,"['en:plant-based-foods-and-beverages', 'en:plant-based-foods', 'en:breakfasts', 'en:cereals-and-potatoes', 'en:cereals-and-their-products', 'en:breakfast-cereals', 'en:chocolate-cereals', 'en:crunchy-cereal-clusters', 'en:cereal-clusters-with-chocolate']",1,[],"['en:e322', 'en:e322i']",484.0,22.0,12.0,25.0,4.9,7.0,0.68
Shredded Wheat,7613287171009,"['en:plant-based-foods-and-beverages', 'en:plant-based-foods', 'en:breakfasts', 'en:cereals-and-potatoes', 'en:cereals-and-their-products', 'en:breakfast-cereals', 'en:extruded-cereals']",0,[],[],367.5,2.25,0.5,0.75,,11.75,0.05
SPECIAL K The Original,5000127163096,"['en:plant-based-foods-and-beverages', 'en:plant-based-foods', 'en:breakfasts', 'en:cereals-and-potatoes', 'en:cereals-and-their-products', 'en:breakfast-cereals', 'en:flakes', 'en:cereal-flakes', 'en:extruded-cereals', 'en:extruded-flakes', 'en:breakfast-cereals-rich-in-fibre', 'en:mixed-cereal-flakes']",0,[],[],392.0,1.3,0.3,15.0,6.0,8.0,2.1
Super Berry Granola,5060853640124,"['en:plant-based-foods-and-beverages', 'en:plant-based-foods', 'en:breakfasts', 'en:cereals-and-potatoes', 'en:cereals-and-their-products', 'en:breakfast-cereals', 'en:mueslis']",0,[],[],382.0,12.0,1.7,9.7,15.0,11.0,0.04
Céréales Trésor Kellogg's Chocolat Noisettes - 1kg,5050083535079,"['en:plant-based-foods-and-beverages', 'en:plant-based-foods', 'en:breakfasts', 'en:cereals-and-potatoes', 'en:cereals-and-their-products', 'en:breakfast-cereals', 'en:chocolate-cereals', 'en:extruded-cereals', 'en:filled-cereals', 'en:breakfast-cereals-filled-with-chocolate-hazelnuts']",5,[],"['en:e160', 'en:e160b', 'en:e304', 'en:e304i', 'en:e307', 'en:e322', 'en:e322i']",456.0,14.0,3.5,26.0,3.5,7.0,1.1
Shredded Wheat,5011476102223,"['en:plant-based-foods-and-beverages', 'en:plant-based-foods', 'en:breakfasts', 'en:cereals-and-potatoes', 'en:cereals-and-their-products', 'en:breakfast-cereals', 'en:extruded-cereals', 'en:breakfast-cereals-rich-in-fibre']",0,[],[],387.0,5.4,1.2,15.0,9.8,12.0,0.04
Muesli Frutas,8480000094919,"['en:plant-based-foods-and-beverages', 'en:plant-based-foods', 'en:breakfasts', 'en:cereals-and-potatoes', 'en:cereals-and-their-products', 'en:breakfast-cereals', 'en:cereals-with-fruits', 'en:mueslis', 'en:mueslis-with-fruits']",0,[],[],361.0,7.6,3.9,15.0,10.0,9.1,0.08
Muesli,3229820797946,"['en:plant-based-foods-and-beverages', 'en:plant-based-foods', 'en:breakfasts', 'en:cereals-and-potatoes', 'en:cereals-and-their-products', 'en:breakfast-cereals', 'en:cereals-with-fruits', 'en:mueslis', 'en:mueslis-with-fruits']",0,[],[],352.0,5.8,0.9,14.0,10.0,11.0,0.03
Simply porridge oats,4056489462828,"['en:plant-based-foods-and-beverages', 'en:plant-based-foods', 'en:breakfasts', 'en:cereals-and-potatoes', 'en:cereals-and-their-products', 'en:breakfast-cereals', 'en:flakes', 'en:cereal-flakes', 'en:rolled-flakes', 'en:porridge', 'en:rolled-oats']",0,[],[],368.0,8.5,1.25,1.0,9.0,12.0,0.025
Flocons d'avoine complets,3421557910203,"['en:plant-based-foods-and-beverages', 'en:plant-based-foods', 'en:breakfasts', 'en:cereals-and-potatoes', 'en:cereals-and-their-products', 'en:breakfast-cereals', 'en:flakes', 'en:cereal-flakes', 'en:rolled-flakes', 'en:rolled-oats']",0,[],[],371.0,7.0,1.3,0.9,10.0,12.0,0.01
Crunchy Muesli Multi Fruit,4056489209980,"['en:plant-based-foods-and-beverages', 'en:plant-based-foods', 'en:breakfasts', 'en:cereals-and-potatoes', 'en:cereals-and-their-products', 'en:breakfast-cereals', 'en:cereals-with-fruits', 'en:mueslis', 'en:crunchy-mueslis', 'en:mueslis-with-fruits', 'en:crunchy-cereal-clusters', 'en:crunchy-mueslis-with-fruits']",4,[],"['en:e300', 'en:e322', 'en:e322i', 'en:e330']",426.0,13.9,7.0,24.1,7.6,7.9,0.245
KitKat Cereal,8445290728791,"['en:plant-based-foods-and-beverages', 'en:plant-based-foods', 'en:breakfasts', 'en:cereals-and-potatoes', 'en:cereals-and-their-products', 'en:breakfast-cereals', 'en:chocolate-cereals', 'en:breakfast-cereals-fortified-with-vitamins-and-chemical-elements', 'en:extruded-cereals', 'en:unfilled-breakfast-chocolate-cereals-fortified-with-vitamins-and-chemical-elements']",2,[],"['en:e306', 'en:e322']",420.0,10.9,4.0,24.7,6.4,7.8,0.37
Muesli Swiss Style,4088600169934,"['en:plant-based-foods-and-beverages', 'en:plant-based-foods', 'en:breakfasts', 'en:cereals-and-potatoes', 'en:cereals-and-their-products', 'en:breakfast-cereals', 'en:mueslis', 'en:bircher-style-mueslis', 'en:muesli-flakes-not-fortified-with-vitamins-and-chemical-elements']",0,[],[],362.0,4.89,0.889,12.4,16.0,11.3,0.0222
,3387390339505,"['en:plant-based-foods-and-beverages', 'en:plant-based-foods', 'en:breakfasts', 'en:cereals-and-potatoes', 'en:cereals-and-their-products', 'en:breakfast-cereals', 'en:extruded-cereals', 'en:breakfast-cereals-rich-in-fibre', 'en:cereals-with-caramel']",1,[],"['en:e500', 'en:e500ii']",378.0,3.3,0.4,24.5,6.5,6.9,0.97
Muesli croustillant tradition,3421557501722,"['en:plant-based-foods-and-beverages', 'en:plant-based-foods', 'en:breakfasts', 'en:cereals-and-potatoes', 'en:cereals-and-their-products', 'en:breakfast-cereals', 'en:mueslis']",0,[],[],440.0,13.0,1.7,20.0,5.9,9.1,0.05
Raisin Wheats,5059319002811,"['en:plant-based-foods-and-beverages', 'en:plant-based-foods', 'en:breakfasts', 'en:cereals-and-potatoes', 'en:cereals-and-their-products', 'en:breakfast-cereals', 'en:extruded-cereals']",1,[],['en:e422'],359.0,1.8,0.2,13.0,7.6,11.0,0.01
Really Nutty Granola,4088600169859,"['en:plant-based-foods-and-beverages', 'en:plant-based-foods', 'en:breakfasts', 'en:cereals-and-potatoes', 'en:cereals-and-their-products', 'en:breakfast-cereals', 'en:mueslis', 'en:cereals-with-nuts', 'en:mueslis-with-nuts']",0,[],[],452.0,17.4,2.0,14.6,6.4,11.9,0.03
Cherry Bakewell Oat Boosts,5055958705342,"['en:plant-based-foods-and-beverages', 'en:plant-based-foods', 'en:snacks', 'en:breakfasts', 'en:cereals-and-potatoes', 'en:sweet-snacks', 'en:cereals-and-their-products', 'en:breakfast-cereals', 'en:bars', 'en:flakes', 'en:cereal-bars', 'en:cereal-flakes', 'en:rolled-flakes', 'en:rolled-oats', 'en:cooked-oat-flakes', 'en:oat-biscuits']",3,[],"['en:e322', 'en:e322i', 'en:e415', 'en:e422']",437.0,22.3,3.67,12.7,15.3,6.33,0.2
Smacks,5053827101424,"['en:plant-based-foods-and-beverages', 'en:plant-based-foods', 'en:breakfasts', 'en:cereals-and-potatoes', 'en:cereals-and-their-products', 'en:breakfast-cereals', 'en:puffed-grains', 'en:puffed-cereals', 'en:puffed-wheat', 'en:puffed-wheat-with-caramel', 'en:cereals-with-caramel']",0,[],[],377.0,1.6,0.3,34.0,5.0,7.1,0.02
Crunchy Nut,5000127049307,"['en:plant-based-foods-and-beverages', 'en:plant-based-foods', 'en:breakfasts', 'en:cereals-and-potatoes', 'en:cereals-and-their-products', 'en:nuts-and-their-products', 'en:breakfast-cereals', 'en:nuts', 'en:flakes', 'en:cereal-flakes', 'en:extruded-cereals', 'en:extruded-flakes', 'en:corn-flakes', 'en:cereals-with-honey']",0,[],[],397.0,4.67,0.667,36.7,2.67,6.0,0.767
Muesli croustillant duo pépites,3421557501975,"['en:plant-based-foods-and-beverages', 'en:plant-based-foods', 'en:breakfasts', 'en:cereals-and-potatoes', 'en:cereals-and-their-products', 'en:breakfast-cereals', 'en:cereals-with-fruits', 'en:chocolate-cereals', 'en:mueslis', 'en:crunchy-mueslis', 'en:mueslis-with-chocolate', 'en:mueslis-with-fruits', 'en:crunchy-mueslis-with-chocolate', 'en:crunchy-mueslis-with-fruits']",0,[],[],433.0,13.0,3.8,25.0,7.6,9.2,0.05
,20202859,"['en:plant-based-foods-and-beverages', 'en:plant-based-foods', 'en:breakfasts', 'en:cereals-and-potatoes', 'en:cereals-and-their-products', 'en:breakfast-cereals', 'en:cereals-with-fruits', 'en:mueslis', 'en:mueslis-with-fruits']",2,[],"['en:e220', 'en:e330']",377.0,9.7,5.1,24.8,8.2,7.9,0.07
FRUIT & FIBRE FRUITY CRUNCH,5000119684257,"['en:plant-based-foods-and-beverages', 'en:plant-based-foods', 'en:breakfasts', 'en:cereals-and-potatoes', 'en:cereals-and-their-products', 'en:breakfast-cereals', 'en:cereals-with-fruits', 'en:mueslis', 'en:mueslis-with-fruits']",0,[],[],367.0,5.1,2.9,22.0,9.8,9.4,0.5
Jordans Natural Muesli,5010477338679,"['en:plant-based-foods-and-beverages', 'en:plant-based-foods', 'en:breakfasts', 'en:cereals-and-potatoes', 'en:cereals-and-their-products', 'en:breakfast-cereals', 'en:mueslis']",0,[],[],354.0,3.6,0.7,15.8,11.6,12.0,0.03
Multigrain Hoops,20425609,"['en:plant-based-foods-and-beverages', 'en:plant-based-foods', 'en:breakfasts', 'en:cereals-and-potatoes', 'en:cereals-and-their-products', 'en:breakfast-cereals', 'en:extruded-cereals', 'en:breakfast-cereals-rich-in-fibre']",1,[],"['en:e160b', 'en:e160bii']",376.0,2.7,0.4,17.7,8.0,9.4,0.6875
Porridge Oat,4088600021102,"['en:plant-based-foods-and-beverages', 'en:plant-based-foods', 'en:breakfasts', 'en:cereals-and-potatoes', 'en:seeds', 'en:cereals-and-their-products', 'en:breakfast-cereals', 'en:cereal-grains', 'en:flakes', 'en:cereal-flakes', 'en:rolled-flakes', 'en:rolled-oats', 'en:oat']",0,[],[],375.0,7.75,1.5,1.0,9.25,11.2,0.0
cornflakes,00358149,"['en:plant-based-foods-and-beverages', 'en:plant-based-foods', 'en:breakfasts', 'en:cereals-and-potatoes', 'en:cereals-and-their-products', 'en:breakfast-cereals', 'en:flakes', 'en:cereal-flakes', 'en:extruded-cereals', 'en:extruded-flakes', 'en:corn-flakes']",0,[],[],382.0,1.0,0.4,4.2,2.3,7.4,0.835
Swiss Style Muesli,5010029201246,"['en:plant-based-foods-and-beverages', 'en:plant-based-foods', 'en:breakfasts', 'en:cereals-and-potatoes', 'en:cereals-and-their-products', 'en:breakfast-cereals', 'en:cereals-with-fruits', 'en:mueslis', 'en:bircher-style-mueslis', 'en:mueslis-with-fruits', 'en:bircher-style-mueslis-with-fruits', 'en:cereals-with-nuts', 'en:mueslis-with-nuts']",0,[],[],369.0,5.8,0.9,16.0,8.3,12.0,0.275
Céréales trésor - chocolat au lait,5053827199667,"['en:plant-based-foods-and-beverages', 'en:plant-based-foods', 'en:breakfasts', 'en:cereals-and-potatoes', 'en:cereals-and-their-products', 'en:breakfast-cereals', 'en:chocolate-cereals', 'en:extruded-cereals', 'en:filled-cereals', 'en:breakfast-cereals-filled-with-chocolate']",6,[],"['en:e160', 'en:e160b', 'en:e304', 'en:e304i', 'en:e307', 'en:e322', 'en:e322i', 'en:e330']",448.0,15.0,4.7,25.0,3.7,7.0,0.96
Lion cereal with caramel and chocolate,7613031370641,"['en:plant-based-foods-and-beverages', 'en:plant-based-foods', 'en:breakfasts', 'en:cereals-and-potatoes', 'en:cereals-and-their-products', 'en:breakfast-cereals', 'en:chocolate-cereals', 'en:extruded-cereals', 'en:breakfast-cereals-rich-in-fibre', 'en:cereals-with-caramel']",1,[],"['en:e322', 'en:e322i']",405.0,7.4,1.1,24.5,7.0,8.1,0.48
Kelloggs Fruit & Fibre 700g,5059319004051,"['en:plant-based-foods-and-beverages', 'en:plant-based-foods', 'en:breakfasts', 'en:cereals-and-potatoes', 'en:cereals-and-their-products', 'en:breakfast-cereals', 'en:cereals-with-fruits', 'en:extruded-cereals', 'en:cereal-flakes-with-fruits']",0,[],[],408.0,4.7,3.0,23.0,8.8,9.0,1.0825
Shreddies,8445290384874,"['en:plant-based-foods-and-beverages', 'en:plant-based-foods', 'en:breakfasts', 'en:cereals-and-potatoes', 'en:cereals-and-their-products', 'en:breakfast-cereals', 'en:extruded-cereals', 'en:breakfast-cereals-rich-in-fibre']",0,[],[],364.0,1.8,0.3,12.5,12.0,10.8,0.72
Very Berry Granola,4088600169842,"['en:plant-based-foods-and-beverages', 'en:plant-based-foods', 'en:breakfasts', 'en:cereals-and-potatoes', 'en:cereals-and-their-products', 'en:breakfast-cereals', 'en:cereals-with-fruits', 'en:mueslis']",0,[],[],418.0,11.3,1.5,16.1,7.8,10.9,0.0301
Muesli Crunchy Chocolate,8480000093554,"['en:plant-based-foods-and-beverages', 'en:plant-based-foods', 'en:breakfasts', 'en:cereals-and-potatoes', 'en:cereals-and-their-products', 'en:breakfast-cereals', 'en:chocolate-cereals', 'en:mueslis', 'en:mueslis-with-chocolate']",2,[],"['en:e306', 'en:e322', 'en:e322i']",434.0,16.0,4.5,24.0,6.0,8.4,0.43
Corn Flakes,8010265640202,"['en:plant-based-foods-and-beverages', 'en:plant-based-foods', 'en:breakfasts', 'en:cereals-and-potatoes', 'en:cereals-and-their-products', 'en:breakfast-cereals', 'en:flakes', 'en:cereal-flakes', 'en:extruded-cereals', 'en:extruded-flakes', 'en:corn-flakes']",0,[],[],378.0,0.9,0.2,8.0,3.0,7.0,1.1
"Weetabix, Crunchy Bran",5010029204247,"['en:plant-based-foods-and-beverages', 'en:plant-based-foods', 'en:breakfasts', 'en:cereals-and-potatoes', 'en:cereals-and-their-products', 'en:breakfast-cereals', 'en:extruded-cereals', 'en:breakfast-cereals-rich-in-fibre']",0,[],[],351.0,4.3,0.8,14.0,22.0,13.0,0.58
Rice crispies multigrain shapes,5050083197840,"['en:plant-based-foods-and-beverages', 'en:plant-based-foods', 'en:breakfasts', 'en:cereals-and-potatoes', 'en:cereals-and-their-products', 'en:breakfast-cereals', 'en:extruded-cereals', 'en:breakfast-cereals-rich-in-fibre']",3,[],"['en:e160b', 'en:e160bii', 'en:e304', 'en:e304i', 'en:e307']",397.0,3.1,0.6,15.0,7.5,7.5,0.18
Scottish Oats,5000119092502,"['en:plant-based-foods-and-beverages', 'en:plant-based-foods', 'en:breakfasts', 'en:cereals-and-potatoes', 'en:cereals-and-their-products', 'en:breakfast-cereals', 'en:flakes', 'en:cereal-flakes', 'en:rolled-flakes', 'en:rolled-oats']",0,[],[],370.0,7.5,1.3,1.0,8.4,11.7,0.01
Bran Flakes,5053827193368,"['en:plant-based-foods-and-beverages', 'en:plant-based-foods', 'en:breakfasts', 'en:cereals-and-potatoes', 'en:cereals-and-their-products', 'en:breakfast-cereals', 'en:flakes', 'en:cereal-flakes', 'en:extruded-cereals', 'en:extruded-flakes', 'en:extruded-wheat-flakes']",0,[],[],358.0,2.2,0.4,14.0,17.0,11.0,0.66
Muesli Crunchy,4056489687337,"['en:plant-based-foods-and-beverages', 'en:plant-based-foods', 'en:breakfasts', 'en:cereals-and-potatoes', 'en:cereals-and-their-products', 'en:breakfast-cereals', 'en:chocolate-cereals', 'en:mueslis', 'en:mueslis-with-chocolate']",3,[],"['en:e306', 'en:e322', 'en:e492']",445.0,15.8,3.0,16.0,9.8,8.9,0.00013
Ready brek original,5010029013047,"['en:plant-based-foods-and-beverages', 'en:plant-based-foods', 'en:breakfasts', 'en:cereals-and-potatoes', 'en:seeds', 'en:cereals-and-their-products', 'en:breakfast-cereals', 'en:cereal-grains', 'en:flakes', 'en:cereal-flakes', 'en:rolled-flakes', 'en:rolled-oats', 'en:oat']",0,[],[],374.0,8.7,1.2,1.0,7.9,12.0,0.03
Special K Chocolat noir,5059319025711,"['en:plant-based-foods-and-beverages', 'en:plant-based-foods', 'en:breakfasts', 'en:cereals-and-potatoes', 'en:cereals-and-their-products', 'en:breakfast-cereals', 'en:chocolate-cereals', 'en:extruded-cereals', 'en:breakfast-cereals-rich-in-fibre', 'en:cereal-flakes-with-chocolate']",1,[],['en:e322'],424.0,6.1,3.2,17.0,6.0,8.2,0.64
"Low Sugar Granola, Wholegrain Oats, Almonds & Seeds",5013803001070,"['en:plant-based-foods-and-beverages', 'en:plant-based-foods', 'en:breakfasts', 'en:cereals-and-potatoes', 'en:cereals-and-their-products', 'en:breakfast-cereals', 'en:mueslis']",0,[],[],495.0,31.4,9.2,4.4,12.8,13.7,0.05
PROTEIN,5010029221701,"['en:plant-based-foods-and-beverages', 'en:plant-based-foods', 'en:breakfasts', 'en:cereals-and-potatoes', 'en:cereals-and-their-products', 'en:breakfast-cereals']",0,[],[],365.0,2.5,0.5,4.75,10.0,19.0,0.25
Malt wheaties,20508111,"['en:plant-based-foods-and-beverages', 'en:plant-based-foods', 'en:breakfasts', 'en:cereals-and-potatoes', 'en:cereals-and-their-products', 'en:breakfast-cereals', 'en:extruded-cereals']",0,[],[],373.0,2.67,0.667,10.3,12.7,9.67,0.458
Grainéa Muesli - 4 Noix,3564706612792,"['en:plant-based-foods-and-beverages', 'en:plant-based-foods', 'en:breakfasts', 'en:cereals-and-potatoes', 'en:cereals-and-their-products', 'en:breakfast-cereals', 'en:mueslis', 'en:cereals-with-nuts', 'en:mueslis-with-nuts']",3,[],"['en:e150a', 'en:e306', 'en:e471']",463.0,18.0,2.4,16.0,8.5,11.0,0.15
Corn Flakes Cereal,5053827209205,"['en:plant-based-foods-and-beverages', 'en:plant-based-foods', 'en:breakfasts', 'en:cereals-and-potatoes', 'en:cereals-and-their-products', 'en:breakfast-cereals', 'en:flakes', 'en:cereal-flakes', 'en:extruded-cereals', 'en:extruded-flakes', 'en:corn-flakes', 'en:sugar-iced-corn-flakes', 'en:sugar-iced-corn-flakes-fortified-with-vitamins-and-chemical-elements']",0,[],[],378.0,0.9,0.2,8.0,3.0,7.0,1.1
,3168930010869,"['en:plant-based-foods-and-beverages', 'en:plant-based-foods', 'en:breakfasts', 'en:cereals-and-potatoes', 'en:cereals-and-their-products', 'en:breakfast-cereals', 'en:chocolate-cereals', 'en:mueslis', 'en:mueslis-with-chocolate', 'en:crunchy-cereal-clusters', 'en:cereal-clusters-with-chocolate']",3,[],"['en:e306', 'en:e322', 'en:e322i', 'en:e476']",455.0,19.0,4.9,16.0,10.0,8.1,0.48
Weetabix organic imp,5010029204209,"['en:plant-based-foods-and-beverages', 'en:plant-based-foods', 'en:breakfasts', 'en:cereals-and-potatoes', 'en:cereals-and-their-products', 'en:breakfast-cereals']",0,[],[],358.0,2.0,0.6,4.4,10.0,10.0,0.3
CHEERIOS BIO Céréale 375g,7613036669498,"['en:plant-based-foods-and-beverages', 'en:plant-based-foods', 'en:breakfasts', 'en:cereals-and-potatoes', 'en:cereals-and-their-products', 'en:breakfast-cereals', 'en:extruded-cereals', 'en:breakfast-cereals-rich-in-fibre']",1,[],['en:e306'],388.0,6.6,0.9,18.0,9.9,9.1,0.65
Flocons d'avoine complète 500g,3250391896554,"['en:plant-based-foods-and-beverages', 'en:plant-based-foods', 'en:breakfasts', 'en:cereals-and-potatoes', 'en:cereals-and-their-products', 'en:breakfast-cereals', 'en:flakes', 'en:cereal-flakes', 'en:rolled-flakes', 'en:rolled-oats']",0,[],[],369.0,6.8,1.2,1.1,10.0,12.0,0.05
Muesli crunchy frutos secos,8480000093578,"['en:plant-based-foods-and-beverages', 'en:plant-based-foods', 'en:breakfasts', 'en:cereals-and-potatoes', 'en:cereals-and-their-products', 'en:breakfast-cereals', 'en:cereals-with-fruits', 'en:mueslis', 'en:mueslis-with-fruits']",0,[],[],458.0,18.0,2.0,22.0,6.0,8.0,0.5
Cocoa & Hazelnut Gut-Loving Granola,5060853640131,"['en:plant-based-foods-and-beverages', 'en:plant-based-foods', 'en:breakfasts', 'en:cereals-and-potatoes', 'en:cereals-and-their-products', 'en:breakfast-cereals', 'en:mueslis']",0,[],[],403.0,14.2,1.67,12.3,19.0,16.0,0.163
NESTLE NESQUIK Céréales 450g,7613035144699,"['en:plant-based-foods-and-beverages', 'en:plant-based-foods', 'en:breakfasts', 'en:cereals-and-potatoes', 'en:cereals-and-their-products', 'en:breakfast-cereals', 'en:chocolate-cereals', 'en:breakfast-cereals-fortified-with-vitamins-and-chemical-elements', 'en:extruded-cereals', 'en:breakfast-cereals-rich-in-fibre', 'en:chocolate-cereal-balls', 'en:unfilled-breakfast-chocolate-cereals-fortified-with-vitamins-and-chemical-elements']",0,[],[],377.0,2.8,1.1,22.4,8.6,8.5,0.22
Muesli Crunchy 0%,4056489167853,"['en:plant-based-foods-and-beverages', 'en:plant-based-foods', 'en:breakfasts', 'en:cereals-and-potatoes', 'en:cereals-and-their-products', 'en:breakfast-cereals']",2,[],"['en:e306', 'en:e965']",423.0,13.4,1.7,0.9,8.1,11.2,2.5e-05
Flocons d'avoine,3560071190965,"['en:plant-based-foods-and-beverages', 'en:plant-based-foods', 'en:breakfasts', 'en:cereals-and-potatoes', 'en:cereals-and-their-products', 'en:breakfast-cereals', 'en:flakes', 'en:cereal-flakes', 'en:rolled-flakes', 'en:rolled-oats']",0,[],[],372.0,7.0,1.3,0.7,10.0,14.0,0.01
CORN FLAKES 1kg,5000127014084,"['en:plant-based-foods-and-beverages', 'en:plant-based-foods', 'en:breakfasts', 'en:cereals-and-potatoes', 'en:cereals-and-their-products', 'en:breakfast-cereals', 'en:flakes', 'en:cereal-flakes', 'en:extruded-cereals', 'en:extruded-flakes', 'en:corn-flakes']",0,[],[],378.0,0.9,0.2,8.0,3.0,7.0,1.0825
Super Nutty Granola,5057753031664,"['en:plant-based-foods-and-beverages', 'en:plant-based-foods', 'en:breakfasts', 'en:cereals-and-potatoes', 'en:cereals-and-their-products', 'en:breakfast-cereals', 'en:mueslis', 'en:cereals-with-nuts', 'en:mueslis-with-nuts']",0,[],[],460.0,18.7,2.3,12.1,8.6,12.6,0.2
Frosties,5059319023342,"['en:plant-based-foods-and-beverages', 'en:plant-based-foods', 'en:breakfasts', 'en:cereals-and-potatoes', 'en:cereals-and-their-products', 'en:frozen-foods', 'en:breakfast-cereals', 'en:flakes', 'en:cereal-flakes', 'en:extruded-cereals', 'en:breakfast-cereals-puffed-cereals-wholemeal-fortified-with-vitamins-and-chemical-elements']",0,[],[],375.0,0.6,0.1,37.0,2.0,4.5,0.83
coco pops,5059319028958,"['en:plant-based-foods-and-beverages', 'en:plant-based-foods', 'en:breakfasts', 'en:cereals-and-potatoes', 'en:cereals-and-their-products', 'en:breakfast-cereals', 'en:puffed-grains', 'en:chocolate-cereals', 'en:puffed-cereals', 'en:breakfast-cereals-fortified-with-vitamins-and-chemical-elements', 'en:puffed-rice', 'en:chocolate-puffed-rice']",0,[],[],386.0,1.9,0.9,17.0,3.8,6.3,0.64
Flocons d'avoine 4 graines et raisins,3229820786599,"['en:plant-based-foods-and-beverages', 'en:plant-based-foods', 'en:breakfasts', 'en:cereals-and-potatoes', 'en:cereals-and-their-products', 'en:breakfast-cereals', 'en:cereals-with-fruits', 'en:mueslis', 'en:mueslis-with-fruits']",0,[],[],394.0,12.0,1.8,8.6,11.0,15.0,0.03
Blueberry Wheats,5059319013473,"['en:plant-based-foods-and-beverages', 'en:plant-based-foods', 'en:breakfasts', 'en:cereals-and-potatoes', 'en:cereals-and-their-products', 'en:breakfast-cereals', 'en:extruded-cereals', 'en:filled-cereals']",3,[],"['en:e330', 'en:e422', 'en:e440']",364.0,1.5,0.2,16.0,8.0,8.5,0.02
Crousti fondant choco-noisettes,8445290114594,"['en:plant-based-foods-and-beverages', 'en:plant-based-foods', 'en:breakfasts', 'en:cereals-and-potatoes', 'en:cereals-and-their-products', 'en:breakfast-cereals', 'en:chocolate-cereals', 'en:extruded-cereals', 'en:breakfast-cereals-rich-in-fibre', 'en:filled-cereals', 'en:breakfast-cereals-filled-with-chocolate-hazelnuts']",2,[],"['en:e306', 'en:e322']",452.0,17.4,2.4,17.5,6.2,7.7,0.22
Jordans Country Crisp,5010477308221,"['en:plant-based-foods-and-beverages', 'en:plant-based-foods', 'en:breakfasts', 'en:cereals-and-potatoes', 'en:cereals-and-their-products', 'en:breakfast-cereals', 'en:mueslis', 'en:cereals-with-nuts', 'en:crunchy-cereal-clusters', 'en:cereal-clusters-with-nuts']",0,[],[],465.0,20.0,2.6,18.0,6.1,11.0,0.03
bitesize wheat shreds,20511371,"['en:plant-based-foods-and-beverages', 'en:plant-based-foods', 'en:breakfasts', 'en:cereals-and-potatoes', 'en:cereals-and-their-products', 'en:breakfast-cereals', 'en:extruded-cereals', 'en:breakfast-cereals-rich-in-fibre']",0,[],[],367.0,2.2,0.5,0.7,12.5,12.5,0.04
"Almond, Apple & Raisin Granola",5060482841510,"['en:plant-based-foods-and-beverages', 'en:plant-based-foods', 'en:breakfasts', 'en:cereals-and-potatoes', 'en:cereals-and-their-products', 'en:breakfast-cereals', 'en:cereals-with-fruits', 'en:mueslis', 'en:mueslis-with-fruits', 'en:cereals-with-nuts', 'en:mueslis-with-nuts']",0,[],[],433.0,14.0,2.7,18.0,8.3,10.7,0.04
Croustillant graines de courge et de tournesol,3560071407773,"['en:plant-based-foods-and-beverages', 'en:plant-based-foods', 'en:breakfasts', 'en:cereals-and-potatoes', 'en:cereals-and-their-products', 'en:breakfast-cereals', 'en:mueslis', 'fr:muesli-croustillant-au-graines-de-courge-et-de-tournesol']",0,[],[],425.0,14.0,1.9,15.0,6.2,11.0,0.02
Tesco Free From Red Berry Granola 350g,5052910395559,"['en:plant-based-foods-and-beverages', 'en:plant-based-foods', 'en:breakfasts', 'en:cereals-and-potatoes', 'en:cereals-and-their-products', 'en:breakfast-cereals', 'en:cereals-with-fruits', 'en:mueslis', 'en:mueslis-with-fruits']",0,[],[],450.0,16.2,2.8,16.8,7.6,9.8,0.02
NESTLE CHOCAPIC Céréales 645g,7613035449626,"['en:plant-based-foods-and-beverages', 'en:plant-based-foods', 'en:breakfasts', 'en:cereals-and-potatoes', 'en:cereals-and-their-products', 'en:breakfast-cereals', 'en:chocolate-cereals', 'en:breakfast-cereals-fortified-with-vitamins-and-chemical-elements', 'en:extruded-cereals', 'en:breakfast-cereals-rich-in-fibre', 'en:chocolate-wheat-shells', 'en:unfilled-breakfast-chocolate-cereals-fortified-with-vitamins-and-chemical-elements']",1,[],['en:e322'],384.0,4.4,1.1,19.9,7.7,8.5,0.2
Special Flakes Chocolate Noir,20621445,"['en:plant-based-foods-and-beverages', 'en:plant-based-foods', 'en:breakfasts', 'en:cereals-and-potatoes', 'en:cereals-and-their-products', 'en:breakfast-cereals', 'en:chocolate-cereals', 'en:flakes', 'en:extruded-cereals', 'en:breakfast-cereals-rich-in-fibre', 'en:cereal-flakes-with-chocolate']",1,[],['en:e322'],402.0,6.0,1.8,0.0,8.4,7.8,1.15
"Fruit, Nut and Seed Muesli",01817942,"['en:plant-based-foods-and-beverages', 'en:plant-based-foods', 'en:breakfasts', 'en:cereals-and-potatoes', 'en:cereals-and-their-products', 'en:breakfast-cereals', 'en:cereals-with-fruits', 'en:mueslis', 'en:mueslis-with-fruits']",1,[],['en:e220'],389.0,11.0,2.7,19.3,8.8,10.1,0.02
premium müsli,20202866,"['en:plant-based-foods-and-beverages', 'en:plant-based-foods', 'en:breakfasts', 'en:cereals-and-potatoes', 'en:cereals-and-their-products', 'en:breakfast-cereals', 'en:cereals-with-fruits', 'en:mueslis', 'en:mueslis-with-fruits']",3,[],"['en:e220', 'en:e322', 'en:e330']",382.0,7.1,2.3,25.1,8.7,8.5,0.07
T&C Muesli croustillant avoine amandes sans gluten,3421557502446,"['en:plant-based-foods-and-beverages', 'en:plant-based-foods', 'en:breakfasts', 'en:cereals-and-potatoes', 'en:cereals-and-their-products', 'en:breakfast-cereals', 'en:mueslis', 'en:cereals-with-nuts', 'en:mueslis-with-nuts']",0,[],[],447.0,15.0,1.8,18.0,6.9,9.0,0.04
Extra chocolate y avellanas,5053827139229,"['en:plant-based-foods-and-beverages', 'en:plant-based-foods', 'en:breakfasts', 'en:cereals-and-potatoes', 'en:cereals-and-their-products', 'en:breakfast-cereals', 'en:mueslis', 'en:crunchy-mueslis']",1,[],"['en:e322', 'en:e322i']",491.0,25.0,10.0,21.0,7.0,8.0,0.68
Muesli de quinoa y chocolate,3560071407650,"['en:plant-based-foods-and-beverages', 'en:plant-based-foods', 'en:breakfasts', 'en:cereals-and-potatoes', 'en:cereals-and-their-products', 'en:breakfast-cereals', 'en:chocolate-cereals', 'en:mueslis', 'en:crunchy-mueslis', 'en:mueslis-with-chocolate', 'en:crunchy-mueslis-with-chocolate', 'en:crunchy-muesli-with-chocolate-not-fortified-with-vitamins-and-chemical-elements']",1,[],['en:e392'],424.0,12.0,4.4,16.0,6.8,9.1,0.08
Ancient Grains Probiotic Granola,0096619194261,"['en:plant-based-foods-and-beverages', 'en:plant-based-foods', 'en:breakfasts', 'en:cereals-and-potatoes', 'en:cereals-and-their-products', 'en:breakfast-cereals']",1,[],['en:e306'],455.0,16.4,2.73,16.4,10.9,9.09,0.614
Haferflocken,4000540000108,"['en:plant-based-foods-and-beverages', 'en:plant-based-foods', 'en:breakfasts', 'en:cereals-and-potatoes', 'en:cereals-and-their-products', 'en:breakfast-cereals', 'en:flakes', 'en:cereal-flakes', 'en:rolled-flakes', 'en:rolled-oats']",0,[],[],361.0,6.7,1.3,1.2,11.0,14.0,0.0
Quaker Cruesli Frutta Secca,8710100126402,"['en:plant-based-foods-and-beverages', 'en:plant-based-foods', 'en:breakfasts', 'en:cereals-and-potatoes', 'en:cereals-and-their-products', 'en:breakfast-cereals', 'en:mueslis', 'en:crunchy-cereal-clusters']",0,[],[],462.0,19.0,2.0,12.0,10.0,8.5,0.01
Quaker Flocons d'avoine,5000108478119,"['en:plant-based-foods-and-beverages', 'en:plant-based-foods', 'en:breakfasts', 'en:cereals-and-potatoes', 'en:cereals-and-their-products', 'en:breakfast-cereals', 'en:flakes', 'en:cereal-flakes', 'en:rolled-flakes', 'en:rolled-oats']",0,[],[],374.0,8.0,1.5,1.1,9.0,11.0,0.0
So Simple Original Family Pack Porridge,5000108675495,"['en:plant-based-foods-and-beverages', 'en:plant-based-foods', 'en:breakfasts', 'en:cereals-and-potatoes', 'en:cereals-and-their-products', 'en:breakfast-cereals', 'en:sweeteners', 'en:flakes', 'en:cereal-flakes', 'en:sugars', 'en:porridge', 'en:ingredient', 'en:saturates']",0,[],[],370.0,7.7,1.3,1.0,9.0,11.0,0.0
Scottish porridge oats,00410205,"['en:plant-based-foods-and-beverages', 'en:plant-based-foods', 'en:breakfasts', 'en:cereals-and-potatoes', 'en:cereals-and-their-products', 'en:breakfast-cereals', 'en:flakes', 'en:cereal-flakes', 'en:rolled-flakes', 'en:porridge', 'en:rolled-oats']",0,[],[],363.0,7.0,1.0,1.1,8.3,10.3,0.0
SMOOZY,6111250010948,"['en:beverages-and-beverages-preparations', 'en:plant-based-foods-and-beverages', 'en:beverages', 'en:dairies', 'en:fermented-foods', 'en:plant-based-foods', 'en:fermented-milk-products', 'en:breakfasts', 'en:cereals-and-potatoes', 'en:desserts', 'en:cereals-and-their-products', 'en:dairy-desserts', 'en:breakfast-cereals', 'en:dairy-drinks', 'en:fermented-dairy-desserts', 'en:fermented-drinks', 'en:yogurts', 'en:fermented-milk-drinks', 'en:drinkable-yogurts']",0,[],[],9.0,1.2,0.8,8.9,,9.0,9.0
Quaker Cruesli Chocolat noisette,3168930009788,"['en:plant-based-foods-and-beverages', 'en:plant-based-foods', 'en:breakfasts', 'en:cereals-and-potatoes', 'en:cereals-and-their-products', 'en:breakfast-cereals', 'en:chocolate-cereals', 'en:breakfast-cereals-rich-in-fibre', 'en:crunchy-cereal-clusters', 'en:cereal-clusters-with-chocolate']",3,[],"['en:e306', 'en:e322', 'en:e322i', 'en:e492']",446.0,16.0,2.5,16.0,10.0,7.4,0.0
Flocons d’avoine,6111250474894,"['en:plant-based-foods-and-beverages', 'en:plant-based-foods', 'en:breakfasts', 'en:cereals-and-potatoes', 'en:cereals-and-their-products', 'en:breakfast-cereals', 'en:flakes', 'en:cereal-flakes', 'en:rolled-flakes', 'en:rolled-oats']",0,[],[],372.0,7.0,1.3,1.3,10.0,13.2,0.325
Puffed Wheat,00358132,"['en:plant-based-foods-and-beverages', 'en:plant-based-foods', 'en:breakfasts', 'en:cereals-and-potatoes', 'en:cereals-and-their-products', 'en:breakfast-cereals', 'en:puffed-grains', 'en:puffed-cereals', 'en:puffed-wheat', 'en:plain-puffed-wheat']",0,[],[],376.0,2.4,0.6,0.6,9.2,14.5,0.001
Céréales Frosties,5053827111027,"['en:plant-based-foods-and-beverages', 'en:plant-based-foods', 'en:breakfasts', 'en:cereals-and-potatoes', 'en:cereals-and-their-products', 'en:breakfast-cereals', 'en:flakes', 'en:cereal-flakes', 'en:extruded-cereals', 'en:extruded-flakes', 'en:corn-flakes']",0,[],[],375.0,0.6,0.1,37.0,2.0,4.5,0.83
Muesli CroustillantNoix,3596710446605,"['en:plant-based-foods-and-beverages', 'en:plant-based-foods', 'en:snacks', 'en:breakfasts', 'en:cereals-and-potatoes', 'en:sweet-snacks', 'en:cereals-and-their-products', 'en:breakfast-cereals', 'en:bars', 'en:mueslis', 'en:cereal-bars', 'en:cereals-with-nuts', 'en:crunchy-cereal-clusters', 'en:cereal-clusters-with-nuts', 'fr:alimentos-de-origen-vegetal', 'fr:alimentos-y-bebidas-de-origen-vegetal', 'fr:cereales-para-el-desayuno', 'fr:cereales-y-derivados', 'fr:cereales-y-patatas', 'fr:desayunos']",0,[],[],453.0,17.0,1.9,18.0,5.9,9.7,0.03
Traube-Nuss Müsli 68% Vollkorn,20353889,"['en:plant-based-foods-and-beverages', 'en:plant-based-foods', 'en:breakfasts', 'en:cereals-and-potatoes', 'en:cereals-and-their-products', 'en:breakfast-cereals', 'en:mueslis', 'en:cereals-with-nuts', 'en:mueslis-with-nuts']",0,[],[],375.0,10.6,2.7,11.2,10.8,10.8,0.07
Muesli,4088600169927,"['en:plant-based-foods-and-beverages', 'en:plant-based-foods', 'en:breakfasts', 'en:cereals-and-potatoes', 'en:cereals-and-their-products', 'en:breakfast-cereals', 'en:cereals-with-fruits', 'en:mueslis', 'en:mueslis-with-fruits']",0,[],[],370.0,5.3,0.8,19.1,8.1,10.6,0.03
COCO pops,5059319030913,"['en:plant-based-foods-and-beverages', 'en:plant-based-foods', 'en:breakfasts', 'en:cereals-and-potatoes', 'en:cereals-and-their-products', 'en:breakfast-cereals', 'en:puffed-grains', 'en:chocolate-cereals', 'en:puffed-cereals', 'en:puffed-rice']",0,[],[],386.0,1.9,0.9,17.0,3.8,6.3,0.65
Swiss Style Muesli,4056489825586,"['en:plant-based-foods-and-beverages', 'en:plant-based-foods', 'en:breakfasts', 'en:cereals-and-potatoes', 'en:cereals-and-their-products', 'en:breakfast-cereals', 'en:flakes', 'en:mueslis', 'en:cereal-flakes']",0,[],[],367.0,5.33,0.889,14.0,6.67,10.2,0.0222
Tesco Organic Porridge Oats 750G,5018374072719,"['en:plant-based-foods-and-beverages', 'en:plant-based-foods', 'en:breakfasts', 'en:cereals-and-potatoes', 'en:cereals-and-their-products', 'en:breakfast-cereals', 'en:flakes', 'en:cereal-flakes', 'en:rolled-flakes', 'en:rolled-oats']",0,[],[],370.0,7.5,1.3,11.7,8.4,12.0,2.5e-05
Shredded Wheat 16s imp,7613031473090,"['en:plant-based-foods-and-beverages', 'en:plant-based-foods', 'en:breakfasts', 'en:cereals-and-potatoes', 'en:cereals-and-their-products', 'en:breakfast-cereals', 'en:extruded-cereals', 'en:breakfast-cereals-rich-in-fibre']",0,[],[],362.0,2.2,0.5,0.7,12.0,12.0,0.1
Multigrain Hoops Cereal,5010204372204,"['en:plant-based-foods-and-beverages', 'en:plant-based-foods', 'en:breakfasts', 'en:cereals-and-potatoes', 'en:cereals-and-their-products', 'en:breakfast-cereals', 'en:breakfast-cereals-fortified-with-vitamins-and-chemical-elements', 'en:extruded-cereals', 'en:breakfast-cereals-rich-in-fibre', 'en:breakfast-cereals-rich-in-fibre-fortified-with-vitamins-and-chemical-elements']",1,[],['en:e160c'],380.0,2.67,0.333,16.0,9.0,9.33,0.6
"Muesli fibres - Son de blé, Figues, Pruneaux",3229820794549,"['en:plant-based-foods-and-beverages', 'en:plant-based-foods', 'en:breakfasts', 'en:cereals-and-potatoes', 'en:cereals-and-their-products', 'en:breakfast-cereals', 'en:cereals-with-fruits', 'en:mueslis', 'en:bircher-style-mueslis', 'en:mueslis-with-fruits', 'en:bircher-style-mueslis-with-fruits', 'en:bircher-style-sugar-free-muesli-flakes-with-fruits']",0,[],[],344.0,6.0,0.9,9.0,15.0,12.0,0.02
Cheerios Aveia,5900020036988,"['en:plant-based-foods-and-beverages', 'en:plant-based-foods', 'en:breakfasts', 'en:cereals-and-potatoes', 'en:cereals-and-their-products', 'en:breakfast-cereals', 'en:extruded-cereals']",1,[],['en:e340'],381.0,6.3,1.3,9.0,10.3,10.4,0.7
Flahavans Microwave Quick Porridge Oats,5099801000352,"['en:plant-based-foods-and-beverages', 'en:plant-based-foods', 'en:breakfasts', 'en:cereals-and-potatoes', 'en:seeds', 'en:cereals-and-their-products', 'en:breakfast-cereals', 'en:cereal-grains', 'en:porridge', 'en:plain-porridge']",0,[],[],370.0,5.67,1.0,1.0,8.33,11.3,0.0333
Special K Granola con avena Dark chocolate,5059319016603,"['en:plant-based-foods-and-beverages', 'en:plant-based-foods', 'en:breakfasts', 'en:cereals-and-potatoes', 'en:cereals-and-their-products', 'en:breakfast-cereals', 'en:chocolate-cereals', 'en:crunchy-cereal-clusters', 'en:cereal-clusters-with-chocolate', 'pt:cereais-pequeno-almoco']",1,[],"['en:e322', 'en:e322i']",469.0,17.0,4.0,13.0,9.5,9.3,0.01
Céréales Special K Kellogg's Nature,5050083739811,"['en:plant-based-foods-and-beverages', 'en:plant-based-foods', 'en:breakfasts', 'en:cereals-and-potatoes', 'en:cereals-and-their-products', 'en:breakfast-cereals', 'en:flakes', 'en:cereal-flakes', 'en:extruded-cereals', 'en:extruded-flakes', 'en:mixed-cereal-flakes', 'fr:nutriscort']",0,[],[],375.0,1.5,0.3,15.0,4.5,9.0,1.0
Muesli crisp 4 noix,3250390784807,"['en:plant-based-foods-and-beverages', 'en:plant-based-foods', 'en:breakfasts', 'en:cereals-and-potatoes', 'en:cereals-and-their-products', 'en:breakfast-cereals', 'en:mueslis']",0,[],[],479.0,21.7,2.3,20.6,9.5,10.6,0.01
Grainéa granola noix,3564706604339,"['en:plant-based-foods-and-beverages', 'en:plant-based-foods', 'en:breakfasts', 'en:cereals-and-potatoes', 'en:cereals-and-their-products', 'en:breakfast-cereals', 'en:flakes', 'en:mueslis', 'en:cereal-flakes', 'en:breakfast-cereals-rich-in-fibre', 'en:cereals-with-nuts', 'en:mueslis-with-nuts']",1,[],['en:e306'],467.0,21.0,2.3,8.4,8.9,14.0,0.02
Special k,5059319024349,"['en:plant-based-foods-and-beverages', 'en:plant-based-foods', 'en:breakfasts', 'en:cereals-and-potatoes', 'en:cereals-and-their-products', 'en:frozen-foods', 'en:breakfast-cereals', 'en:cereals-with-fruits', 'en:extruded-cereals', 'en:breakfast-cereals-rich-in-fibre', 'en:cereal-flakes-with-fruits']",0,[],[],390.0,1.4,0.3,16.0,6.6,8.0,0.73
"Ultimate Granola Økologisk, 400 g",5060120285331,"['en:plant-based-foods-and-beverages', 'en:plant-based-foods', 'en:breakfasts', 'en:cereals-and-potatoes', 'en:cereals-and-their-products', 'en:breakfast-cereals', 'en:mueslis']",0,[],[],466.0,21.0,1.9,13.0,7.4,11.0,0.02
Really Nutty Muesli,4088600169910,"['en:plant-based-foods-and-beverages', 'en:plant-based-foods', 'en:breakfasts', 'en:cereals-and-potatoes', 'en:cereals-and-their-products', 'en:breakfast-cereals', 'en:mueslis']",1,[],['en:e220'],371.0,8.1,1.4,19.0,7.8,9.3,0.01
Scottish porridge oats,00358156,"['en:plant-based-foods-and-beverages', 'en:plant-based-foods', 'en:breakfasts', 'en:cereals-and-potatoes', 'en:cereals-and-their-products', 'en:breakfast-cereals', 'en:flakes', 'en:cereal-flakes', 'en:rolled-flakes', 'en:porridge', 'en:rolled-oats']",0,[],[],363.0,7.0,1.0,1.1,8.3,10.3,0.0025
100% Whole Grain Oats Old Fashioned,0030000010402,"['en:plant-based-foods-and-beverages', 'en:plant-based-foods', 'en:breakfasts', 'en:cereals-and-potatoes', 'en:seeds', 'en:cereals-and-their-products', 'en:breakfast-cereals', 'en:cereal-grains', 'en:flakes', 'en:cereal-flakes', 'en:rolled-flakes', 'en:rolled-oats']",0,[],[],375.0,7.5,1.25,2.5,10.0,12.5,0.0
Cheerios Multigrain,8445290345608,"['en:plant-based-foods-and-beverages', 'en:plant-based-foods', 'en:breakfasts', 'en:cereals-and-potatoes', 'en:cereals-and-their-products', 'en:breakfast-cereals', 'en:extruded-cereals']",3,[],"['en:e160a', 'en:e160b', 'en:e160bii', 'en:e306']",383.33333333333,5.0,1.0,17.666666666667,9.0,9.3333333333333,0.83333325
Muesli aux fruits,3421557501630,"['en:plant-based-foods-and-beverages', 'en:plant-based-foods', 'en:breakfasts', 'en:cereals-and-potatoes', 'en:cereals-and-their-products', 'en:breakfast-cereals', 'en:cereals-with-fruits', 'en:mueslis', 'en:bircher-style-mueslis', 'en:mueslis-with-fruits', 'en:bircher-style-mueslis-with-fruits']",0,[],[],353.0,5.4,1.2,15.0,11.0,9.7,0.01
Cereales rellenos de leche,8480000092649,"['en:plant-based-foods-and-beverages', 'en:plant-based-foods', 'en:breakfasts', 'en:cereals-and-potatoes', 'en:cereals-and-their-products', 'en:breakfast-cereals', 'en:extruded-cereals', 'en:filled-cereals']",2,[],"['en:e306', 'en:e322']",447.0,14.5,6.5,37.0,3.3,10.0,0.78
Corn flakes,3560071016074,"['en:plant-based-foods-and-beverages', 'en:plant-based-foods', 'en:breakfasts', 'en:cereals-and-potatoes', 'en:cereals-and-their-products', 'en:breakfast-cereals', 'en:flakes', 'en:cereal-flakes', 'en:extruded-cereals', 'en:extruded-flakes', 'en:corn-flakes']",0,[],[],383.0,1.2,0.2,7.2,2.5,6.9,0.8
Müesli Croustillant Fraise,2006050036158,"['en:plant-based-foods-and-beverages', 'en:plant-based-foods', 'en:breakfasts', 'en:cereals-and-potatoes', 'en:cereals-and-their-products', 'en:breakfast-cereals', 'en:chocolate-cereals', 'en:mueslis', 'en:mueslis-with-chocolate']",2,[],"['en:e306', 'en:e322']",431.0,12.0,1.7,21.0,7.1,9.8,0.01
Special K Red Berries,5000127521056,"['en:plant-based-foods-and-beverages', 'en:plant-based-foods', 'en:breakfasts', 'en:cereals-and-potatoes', 'en:cereals-and-their-products', 'en:breakfast-cereals', 'en:cereals-with-fruits', 'en:extruded-cereals', 'en:cereal-flakes-with-fruits']",0,[],[],390.0,1.4,0.3,16.0,6.6,8.0,0.725
Flakes fruit & fibre,20696351,"['en:plant-based-foods-and-beverages', 'en:plant-based-foods', 'en:breakfasts', 'en:cereals-and-potatoes', 'en:cereals-and-their-products', 'en:breakfast-cereals', 'en:cereals-with-fruits', 'en:extruded-cereals', 'en:breakfast-cereals-rich-in-fibre', 'en:cereal-flakes-with-fruits']",0,[],[],372.0,3.75,2.25,26.0,10.5,7.5,0.712
Aldi Very Berry muesli,4088600167756,"['en:plant-based-foods-and-beverages', 'en:plant-based-foods', 'en:breakfasts', 'en:cereals-and-potatoes', 'en:cereals-and-their-products', 'en:breakfast-cereals', 'en:cereals-with-fruits', 'en:mueslis', 'en:mueslis-with-fruits']",0,[],[],355.0,5.2,0.8,27.1,7.7,8.0,0.03
Jordan's Super Berry Granola,5010477362759,"['en:plant-based-foods-and-beverages', 'en:plant-based-foods', 'en:breakfasts', 'en:cereals-and-potatoes', 'en:cereals-and-their-products', 'en:breakfast-cereals', 'en:cereals-with-fruits', 'en:mueslis', 'en:mueslis-with-fruits']",0,[],[],420.0,12.0,1.6,18.0,6.7,11.0,0.03
Rice krispies,5059319021836,"['en:plant-based-foods-and-beverages', 'en:plant-based-foods', 'en:breakfasts', 'en:cereals-and-potatoes', 'en:cereals-and-their-products', 'en:breakfast-cereals', 'en:puffed-grains', 'en:puffed-cereals']",0,[],[],389.0,1.2,0.4,7.9,2.9,7.0,1.0
Froot Loops,5053827110679,"['en:plant-based-foods-and-beverages', 'en:plant-based-foods', 'en:breakfasts', 'en:cereals-and-potatoes', 'en:cereals-and-their-products', 'en:breakfast-cereals', 'en:extruded-cereals']",0,[],[],385.0,3.0,0.9,25.0,4.3,8.3,1.13
Petits flocons d'avoine complète,3560071270285,"['en:plant-based-foods-and-beverages', 'en:plant-based-foods', 'en:breakfasts', 'en:cereals-and-potatoes', 'en:cereals-and-their-products', 'en:breakfast-cereals', 'en:flakes', 'en:cereal-flakes', 'en:rolled-flakes', 'en:rolled-oats']",0,[],[],376.0,7.9,1.3,1.0,10.0,11.0,0.01
Crispy Minis imp,5010029229158,"['en:plant-based-foods-and-beverages', 'en:plant-based-foods', 'en:breakfasts', 'en:cereals-and-potatoes', 'en:cereals-and-their-products', 'en:breakfast-cereals', 'en:breakfast-cereals-fortified-with-vitamins-and-chemical-elements', 'en:diet-breakfast-cereals', 'en:extruded-cereals', 'en:diet-breakfast-cereals-fortified-with-vitamins-and-chemical-elements', 'en:diet-breakfast-cereals-with-fruits', 'en:breakfast-cereals-diet-with-dried-fruits-fortified-with-vitamins-and-chemical-elements']",0,[],[],374.0,3.9,0.7,18.0,9.8,11.0,0.17
Organic Chocolate Stars,5011766778008,"['en:plant-based-foods-and-beverages', 'en:plant-based-foods', 'en:breakfasts', 'en:cereals-and-potatoes', 'en:cereals-and-their-products', 'en:breakfast-cereals', 'en:extruded-cereals']",0,[],[],405.0,4.5,2.5,24.0,3.5,6.6,0.29
PROTEIN Crunch,5010029221091,"['en:plant-based-foods-and-beverages', 'en:plant-based-foods', 'en:breakfasts', 'en:cereals-and-potatoes', 'en:cereals-and-their-products', 'en:breakfast-cereals', 'en:chocolate-cereals', 'en:breakfast-cereals-fortified-with-vitamins-and-chemical-elements', 'en:extruded-cereals', 'en:breakfast-cereals-rich-in-fibre', 'en:unfilled-breakfast-chocolate-cereals-fortified-with-vitamins-and-chemical-elements']",0,[],[],375.0,2.8,0.7,22.0,7.1,20.0,0.275
All Bran Original,5000127141193,"['en:plant-based-foods-and-beverages', 'en:plant-based-foods', 'en:breakfasts', 'en:cereals-and-potatoes', 'en:cereals-and-their-products', 'en:breakfast-cereals', 'en:extruded-cereals', 'en:breakfast-cereals-rich-in-fibre', 'en:wheat-bran-sticks']",0,[],[],334.0,3.5,0.7,18.0,27.0,14.0,0.95
Organic Gluten Free Mesa Sunrise,0058449771890,"['en:plant-based-foods-and-beverages', 'en:plant-based-foods', 'en:breakfasts', 'en:cereals-and-potatoes', 'en:cereals-and-their-products', 'en:breakfast-cereals', 'en:breakfast-cereals-rich-in-fibre']",1,[],['en:e306'],400.0,3.3,0.5,13.0,10.0,10.0,1.0
"Protein Trigo, Avena & Quinoa",5900020043481,"['en:plant-based-foods-and-beverages', 'en:plant-based-foods', 'en:breakfasts', 'en:cereals-and-potatoes', 'en:cereals-and-their-products', 'en:breakfast-cereals', 'en:chocolate-cereals', 'en:extruded-cereals']",3,[],"['en:e306', 'en:e322', 'en:e965', 'en:e965ii']",353.0114722197,5.1,1.4,0.8,12.4,12.1,0.875
Country Crisp chocolat au lait,5010477348432,"['en:plant-based-foods-and-beverages', 'en:plant-based-foods', 'en:breakfasts', 'en:cereals-and-potatoes', 'en:cereals-and-their-products', 'en:breakfast-cereals', 'en:chocolate-cereals', 'en:mueslis', 'en:crunchy-cereal-clusters', 'en:cereal-clusters-with-chocolate']",1,[],"['en:e322', 'en:e322i']",449.0,15.6,4.22,24.4,5.11,8.89,0.0444
Country Crisp Fruits & Noix,5010477350954,"['en:plant-based-foods-and-beverages', 'en:plant-based-foods', 'en:breakfasts', 'en:cereals-and-potatoes', 'en:cereals-and-their-products', 'en:breakfast-cereals', 'en:cereals-with-fruits', 'en:mueslis', 'en:mueslis-with-fruits', 'en:crunchy-cereal-clusters', 'en:cereal-clusters-with-fruits']",0,[],[],443.0,16.0,1.9,22.0,6.1,9.6,0.05
Muesli avoine amandes chocolat,3421557110221,"['en:plant-based-foods-and-beverages', 'en:plant-based-foods', 'en:breakfasts', 'en:cereals-and-potatoes', 'en:cereals-and-their-products', 'en:breakfast-cereals', 'en:chocolate-cereals', 'en:mueslis', 'en:mueslis-with-chocolate']",0,[],[],456.0,17.0,4.0,22.0,6.8,8.7,0.05
céréales Chocapic,7613036501378,"['en:plant-based-foods-and-beverages', 'en:plant-based-foods', 'en:breakfasts', 'en:cereals-and-potatoes', 'en:cereals-and-their-products', 'en:breakfast-cereals', 'en:chocolate-cereals', 'en:extruded-cereals', 'en:breakfast-cereals-rich-in-fibre', 'en:chocolate-wheat-shells']",1,[],"['en:e322', 'en:e322i']",388.0,4.8,2.0,22.4,7.5,8.8,0.22
Céréales Muesli croustillant au chocolat noir 500G,3256228686558,"['en:plant-based-foods-and-beverages', 'en:plant-based-foods', 'en:breakfasts', 'en:cereals-and-potatoes', 'en:cereals-and-their-products', 'en:breakfast-cereals', 'en:chocolate-cereals', 'en:mueslis', 'en:mueslis-with-chocolate']",1,[],['en:e306'],395.0,11.0,2.6,19.0,8.1,9.0,0.15
Penne,12516797,"['en:plant-based-foods-and-beverages', 'en:plant-based-foods', 'en:breakfasts', 'en:cereals-and-potatoes', 'en:cereals-and-their-products', 'en:breakfast-cereals', 'en:mueslis']",0,[],[],479.0,21.0,3.0,20.0,5.0,24.0,0.4325
"Raisin, Nut & Honey Granola",00176477,"['en:plant-based-foods-and-beverages', 'en:plant-based-foods', 'en:breakfasts', 'en:cereals-and-potatoes', 'en:cereals-and-their-products', 'en:breakfast-cereals', 'en:mueslis']",0,[],[],418.0,11.1,2.67,21.3,6.22,9.78,0.0667
Bite size wheat shreds,4088600248752,"['en:plant-based-foods-and-beverages', 'en:plant-based-foods', 'en:breakfasts', 'en:cereals-and-potatoes', 'en:cereals-and-their-products', 'en:breakfast-cereals', 'en:extruded-cereals', 'en:whole-grain-wheat-cereal-biscuits']",0,[],[],367.0,2.0,0.333,0.667,12.0,12.7,0.0333
High Protein Granola Cranberry & Almond,4056489239901,"['en:plant-based-foods-and-beverages', 'en:plant-based-foods', 'en:breakfasts', 'en:cereals-and-potatoes', 'en:cereals-and-their-products', 'en:breakfast-cereals', 'en:mueslis']",0,[],[],434.0,16.3,2.7,18.3,5.9,24.9,0.48
Original,5010029000061,"['en:plant-based-foods-and-beverages', 'en:plant-based-foods', 'en:breakfasts', 'en:cereals-and-potatoes', 'en:cereals-and-their-products', 'en:breakfast-cereals']",0,[],[],362.0,2.0,0.6,4.2,10.0,12.0,0.28
Muesli crunchy,3580281080108,"['en:plant-based-foods-and-beverages', 'en:plant-based-foods', 'en:breakfasts', 'en:cereals-and-potatoes', 'en:cereals-and-their-products', 'en:breakfast-cereals', 'en:chocolate-cereals', 'en:mueslis', 'en:mueslis-with-chocolate']",2,[],"['en:e306', 'en:e322', 'en:e322i']",457.0,18.0,5.5,22.0,6.4,9.1,0.14
Muesli Crunchy Fruta,8480000093561,"['en:plant-based-foods-and-beverages', 'en:plant-based-foods', 'en:breakfasts', 'en:cereals-and-potatoes', 'en:cereals-and-their-products', 'en:breakfast-cereals', 'en:cereals-with-fruits', 'en:mueslis', 'en:mueslis-with-fruits']",6,[],"['en:e220', 'en:e304', 'en:e304i', 'en:e306', 'en:e310', 'en:e330', 'en:e471']",427.0,14.0,5.0,27.0,6.0,6.3,0.5
Granola aux fruits,5902884465874,"['en:plant-based-foods-and-beverages', 'en:plant-based-foods', 'en:breakfasts', 'en:cereals-and-potatoes', 'en:cereals-and-their-products', 'en:breakfast-cereals', 'en:cereals-with-fruits', 'en:mueslis', 'en:mueslis-with-fruits']",0,[],[],395.0,8.4,1.3,15.4,10.3,11.3,0.13
Crousti' Avoine nature,3229820800738,"['en:plant-based-foods-and-beverages', 'en:plant-based-foods', 'en:breakfasts', 'en:cereals-and-potatoes', 'en:cereals-and-their-products', 'en:breakfast-cereals', 'en:breakfast-cereals-rich-in-fibre']",1,[],['en:e306'],398.0,9.8,2.0,13.0,9.4,10.0,0.0875
Croustillant chocolat,3229820802138,"['en:plant-based-foods-and-beverages', 'en:plant-based-foods', 'en:breakfasts', 'en:cereals-and-potatoes', 'en:cereals-and-their-products', 'en:breakfast-cereals', 'en:chocolate-cereals', 'en:breakfast-cereals-rich-in-fibre', 'en:crunchy-cereal-clusters', 'en:cereal-clusters-with-chocolate']",2,[],"['en:e306', 'en:e414']",433.0,14.0,3.8,14.0,9.8,9.8,0.28
Fruit & Fibre,4088600248592,"['en:plant-based-foods-and-beverages', 'en:plant-based-foods', 'en:breakfasts', 'en:cereals-and-potatoes', 'en:cereals-and-their-products', 'en:breakfast-cereals', 'en:cereals-with-fruits', 'en:extruded-cereals', 'en:cereal-flakes-with-fruits']",0,[],[],366.0,4.7,2.9,21.5,8.7,8.8,0.43
Super Nutty Granola,5010477362735,"['en:plant-based-foods-and-beverages', 'en:plant-based-foods', 'en:breakfasts', 'en:cereals-and-potatoes', 'en:cereals-and-their-products', 'en:breakfast-cereals', 'en:cereals-with-nuts', 'en:crunchy-cereal-clusters', 'en:cereal-clusters-with-nuts']",0,[],[],452.0,18.2,2.1,15.2,6.7,12.7,0.03
Special k Red berries imp,5059319003931,"['en:plant-based-foods-and-beverages', 'en:plant-based-foods', 'en:breakfasts', 'en:cereals-and-potatoes', 'en:cereals-and-their-products', 'en:breakfast-cereals', 'en:cereals-with-fruits', 'en:extruded-cereals', 'en:cereal-flakes-with-fruits']",0,[],[],390.0,1.4,0.3,16.0,6.6,8.0,0.73
Wholegrain Wheat Bisks,29310609,"['en:plant-based-foods-and-beverages', 'en:plant-based-foods', 'en:breakfasts', 'en:cereals-and-potatoes', 'en:cereals-and-their-products', 'en:breakfast-cereals']",0,[],[],359.0,2.3,0.5,3.0,8.0,12.7,0.23
Muesli Crunchy 4 noix,3580281080115,"['en:plant-based-foods-and-beverages', 'en:plant-based-foods', 'en:breakfasts', 'en:cereals-and-potatoes', 'en:cereals-and-their-products', 'en:breakfast-cereals', 'en:mueslis', 'en:cereals-with-nuts', 'en:mueslis-with-nuts']",1,[],['en:e306'],458.0,18.0,1.8,18.0,6.1,10.0,0.06
Deluxe Really Nutty Muesli,20472627,"['en:plant-based-foods-and-beverages', 'en:plant-based-foods', 'en:breakfasts', 'en:cereals-and-potatoes', 'en:cereals-and-their-products', 'en:breakfast-cereals', 'en:cereals-with-fruits', 'en:mueslis', 'en:mueslis-with-fruits', 'en:cereals-with-nuts', 'en:mueslis-with-nuts']",1,[],['en:e220'],383.0,9.5,1.5,19.1,7.5,9.4,0.03
quaker golden syrup,5000108589945,"['en:plant-based-foods-and-beverages', 'en:plant-based-foods', 'en:breakfasts', 'en:cereals-and-potatoes', 'en:seeds', 'en:cereals-and-their-products', 'en:breakfast-cereals', 'en:cereal-grains', 'en:sweeteners', 'en:syrups', 'en:simple-syrups', 'en:porridge', 'en:oat']",0,[],[],375.0,5.79,1.05,21.1,6.32,13.2,0.43
High Fibre Bran,01834901,"['en:plant-based-foods-and-beverages', 'en:plant-based-foods', 'en:breakfasts', 'en:cereals-and-potatoes', 'en:cereals-and-their-products', 'en:breakfast-cereals', 'en:bran', 'en:cereal-brans', 'en:extruded-cereals', 'en:wheat-bran-sticks']",0,[],[],350.0,4.0,0.75,13.5,22.0,13.8,0.475
Malted Wheaties,21114731,"['en:plant-based-foods-and-beverages', 'en:plant-based-foods', 'en:breakfasts', 'en:cereals-and-potatoes', 'en:cereals-and-their-products', 'en:breakfast-cereals', 'en:breakfast-cereals-fortified-with-vitamins-and-chemical-elements', 'en:extruded-cereals', 'en:breakfast-cereals-rich-in-fibre', 'en:breakfast-cereals-rich-in-fibre-fortified-with-vitamins-and-chemical-elements', 'en:breakfast-cereals-rich-in-fibre-without-fruits-fortified-with-vitamins-and-chemical-elements']",0,[],[],368.0,1.8,0.3,10.0,10.0,10.0,0.43
Céréales complètes au chocolat noir intense,3229820804224,"['en:plant-based-foods-and-beverages', 'en:plant-based-foods', 'en:breakfasts', 'en:cereals-and-potatoes', 'en:cereals-and-their-products', 'en:breakfast-cereals', 'en:chocolate-cereals', 'en:mueslis', 'en:breakfast-cereals-fortified-with-vitamins-and-chemical-elements', 'en:mueslis-with-chocolate', 'en:unfilled-breakfast-chocolate-cereals-fortified-with-vitamins-and-chemical-elements', 'fr:cereales-choco']",1,[],['en:e306'],463.0,20.0,7.5,17.0,9.5,10.0,0.15
Granola Crunchy Honing - Miel,5400101041424,"['en:plant-based-foods-and-beverages', 'en:plant-based-foods', 'en:breakfasts', 'en:cereals-and-potatoes', 'en:cereals-and-their-products', 'en:breakfast-cereals', 'en:mueslis', 'en:epicerie']",2,[],"['en:e322', 'en:e322i', 'en:e500', 'en:e500ii']",436.0,14.0,3.0,18.0,6.6,9.2,0.28
Granola chocolat noir - faible en sucre,5010477360755,"['en:plant-based-foods-and-beverages', 'en:plant-based-foods', 'en:breakfasts', 'en:cereals-and-potatoes', 'en:cereals-and-their-products', 'en:frozen-foods', 'en:breakfast-cereals', 'en:chocolate-cereals', 'en:mueslis', 'en:mueslis-with-chocolate']",0,[],[],460.0,13.3,3.8,3.8,16.9,11.1,0.03
Golden Organic Corn Flakes,5011835102215,"['en:plant-based-foods-and-beverages', 'en:plant-based-foods', 'en:breakfasts', 'en:cereals-and-potatoes', 'en:cereals-and-their-products', 'en:breakfast-cereals', 'en:flakes', 'en:cereal-flakes', 'en:extruded-cereals', 'en:extruded-flakes', 'en:corn-flakes']",1,[],"['en:e322', 'en:e322i']",369.0,0.8,0.2,4.0,,8.0,0.8
Coco pops,5053827175654,"['en:plant-based-foods-and-beverages', 'en:plant-based-foods', 'en:breakfasts', 'en:cereals-and-potatoes', 'en:frozen-foods', 'en:cereals-and-their-products', 'en:breakfast-cereals', 'en:puffed-grains', 'en:chocolate-cereals', 'en:puffed-cereals', 'en:puffed-rice', 'en:chocolate-puffed-rice']",0,[],[],386.0,1.9,0.9,17.0,3.8,6.3,0.65
Bran flakes M&S,29310524,"['en:plant-based-foods-and-beverages', 'en:plant-based-foods', 'en:breakfasts', 'en:cereals-and-potatoes', 'en:cereals-and-their-products', 'en:breakfast-cereals', 'en:flakes', 'en:cereal-flakes', 'en:extruded-cereals', 'en:extruded-flakes', 'en:extruded-wheat-flakes']",0,[],[],359.0,2.5,0.5,11.0,16.0,12.0,0.28
Chocolate Granola,7613035619425,"['en:plant-based-foods-and-beverages', 'en:plant-based-foods', 'en:breakfasts', 'en:cereals-and-potatoes', 'en:cereals-and-their-products', 'en:breakfast-cereals']",0,[],[],436.0,14.9,3.0,17.9,7.6,9.0,0.2
muesli superfruits,3229820800721,"['en:plant-based-foods-and-beverages', 'en:plant-based-foods', 'en:breakfasts', 'en:cereals-and-potatoes', 'en:cereals-and-their-products', 'en:breakfast-cereals', 'en:cereals-with-fruits', 'en:mueslis', 'en:mueslis-with-fruits']",0,[],[],357.0,6.0,1.0,14.0,9.6,11.0,0.03
Corn Flakes,4088600109411,"['en:plant-based-foods-and-beverages', 'en:plant-based-foods', 'en:breakfasts', 'en:cereals-and-potatoes', 'en:cereals-and-their-products', 'en:breakfast-cereals', 'en:flakes', 'en:cereal-flakes', 'en:extruded-cereals', 'en:extruded-flakes', 'en:corn-flakes']",0,[],[],387.0,1.0,0.333,6.0,2.67,7.67,0.6
Wheat Bisks,21115202,"['en:plant-based-foods-and-beverages', 'en:plant-based-foods', 'en:breakfasts', 'en:cereals-and-potatoes', 'en:cereals-and-their-products', 'en:breakfast-cereals']",0,[],[],358.0,2.0,0.6,4.4,10.0,12.0,0.28
Céréales Extra Pepites Kellogg's Choco Noisettes,5050083712296,"['en:plant-based-foods-and-beverages', 'en:plant-based-foods', 'en:breakfasts', 'en:cereals-and-potatoes', 'en:cereals-and-their-products', 'en:breakfast-cereals', 'en:chocolate-cereals', 'en:extruded-cereals', 'en:crunchy-cereal-clusters', 'en:cereal-clusters-with-chocolate']",1,[],"['en:e322', 'en:e322i']",497.0,25.0,12.0,21.0,5.8,8.0,0.63
Müsli Multifrucht,20003234,"['en:plant-based-foods-and-beverages', 'en:plant-based-foods', 'en:breakfasts', 'en:cereals-and-potatoes', 'en:cereals-and-their-products', 'en:breakfast-cereals', 'en:cereals-with-fruits', 'en:mueslis', 'en:bircher-style-mueslis', 'en:mueslis-with-fruits', 'en:bircher-style-mueslis-with-fruits']",0,[],[],346.0,5.3,1.8,20.0,9.4,9.1,0.06
Cheerios,0016000170032,"['en:plant-based-foods-and-beverages', 'en:plant-based-foods', 'en:breakfasts', 'en:cereals-and-potatoes', 'en:cereals-and-their-products', 'en:breakfast-cereals', 'en:extruded-cereals']",2,[],"['en:e306', 'en:e340', 'en:e340iii']",359.0,6.41,1.28,5.13,10.3,12.8,1.22
Copos tostados de trigo integral y arroz con chocolate,8402001015120,"['en:plant-based-foods-and-beverages', 'en:plant-based-foods', 'en:breakfasts', 'en:cereals-and-potatoes', 'en:cereals-and-their-products', 'en:breakfast-cereals', 'en:chocolate-cereals', 'en:extruded-cereals', 'en:cereal-flakes-with-chocolate']",1,[],"['en:e322', 'en:e322i']",397.0,6.6,3.9,20.0,9.1,8.6,0.29
NESTLE NESQUIK BIO Céréales 375g,7613036668910,"['en:plant-based-foods-and-beverages', 'en:plant-based-foods', 'en:breakfasts', 'en:cereals-and-potatoes', 'en:cereals-and-their-products', 'en:breakfast-cereals', 'en:chocolate-cereals', 'en:extruded-cereals', 'en:breakfast-cereals-rich-in-fibre', 'en:breakfast-chocolate-cereals-not-filled-and-not-fortified-with-vitamins-and-chemical-elements']",0,[],[],374.0,2.1,0.7,22.3,8.7,9.1,0.45
Cruesli miel et noisettes,3168930158158,"['en:plant-based-foods-and-beverages', 'en:plant-based-foods', 'en:breakfasts', 'en:cereals-and-potatoes', 'en:cereals-and-their-products', 'en:breakfast-cereals', 'en:breakfast-cereals-rich-in-fibre', 'en:cereals-with-nuts', 'en:crunchy-cereal-clusters', 'en:cereal-clusters-with-nuts']",1,[],['en:e306'],460.0,18.0,1.8,15.0,9.4,7.5,0.06
Country Crisp 4 Noix,5010477348555,"['en:plant-based-foods-and-beverages', 'en:plant-based-foods', 'en:breakfasts', 'en:cereals-and-potatoes', 'en:cereals-and-their-products', 'en:breakfast-cereals', 'en:breakfast-cereals-rich-in-fibre', 'en:cereals-with-nuts', 'en:crunchy-cereal-clusters', 'en:cereal-clusters-with-nuts']",0,[],[],465.0,20.0,2.6,18.0,6.1,11.0,0.03
Cereales rellenos de crema de cacao y avellana sin gluten,8480000095473,"['en:plant-based-foods-and-beverages', 'en:plant-based-foods', 'en:breakfasts', 'en:cereals-and-potatoes', 'en:cereals-and-their-products', 'en:specific-products', 'en:breakfast-cereals', 'en:products-for-specific-diets', 'en:products-without-gluten', 'en:extruded-cereals', 'en:filled-cereals']",4,[],"['en:e304', 'en:e304i', 'en:e306', 'en:e322', 'en:e322i', 'en:e500', 'en:e500ii']",461.0,17.3,2.8,24.4,2.0,6.0,0.49
Creamy superfast oats,5010026505170,"['en:plant-based-foods-and-beverages', 'en:plant-based-foods', 'en:breakfasts', 'en:cereals-and-potatoes', 'en:cereals-and-their-products', 'en:breakfast-cereals', 'en:flakes', 'en:cereal-flakes', 'en:rolled-flakes', 'en:rolled-oats']",0,[],[],368.0,8.5,1.25,1.0,11.5,11.5,0.025
Nuts & seeds muesli,5057008100947,"['en:plant-based-foods-and-beverages', 'en:plant-based-foods', 'en:breakfasts', 'en:cereals-and-potatoes', 'en:cereals-and-their-products', 'en:breakfast-cereals', 'en:cereals-with-fruits', 'en:mueslis', 'en:breakfast-cereals-fortified-with-vitamins-and-chemical-elements', 'en:diet-breakfast-cereals', 'en:mueslis-with-fruits', 'en:diet-breakfast-cereals-fortified-with-vitamins-and-chemical-elements', 'en:diet-breakfast-cereals-with-fruits', 'en:breakfast-cereals-diet-with-dried-fruits-fortified-with-vitamins-and-chemical-elements']",0,[],[],381.0,8.7,2.2,11.5,8.8,11.5,0.1
Chocodays,8402001011764,"['en:plant-based-foods-and-beverages', 'en:plant-based-foods', 'en:breakfasts', 'en:cereals-and-potatoes', 'en:cereals-and-their-products', 'en:breakfast-cereals', 'en:chocolate-cereals', 'en:extruded-cereals', 'en:chocolate-wheat-shells']",1,[],"['en:e322', 'en:e322i']",372.0,4.8,1.6,25.0,7.6,8.0,0.27
Kellogg's Tresor,5053827156189,"['en:plant-based-foods-and-beverages', 'en:plant-based-foods', 'en:breakfasts', 'en:cereals-and-potatoes', 'en:cereals-and-their-products', 'en:breakfast-cereals', 'en:chocolate-cereals', 'en:extruded-cereals', 'en:filled-cereals', 'en:breakfast-cereals-filled-with-chocolate-hazelnuts']",5,[],"['en:e160', 'en:e160b', 'en:e304', 'en:e304i', 'en:e307', 'en:e322', 'en:e322i']",437.0,14.0,3.5,26.0,3.5,7.0,1.1
FITNESS Cerealien,3387390339499,"['en:plant-based-foods-and-beverages', 'en:plant-based-foods', 'en:breakfasts', 'en:cereals-and-potatoes', 'en:cereals-and-their-products', 'en:breakfast-cereals', 'en:flakes', 'en:cereal-flakes', 'en:extruded-cereals', 'en:extruded-flakes', 'en:mixed-cereal-flakes']",1,[],['en:e306'],366.0,2.1,0.6,8.8,10.7,9.4,0.56
Cereales de chocolate y avellana,8480000093776,"['en:plant-based-foods-and-beverages', 'en:plant-based-foods', 'en:breakfasts', 'en:cereals-and-potatoes', 'en:cereals-and-their-products', 'en:breakfast-cereals', 'en:extruded-cereals', 'en:filled-cereals']",2,[],"['en:e306', 'en:e322']",429.0,13.0,2.5,38.0,5.2,6.2,0.7875
Früchte Hafer-Müsli,20071943,"['en:plant-based-foods-and-beverages', 'en:plant-based-foods', 'en:breakfasts', 'en:cereals-and-potatoes', 'en:cereals-and-their-products', 'en:breakfast-cereals', 'en:cereals-with-fruits', 'en:mueslis', 'en:mueslis-with-fruits']",0,[],[],341.0,4.0,1.7,24.7,8.4,8.2,0.01
Special k chocolat au lait,5059319025797,"['en:plant-based-foods-and-beverages', 'en:plant-based-foods', 'en:breakfasts', 'en:cereals-and-potatoes', 'en:cereals-and-their-products', 'en:breakfast-cereals', 'en:chocolate-cereals', 'en:extruded-cereals', 'en:cereal-flakes-with-chocolate']",1,[],"['en:e322', 'en:e322i']",410.0,5.0,2.5,21.0,5.3,7.7,0.67
SUPER SMOOTH PORRIDGE,5018374085238,"['en:plant-based-foods-and-beverages', 'en:plant-based-foods', 'en:breakfasts', 'en:cereals-and-potatoes', 'en:cereals-and-their-products', 'en:breakfast-cereals', 'en:porridge', 'en:super-smooth-porridge', 'en:super-smooth-porridge']",0,[],[],373.0,8.7,1.2,1.0,7.9,12.0,0.1
Muesli Crunchy fruits rouges,4056489526889,"['en:plant-based-foods-and-beverages', 'en:plant-based-foods', 'en:breakfasts', 'en:cereals-and-potatoes', 'en:cereals-and-their-products', 'en:breakfast-cereals', 'en:cereals-with-fruits', 'en:mueslis', 'en:crunchy-mueslis', 'en:mueslis-with-fruits', 'en:crunchy-mueslis-with-fruits', 'en:crunchy-muesli-with-fruits-not-fortified-with-vitamins-and-chemical-elements']",3,[],"['en:e306', 'en:e322', 'en:e322i']",453.0,17.4,2.6,18.4,7.5,9.3,0.6875
Weetabix Chocolate 24s - Tesco imp,5010029212464,"['en:plant-based-foods-and-beverages', 'en:plant-based-foods', 'en:breakfasts', 'en:cereals-and-potatoes', 'en:cereals-and-their-products', 'en:breakfast-cereals', 'en:breakfast-cereals-rich-in-fibre']",1,[],"['en:e322', 'en:e322i']",368.0,4.0,1.7,17.9,10.0,10.1,0.08
Scottish Whole Rolled Oats,01273588,"['en:plant-based-foods-and-beverages', 'en:plant-based-foods', 'en:breakfasts', 'en:cereals-and-potatoes', 'en:cereals-and-their-products', 'en:breakfast-cereals', 'en:flakes', 'en:cereal-flakes', 'en:rolled-flakes', 'en:rolled-oats']",0,[],[],362.0,7.0,1.0,1.25,8.25,10.2,0.025
Tropical Granola,20719319,"['en:plant-based-foods-and-beverages', 'en:plant-based-foods', 'en:breakfasts', 'en:cereals-and-potatoes', 'en:cereals-and-their-products', 'en:breakfast-cereals', 'en:cereals-with-fruits', 'en:mueslis', 'en:mueslis-with-fruits']",3,[],"['en:e220', 'en:e223', 'en:e330']",442.0,15.3,4.67,16.9,8.89,9.33,0.0222
Granola Cinnamon & Pecan,5060419540028,"['en:plant-based-foods-and-beverages', 'en:plant-based-foods', 'en:breakfasts', 'en:cereals-and-potatoes', 'en:cereals-and-their-products', 'en:breakfast-cereals', 'en:mueslis']",0,[],[],490.0,29.0,11.0,12.0,9.1,8.6,0.03
Crunchy Nut,5053827209762,"['en:plant-based-foods-and-beverages', 'en:plant-based-foods', 'en:breakfasts', 'en:cereals-and-potatoes', 'en:cereals-and-their-products', 'en:breakfast-cereals', 'en:flakes', 'en:cereal-flakes']",0,[],[],119.0,1.4,0.2,11.0,0.8,1.8,0.0575
Crisp rice,4088600205724,"['en:plant-based-foods-and-beverages', 'en:plant-based-foods', 'en:breakfasts', 'en:cereals-and-potatoes', 'en:cereals-and-their-products', 'en:breakfast-cereals', 'en:puffed-grains', 'en:puffed-cereals']",0,[],[],385.0,1.3,0.4,4.9,1.6,7.9,0.52
Oh my crisp ! - Noix,5010477365316,"['en:plant-based-foods-and-beverages', 'en:plant-based-foods', 'en:breakfasts', 'en:cereals-and-potatoes', 'en:cereals-and-their-products', 'en:frozen-foods', 'en:breakfast-cereals', 'en:mueslis']",0,[],[],440.0,20.0,3.7,9.5,18.0,9.0,0.03
Céréales Extra Pepites Kellogg's Chocolat au lait,5053827135542,"['en:plant-based-foods-and-beverages', 'en:plant-based-foods', 'en:breakfasts', 'en:cereals-and-potatoes', 'en:cereals-and-their-products', 'en:breakfast-cereals', 'en:chocolate-cereals', 'en:crunchy-cereal-clusters', 'en:cereal-clusters-with-chocolate']",1,[],"['en:e322', 'en:e322i']",484.0,22.0,10.0,25.0,4.9,7.0,0.68
Croustillant fruits rouges,3560071407681,"['en:plant-based-foods-and-beverages', 'en:plant-based-foods', 'en:breakfasts', 'en:cereals-and-potatoes', 'en:cereals-and-their-products', 'en:breakfast-cereals', 'en:cereals-with-fruits', 'en:mueslis', 'en:crunchy-mueslis', 'en:mueslis-with-fruits', 'en:crunchy-cereal-clusters', 'en:crunchy-mueslis-with-fruits', 'en:cereal-clusters-with-fruits']",0,[],[],426.0,12.0,1.4,19.0,9.2,9.3,0.01
So Simple Apple And Blueberry imp,5000108030539,"['en:plant-based-foods-and-beverages', 'en:plant-based-foods', 'en:breakfasts', 'en:cereals-and-potatoes', 'en:cereals-and-their-products', 'en:breakfast-cereals', 'en:cereals-with-fruits', 'en:porridge', 'en:porridge-with-fruits']",0,[],[],378.0,6.11,1.11,58.3,7.22,8.61,0.556
Frosted wheats,5059319002781,"['en:plant-based-foods-and-beverages', 'en:plant-based-foods', 'en:breakfasts', 'en:cereals-and-potatoes', 'en:cereals-and-their-products', 'en:breakfast-cereals']",2,[],"['en:e420', 'en:e428']",364.0,2.0,0.6,17.0,9.0,10.0,0.03
Special k,5059319021157,"['en:plant-based-foods-and-beverages', 'en:plant-based-foods', 'en:breakfasts', 'en:cereals-and-potatoes', 'en:cereals-and-their-products', 'en:breakfast-cereals', 'en:flakes', 'en:cereal-flakes', 'en:extruded-cereals', 'en:extruded-flakes', 'en:mixed-cereal-flakes']",0,[],[],392.0,1.3,0.3,15.0,6.0,8.0,0.84
Frosties,5059319024196,"['en:plant-based-foods-and-beverages', 'en:plant-based-foods', 'en:breakfasts', 'en:cereals-and-potatoes', 'en:cereals-and-their-products', 'en:breakfast-cereals', 'en:flakes', 'en:cereal-flakes']",0,[],[],375.0,0.6,0.1,37.0,2.0,4.5,0.83
Simply Granola,00253413,"['en:plant-based-foods-and-beverages', 'en:plant-based-foods', 'en:breakfasts', 'en:cereals-and-potatoes', 'en:cereals-and-their-products', 'en:breakfast-cereals', 'en:mueslis', 'en:crunchy-mueslis']",0,[],[],440.0,12.6,3.6,13.5,7.3,12.0,0.03
Miel pops loops,5059319023885,"['en:plant-based-foods-and-beverages', 'en:plant-based-foods', 'en:breakfasts', 'en:cereals-and-potatoes', 'en:cereals-and-their-products', 'en:breakfast-cereals', 'en:extruded-cereals', 'en:breakfast-cereals-rich-in-fibre', 'en:cereals-with-honey']",2,[],"['en:e160', 'en:e306']",396.0,4.4,0.7,22.0,7.5,9.3,0.64
Choco crousti,3664346342681,"['en:plant-based-foods-and-beverages', 'en:plant-based-foods', 'en:breakfasts', 'en:cereals-and-potatoes', 'en:cereals-and-their-products', 'en:frozen-foods', 'en:breakfast-cereals', 'en:chocolate-cereals', 'en:breakfast-cereals-rich-in-fibre', 'en:crunchy-cereal-clusters']",2,[],"['en:e306', 'en:e414']",430.0,14.0,2.6,16.0,11.0,11.0,0.08
Country crisp bio Chocolat Noir,5010477352590,"['en:plant-based-foods-and-beverages', 'en:plant-based-foods', 'en:breakfasts', 'en:cereals-and-potatoes', 'en:cereals-and-their-products', 'en:breakfast-cereals', 'en:chocolate-cereals', 'en:breakfast-cereals-rich-in-fibre', 'en:crunchy-cereal-clusters', 'en:cereal-clusters-with-chocolate']",0,[],[],451.0,16.1,4.3,19.1,6.0,8.0,0.03
Muesli croustillant chocolat 500 g,3421557501685,"['en:plant-based-foods-and-beverages', 'en:plant-based-foods', 'en:breakfasts', 'en:cereals-and-potatoes', 'en:cereals-and-their-products', 'en:breakfast-cereals', 'en:chocolate-cereals', 'en:mueslis', 'en:mueslis-with-chocolate']",0,[],[],219.0,6.6,2.2,9.6,3.9,4.7,0.03
"Muesli 35 fruits, noix et graines",3560071407568,"['en:plant-based-foods-and-beverages', 'en:plant-based-foods', 'en:breakfasts', 'en:cereals-and-potatoes', 'en:cereals-and-their-products', 'en:breakfast-cereals', 'en:cereals-with-fruits', 'en:mueslis', 'en:mueslis-with-fruits']",0,[],[],380.0,8.3,2.8,17.0,8.9,8.8,0.02
Muesli croustillant 3 noix,3564707186315,"['en:plant-based-foods-and-beverages', 'en:plant-based-foods', 'en:breakfasts', 'en:cereals-and-potatoes', 'en:cereals-and-their-products', 'en:breakfast-cereals', 'en:cereals-with-fruits', 'en:mueslis', 'en:mueslis-with-fruits', 'en:cereals-with-nuts', 'en:mueslis-with-nuts']",0,[],[],446.0,15.0,1.8,17.0,7.6,11.0,0.01
Plain Wheats,5059319013503,"['en:plant-based-foods-and-beverages', 'en:plant-based-foods', 'en:breakfasts', 'en:cereals-and-potatoes', 'en:cereals-and-their-products', 'en:breakfast-cereals', 'en:extruded-cereals']",0,[],[],397.0,1.7,0.4,0.9,11.0,12.0,0.0
wheetos,5010029229202,"['en:plant-based-foods-and-beverages', 'en:plant-based-foods', 'en:breakfasts', 'en:cereals-and-potatoes', 'en:cereals-and-their-products', 'en:breakfast-cereals', 'en:chocolate-cereals', 'en:extruded-cereals']",0,[],[],374.0,1.9,0.7,19.0,7.0,8.7,0.21
Porridge Oats 1.5kg,00553179,"['en:plant-based-foods-and-beverages', 'en:plant-based-foods', 'en:breakfasts', 'en:cereals-and-potatoes', 'en:cereals-and-their-products', 'en:breakfast-cereals', 'en:flakes', 'en:cereal-flakes', 'en:rolled-flakes', 'en:porridge', 'en:rolled-oats']",0,[],[],363.0,7.0,1.0,1.1,8.3,10.3,0.01
Kellogg Bran Flakes,5053827193894,"['en:plant-based-foods-and-beverages', 'en:plant-based-foods', 'en:breakfasts', 'en:cereals-and-potatoes', 'en:cereals-and-their-products', 'en:breakfast-cereals', 'en:flakes', 'en:cereal-flakes', 'en:extruded-cereals', 'en:extruded-flakes', 'en:breakfast-cereals-rich-in-fibre', 'en:extruded-wheat-flakes']",0,[],[],357.0,2.33,0.333,14.0,17.0,11.0,0.658
nesquick,5900020043641,"['en:plant-based-foods-and-beverages', 'en:plant-based-foods', 'en:breakfasts', 'en:cereals-and-potatoes', 'en:cereals-and-their-products', 'en:breakfast-cereals', 'en:chocolate-cereals', 'en:extruded-cereals', 'en:chocolate-cereal-balls']",0,[],[],380.0,3.67,0.667,24.0,7.33,8.33,1.08
Crousti' Avoine Superfruits,3229820800745,"['en:plant-based-foods-and-beverages', 'en:plant-based-foods', 'en:breakfasts', 'en:cereals-and-potatoes', 'en:cereals-and-their-products', 'en:breakfast-cereals', 'en:cereals-with-fruits', 'en:breakfast-cereals-rich-in-fibre', 'en:crunchy-cereal-clusters', 'en:cereal-clusters-with-fruits']",1,[],['en:e306'],397.0,9.9,1.9,14.0,9.2,10.0,0.1
,20126018,"['en:plant-based-foods-and-beverages', 'en:plant-based-foods', 'en:breakfasts', 'en:cereals-and-potatoes', 'en:cereals-and-their-products', 'en:breakfast-cereals', 'en:puffed-grains', 'en:puffed-cereals']",1,[],['en:e471'],385.0,1.5,0.6,7.9,1.1,7.2,0.88
FUEL 10K Granola Super Berry,5060201621812,"['en:plant-based-foods-and-beverages', 'en:plant-based-foods', 'en:breakfasts', 'en:cereals-and-potatoes', 'en:cereals-and-their-products', 'en:breakfast-cereals', 'en:cereals-with-fruits', 'en:mueslis']",3,[],"['en:e300', 'en:e306', 'en:e330']",430.0,12.6,2.0,20.9,6.1,15.9,0.02
Muesli bio noix & graines,5010477357335,"['en:plant-based-foods-and-beverages', 'en:plant-based-foods', 'en:breakfasts', 'en:cereals-and-potatoes', 'en:cereals-and-their-products', 'en:breakfast-cereals', 'en:cereals-with-fruits', 'en:mueslis', 'en:mueslis-with-fruits', 'en:cereals-with-nuts', 'en:mueslis-with-nuts']",0,[],[],427.0,16.8,2.3,6.3,8.7,13.6,0.03
Granola Miele,7613035619456,"['en:plant-based-foods-and-beverages', 'en:plant-based-foods', 'en:breakfasts', 'en:cereals-and-potatoes', 'en:cereals-and-their-products', 'en:breakfast-cereals', 'en:mueslis']",3,[],"['en:e306', 'en:e471', 'en:e500']",429.0,13.3,1.7,18.0,7.0,8.7,0.22
Scottish porridge oats,20471750,"['en:plant-based-foods-and-beverages', 'en:plant-based-foods', 'en:breakfasts', 'en:cereals-and-potatoes', 'en:cereals-and-their-products', 'en:breakfast-cereals']",0,[],[],304.0,8.8,3.7,0.8,2.7,15.0,0.295
Forme & nature 440g,3250392727109,"['en:plant-based-foods-and-beverages', 'en:plant-based-foods', 'en:breakfasts', 'en:cereals-and-potatoes', 'en:cereals-and-their-products', 'en:breakfast-cereals', 'en:flakes', 'en:cereal-flakes', 'en:extruded-cereals', 'en:extruded-flakes', 'en:mixed-cereal-flakes', 'fr:cereales-equilibre', 'fr:cereales-pour-petit-dejeuner-enrichi']",0,[],[],385.0,1.6,0.4,13.0,4.8,8.3,0.77
Céréales Granola Noix & Graines 350G,3256229255630,"['en:plant-based-foods-and-beverages', 'en:plant-based-foods', 'en:breakfasts', 'en:cereals-and-potatoes', 'en:cereals-and-their-products', 'en:frozen-foods', 'en:breakfast-cereals', 'en:mueslis', 'en:cereals-with-nuts', 'en:mueslis-with-nuts']",1,[],['en:e306'],454.0,18.0,2.0,13.0,7.7,13.0,0.01
Crunchy Nut & Almond,5900617015945,"['en:plant-based-foods-and-beverages', 'en:plant-based-foods', 'en:snacks', 'en:breakfasts', 'en:cereals-and-potatoes', 'en:sweet-snacks', 'en:cereals-and-their-products', 'en:breakfast-cereals', 'en:bars', 'en:cereal-bars', 'fr:crunchy-nut-almond']",1,[],['en:e322'],469.0,23.1,4.29,22.0,4.57,12.0,0.000143
Fruit & Fibre,00388023,"['en:plant-based-foods-and-beverages', 'en:plant-based-foods', 'en:breakfasts', 'en:cereals-and-potatoes', 'en:cereals-and-their-products', 'en:breakfast-cereals', 'en:cereals-with-fruits', 'en:extruded-cereals', 'en:cereal-flakes-with-fruits']",1,[],['en:e330'],384.0,6.0,4.67,16.3,10.3,8.67,0.558
quaker original,5000108703174,"['en:plant-based-foods-and-beverages', 'en:plant-based-foods', 'en:breakfasts', 'en:cereals-and-potatoes', 'en:cereals-and-their-products', 'en:breakfast-cereals', 'en:flakes', 'en:cereal-flakes', 'en:rolled-flakes', 'en:porridge', 'en:rolled-oats']",0,[],[],364.0,5.78,1.78,6.89,6.89,17.3,0.333
Multigrain Dino shape,4088600505992,"['en:plant-based-foods-and-beverages', 'en:plant-based-foods', 'en:breakfasts', 'en:cereals-and-potatoes', 'en:cereals-and-their-products', 'en:breakfast-cereals', 'en:extruded-cereals']",2,[],"['en:e100', 'en:e306']",390.0,2.6,0.6,14.3,5.8,8.5,0.14
Special K Granola Chocolate,5059319016481,"['en:plant-based-foods-and-beverages', 'en:plant-based-foods', 'en:breakfasts', 'en:cereals-and-potatoes', 'en:cereals-and-their-products', 'en:breakfast-cereals', 'en:chocolate-cereals', 'en:mueslis', 'en:mueslis-with-chocolate']",1,[],"['en:e322', 'en:e322i']",469.0,17.1,4.0,13.1,9.56,9.33,0.0222
Copos de avena,4008713713411,"['en:plant-based-foods-and-beverages', 'en:plant-based-foods', 'en:breakfasts', 'en:cereals-and-potatoes', 'en:cereals-and-their-products', 'en:breakfast-cereals', 'en:flakes', 'en:cereal-flakes', 'en:rolled-flakes', 'en:rolled-oats']",0,[],[],375.0,7.0,1.3,0.7,10.0,14.0,0.02
Quaker Muesli Croustillant Myrtilles & baies de goji,3168930009801,"['en:plant-based-foods-and-beverages', 'en:plant-based-foods', 'en:breakfasts', 'en:cereals-and-potatoes', 'en:cereals-and-their-products', 'en:breakfast-cereals', 'en:cereals-with-fruits', 'en:mueslis', 'en:crunchy-mueslis', 'en:mueslis-with-fruits', 'en:crunchy-mueslis-with-fruits']",3,[],"['en:e220', 'en:e306', 'en:e471']",402.0,7.9,1.2,14.0,14.0,11.0,0.26
Cruesli Chocolate,8710100127300,"['en:plant-based-foods-and-beverages', 'en:plant-based-foods', 'en:breakfasts', 'en:cereals-and-potatoes', 'en:cereals-and-their-products', 'en:breakfast-cereals', 'en:chocolate-cereals', 'en:crunchy-cereal-clusters', 'en:cereal-clusters-with-chocolate']",2,[],"['en:e306', 'en:e322', 'en:e322i']",455.0,19.3,4.9,16.3,10.0,8.1,0.48
Oatflakes,5900617029300,"['en:plant-based-foods-and-beverages', 'en:plant-based-foods', 'en:breakfasts', 'en:cereals-and-potatoes', 'en:cereals-and-their-products', 'en:breakfast-cereals', 'en:flakes', 'en:cereal-flakes', 'en:rolled-flakes', 'en:rolled-oats']",0,[],[],375.0,7.2,1.3,0.9,6.9,12.0,0.0
Muesli avoine chocolat,3229820800844,"['en:plant-based-foods-and-beverages', 'en:plant-based-foods', 'en:breakfasts', 'en:cereals-and-potatoes', 'en:cereals-and-their-products', 'en:breakfast-cereals', 'en:chocolate-cereals', 'en:mueslis', 'en:mueslis-with-chocolate']",1,[],['en:e414'],399.0,10.0,4.2,9.1,9.5,11.0,0.08
Raisin & Almond Granola,20719326,"['en:plant-based-foods-and-beverages', 'en:plant-based-foods', 'en:breakfasts', 'en:cereals-and-potatoes', 'en:cereals-and-their-products', 'en:breakfast-cereals', 'en:mueslis']",0,[],[],407.0,12.2,1.5,23.8,5.9,9.6,0.07
Fruit'n Fibre,5000127079502,"['en:plant-based-foods-and-beverages', 'en:plant-based-foods', 'en:breakfasts', 'en:cereals-and-potatoes', 'en:cereals-and-their-products', 'en:breakfast-cereals', 'en:cereals-with-fruits', 'en:extruded-cereals', 'en:breakfast-cereals-rich-in-fibre', 'en:cereal-flakes-with-fruits']",0,[],[],380.0,6.0,3.5,24.0,9.0,8.0,1.0
Bitesize Wheat Shreds,4088600248769,"['en:plant-based-foods-and-beverages', 'en:plant-based-foods', 'en:breakfasts', 'en:cereals-and-potatoes', 'en:cereals-and-their-products', 'en:breakfast-cereals', 'en:extruded-cereals']",0,[],[],367.0,2.2,0.5,0.7,12.5,12.5,0.01
Protein Granola Honey and Seeds,4088600248776,"['en:plant-based-foods-and-beverages', 'en:plant-based-foods', 'en:breakfasts', 'en:cereals-and-potatoes', 'en:cereals-and-their-products', 'en:breakfast-cereals', 'en:mueslis']",0,[],[],448.0,16.1,2.7,17.4,5.6,27.9,0.63
Low Sugar Grain-free granola,5060375300162,"['en:plant-based-foods-and-beverages', 'en:plant-based-foods', 'en:breakfasts', 'en:cereals-and-potatoes', 'en:cereals-and-their-products', 'en:breakfast-cereals', 'en:mueslis']",0,[],[],622.0,52.7,21.3,4.6,16.3,15.1,0.02
Chocolate con Leche,3387390326468,"['en:plant-based-foods-and-beverages', 'en:plant-based-foods', 'en:breakfasts', 'en:cereals-and-potatoes', 'en:cereals-and-their-products', 'en:breakfast-cereals', 'en:chocolate-cereals', 'en:extruded-cereals', 'en:cereal-flakes-with-chocolate']",4,[],"['en:e1200', 'en:e306', 'en:e322', 'en:e322i', 'en:e414']",396.0,7.2,4.0,17.5,9.1,8.6,0.49
Corn flakes sans sucres ajoutés,3421557910494,"['en:plant-based-foods-and-beverages', 'en:plant-based-foods', 'en:breakfasts', 'en:cereals-and-potatoes', 'en:cereals-and-their-products', 'en:breakfast-cereals', 'en:flakes', 'en:cereal-flakes', 'en:extruded-cereals', 'en:extruded-flakes', 'en:corn-flakes', 'en:plain-corn-flakes']",0,[],[],387.0,0.9,0.1,0.5,3.1,7.0,0.01
Céréales croc'choc,3572420000405,"['en:plant-based-foods-and-beverages', 'en:plant-based-foods', 'en:breakfasts', 'en:cereals-and-potatoes', 'en:cereals-and-their-products', 'en:breakfast-cereals', 'en:chocolate-cereals', 'en:extruded-cereals', 'en:filled-cereals', 'en:breakfast-cereals-filled-with-chocolate-hazelnuts']",3,[],"['en:e160a', 'en:e322', 'en:e322i', 'en:e471']",437.0,14.0,5.0,32.0,4.5,7.5,0.36
Muesli coustillant,20775018,"['en:plant-based-foods-and-beverages', 'en:plant-based-foods', 'en:breakfasts', 'en:cereals-and-potatoes', 'en:cereals-and-their-products', 'en:breakfast-cereals', 'en:mueslis']",1,[],['en:e322'],451.0,16.3,6.5,21.9,7.7,9.9,0.65
"Flocons d'avoine, paquet 500g",3256228686619,"['en:plant-based-foods-and-beverages', 'en:plant-based-foods', 'en:breakfasts', 'en:cereals-and-potatoes', 'en:cereals-and-their-products', 'en:breakfast-cereals', 'en:flakes', 'en:cereal-flakes', 'en:rolled-flakes', 'en:rolled-oats']",0,[],[],364.0,6.9,0.6,1.2,11.0,14.0,0.01
Luscious Berry & Cherry Muesli,5018357012572,"['en:plant-based-foods-and-beverages', 'en:plant-based-foods', 'en:breakfasts', 'en:cereals-and-potatoes', 'en:cereals-and-their-products', 'en:breakfast-cereals', 'en:cereals-with-fruits', 'en:mueslis', 'en:mueslis-with-fruits']",0,[],[],363.0,6.5,0.8,17.5,9.2,9.6,0.075
Harvest Morn Corn Flakes,4088600248646,"['en:plant-based-foods-and-beverages', 'en:plant-based-foods', 'en:breakfasts', 'en:cereals-and-potatoes', 'en:cereals-and-their-products', 'en:breakfast-cereals', 'en:flakes', 'en:cereal-flakes', 'en:extruded-cereals', 'en:extruded-flakes', 'en:corn-flakes']",0,[],[],388.0,1.2,0.2,6.3,1.8,7.6,0.56
High Fibre Bran. Tesco.,5057008079335,"['en:plant-based-foods-and-beverages', 'en:plant-based-foods', 'en:breakfasts', 'en:cereals-and-potatoes', 'en:cereals-and-their-products', 'en:breakfast-cereals', 'en:bran', 'en:cereal-brans', 'en:extruded-cereals', 'en:breakfast-cereals-rich-in-fibre', 'en:wheat-bran-sticks']",0,[],[],350.0,3.9,0.8,13.6,22.1,13.6,0.5
LION BIO Céréales 400g,7613037059281,"['en:plant-based-foods-and-beverages', 'en:plant-based-foods', 'en:snacks', 'en:breakfasts', 'en:cereals-and-potatoes', 'en:sweet-snacks', 'en:cereals-and-their-products', 'en:breakfast-cereals', 'en:chocolate-cereals', 'en:extruded-cereals', 'en:breakfast-cereals-rich-in-fibre', 'en:cereals-with-caramel']",1,[],['en:e322'],411.0,7.7,1.2,25.0,7.9,8.1,0.41
Muesli croustillant Noix et Miel,20775025,"['en:plant-based-foods-and-beverages', 'en:plant-based-foods', 'en:breakfasts', 'en:cereals-and-potatoes', 'en:cereals-and-their-products', 'en:breakfast-cereals', 'en:mueslis', 'en:cereals-with-nuts', 'en:mueslis-with-nuts']",1,[],['en:e306'],484.0,19.4,2.42,16.1,8.06,11.3,0.323
Corn Flakes,20052454,"['en:plant-based-foods-and-beverages', 'en:plant-based-foods', 'en:breakfasts', 'en:cereals-and-potatoes', 'en:cereals-and-their-products', 'en:breakfast-cereals', 'en:flakes', 'en:cereal-flakes', 'en:extruded-cereals', 'en:extruded-flakes', 'en:corn-flakes']",0,[],[],386.0,1.9,0.6,6.3,2.4,8.5,1.5
Croustillant tout chocolat,3560071407711,"['en:plant-based-foods-and-beverages', 'en:plant-based-foods', 'en:breakfasts', 'en:cereals-and-potatoes', 'en:cereals-and-their-products', 'en:breakfast-cereals', 'en:breakfast-cereals-rich-in-fibre']",0,[],[],447.0,16.0,6.1,20.0,8.4,9.4,0.02
Sante gold granola,5900617037152,"['en:plant-based-foods-and-beverages', 'en:plant-based-foods', 'en:breakfasts', 'en:cereals-and-potatoes', 'en:cereals-and-their-products', 'en:breakfast-cereals']",2,[],"['en:e322', 'en:e322i']",469.0,18.0,2.7000000476837,15.0,6.3,9.8,0.44
Fruit & nut muesli,5052003785939,"['en:plant-based-foods-and-beverages', 'en:plant-based-foods', 'en:breakfasts', 'en:cereals-and-potatoes', 'en:cereals-and-their-products', 'en:breakfast-cereals', 'en:cereals-with-fruits', 'en:mueslis', 'en:mueslis-with-fruits']",2,[],"['en:e220', 'en:e330']",366.0,7.4,2.4,22.4,7.6,8.6,0.02
Wasa tartine croustillante sensation aux flocons d'avoine & touche de sel 265g,7300400483070,"['en:plant-based-foods-and-beverages', 'en:plant-based-foods', 'en:snacks', 'en:breakfasts', 'en:cereals-and-potatoes', 'en:salty-snacks', 'en:appetizers', 'en:cereals-and-their-products', 'en:chips-and-fries', 'en:breakfast-cereals', 'en:crisps', 'en:breads', 'en:rusks']",1,[],"['en:e500', 'en:e500ii']",406.0,10.0,1.2,0.5,10.0,11.0,1.2
Corn flakes,3564707115926,"['en:plant-based-foods-and-beverages', 'en:plant-based-foods', 'en:breakfasts', 'en:cereals-and-potatoes', 'en:cereals-and-their-products', 'en:breakfast-cereals', 'en:flakes', 'en:cereal-flakes', 'en:extruded-cereals', 'en:extruded-flakes', 'en:corn-flakes', 'en:plain-corn-flakes']",1,[],['en:e322'],384.0822179127,0.8,0.2,1.9,3.4,7.2,0.85
Grainéa Muesli pépites croustillantes chocolat noir,3564706612785,"['en:plant-based-foods-and-beverages', 'en:plant-based-foods', 'en:breakfasts', 'en:cereals-and-potatoes', 'en:cereals-and-their-products', 'en:breakfast-cereals', 'en:chocolate-cereals', 'en:mueslis', 'en:crunchy-mueslis', 'en:mueslis-with-chocolate', 'en:crunchy-mueslis-with-chocolate', 'en:crunchy-muesli-with-chocolate-not-fortified-with-vitamins-and-chemical-elements']",5,[],"['en:e150a', 'en:e306', 'en:e322', 'en:e322i', 'en:e471']",446.0,15.0,4.1,22.0,8.3,9.6,0.13
Corn flakes,3560071267582,"['en:plant-based-foods-and-beverages', 'en:plant-based-foods', 'en:breakfasts', 'en:cereals-and-potatoes', 'en:cereals-and-their-products', 'en:breakfast-cereals', 'en:flakes', 'en:cereal-flakes', 'en:extruded-cereals', 'en:extruded-flakes', 'en:corn-flakes', 'en:plain-corn-flakes']",1,[],['en:e322'],384.0,1.1,0.2,2.0,2.7,7.4,0.45
"Céréales Muesli chocolat & amandes, 400g",3256229255654,"['en:plant-based-foods-and-beverages', 'en:plant-based-foods', 'en:breakfasts', 'en:cereals-and-potatoes', 'en:cereals-and-their-products', 'en:frozen-foods', 'en:breakfast-cereals', 'en:chocolate-cereals', 'en:mueslis', 'en:mueslis-with-chocolate']",3,[],"['en:e306', 'en:e322', 'en:e322i']",449.0,17.0,2.8,6.8,8.5,12.0,0.01
Kellogs Just Right 500g,5000127421257,"['en:plant-based-foods-and-beverages', 'en:plant-based-foods', 'en:breakfasts', 'en:cereals-and-potatoes', 'en:cereals-and-their-products', 'en:breakfast-cereals', 'en:cereals-with-fruits']",0,[],[],370.0,2.0,0.25,23.0,4.5,7.0,0.956
Special K Classic,5059319025841,"['en:plant-based-foods-and-beverages', 'en:plant-based-foods', 'en:breakfasts', 'en:cereals-and-potatoes', 'en:cereals-and-their-products', 'en:breakfast-cereals', 'en:flakes', 'en:cereal-flakes', 'en:extruded-cereals', 'en:extruded-flakes', 'en:mixed-cereal-flakes']",0,[],[],392.0,1.3,0.3,15.0,6.0,8.0,0.84
Premium Tropical Muesli,20086855,"['en:plant-based-foods-and-beverages', 'en:plant-based-foods', 'en:breakfasts', 'en:cereals-and-potatoes', 'en:cereals-and-their-products', 'en:breakfast-cereals', 'en:cereals-with-fruits', 'en:mueslis', 'en:mueslis-with-fruits']",2,[],"['en:e220', 'en:e330']",351.0,3.7,1.8,28.0,6.2,6.2,0.03
Low Fat Special Flakes Rice & Wholewheat,5051140851385,"['en:plant-based-foods-and-beverages', 'en:plant-based-foods', 'en:breakfasts', 'en:cereals-and-potatoes', 'en:cereals-and-their-products', 'en:breakfast-cereals', 'en:flakes', 'en:cereal-flakes', 'en:extruded-cereals', 'en:extruded-flakes', 'en:mixed-cereal-flakes']",0,[],[],377.1510515658,1.8,0.4,13.6,4.6,7.9,0.325
Flocons d'avoine,3596710443673,"['en:plant-based-foods-and-beverages', 'en:plant-based-foods', 'en:breakfasts', 'en:cereals-and-potatoes', 'en:cereals-and-their-products', 'en:breakfast-cereals', 'en:flakes', 'en:cereal-flakes', 'en:rolled-flakes', 'en:rolled-oats']",0,[],[],372.0,7.0,1.3,0.7,10.0,14.0,0.02
All-bran choco,5053827139335,"['en:plant-based-foods-and-beverages', 'en:plant-based-foods', 'en:breakfasts', 'en:cereals-and-potatoes', 'en:cereals-and-their-products', 'en:breakfast-cereals', 'en:chocolate-cereals', 'en:extruded-cereals', 'en:breakfast-cereals-rich-in-fibre', 'en:filled-cereals']",3,[],"['en:e304', 'en:e304i', 'en:e307', 'en:e322', 'en:e322i']",392.0,8.0,4.5,19.0,10.0,10.0,0.05
Chocapic,8410100026312,"['en:plant-based-foods-and-beverages', 'en:plant-based-foods', 'en:breakfasts', 'en:cereals-and-potatoes', 'en:cereals-and-their-products', 'en:breakfast-cereals', 'en:chocolate-cereals', 'en:extruded-cereals', 'en:chocolate-wheat-shells', 'en:alimentos-de-origen-vegetal', 'en:alimentos-y-bebidas-de-origen-vegetal', 'en:cereales-de-chocolate', 'en:cereales-para-el-desayuno', 'en:cereales-y-derivados', 'en:cereales-y-patatas', 'en:desayunos']",1,[],"['en:e322', 'en:e322i']",388.0,4.8,2.0,22.4,7.5,8.8,0.22
Cereales con achicoria,8480000111876,"['en:plant-based-foods-and-beverages', 'en:beverages', 'en:plant-based-foods', 'en:breakfasts', 'en:cereals-and-potatoes', 'en:cereals-and-their-products', 'en:breakfast-cereals', 'en:coffees', 'en:instant-beverages', 'en:instant-coffees']",0,[],[],357.0,0.0,0.0,16.0,9.2,4.9,0.16
Flocons d'avoine - Grainéa,3564706624474,"['en:plant-based-foods-and-beverages', 'en:plant-based-foods', 'en:breakfasts', 'en:cereals-and-potatoes', 'en:cereals-and-their-products', 'en:breakfast-cereals', 'en:flakes', 'en:cereal-flakes', 'en:rolled-flakes', 'en:rolled-oats']",0,[],[],372.0,7.0,1.0,0.7,10.0,14.0,0.01
Oats,5010026518163,"['en:plant-based-foods-and-beverages', 'en:plant-based-foods', 'en:breakfasts', 'en:cereals-and-potatoes', 'en:seeds', 'en:cereals-and-their-products', 'en:breakfast-cereals', 'en:cereal-grains', 'en:flakes', 'en:cereal-flakes', 'en:rolled-flakes', 'en:rolled-oats', 'en:oat']",0,[],[],368.0,8.5,1.25,1.0,11.5,11.5,0.025
Red Fruit Benefit,4088600248585,"['en:plant-based-foods-and-beverages', 'en:plant-based-foods', 'en:breakfasts', 'en:cereals-and-potatoes', 'en:cereals-and-their-products', 'en:breakfast-cereals', 'en:cereals-with-fruits', 'en:extruded-cereals', 'en:cereal-flakes-with-fruits']",0,[],[],377.0,1.4,0.4,17.4,6.2,8.4,0.2
Granola Triple Nut,5010477364654,"['en:plant-based-foods-and-beverages', 'en:plant-based-foods', 'en:breakfasts', 'en:cereals-and-potatoes', 'en:cereals-and-their-products', 'en:breakfast-cereals', 'en:mueslis', 'en:chicory-root-fibre', 'en:whole-grain-oat-flakes']",0,[],[],440.0,20.0,3.7,9.5,18.0,9.0,0.03
Multigrain Hoops,01097719,"['en:plant-based-foods-and-beverages', 'en:plant-based-foods', 'en:breakfasts', 'en:cereals-and-potatoes', 'en:cereals-and-their-products', 'en:breakfast-cereals', 'en:extruded-cereals']",1,[],['en:e160c'],382.0,2.8,0.2,15.6,9.4,9.7,0.42
Special flakes nature,4056489671435,"['en:plant-based-foods-and-beverages', 'en:plant-based-foods', 'en:breakfasts', 'en:cereals-and-potatoes', 'en:cereals-and-their-products', 'en:frozen-foods', 'en:breakfast-cereals', 'en:flakes', 'en:cereal-flakes', 'en:extruded-cereals', 'en:extruded-flakes', 'en:breakfast-cereals-rich-in-fibre', 'en:mixed-cereal-flakes']",1,[],['en:e471'],373.0,2.1,0.5,11.6,7.5,8.7,0.5
Gold corn flakes miel,8690632706672,"['en:plant-based-foods-and-beverages', 'en:plant-based-foods', 'en:breakfasts', 'en:cereals-and-potatoes', 'en:cereals-and-their-products', 'en:breakfast-cereals', 'en:flakes', 'en:cereal-flakes', 'en:extruded-cereals', 'en:extruded-flakes', 'en:corn-flakes']",0,[],[],378.0,1.6,0.3,29.9,4.6,5.6,0.84
Grainéa,3564706739031,"['en:plant-based-foods-and-beverages', 'en:plant-based-foods', 'en:breakfasts', 'en:cereals-and-potatoes', 'en:cereals-and-their-products', 'en:frozen-foods', 'en:breakfast-cereals', 'en:flakes', 'en:cereal-flakes', 'en:extruded-cereals', 'en:extruded-flakes', 'en:mixed-cereal-flakes']",0,[],[],381.0,1.6,0.5,13.0,5.5,8.5,0.76
Scottish Porridge Oats,4056489825623,"['en:plant-based-foods-and-beverages', 'en:plant-based-foods', 'en:breakfasts', 'en:cereals-and-potatoes', 'en:cereals-and-their-products', 'en:breakfast-cereals', 'en:porridge', 'en:scottish-porridge-oats']",0,[],[],386.0,8.5,1.5,0.8,6.7,10.5,0.03
Krounchy chocolat,3421557110313,"['en:plant-based-foods-and-beverages', 'en:plant-based-foods', 'en:breakfasts', 'en:cereals-and-potatoes', 'en:vegan-products', 'en:cereals-and-their-products', 'en:breakfast-cereals', 'en:chocolate-cereals', 'en:mueslis', 'en:mueslis-with-chocolate', 'en:breakfast-cereals-rich-in-fibre', 'en:crunchy-cereal-clusters', 'en:cereal-clusters-with-chocolate']",0,[],[],442.0,15.0,2.4,18.0,7.2,9.0,0.01
Céréales Trésor Kellogg's Chocolat Lait - 1kg,5050083542411,"['en:plant-based-foods-and-beverages', 'en:plant-based-foods', 'en:breakfasts', 'en:cereals-and-potatoes', 'en:cereals-and-their-products', 'en:breakfast-cereals', 'en:chocolate-cereals', 'en:extruded-cereals', 'en:filled-cereals', 'en:breakfast-cereals-filled-with-chocolate']",7,[],"['en:e160', 'en:e160b', 'en:e304', 'en:e304i', 'en:e306', 'en:e307', 'en:e322', 'en:e322i', 'en:e330']",441.0,14.0,4.8,29.0,3.2,7.1,0.95
Cheerios,0016000275263,"['en:plant-based-foods-and-beverages', 'en:plant-based-foods', 'en:breakfasts', 'en:cereals-and-potatoes', 'en:cereals-and-their-products', 'en:breakfast-cereals', 'en:extruded-cereals']",2,[],"['en:e306', 'en:e340', 'en:e340iii']",359.0,6.41,1.28,28.2,10.3,12.8,1.22
organic fruits & seeds muesli,5016786001792,"['en:plant-based-foods-and-beverages', 'en:plant-based-foods', 'en:breakfasts', 'en:cereals-and-potatoes', 'en:cereals-and-their-products', 'en:breakfast-cereals', 'en:cereals-with-fruits', 'en:mueslis', 'en:mueslis-with-fruits']",0,[],[],407.0,10.2,1.3,15.0,10.0,11.0,0.03
THE ORIGINAL grape-nuts CEREAL,0884912004710,"['en:plant-based-foods-and-beverages', 'en:plant-based-foods', 'en:breakfasts', 'en:cereals-and-potatoes', 'en:cereals-and-their-products', 'en:breakfast-cereals']",0,[],[],345.0,1.72,0.0,8.62,12.1,10.3,1.21
Swiss style muesli,5010029226263,"['en:plant-based-foods-and-beverages', 'en:plant-based-foods', 'en:breakfasts', 'en:cereals-and-potatoes', 'en:cereals-and-their-products', 'en:breakfast-cereals', 'en:mueslis']",0,[],[],373.3333,5.5556,0.8889,21.1111,,11.1111,0.288889
Granola,01835588,"['en:plant-based-foods-and-beverages', 'en:plant-based-foods', 'en:breakfasts', 'en:cereals-and-potatoes', 'en:seeds', 'en:cereals-and-their-products', 'en:breakfast-cereals', 'en:cereal-grains', 'en:mueslis']",0,[],[],416.0,10.4,3.1,20.1,6.3,10.1,0.03
Weetabix,5010029000092,"['en:plant-based-foods-and-beverages', 'en:plant-based-foods', 'en:breakfasts', 'en:cereals-and-potatoes', 'en:cereals-and-their-products', 'en:breakfast-cereals']",0,[],[],362.0,2.0,0.6,4.4,10.0,12.0,0.275
Country crisp miel & noix,5010477361172,"['en:plant-based-foods-and-beverages', 'en:plant-based-foods', 'en:breakfasts', 'en:cereals-and-potatoes', 'en:cereals-and-their-products', 'en:breakfast-cereals', 'en:crunchy-cereal-clusters']",0,[],[],455.0,18.0,2.0,21.8,5.5,9.4,0.03
Nutty Muesli,00253352,"['en:plant-based-foods-and-beverages', 'en:plant-based-foods', 'en:breakfasts', 'en:cereals-and-potatoes', 'en:cereals-and-their-products', 'en:breakfast-cereals', 'en:mueslis', 'en:cereals-with-nuts', 'en:mueslis-with-nuts']",0,[],[],392.0,11.3,2.4,15.7,7.7,10.9,0.04
Multi fit granola with mixed nuts,5900617037190,"['en:plant-based-foods-and-beverages', 'en:plant-based-foods', 'en:breakfasts', 'en:cereals-and-potatoes', 'en:cereals-and-their-products', 'en:breakfast-cereals', 'en:mueslis']",1,[],['en:e965'],419.0,15.0,1.9,17.0,3.0,9.2,0.025
Haferflocken,4337256415965,"['en:plant-based-foods-and-beverages', 'en:plant-based-foods', 'en:breakfasts', 'en:cereals-and-potatoes', 'en:cereals-and-their-products', 'en:breakfast-cereals', 'en:flakes', 'en:cereal-flakes', 'en:rolled-flakes', 'en:rolled-oats', 'en:fruhstucke', 'en:fruhstuckscerealien', 'en:fruhstucksflocken', 'en:gerollte-flocken', 'en:getreide-und-kartoffeln', 'en:getreideflocken', 'en:getreideprodukte', 'en:haferflocken', 'en:pflanzliche-lebensmittel', 'en:pflanzliche-lebensmittel-und-getranke', 'en:vollkornhaferflocken']",0,[],[],371.0,6.7,1.1,0.8,9.7,13.2,0.01
Cashew & Almond Gluten-Free Granola,5060853640391,"['en:plant-based-foods-and-beverages', 'en:plant-based-foods', 'en:breakfasts', 'en:cereals-and-potatoes', 'en:cereals-and-their-products', 'en:breakfast-cereals', 'en:mueslis', 'en:crunchy-mueslis']",0,[],[],391.0,13.0,1.9,9.7,15.0,11.0,0.03
Apple & Cinnamon Gut-Loving Porridge,5060853640056,"['en:plant-based-foods-and-beverages', 'en:plant-based-foods', 'en:breakfasts', 'en:cereals-and-potatoes', 'en:cereals-and-their-products', 'en:breakfast-cereals', 'en:porridge']",0,[],[],422.0,12.0,2.3,7.3,10.0,11.0,0.05
Muesli Crunchy Chocolat Noir Noisettes Grillées,4056489817611,"['en:plant-based-foods-and-beverages', 'en:plant-based-foods', 'en:breakfasts', 'en:cereals-and-potatoes', 'en:cereals-and-their-products', 'en:frozen-foods', 'en:breakfast-cereals', 'en:chocolate-cereals', 'en:extruded-cereals', 'en:breakfast-cereals-rich-in-fibre']",2,[],"['en:e306', 'en:e322']",456.0,17.1,4.9,16.3,8.0,10.1,10.0
Crunchy Chocolat noir intense,3560071013035,"['en:plant-based-foods-and-beverages', 'en:plant-based-foods', 'en:breakfasts', 'en:cereals-and-potatoes', 'en:cereals-and-their-products', 'en:breakfast-cereals', 'en:chocolate-cereals', 'en:mueslis', 'en:mueslis-with-chocolate', 'en:breakfast-cereals-rich-in-fibre', 'en:crunchy-cereal-clusters']",2,[],"['en:e306', 'en:e322']",441.0,15.0,3.8,19.0,9.0,10.0,0.1
Мюсли с лешници,20310622,"['en:plant-based-foods-and-beverages', 'en:plant-based-foods', 'en:breakfasts', 'en:cereals-and-potatoes', 'en:cereals-and-their-products', 'en:breakfast-cereals', 'en:chocolate-cereals', 'en:mueslis', 'en:mueslis-with-chocolate']",0,[],[],471.797323135755,19.0,0.0,18.0,11.6,9.0,0.0
Céréales Muesli croustillant fruits rouges sachet 350g,3256228686572,"['en:plant-based-foods-and-beverages', 'en:plant-based-foods', 'en:breakfasts', 'en:cereals-and-potatoes', 'en:cereals-and-their-products', 'en:breakfast-cereals', 'en:cereals-with-fruits', 'en:mueslis', 'en:crunchy-mueslis', 'en:mueslis-with-fruits', 'en:crunchy-mueslis-with-fruits']",1,[],['en:e306'],385.0,10.0,1.3,21.0,7.9,8.8,0.15
Bio country crisp,5010477361639,"['en:plant-based-foods-and-beverages', 'en:plant-based-foods', 'en:breakfasts', 'en:cereals-and-potatoes', 'en:cereals-and-their-products', 'en:frozen-foods', 'en:breakfast-cereals', 'en:breakfast-cereals-rich-in-fibre', 'en:cereals-with-nuts', 'en:crunchy-cereal-clusters', 'en:cereal-clusters-with-nuts']",0,[],[],447.0,16.0,1.9,19.0,6.0,9.8,0.03
Kelly's Fitness Club crunchy muesli with dried fruit,8695077028624,"['en:plant-based-foods-and-beverages', 'en:plant-based-foods', 'en:breakfasts', 'en:cereals-and-potatoes', 'en:cereals-and-their-products', 'en:breakfast-cereals', 'en:mueslis']",0,[],[],399.0,11.2,4.6,18.7,,8.3,1.0
Choco Pops Cereals,5059319021218,"['en:plant-based-foods-and-beverages', 'en:plant-based-foods', 'en:breakfasts', 'en:cereals-and-potatoes', 'en:cereals-and-their-products', 'en:breakfast-cereals', 'en:chocolate-cereals', 'en:extruded-cereals', 'en:chocolate-wheat-shells']",0,[],[],380.0,2.2,1.0,22.0,6.0,10.0,0.67
Low Sugar Maple & Pecan Granola imp,5060043224585,"['en:plant-based-foods-and-beverages', 'en:plant-based-foods', 'en:breakfasts', 'en:cereals-and-potatoes', 'en:cereals-and-their-products', 'en:breakfast-cereals', 'en:mueslis']",0,[],[],478.0,23.2,3.1,2.4,9.2,12.1,0.3
Oats & Plenty Super Seedy & Nutty Porridge,5060853640063,"['en:plant-based-foods-and-beverages', 'en:plant-based-foods', 'en:breakfasts', 'en:cereals-and-potatoes', 'en:cereals-and-their-products', 'en:breakfast-cereals', 'en:porridge']",0,[],[],426.0,15.6,4.2,8.6,10.1,13.0,0.03
Grano high fibre seeded,29310456,"['en:plant-based-foods-and-beverages', 'en:plant-based-foods', 'en:breakfasts', 'en:cereals-and-potatoes', 'en:cereals-and-their-products', 'en:breakfast-cereals', 'en:mueslis', 'en:crunchy-mueslis']",0,[],[],440.0,15.7,1.5,5.8,9.0,11.9,0.03
Tchico xxl,6111266750937,"['en:plant-based-foods-and-beverages', 'en:plant-based-foods', 'en:breakfasts', 'en:cereals-and-potatoes', 'en:cereals-and-their-products', 'en:breakfast-cereals', 'en:extruded-cereals', 'en:filled-cereals']",0,[],[],427.0,13.0,0.0,27.0,5.0,6.3,1.4
Weetabix Avena Suave Oatibix,5010029220629,"['en:plant-based-foods-and-beverages', 'en:plant-based-foods', 'en:breakfasts', 'en:cereals-and-potatoes', 'en:cereals-and-their-products', 'en:breakfast-cereals', 'en:flakes', 'en:cereal-flakes', 'en:rolled-flakes', 'en:rolled-oats']",0,[],[],370.0,8.0,1.5,1.1000000238419,9.0,11.0,0.029999999329448
Granola au chocolat et framboises,5902884465959,"['en:plant-based-foods-and-beverages', 'en:plant-based-foods', 'en:breakfasts', 'en:cereals-and-potatoes', 'en:cereals-and-their-products', 'en:frozen-foods', 'en:breakfast-cereals', 'en:cereals-with-fruits', 'en:mueslis', 'en:mueslis-with-fruits']",1,[],['en:e322'],410.0,8.4,2.2,10.1,10.2,12.5,0.0
Muesli Croccante,20884291,"['en:plant-based-foods-and-beverages', 'en:plant-based-foods', 'en:breakfasts', 'en:cereals-and-potatoes', 'en:cereals-and-their-products', 'en:breakfast-cereals', 'en:mueslis']",1,[],['en:e306'],430.0,12.5,1.7,11.3,7.9,11.1,1.7
Muesli,3564706612822,"['en:plant-based-foods-and-beverages', 'en:plant-based-foods', 'en:breakfasts', 'en:cereals-and-potatoes', 'en:cereals-and-their-products', 'en:breakfast-cereals', 'en:chocolate-cereals', 'en:mueslis', 'en:mueslis-with-chocolate']",2,[],"['en:e306', 'en:e471']",439.0,14.0,3.9,24.0,7.5,9.6,0.125
Schoko Müsli,4056489255499,"['en:plant-based-foods-and-beverages', 'en:plant-based-foods', 'en:breakfasts', 'en:cereals-and-potatoes', 'en:cereals-and-their-products', 'en:breakfast-cereals', 'en:chocolate-cereals', 'en:mueslis', 'en:mueslis-with-chocolate']",1,[],['en:e322'],410.0,11.8,5.0,17.5,8.2,11.2,0.09
Pecan & Almond Grain-Free Granola,5060375300124,"['en:plant-based-foods-and-beverages', 'en:plant-based-foods', 'en:breakfasts', 'en:cereals-and-potatoes', 'en:cereals-and-their-products', 'en:breakfast-cereals', 'en:pecan-and-almond-granola']",0,[],[],634.0,53.0,20.8,9.4,,15.3,0.0001
PUMPKIN SEED + FLAX GRANOLA,0058449770565,"['en:plant-based-foods-and-beverages', 'en:plant-based-foods', 'en:breakfasts', 'en:cereals-and-potatoes', 'en:cereals-and-their-products', 'en:breakfast-cereals', 'en:mueslis']",1,[],['en:e306'],473.0,18.2,2.73,18.2,7.27,10.9,0.205
Muesli bio croustillant 3 chocolats,3111902100020,"['en:plant-based-foods-and-beverages', 'en:plant-based-foods', 'en:breakfasts', 'en:cereals-and-potatoes', 'en:cereals-and-their-products', 'en:breakfast-cereals', 'en:chocolate-cereals', 'en:mueslis', 'en:mueslis-with-chocolate']",0,[],[],474.0,20.0,5.5,18.0,8.1,10.0,0.02
Céréales Trésor Kellogg's Chocolat Noisettes,5053827199469,"['en:plant-based-foods-and-beverages', 'en:plant-based-foods', 'en:breakfasts', 'en:cereals-and-potatoes', 'en:cereals-and-their-products', 'en:breakfast-cereals', 'en:chocolate-cereals', 'en:extruded-cereals', 'en:filled-cereals', 'en:breakfast-cereals-filled-with-chocolate-hazelnuts']",5,[],"['en:e160', 'en:e160b', 'en:e304', 'en:e304i', 'en:e307', 'en:e322', 'en:e322i']",437.0,14.0,3.5,26.0,3.5,7.0,1.1
,3421557910210,"['en:plant-based-foods-and-beverages', 'en:plant-based-foods', 'en:breakfasts', 'en:cereals-and-potatoes', 'en:cereals-and-their-products', 'en:breakfast-cereals', 'en:flakes', 'en:cereal-flakes', 'en:rolled-flakes', 'en:rolled-oats']",0,[],[],371.0,7.0,1.3,1.0,10.0,12.0,0.01
Crunchy muesli,20419813,"['en:plant-based-foods-and-beverages', 'en:plant-based-foods', 'en:breakfasts', 'en:cereals-and-potatoes', 'en:cereals-and-their-products', 'en:breakfast-cereals', 'en:chocolate-cereals', 'en:mueslis', 'en:mueslis-with-chocolate']",1,[],['en:e322'],450.0,15.9,2.9,17.7,6.9,9.9,0.375
Heritage Flakes Cereal,0058449770206,"['en:plant-based-foods-and-beverages', 'en:plant-based-foods', 'en:breakfasts', 'en:cereals-and-potatoes', 'en:cereals-and-their-products', 'en:breakfast-cereals', 'en:flakes', 'en:cereal-flakes', 'en:extruded-cereals', 'en:extruded-flakes', 'en:breakfast-cereals-rich-in-fibre']",0,[],[],400.0,3.75,0.0,12.5,17.5,12.5,1.06
Apple & Cinnamon Granola,5070000126562,"['en:plant-based-foods-and-beverages', 'en:plant-based-foods', 'en:breakfasts', 'en:cereals-and-potatoes', 'en:cereals-and-their-products', 'en:breakfast-cereals', 'en:cereals-with-fruits', 'en:mueslis']",0,[],[],398.0,14.2,2.0,9.5,14.7,10.8,0.0333
Honey & Almond Granola,5057753916428,"['en:plant-based-foods-and-beverages', 'en:plant-based-foods', 'en:breakfasts', 'en:cereals-and-potatoes', 'en:cereals-and-their-products', 'en:breakfast-cereals', 'en:mueslis']",0,[],[],427.0,12.3,1.5,15.60000038147,6.5,11.39999961853,0.1
Corn Flakes,5063089112427,"['en:plant-based-foods-and-beverages', 'en:plant-based-foods', 'en:breakfasts', 'en:cereals-and-potatoes', 'en:cereals-and-their-products', 'en:breakfast-cereals', 'en:flakes', 'en:cereal-flakes', 'en:extruded-cereals', 'en:extruded-flakes', 'en:corn-flakes']",0,[],[],387.0,1.2,0.3,6.1,2.5,7.7,0.59
Protein porridge chocolate,4056489562979,"['en:plant-based-foods-and-beverages', 'en:plant-based-foods', 'en:breakfasts', 'en:cereals-and-potatoes', 'en:cereals-and-their-products', 'en:breakfast-cereals', 'en:chocolate-cereals', 'en:porridge', 'en:porridge-with-chocolate']",0,[],[],120.0,2.4,1.1,4.9,1.8,8.2,0.17
Céréales Muesli croustillant aux 4 noix paquet de 500g,3256220394079,"['en:plant-based-foods-and-beverages', 'en:plant-based-foods', 'en:breakfasts', 'en:cereals-and-potatoes', 'en:cereals-and-their-products', 'en:breakfast-cereals', 'en:mueslis', 'en:cereals-with-nuts', 'en:mueslis-with-nuts']",2,[],"['en:e306', 'en:e471']",478.0,21.0,2.9,14.0,6.5,11.0,0.48
Choco Shells,20067274,"['en:plant-based-foods-and-beverages', 'en:plant-based-foods', 'en:breakfasts', 'en:cereals-and-potatoes', 'en:cereals-and-their-products', 'en:breakfast-cereals', 'en:chocolate-cereals', 'en:extruded-cereals', 'en:breakfast-cereals-rich-in-fibre', 'en:chocolate-wheat-shells']",0,[],[],377.0,2.7,1.1,22.4,8.3,9.6,0.29
"DolcesenzaFrumento, Avena e Riso",8002590048402,"['en:plant-based-foods-and-beverages', 'en:plant-based-foods', 'en:breakfasts', 'en:cereals-and-potatoes', 'en:cereals-and-their-products', 'en:breakfast-cereals', 'en:flakes', 'en:cereal-flakes', 'en:extruded-cereals', 'en:extruded-flakes', 'en:breakfast-cereals-rich-in-fibre', 'en:mixed-cereal-flakes']",2,[],"['en:e500', 'en:e500ii', 'en:e965']",363.0,3.2,0.7,2.5,6.5,12.0,0.9
Muesli au chocolat,3421557502767,"['en:plant-based-foods-and-beverages', 'en:plant-based-foods', 'en:breakfasts', 'en:cereals-and-potatoes', 'en:cereals-and-their-products', 'en:frozen-foods', 'en:breakfast-cereals', 'en:chocolate-cereals', 'en:mueslis', 'en:mueslis-with-chocolate']",0,[],[],407.0,11.0,4.6,7.9,9.3,11.0,0.15
Muesli croustillant tout chocolat,3564707186278,"['en:plant-based-foods-and-beverages', 'en:plant-based-foods', 'en:breakfasts', 'en:cereals-and-potatoes', 'en:cereals-and-their-products', 'en:breakfast-cereals', 'en:chocolate-cereals', 'en:mueslis', 'en:mueslis-with-chocolate', 'en:diet-chocolate-breakfast-cereals']",0,[],[],444.0,15.0,6.0,20.0,8.7,9.6,0.05
Fruit and nut muesli,5000169070857,"['en:plant-based-foods-and-beverages', 'en:plant-based-foods', 'en:breakfasts', 'en:cereals-and-potatoes', 'en:cereals-and-their-products', 'en:breakfast-cereals', 'en:cereals-with-fruits', 'en:mueslis', 'en:mueslis-with-fruits']",0,[],[],387.0,11.5,3.7,19.1,8.6,8.9,0.03
Müesli crunchy,4056489687344,"['en:plant-based-foods-and-beverages', 'en:plant-based-foods', 'en:breakfasts', 'en:cereals-and-potatoes', 'en:cereals-and-their-products', 'en:breakfast-cereals', 'en:mueslis']",2,[],"['en:e306', 'en:e322']",459.0,17.5,4.9,26.9,6.4,8.7,0.33
Strawberry Granola,01817928,"['en:plant-based-foods-and-beverages', 'en:plant-based-foods', 'en:breakfasts', 'en:cereals-and-potatoes', 'en:seeds', 'en:cereals-and-their-products', 'en:breakfast-cereals', 'en:cereal-grains', 'en:mueslis', 'en:oat']",0,[],[],428.0,11.0,3.6,16.5,6.5,10.6,0.03
Wholegrain Malties,01002942,"['en:plant-based-foods-and-beverages', 'en:plant-based-foods', 'en:breakfasts', 'en:cereals-and-potatoes', 'en:cereals-and-their-products', 'en:breakfast-cereals', 'en:extruded-cereals']",0,[],[],360.0,1.7,0.4,10.6,10.9,11.3,0.42
NESTLE CHOKELLA Céréales 350g​,5900020006226,"['en:plant-based-foods-and-beverages', 'en:plant-based-foods', 'en:breakfasts', 'en:cereals-and-potatoes', 'en:cereals-and-their-products', 'en:breakfast-cereals', 'en:chocolate-cereals', 'en:extruded-cereals']",3,[],"['en:e306', 'en:e322', 'en:e500']",412.0,9.0,1.0,24.3,5.4,6.7,0.67
Sante Tropical Muesli Whole Grain Oat 350G,5900617002099,"['en:plant-based-foods-and-beverages', 'en:plant-based-foods', 'en:breakfasts', 'en:cereals-and-potatoes', 'en:cereals-and-their-products', 'en:breakfast-cereals', 'en:cereals-with-fruits', 'en:mueslis', 'en:mueslis-with-fruits']",0,[],[],356.0,2.7,0.4,15.0,,8.2,0.18
Super Nutty Granola,4056489239895,"['en:plant-based-foods-and-beverages', 'en:plant-based-foods', 'en:breakfasts', 'en:cereals-and-potatoes', 'en:cereals-and-their-products', 'en:breakfast-cereals', 'en:mueslis', 'en:cereals-with-nuts', 'en:mueslis-with-nuts']",0,[],[],472.0,20.3,2.8,12.1,5.8,12.7,0.03
Muesli de superfrutas sin azúcares añadidos,3560071407537,"['en:plant-based-foods-and-beverages', 'en:plant-based-foods', 'en:breakfasts', 'en:cereals-and-potatoes', 'en:cereals-and-their-products', 'en:breakfast-cereals', 'en:cereals-with-fruits', 'en:mueslis', 'en:mueslis-with-fruits', 'es:aliments-d-origine-vegetale', 'es:aliments-et-boissons-a-base-de-vegetaux', 'es:cereales-aux-fruits', 'es:cereales-et-derives', 'es:cereales-et-pommes-de-terre', 'es:cereales-pour-petit-dejeuner', 'es:muesli-y-granola-con-fruta', 'es:petit-dejeuners']",0,[],[],364.0,6.1,0.9,16.0,9.6,9.9,0.02
Nestle Nesquik Cereal 375g,5011476100175,"['en:plant-based-foods-and-beverages', 'en:plant-based-foods', 'en:breakfasts', 'en:cereals-and-potatoes', 'en:cereals-and-their-products', 'en:breakfast-cereals', 'en:chocolate-cereals', 'en:breakfast-cereals-rich-in-fibre']",0,[],[],378.0,3.0,0.7,22.1,9.3,8.7,0.07
nut granola blueberry cinnamon sweet & crunchy,0819562022791,"['en:plant-based-foods-and-beverages', 'en:plant-based-foods', 'en:breakfasts', 'en:cereals-and-potatoes', 'en:seeds', 'en:cereals-and-their-products', 'en:nuts-and-their-products', 'en:breakfast-cereals', 'en:cereal-grains', 'en:nuts', 'en:mueslis']",1,[],['en:e968'],533.0,50.0,16.7,6.67,10.0,13.3,0.208
Special K Granola mixed berries,5059319016450,"['en:plant-based-foods-and-beverages', 'en:plant-based-foods', 'en:breakfasts', 'en:cereals-and-potatoes', 'en:cereals-and-their-products', 'en:breakfast-cereals', 'en:mueslis']",1,[],"['en:e322', 'en:e322i']",451.0,14.0,1.9,11.0,10.0,9.3,0.01
Honey nut corn flakes,5059697706981,"['en:plant-based-foods-and-beverages', 'en:plant-based-foods', 'en:breakfasts', 'en:cereals-and-potatoes', 'en:cereals-and-their-products', 'en:breakfast-cereals', 'en:flakes', 'en:cereal-flakes', 'en:extruded-flakes']",0,[],[],403.0,4.5,1.0,27.8,2.4,7.6,0.61
Crunchy Nut Clusters Chocolate,5059319022437,"['en:plant-based-foods-and-beverages', 'en:plant-based-foods', 'en:snacks', 'en:breakfasts', 'en:cereals-and-potatoes', 'en:sweet-snacks', 'en:cereals-and-their-products', 'en:bars', 'en:breakfast-cereals', 'en:cereal-bars']",3,[],"['en:e304', 'en:e304i', 'en:e307', 'en:e322', 'en:e322i']",469.0,16.0,4.89,31.1,4.44,8.0,0.744
Corn Flakes,29310760,"['en:plant-based-foods-and-beverages', 'en:plant-based-foods', 'en:breakfasts', 'en:cereals-and-potatoes', 'en:cereals-and-their-products', 'en:breakfast-cereals', 'en:flakes', 'en:cereal-flakes', 'en:extruded-cereals', 'en:extruded-flakes', 'en:corn-flakes']",0,[],[],387.0,1.2,0.3,6.1,2.5,7.7,0.6
Flocons d'avoine complete,3560071478643,"['en:plant-based-foods-and-beverages', 'en:plant-based-foods', 'en:breakfasts', 'en:cereals-and-potatoes', 'en:cereals-and-their-products', 'en:breakfast-cereals', 'en:flakes', 'en:cereal-flakes', 'en:rolled-flakes', 'en:rolled-oats']",0,[],[],363.0,6.6,1.2,1.1,11.0,12.0,0.0
Muesli crunchy,3580281080122,"['en:plant-based-foods-and-beverages', 'en:plant-based-foods', 'en:breakfasts', 'en:cereals-and-potatoes', 'en:cereals-and-their-products', 'en:breakfast-cereals', 'en:cereals-with-fruits', 'en:mueslis', 'en:mueslis-with-fruits']",5,[],"['en:e220', 'en:e300', 'en:e306', 'en:e330', 'en:e422']",441.0,15.0,4.8,24.0,6.5,8.4,8.4
"Nuts, Granola & Seeds",5053827205566,"['en:plant-based-foods-and-beverages', 'en:plant-based-foods', 'en:breakfasts', 'en:cereals-and-potatoes', 'en:cereals-and-their-products', 'en:breakfast-cereals', 'en:mueslis']",5,[],"['en:e14xx', 'en:e306', 'en:e392', 'en:e500', 'en:e500ii', 'en:e503', 'en:e503ii']",392.0,7.0,0.6,12.0,8.3,13.0,0.63
NESTLE NESQUIK Cerealien,7613033212949,"['en:plant-based-foods-and-beverages', 'en:plant-based-foods', 'en:breakfasts', 'en:cereals-and-potatoes', 'en:cereals-and-their-products', 'en:breakfast-cereals', 'en:chocolate-cereals', 'en:extruded-cereals', 'en:chocolate-cereal-balls', 'en:fruhstucke', 'en:fruhstuckscerealien', 'en:gerostete-getreidekost', 'en:pflanzliche-lebensmittel-und-getranke']",0,[],[],378.0,3.0,0.7,22.1,9.3,8.7,0.22
"NESTLE LION Céréales 1,05 kg",7613035544482,"['en:plant-based-foods-and-beverages', 'en:plant-based-foods', 'en:breakfasts', 'en:cereals-and-potatoes', 'en:cereals-and-their-products', 'en:breakfast-cereals', 'en:chocolate-cereals', 'en:extruded-cereals', 'en:breakfast-cereals-rich-in-fibre', 'en:cereals-with-caramel']",1,[],['en:e322'],406.0,7.4,1.1,24.5,7.0,8.1,0.4
Muesli Crunchy chocolat noir et noisettes grillées,4056489526872,"['en:plant-based-foods-and-beverages', 'en:plant-based-foods', 'en:breakfasts', 'en:cereals-and-potatoes', 'en:cereals-and-their-products', 'en:breakfast-cereals', 'en:chocolate-cereals', 'en:mueslis', 'en:mueslis-with-chocolate']",3,[],"['en:e306', 'en:e322', 'en:e322i']",471.0,20.4,4.3,21.4,6.9,9.0,0.62
Muesli Croustillant Chocolat Proteines,3421557921148,"['en:plant-based-foods-and-beverages', 'en:plant-based-foods', 'en:breakfasts', 'en:cereals-and-potatoes', 'en:cereals-and-their-products', 'en:breakfast-cereals', 'en:chocolate-cereals', 'en:mueslis', 'en:mueslis-with-chocolate']",0,[],[],419.0,12.0,2.2,14.0,9.8,15.0,0.02
Sante Granola Raspberry and Strawberry,5900617002969,"['en:plant-based-foods-and-beverages', 'en:plant-based-foods', 'en:breakfasts', 'en:cereals-and-potatoes', 'en:cereals-and-their-products', 'en:breakfast-cereals', 'en:breakfast-cereals-rich-in-fibre']",2,[],"['en:e322', 'en:e500']",448.0,14.0,1.82,18.2,7.27,9.1,0.5
Krave choco nut flavour,5059319002323,"['en:plant-based-foods-and-beverages', 'en:plant-based-foods', 'en:breakfasts', 'en:cereals-and-potatoes', 'en:cereals-and-their-products', 'en:breakfast-cereals', 'en:chocolate-cereals', 'en:extruded-cereals', 'en:filled-cereals']",5,[],"['en:e101', 'en:e101i', 'en:e160a', 'en:e304', 'en:e304i', 'en:e307', 'en:e322']",456.0,16.0,4.5,26.0,3.6,7.1,0.94
Thyme,5050083459825,"['en:plant-based-foods-and-beverages', 'en:plant-based-foods', 'en:breakfasts', 'en:cereals-and-potatoes', 'en:cereals-and-their-products', 'en:breakfast-cereals', 'en:flakes', 'en:cereal-flakes', 'en:extruded-cereals', 'en:extruded-flakes', 'en:corn-flakes']",0,[],[],398.0,4.5,0.7,35.0,2.5,6.0,1.875
Oat so simple - golden syrup flavor,5000108281238,"['en:plant-based-foods-and-beverages', 'en:plant-based-foods', 'en:breakfasts', 'en:cereals-and-potatoes', 'en:cereals-and-their-products', 'en:breakfast-cereals', 'en:flakes', 'en:cereal-flakes', 'en:rolled-flakes', 'en:rolled-oats', 'en:breakfast-cereals-not-fortified-with-vitamins-and-chemical-elements', 'en:pre-cooked-oat-flakes']",0,[],[],376.0,6.5,1.2,18.0,7.3,9.0,0.56
Stockwell & Co. Muesli 1kg,5057753253240,"['en:plant-based-foods-and-beverages', 'en:plant-based-foods', 'en:breakfasts', 'en:cereals-and-potatoes', 'en:cereals-and-their-products', 'en:breakfast-cereals', 'en:cereals-with-fruits', 'en:mueslis', 'en:mueslis-with-fruits']",0,[],[],352.0,4.8,0.9,4.2,,10.2,0.1
gullon Hearts of Cereal Breakfast,8410376042894,"['en:plant-based-foods-and-beverages', 'en:plant-based-foods', 'en:snacks', 'en:breakfasts', 'en:cereals-and-potatoes', 'en:sweet-snacks', 'en:cereals-and-their-products', 'en:biscuits-and-cakes', 'en:breakfast-cereals', 'en:biscuits']",3,[],"['en:e322', 'en:e322i', 'en:e414', 'en:e503', 'en:e503ii']",447.0,17.0,3.8,25.0,9.0,7.0,0.4225
Cheerios Grandkids imp,0016000487727,"['en:plant-based-foods-and-beverages', 'en:plant-based-foods', 'en:breakfasts', 'en:cereals-and-potatoes', 'en:cereals-and-their-products', 'en:breakfast-cereals', 'en:extruded-cereals']",1,[],"['en:e340', 'en:e340iii']",359.0,6.41,1.28,5.13,10.3,12.8,1.22
Wheat Biscuits,5010251523192,"['en:plant-based-foods-and-beverages', 'en:plant-based-foods', 'en:breakfasts', 'en:cereals-and-potatoes', 'en:cereals-and-their-products', 'en:breakfast-cereals']",0,[],[],358.0,2.0,0.6,4.4,10.0,12.0,0.28
Rice snaps,5057172220830,"['en:plant-based-foods-and-beverages', 'en:plant-based-foods', 'en:breakfasts', 'en:cereals-and-potatoes', 'en:cereals-and-their-products', 'en:breakfast-cereals', 'en:puffed-grains', 'en:puffed-cereals']",0,[],[],386.0,1.3,0.4,4.9,1.6,7.9,0.53
High Protein Choco Crunch,29308217,"['en:plant-based-foods-and-beverages', 'en:plant-based-foods', 'en:breakfasts', 'en:cereals-and-potatoes', 'en:cereals-and-their-products', 'en:breakfast-cereals', 'en:chocolate-cereals', 'en:crunchy-cereal-clusters', 'en:cereal-clusters-with-chocolate']",2,[],"['en:e306', 'en:e322', 'en:e322i']",419.0,14.5,2.7,4.5,18.8,23.7,0.43
Special K dark chocolate,5059319026176,"['en:plant-based-foods-and-beverages', 'en:plant-based-foods', 'en:breakfasts', 'en:cereals-and-potatoes', 'en:cereals-and-their-products', 'en:breakfast-cereals', 'en:chocolate-cereals', 'en:extruded-cereals', 'en:cereal-flakes-with-chocolate']",1,[],['en:e322'],423.333333333333,6.0,3.33333333333333,17.0,6.0,8.33333333333333,1.58333333333333
NESTLE FITNESS Honey Flavour Fiber Cerealien,5900020043504,"['en:plant-based-foods-and-beverages', 'en:plant-based-foods', 'en:breakfasts', 'en:cereals-and-potatoes', 'en:cereals-and-their-products', 'en:breakfast-cereals', 'en:extruded-cereals', 'en:cereals-with-honey']",3,[],"['en:e160a', 'en:e306', 'en:e965', 'en:e965ii']",348.0,3.8,1.0,1.5,17.8,10.1,0.63
Super nutty Granola,4056489852186,"['en:plant-based-foods-and-beverages', 'en:plant-based-foods', 'en:breakfasts', 'en:cereals-and-potatoes', 'en:fats', 'en:cereals-and-their-products', 'en:breakfast-cereals', 'en:mueslis']",0,[],[],466.0,18.5,2.3,13.5,2.9,11.3,0.01
super berry granola,4056489852193,"['en:plant-based-foods-and-beverages', 'en:plant-based-foods', 'en:breakfasts', 'en:cereals-and-potatoes', 'en:cereals-and-their-products', 'en:breakfast-cereals', 'en:cereals-with-fruits', 'en:mueslis', 'en:mueslis-with-fruits']",0,[],[],437.0,13.6,1.7,15.3,7.2,10.9,0.03
Muesli chocolat noir et graines de lin,3760020503833,"['en:plant-based-foods-and-beverages', 'en:plant-based-foods', 'en:breakfasts', 'en:cereals-and-potatoes', 'en:cereals-and-their-products', 'en:breakfast-cereals', 'en:chocolate-cereals', 'en:mueslis', 'en:mueslis-with-chocolate']",0,[],[],397.0,11.0,3.3,11.0,11.0,11.0,0.03
Céréales cœur fondant,3560070800209,"['en:plant-based-foods-and-beverages', 'en:plant-based-foods', 'en:breakfasts', 'en:cereals-and-potatoes', 'en:cereals-and-their-products', 'en:breakfast-cereals', 'en:chocolate-cereals', 'en:extruded-cereals', 'en:breakfast-cereals-rich-in-fibre', 'en:filled-cereals', 'en:breakfast-cereals-filled-with-chocolate-hazelnuts']",1,[],"['en:e322', 'en:e322i']",419.0,12.0,2.7,29.0,7.2,9.2,0.38
Muesli croustillant fruits rouges,3421557501692,"['en:plant-based-foods-and-beverages', 'en:plant-based-foods', 'en:breakfasts', 'en:cereals-and-potatoes', 'en:cereals-and-their-products', 'en:breakfast-cereals', 'en:cereals-with-fruits', 'en:mueslis', 'en:crunchy-mueslis', 'en:mueslis-with-fruits', 'en:crunchy-mueslis-with-fruits']",0,[],[],437.0,13.0,3.1,20.0,8.9,9.2,0.06
Chocolat,3111900350342,"['en:plant-based-foods-and-beverages', 'en:plant-based-foods', 'en:breakfasts', 'en:cereals-and-potatoes', 'en:cereals-and-their-products', 'en:breakfast-cereals', 'en:chocolate-cereals', 'en:mueslis', 'en:crunchy-mueslis', 'en:mueslis-with-chocolate', 'en:crunchy-mueslis-with-chocolate', 'en:crunchy-chocolate-muesli-fortified-with-vitamins-and-chemical-elements']",0,[],[],469.0,19.0,4.8,17.0,7.5,9.8,0.01
Les Fourrées  -  Beurre de Cacahuète & Cacao,3770008009882,"['en:plant-based-foods-and-beverages', 'en:plant-based-foods', 'en:snacks', 'en:breakfasts', 'en:cereals-and-potatoes', 'en:sweet-snacks', 'en:cereals-and-their-products', 'en:breakfast-cereals', 'en:extruded-cereals', 'en:filled-cereals']",0,[],[],438.0,17.0,3.0,13.0,6.0,13.0,0.13
Fiocchi d'avena integrale,8001120828958,"['en:plant-based-foods-and-beverages', 'en:plant-based-foods', 'en:breakfasts', 'en:cereals-and-potatoes', 'en:cereals-and-their-products', 'en:breakfast-cereals', 'en:flakes', 'en:cereal-flakes', 'en:rolled-flakes', 'en:rolled-oats']",0,[],[],385.0,8.5,1.4,1.0,10.0,12.0,0.0
Super Berry Granola,4056489239888,"['en:plant-based-foods-and-beverages', 'en:plant-based-foods', 'en:breakfasts', 'en:cereals-and-potatoes', 'en:cereals-and-their-products', 'en:breakfast-cereals', 'en:cereals-with-fruits', 'en:mueslis']",0,[],[],421.0,10.8,1.3,17.2,6.5,11.3,0.03
Muesli croustillant chocolat,3421557502774,"['en:plant-based-foods-and-beverages', 'en:plant-based-foods', 'en:breakfasts', 'en:cereals-and-potatoes', 'en:cereals-and-their-products', 'en:breakfast-cereals', 'en:chocolate-cereals', 'en:mueslis', 'en:crunchy-mueslis', 'en:mueslis-with-chocolate', 'en:crunchy-mueslis-with-chocolate', 'en:crunchy-muesli-with-chocolate-not-fortified-with-vitamins-and-chemical-elements']",0,[],[],438.0,13.0,4.4,19.0,7.8,9.5,0.07
Oat flakes rolled,4056489413455,"['en:plant-based-foods-and-beverages', 'en:plant-based-foods', 'en:breakfasts', 'en:cereals-and-potatoes', 'en:cereals-and-their-products', 'en:breakfast-cereals', 'en:flakes', 'en:cereal-flakes', 'en:rolled-flakes', 'en:rolled-oats']",0,[],[],364.0,5.7,1.0,0.7,8.5,12.0,0.0
Apple & Berry No Added Sugar Granola,5010477364678,"['en:plant-based-foods-and-beverages', 'en:plant-based-foods', 'en:breakfasts', 'en:cereals-and-potatoes', 'en:cereals-and-their-products', 'en:breakfast-cereals', 'en:cereals-with-fruits', 'en:mueslis']",0,[],[],426.14723,18.0,3.5,9.8,9.8,18.0,0.02
Muesli Bio Croustillant Amande Vanille,3111902100037,"['en:plant-based-foods-and-beverages', 'en:plant-based-foods', 'en:breakfasts', 'en:cereals-and-potatoes', 'en:cereals-and-their-products', 'en:breakfast-cereals', 'en:mueslis', 'en:cereals-with-nuts', 'en:mueslis-with-nuts']",0,[],[],458.0,18.0,1.7,16.0,5.7,9.2,0.01
Stylesse Nature,3560071013196,"['en:plant-based-foods-and-beverages', 'en:plant-based-foods', 'en:breakfasts', 'en:cereals-and-potatoes', 'en:cereals-and-their-products', 'en:breakfast-cereals', 'en:flakes', 'en:cereal-flakes', 'en:extruded-cereals', 'en:extruded-flakes', 'en:breakfast-cereals-rich-in-fibre', 'en:mixed-cereal-flakes']",0,[],[],379.0,1.5,0.2,13.0,5.3,8.7,0.79
Flocons d'Avoine,3564707116169,"['en:plant-based-foods-and-beverages', 'en:plant-based-foods', 'en:breakfasts', 'en:cereals-and-potatoes', 'en:cereals-and-their-products', 'en:breakfast-cereals', 'en:flakes', 'en:cereal-flakes', 'en:rolled-flakes', 'en:rolled-oats']",0,[],[],372.0,7.0,1.3,0.7,10.0,14.0,0.02
Muesli CRISP 5 Fruits 500g,3250392415068,"['en:plant-based-foods-and-beverages', 'en:plant-based-foods', 'en:breakfasts', 'en:cereals-and-potatoes', 'en:cereals-and-their-products', 'en:breakfast-cereals', 'en:cereals-with-fruits', 'en:mueslis', 'en:crunchy-mueslis', 'en:mueslis-with-fruits', 'fr:alimentos-e-bebidas-a-base-de-plantas', 'fr:alimentos-a-base-de-plantas', 'fr:cereais-com-frutos', 'fr:cereais-e-batatas', 'fr:cereais-e-seus-produtos', 'fr:cereias-para-pequeno-almocco', 'fr:mueslis-com-frutos', 'fr:pequenos-alomocos']",2,[],"['en:e220', 'en:e330']",426.0,13.6,6.4,21.4,7.4,8.8,0.17
Fibra sticks,8480000602367,"['en:plant-based-foods-and-beverages', 'en:plant-based-foods', 'en:breakfasts', 'en:cereals-and-potatoes', 'en:seeds', 'en:cereals-and-their-products', 'en:breakfast-cereals', 'en:cereal-grains', 'en:bran', 'en:cereal-brans', 'en:wheat-brans']",0,[],[],342.0,3.3,0.6,10.0,33.0,16.0,0.88
Protein Granola Apricot & Cranberry,4088600248783,"['en:plant-based-foods-and-beverages', 'en:plant-based-foods', 'en:breakfasts', 'en:cereals-and-potatoes', 'en:cereals-and-their-products', 'en:breakfast-cereals', 'en:cereals-with-fruits', 'en:mueslis', 'en:mueslis-with-fruits']",0,[],[],441.0,16.3,2.7,18.3,6.0,26.5,0.91
Crunchy Oat Granola Tropical Fruits,5010477346032,"['en:plant-based-foods-and-beverages', 'en:plant-based-foods', 'en:breakfasts', 'en:cereals-and-potatoes', 'en:cereals-and-their-products', 'en:breakfast-cereals', 'en:cereals-with-fruits', 'en:mueslis', 'en:mueslis-with-fruits']",1,[],['en:e330'],426.0,13.0,4.4,22.0,6.2,10.0,0.05
Original Cheerios,0016000435094,"['en:plant-based-foods-and-beverages', 'en:plant-based-foods', 'en:breakfasts', 'en:cereals-and-potatoes', 'en:cereals-and-their-products', 'en:specific-products', 'en:breakfast-cereals', 'en:products-for-specific-diets', 'en:products-without-gluten', 'en:extruded-cereals', 'en:breakfast-cereals-puffed-cereals-wholemeal-fortified-with-vitamins-and-chemical-elements']",2,[],"['en:e306', 'en:e340', 'en:e340iii']",359.0,6.41,1.28,5.13,10.3,12.8,1.22
Rice Pops,00251303,"['en:plant-based-foods-and-beverages', 'en:plant-based-foods', 'en:breakfasts', 'en:cereals-and-potatoes', 'en:cereals-and-their-products', 'en:breakfast-cereals', 'en:breakfast-cereals-fortified-with-vitamins-and-chemical-elements', 'en:sweet-breakfast-cereals', 'en:sweet-breakfast-cereals-fortified-with-vitamins-and-chemical-elements']",0,[],[],394.0,1.2,0.4,4.1,1.1,7.4,0.43
Crisp Rice,4088600042268,"['en:plant-based-foods-and-beverages', 'en:plant-based-foods', 'en:breakfasts', 'en:cereals-and-potatoes', 'en:cereals-and-their-products', 'en:breakfast-cereals', 'en:puffed-grains', 'en:puffed-cereals']",0,[],[],387.0,1.33,0.333,5.0,1.67,8.0,0.525
Babicao,8445290549754,"['en:plant-based-foods-and-beverages', 'en:plant-based-foods', 'en:breakfasts', 'en:cereals-and-potatoes', 'en:cereals-and-their-products', 'en:breakfast-cereals', 'en:chocolate-cereals']",0,[],[],385.0,2.3,0.8,30.3,6.1,10.5,0.1
Nutty Granola,00405249,"['en:plant-based-foods-and-beverages', 'en:plant-based-foods', 'en:breakfasts', 'en:cereals-and-potatoes', 'en:cereals-and-their-products', 'en:breakfast-cereals', 'en:mueslis', 'en:nutty-granola']",0,[],[],455.0,17.3,4.7,3.0,8.4,12.4,0.03
Multigrain hoops,29308835,"['en:plant-based-foods-and-beverages', 'en:plant-based-foods', 'en:breakfasts', 'en:cereals-and-potatoes', 'en:cereals-and-their-products', 'en:breakfast-cereals', 'en:extruded-cereals']",0,[],[],382.0,2.6,0.5,16.4,8.5,9.3,0.45
Granola super nutty,4056489694120,"['en:plant-based-foods-and-beverages', 'en:plant-based-foods', 'en:breakfasts', 'en:cereals-and-potatoes', 'en:cereals-and-their-products', 'en:breakfast-cereals', 'en:mueslis']",1,[],['en:e306'],475.0,21.7,2.9,11.9,7.0,11.0,0.01
Protein Granola Berry,4061459823226,"['en:plant-based-foods-and-beverages', 'en:plant-based-foods', 'en:breakfasts', 'en:cereals-and-potatoes', 'en:cereals-and-their-products', 'en:breakfast-cereals', 'en:cereals-with-fruits', 'en:crunchy-cereal-clusters', 'en:cereal-clusters-with-fruits']",0,[],[],449.0,16.7,2.89,16.9,6.89,16.7,1.97
Croustillant Nature,3560070792368,"['en:plant-based-foods-and-beverages', 'en:plant-based-foods', 'en:breakfasts', 'en:cereals-and-potatoes', 'en:cereals-and-their-products', 'en:breakfast-cereals', 'en:flakes', 'en:mueslis', 'en:cereal-flakes', 'en:crunchy-mueslis', 'en:crunchy-cereal-clusters', 'en:crunchy-mueslis-without-fruits']",0,[],[],447.0,13.0,1.4,16.0,8.1,8.9,0.01
Choco Shells,20621377,"['en:plant-based-foods-and-beverages', 'en:plant-based-foods', 'en:breakfasts', 'en:cereals-and-potatoes', 'en:cereals-and-their-products', 'en:breakfast-cereals', 'en:chocolate-cereals', 'en:extruded-cereals', 'en:chocolate-wheat-shells']",0,[],[],377.0,2.7,1.1,22.4,8.3,9.6,0.29
granola,3564706604353,"['en:plant-based-foods-and-beverages', 'en:plant-based-foods', 'en:breakfasts', 'en:cereals-and-potatoes', 'en:cereals-and-their-products', 'en:frozen-foods', 'en:breakfast-cereals', 'en:chocolate-cereals', 'en:mueslis', 'en:mueslis-with-chocolate']",3,[],"['en:e306', 'en:e322', 'en:e322i']",464.0,21.0,4.5,14.0,8.9,13.0,0.01
Muesli fruits,3560071407506,"['en:plant-based-foods-and-beverages', 'en:plant-based-foods', 'en:breakfasts', 'en:cereals-and-potatoes', 'en:cereals-and-their-products', 'en:breakfast-cereals', 'en:cereals-with-fruits', 'en:mueslis', 'en:bircher-style-mueslis', 'en:mueslis-with-fruits', 'en:bircher-style-mueslis-with-fruits']",1,[],"['en:e322', 'en:e322i']",366.0,6.9,1.0,13.0,9.9,10.0,0.02
Apricot Wheats,5059319013442,"['en:plant-based-foods-and-beverages', 'en:plant-based-foods', 'en:breakfasts', 'en:cereals-and-potatoes', 'en:cereals-and-their-products', 'en:breakfast-cereals', 'en:extruded-cereals', 'en:filled-cereals']",3,[],"['en:e330', 'en:e422', 'en:e440']",377.0,1.5,0.2,16.0,7.9,8.8,0.02
Malted Wheats,5000169632727,"['en:plant-based-foods-and-beverages', 'en:plant-based-foods', 'en:breakfasts', 'en:cereals-and-potatoes', 'en:cereals-and-their-products', 'en:breakfast-cereals', 'en:extruded-cereals']",0,[],[],361.0,1.7,0.4,10.6,10.9,11.3,0.42
Special K Classic,5059319026053,"['en:plant-based-foods-and-beverages', 'en:plant-based-foods', 'en:breakfasts', 'en:cereals-and-potatoes', 'en:cereals-and-their-products', 'en:breakfast-cereals', 'en:flakes', 'en:cereal-flakes', 'en:extruded-cereals']",0,[],[],392.0,1.3,0.3,15.0,6.0,8.0,0.84
Muesli Berries & Cherries,20472610,"['en:plant-based-foods-and-beverages', 'en:plant-based-foods', 'en:breakfasts', 'en:cereals-and-potatoes', 'en:cereals-and-their-products', 'en:breakfast-cereals', 'en:cereals-with-fruits', 'en:mueslis', 'en:mueslis-with-fruits']",0,[],[],336.0,1.8,0.4,38.3,6.3,5.8,0.03
Go Free Gluten Free Corn Flakes imp,5900020042538,"['en:plant-based-foods-and-beverages', 'en:plant-based-foods', 'en:breakfasts', 'en:cereals-and-potatoes', 'en:cereals-and-their-products', 'en:breakfast-cereals', 'en:flakes', 'en:cereal-flakes', 'en:extruded-cereals', 'en:extruded-flakes', 'en:corn-flakes']",0,[],[],382.0,1.4,0.5,8.8,4.2,7.4,1.33
Flakes fruits rouges,4056489671442,"['en:plant-based-foods-and-beverages', 'en:plant-based-foods', 'en:breakfasts', 'en:cereals-and-potatoes', 'en:cereals-and-their-products', 'en:breakfast-cereals', 'en:cereals-with-fruits', 'en:flakes', 'en:cereal-flakes', 'en:extruded-cereals', 'en:extruded-flakes', 'en:breakfast-cereals-rich-in-fibre', 'en:cereal-flakes-with-fruits']",1,[],['en:e471'],370.0,2.2,0.5,13.4,8.0,8.7,0.48
bran flakes harvest morn,4061464572706,"['en:plant-based-foods-and-beverages', 'en:plant-based-foods', 'en:breakfasts', 'en:cereals-and-potatoes', 'en:cereals-and-their-products', 'en:breakfast-cereals', 'en:flakes', 'en:cereal-flakes', 'en:extruded-cereals', 'en:extruded-flakes', 'en:extruded-wheat-flakes']",0,[],[],366.0,3.2,0.7,10.6,14.5,10.7,0.74
MUESLI & Co 6 FRUITS SECS,3270190111108,"['en:plant-based-foods-and-beverages', 'en:plant-based-foods', 'en:breakfasts', 'en:cereals-and-potatoes', 'en:cereals-and-their-products', 'en:breakfast-cereals', 'en:cereals-with-fruits', 'en:mueslis', 'en:bircher-style-mueslis', 'en:mueslis-with-fruits']",0,[],[],366.0,6.4,3.0,16.0,8.9,9.5,0.02
Original Nature,3387390325911,"['en:plant-based-foods-and-beverages', 'en:plant-based-foods', 'en:breakfasts', 'en:cereals-and-potatoes', 'en:cereals-and-their-products', 'en:breakfast-cereals', 'en:flakes', 'en:cereal-flakes', 'en:extruded-cereals', 'en:extruded-flakes', 'en:breakfast-cereals-rich-in-fibre', 'en:mixed-cereal-flakes']",2,[],"['en:e306', 'en:e471']",368.0,1.8,0.6,11.0,7.6,9.4,0.9
Céréales Muesli croustillant aux fruits rouges doypack de 500g,3256220394086,"['en:plant-based-foods-and-beverages', 'en:plant-based-foods', 'en:breakfasts', 'en:cereals-and-potatoes', 'en:cereals-and-their-products', 'en:breakfast-cereals', 'en:cereals-with-fruits', 'en:mueslis', 'en:crunchy-mueslis', 'en:mueslis-with-fruits', 'en:crunchy-mueslis-with-fruits']",2,[],"['en:e306', 'en:e471']",436.0,14.0,2.6,18.0,8.9,8.9,0.15
Quaker Cruesli Chocolat au lait maxi format,3168930010838,"['en:plant-based-foods-and-beverages', 'en:plant-based-foods', 'en:breakfasts', 'en:cereals-and-potatoes', 'en:cereals-and-their-products', 'en:breakfast-cereals', 'en:chocolate-cereals', 'en:mueslis', 'en:breakfast-cereals-rich-in-fibre', 'en:crunchy-cereal-clusters', 'en:cereal-clusters-with-chocolate']",2,[],"['en:e306', 'en:e322', 'en:e322i']",457.0,19.0,4.8,20.0,8.7,7.7,0.51
Früchte Hafer-Müsli,4000540001341,"['en:plant-based-foods-and-beverages', 'en:plant-based-foods', 'en:breakfasts', 'en:cereals-and-potatoes', 'en:cereals-and-their-products', 'en:breakfast-cereals', 'en:cereals-with-fruits', 'en:mueslis', 'en:mueslis-with-fruits']",0,[],[],364.0,6.0,2.8,22.0,7.8,9.5,0.07
Copos de trigo integral y arroz con chocolate con leche,8480000094872,"['en:plant-based-foods-and-beverages', 'en:plant-based-foods', 'en:breakfasts', 'en:cereals-and-potatoes', 'en:cereals-and-their-products', 'en:breakfast-cereals', 'en:chocolate-cereals', 'en:flakes', 'en:extruded-cereals', 'en:extruded-flakes', 'en:cereal-flakes-with-chocolate']",5,[],"['en:e322', 'en:e322i', 'en:e414', 'en:e471', 'en:e904', 'en:e965', 'en:e965ii']",399.0,6.2,3.4,18.3,5.1,8.3,0.98
NESTLE FITNESS Chocolat Noir Céréales 450g,7613287514271,"['en:plant-based-foods-and-beverages', 'en:plant-based-foods', 'en:breakfasts', 'en:cereals-and-potatoes', 'en:cereals-and-their-products', 'en:breakfast-cereals', 'en:chocolate-cereals', 'en:extruded-cereals', 'en:breakfast-cereals-rich-in-fibre']",4,[],"['en:e1200', 'en:e306', 'en:e322', 'en:e322i', 'en:e414']",400.0,8.5,4.6,15.1,10.2,8.9,0.45
Special flakes with red berries,5051140851460,"['en:plant-based-foods-and-beverages', 'en:plant-based-foods', 'en:breakfasts', 'en:cereals-and-potatoes', 'en:cereals-and-their-products', 'en:breakfast-cereals', 'en:cereals-with-fruits', 'en:flakes', 'en:cereal-flakes', 'en:extruded-cereals', 'en:cereal-flakes-with-fruits']",0,[],[],370.0,1.5,0.4,15.6,3.5,7.4,0.6
Les fourrées cacao noisette,3760336830586,"['en:plant-based-foods-and-beverages', 'en:plant-based-foods', 'en:breakfasts', 'en:cereals-and-potatoes', 'en:cereals-and-their-products', 'en:breakfast-cereals', 'en:chocolate-cereals', 'en:extruded-cereals', 'en:filled-cereals', 'en:breakfast-cereals-filled-with-chocolate', 'en:breakfast-cereals-filled-with-chocolate-hazelnuts']",0,[],[],423.0,15.0,2.0,21.0,4.2,7.8,0.03
Ancient Grain Granola,0855140002175,"['en:plant-based-foods-and-beverages', 'en:plant-based-foods', 'en:breakfasts', 'en:cereals-and-potatoes', 'en:cereals-and-their-products', 'en:breakfast-cereals', 'en:mueslis']",0,[],[],433.0,16.7,11.7,20.0,6.67,10.0,3.48
Barres Granola au sirop d'érable,4056489233725,"['en:plant-based-foods-and-beverages', 'en:plant-based-foods', 'en:snacks', 'en:breakfasts', 'en:cereals-and-potatoes', 'en:sweet-snacks', 'en:cereals-and-their-products', 'en:frozen-foods', 'en:breakfast-cereals', 'en:bars', 'en:cereal-bars']",2,[],"['en:e322', 'en:e500', 'en:e500i']",461.0,17.7,7.1,21.3,6.4,8.7,0.28
Céréales oh my crips fruit,5010477365378,"['en:plant-based-foods-and-beverages', 'en:plant-based-foods', 'en:breakfasts', 'en:cereals-and-potatoes', 'en:cereals-and-their-products', 'en:breakfast-cereals', 'fr:pepites-d-avoine-grillee']",0,[],[],427.0,18.0,3.5,9.8,18.0,8.5,0.05
Strawberry & Almond Low Sugar Granola,5060482843484,"['en:plant-based-foods-and-beverages', 'en:plant-based-foods', 'en:breakfasts', 'en:cereals-and-potatoes', 'en:cereals-and-their-products', 'en:breakfast-cereals', 'en:mueslis', 'en:cereals-with-nuts']",0,[],[],431.0,15.1,3.33,3.56,16.4,11.6,5.56e-05
Muesli croustillant - duo de chocolats,3111900350571,"['en:plant-based-foods-and-beverages', 'en:plant-based-foods', 'en:breakfasts', 'en:cereals-and-potatoes', 'en:cereals-and-their-products', 'en:breakfast-cereals', 'en:chocolate-cereals', 'en:mueslis', 'en:mueslis-with-chocolate']",1,[],['en:e392'],476.0,20.0,6.1,20.0,8.2,10.0,0.02
Fitness Original,3387390331974,"['en:plant-based-foods-and-beverages', 'en:plant-based-foods', 'en:breakfasts', 'en:cereals-and-potatoes', 'en:cereals-and-their-products', 'en:breakfast-cereals']",1,[],['en:e306'],366.0,2.1,0.6,8.8,10.7,9.4,0.56
Pétales au chocolat Blé complet,3560071267032,"['en:plant-based-foods-and-beverages', 'en:plant-based-foods', 'en:breakfasts', 'en:cereals-and-potatoes', 'en:cereals-and-their-products', 'en:breakfast-cereals', 'en:chocolate-cereals', 'en:extruded-cereals', 'en:breakfast-cereals-rich-in-fibre', 'en:chocolate-wheat-shells', 'en:breakfast-chocolate-cereals-not-filled-and-not-fortified-with-vitamins-and-chemical-elements']",0,[],[],379.0,3.4,1.6,25.0,7.6,9.3,0.22
Fibra,3560071015725,"['en:plant-based-foods-and-beverages', 'en:plant-based-foods', 'en:breakfasts', 'en:cereals-and-potatoes', 'en:cereals-and-their-products', 'en:frozen-foods', 'en:breakfast-cereals', 'en:cereals-with-fruits', 'en:extruded-cereals', 'en:breakfast-cereals-rich-in-fibre', 'en:cereal-flakes-with-fruits']",2,[],"['en:e300', 'en:e330']",356.0,6.1,3.6,20.0,8.9,8.7,0.41
Muesli 6 frutas,3560071407742,"['en:plant-based-foods-and-beverages', 'en:plant-based-foods', 'en:breakfasts', 'en:cereals-and-potatoes', 'en:cereals-and-their-products', 'en:breakfast-cereals', 'en:cereals-with-fruits', 'en:mueslis', 'en:mueslis-with-fruits', 'en:breakfast-cereals-rich-in-fibre']",1,[],['en:e392'],444.0,17.0,4.8,24.0,6.2,7.6,0.02
Honey Nut Cheerios,0016000124790,"['en:plant-based-foods-and-beverages', 'en:plant-based-foods', 'en:breakfasts', 'en:cereals-and-potatoes', 'en:seeds', 'en:cereals-and-their-products', 'en:breakfast-cereals', 'en:cereal-grains', 'en:extruded-cereals']",1,[],"['en:e340', 'en:e340iii']",378.0,5.41,0.0,32.4,8.11,8.11,1.42
High Protein Müsli,4056489030300,"['en:plant-based-foods-and-beverages', 'en:plant-based-foods', 'en:breakfasts', 'en:cereals-and-potatoes', 'en:cereals-and-their-products', 'en:breakfast-cereals', 'en:chocolate-cereals', 'en:mueslis', 'en:mueslis-with-chocolate']",5,[],"['en:e170', 'en:e170i', 'en:e306', 'en:e322', 'en:e330', 'en:e503', 'en:e503i']",415.0,12.0,3.3,9.9,11.6,25.6,0.9
Coco Pops,5059319024479,"['en:plant-based-foods-and-beverages', 'en:plant-based-foods', 'en:breakfasts', 'en:cereals-and-potatoes', 'en:cereals-and-their-products', 'en:breakfast-cereals', 'en:puffed-grains', 'en:chocolate-cereals', 'en:puffed-cereals', 'en:puffed-rice', 'en:chocolate-puffed-rice']",0,[],[],386.0,1.9,0.9,17.0,3.8,6.3,0.525
Bamboo crunchy chocolate,5430000992336,"['en:plant-based-foods-and-beverages', 'en:plant-based-foods', 'en:breakfasts', 'en:cereals-and-potatoes', 'en:cereals-and-their-products', 'en:breakfast-cereals', 'en:chocolate-cereals', 'en:mueslis', 'en:mueslis-with-chocolate']",1,[],"['en:e322', 'en:e322i']",454.0,22.0,3.7,9.8,8.0,12.0,0.2
Porridge Oats,5000108022510,"['en:plant-based-foods-and-beverages', 'en:plant-based-foods', 'en:breakfasts', 'en:cereals-and-potatoes', 'en:cereals-and-their-products', 'en:breakfast-cereals', 'en:flakes', 'en:cereal-flakes', 'en:rolled-flakes', 'en:rolled-oats']",0,[],[],375.0,8.0,1.5,1.0,9.0,11.0,0.0
Weetabix,5010029000214,"['en:plant-based-foods-and-beverages', 'en:plant-based-foods', 'en:breakfasts', 'en:cereals-and-potatoes', 'en:cereals-and-their-products', 'en:breakfast-cereals', 'en:fruhstucke', 'en:fruhstuckscerealien', 'en:pflanzliche-lebensmittel-und-getranke']",0,[],[],362.0,2.0,0.6,4.4,10.0,12.0,0.28
Muesli croustillant 7 fruits,3421557501890,"['en:plant-based-foods-and-beverages', 'en:plant-based-foods', 'en:breakfasts', 'en:cereals-and-potatoes', 'en:cereals-and-their-products', 'en:breakfast-cereals', 'en:cereals-with-fruits', 'en:mueslis', 'en:crunchy-mueslis', 'en:mueslis-with-fruits', 'en:crunchy-mueslis-with-fruits']",0,[],[],436.0,15.0,4.4,24.0,6.7,8.4,0.0
Country Crisp Chocolat Noir,5010477348593,"['en:plant-based-foods-and-beverages', 'en:plant-based-foods', 'en:breakfasts', 'en:cereals-and-potatoes', 'en:cereals-and-their-products', 'en:breakfast-cereals', 'en:chocolate-cereals', 'en:breakfast-cereals-rich-in-fibre', 'en:crunchy-cereal-clusters', 'en:cereal-clusters-with-chocolate']",1,[],"['en:e322', 'en:e322i']",453.0,16.7,4.6,20.8,6.0,9.2,0.03
Muesli Croustillant nature sans gluten,3111900350335,"['en:plant-based-foods-and-beverages', 'en:plant-based-foods', 'en:breakfasts', 'en:cereals-and-potatoes', 'en:cereals-and-their-products', 'en:breakfast-cereals', 'en:mueslis', 'en:crunchy-mueslis', 'en:crunchy-mueslis-without-fruits']",0,[],[],455.0,17.0,5.2,17.0,7.3,8.6,0.01
Puffreis mit Schokolade,4021700900021,"['en:plant-based-foods-and-beverages', 'en:plant-based-foods', 'en:snacks', 'en:breakfasts', 'en:cereals-and-potatoes', 'en:sweet-snacks', 'en:biscuits-and-cakes', 'en:biscuits-and-crackers', 'en:cereals-and-their-products', 'en:cocoa-and-its-products', 'en:confectioneries', 'en:biscuits', 'en:breakfast-cereals', 'en:chocolate-candies', 'en:puffed-grains', 'en:bars', 'en:chocolate-cereals', 'en:puffed-cereals', 'en:chocolate-biscuits', 'en:candy-chocolate-bars', 'en:milk-chocolate-biscuits', 'en:puffed-rice', 'en:chocolate-covered-bars-with-milk-and-cereals', 'en:chocolate-puffed-rice']",0,[],[],533.0,30.0,21.0,40.0,,5.6,0.22
Knusprige Haferfleks Klassik,4000540011050,"['en:plant-based-foods-and-beverages', 'en:plant-based-foods', 'en:breakfasts', 'en:cereals-and-potatoes', 'en:cereals-and-their-products', 'en:breakfast-cereals', 'en:extruded-cereals']",0,[],[],392.0,5.4,1.1,17.0,7.5,9.7,1.0825
NESTLE NESQUIK Cerealien,3387390325621,"['en:plant-based-foods-and-beverages', 'en:plant-based-foods', 'en:breakfasts', 'en:cereals-and-potatoes', 'en:cereals-and-their-products', 'en:breakfast-cereals', 'en:chocolate-cereals']",0,[],[],378.0,3.0,0.7,22.1,9.3,8.7,0.22
Corn Flakes,8008698002223,"['en:plant-based-foods-and-beverages', 'en:plant-based-foods', 'en:breakfasts', 'en:cereals-and-potatoes', 'en:cereals-and-their-products', 'en:breakfast-cereals', 'en:flakes', 'en:cereal-flakes', 'en:extruded-cereals', 'en:extruded-flakes', 'en:corn-flakes', 'en:plain-corn-flakes', 'en:alimentos-de-origen-vegetal', 'en:alimentos-y-bebidas-de-origen-vegetal', 'en:cereales-para-el-desayuno', 'en:cereales-y-derivados', 'en:cereales-y-patatas', 'en:copos', 'en:copos-de-cereales', 'en:copos-de-maiz-tostado', 'en:desayunos']",0,[],[],371.0,1.0,0.2,4.2,5.0,8.0,1.8
,8434165581821,"['en:plant-based-foods-and-beverages', 'en:plant-based-foods', 'en:breakfasts', 'en:cereals-and-potatoes', 'en:cereals-and-their-products', 'en:breakfast-cereals', 'en:chocolate-cereals', 'en:extruded-cereals', 'en:filled-cereals', 'en:breakfast-cereals-filled-with-chocolate']",4,[],"['en:e150d', 'en:e223', 'en:e322', 'en:e322i', 'en:e500', 'en:e500i']",450.0,14.0,4.0,26.0,3.5,6.3,0.53
,5601001187803,"['en:plant-based-foods-and-beverages', 'en:plant-based-foods', 'en:breakfasts', 'en:cereals-and-potatoes', 'en:cereals-and-their-products', 'en:breakfast-cereals', 'en:chocolate-cereals', 'en:extruded-cereals', 'en:chocolate-wheat-shells']",1,[],['en:e322'],389.0,4.8,1.3,22.4,7.7,8.9,0.22
Mix cereales 0% azúcares añadidos,8414472103909,"['en:plant-based-foods-and-beverages', 'en:plant-based-foods', 'en:breakfasts', 'en:cereals-and-potatoes', 'en:cereals-and-their-products', 'en:breakfast-cereals']",1,[],"['en:e322', 'en:e322i']",374.0,3.57,0.63,1.79,7.13,11.02,0.336
Lizi's,5060092030878,"['en:plant-based-foods-and-beverages', 'en:plant-based-foods', 'en:breakfasts', 'en:cereals-and-potatoes', 'en:cereals-and-their-products', 'en:breakfast-cereals', 'en:mueslis']",0,[],[],501.0,27.1,4.2,3.8,9.7,14.2,0.02
Chocapic Nestlé,3033710061983,"['en:plant-based-foods-and-beverages', 'en:plant-based-foods', 'en:breakfasts', 'en:cereals-and-potatoes', 'en:cereals-and-their-products', 'en:breakfast-cereals', 'en:chocolate-cereals', 'en:breakfast-cereals-fortified-with-vitamins-and-chemical-elements', 'en:extruded-cereals', 'en:breakfast-cereals-rich-in-fibre', 'en:chocolate-wheat-shells', 'en:unfilled-breakfast-chocolate-cereals-fortified-with-vitamins-and-chemical-elements']",1,[],"['en:e322', 'en:e322i']",389.0,4.8,1.3,22.4,7.7,8.9,0.22
Quaker Cruesli 3 chocolats,3168930008514,"['en:plant-based-foods-and-beverages', 'en:plant-based-foods', 'en:breakfasts', 'en:cereals-and-potatoes', 'en:cereals-and-their-products', 'en:breakfast-cereals', 'en:chocolate-cereals', 'en:breakfast-cereals-rich-in-fibre', 'en:crunchy-cereal-clusters', 'en:cereal-clusters-with-chocolate']",2,[],"['en:e306', 'en:e322', 'en:e322i']",454.0,19.0,4.3,18.0,9.1,7.6,0.53
Croc choc,3572420000481,"['en:plant-based-foods-and-beverages', 'en:plant-based-foods', 'en:breakfasts', 'en:cereals-and-potatoes', 'en:cereals-and-their-products', 'en:breakfast-cereals', 'en:chocolate-cereals', 'en:extruded-cereals', 'en:filled-cereals', 'en:breakfast-cereals-filled-with-chocolate-hazelnuts']",1,[],"['en:e322', 'en:e322i']",446.0,15.0,5.7,35.0,4.8,7.9,0.44
Stylesse Chocolat Noir,3560071013127,"['en:plant-based-foods-and-beverages', 'en:plant-based-foods', 'en:snacks', 'en:breakfasts', 'en:cereals-and-potatoes', 'en:sweet-snacks', 'en:cereals-and-their-products', 'en:cocoa-and-its-products', 'en:breakfast-cereals', 'en:chocolate-cereals', 'en:extruded-cereals', 'en:breakfast-cereals-rich-in-fibre', 'en:cereal-flakes-with-chocolate']",1,[],['en:e322'],397.0,5.3,2.6,18.0,5.6,8.3,0.69
Flocons d'avoine sans gluten,3421557701504,"['en:plant-based-foods-and-beverages', 'en:plant-based-foods', 'en:breakfasts', 'en:cereals-and-potatoes', 'en:cereals-and-their-products', 'en:breakfast-cereals', 'en:flakes', 'en:cereal-flakes', 'en:rolled-flakes', 'en:rolled-oats']",0,[],[],375.0,7.1,1.3,0.9,10.0,12.0,0.0
Croc' Tout Choc à la pâte à tartiner,3572420000399,"['en:plant-based-foods-and-beverages', 'en:plant-based-foods', 'en:breakfasts', 'en:cereals-and-potatoes', 'en:cereals-and-their-products', 'en:breakfast-cereals', 'en:chocolate-cereals', 'en:extruded-cereals', 'en:filled-cereals', 'en:breakfast-cereals-filled-with-chocolate-hazelnuts']",2,[],"['en:e322', 'en:e322i', 'en:e471']",456.0,16.0,5.0,32.0,7.0,7.5,0.5
Granola,5902884465911,"['en:plant-based-foods-and-beverages', 'en:plant-based-foods', 'en:breakfasts', 'en:cereals-and-potatoes', 'en:cereals-and-their-products', 'en:frozen-foods', 'en:breakfast-cereals', 'en:chocolate-cereals', 'en:mueslis', 'en:mueslis-with-chocolate', 'en:diet-chocolate-breakfast-cereals']",0,[],[],430.0,15.9,3.9,13.0,9.7,11.5,0.53
Beerenmüsli,4104420180369,"['en:plant-based-foods-and-beverages', 'en:plant-based-foods', 'en:breakfasts', 'en:cereals-and-potatoes', 'en:cereals-and-their-products', 'en:breakfast-cereals', 'en:cereals-with-fruits', 'en:mueslis', 'en:mueslis-with-fruits']",0,[],[],365.0,6.5,1.1,18.0,9.4,11.0,0.02
Extra original,5053827140126,"['en:plant-based-foods-and-beverages', 'en:plant-based-foods', 'en:breakfasts', 'en:cereals-and-potatoes', 'en:cereals-and-their-products', 'en:breakfast-cereals']",0,[],[],481.0,22.0,11.0,19.0,5.7,8.0,0.85
OLD FASHIONED,0030000010204,"['en:plant-based-foods-and-beverages', 'en:plant-based-foods', 'en:breakfasts', 'en:cereals-and-potatoes', 'en:cereals-and-their-products', 'en:breakfast-cereals', 'en:flakes', 'en:cereal-flakes', 'en:rolled-flakes', 'en:rolled-oats']",0,[],[],375.0,7.5,1.25,2.5,10.0,12.5,0.0
Swiss style muesli,01771879,"['en:plant-based-foods-and-beverages', 'en:plant-based-foods', 'en:breakfasts', 'en:cereals-and-potatoes', 'en:cereals-and-their-products', 'en:breakfast-cereals', 'en:cereals-with-fruits', 'en:mueslis', 'en:bircher-style-mueslis', 'en:mueslis-with-fruits', 'en:muesli-flakes-not-fortified-with-vitamins-and-chemical-elements']",0,[],[],373.0,5.78,0.889,14.7,7.78,11.1,0.0222
Mighty malties,5010251750611,"['en:plant-based-foods-and-beverages', 'en:plant-based-foods', 'en:breakfasts', 'en:cereals-and-potatoes', 'en:cereals-and-their-products', 'en:breakfast-cereals', 'en:extruded-cereals']",0,[],[],368.0,1.8,0.3,11.0,10.0,10.0,0.269
Tropical Fruits Granola,5051399536071,"['en:plant-based-foods-and-beverages', 'en:plant-based-foods', 'en:fruits-and-vegetables-based-foods', 'en:breakfasts', 'en:cereals-and-potatoes', 'en:cereals-and-their-products', 'en:fruits-based-foods', 'en:breakfast-cereals', 'en:fruits', 'en:cereals-with-fruits', 'en:mueslis', 'en:tropical-fruits', 'en:mueslis-with-fruits']",2,[],"['en:e220', 'en:e330']",429.0,12.5,3.0,17.1,6.9,9.7,0.03
Le croustillant chocolat noir & fruits rouges,3229820802381,"['en:plant-based-foods-and-beverages', 'en:plant-based-foods', 'en:breakfasts', 'en:cereals-and-potatoes', 'en:cereals-and-their-products', 'en:breakfast-cereals', 'en:mueslis', 'en:breakfast-cereals-rich-in-fibre', 'en:crunchy-cereal-clusters']",2,[],"['en:e306', 'en:e414']",434.0,14.0,3.1,14.0,10.0,10.0,0.5
Oats & Honey Granola with Toasted Coconut,0602652171864,"['en:plant-based-foods-and-beverages', 'en:plant-based-foods', 'en:breakfasts', 'en:cereals-and-potatoes', 'en:cereals-and-their-products', 'en:breakfast-cereals', 'en:mueslis']",1,[],['en:e306'],367.0,8.33,3.33,16.7,6.67,6.67,0.125
Tropical Fruits Granola,4088600169873,"['en:plant-based-foods-and-beverages', 'en:plant-based-foods', 'en:breakfasts', 'en:cereals-and-potatoes', 'en:cereals-and-their-products', 'en:breakfast-cereals', 'en:cereals-with-fruits', 'en:mueslis', 'en:mueslis-with-fruits']",2,[],"['en:e220', 'en:e330']",431.0,13.0,4.4,19.1,6.8,10.0,0.03
Crousti pétales chocolat noir bio,3229820803906,"['en:plant-based-foods-and-beverages', 'en:plant-based-foods', 'en:breakfasts', 'en:cereals-and-potatoes', 'en:cereals-and-their-products', 'en:breakfast-cereals', 'en:chocolate-cereals', 'en:extruded-cereals', 'en:breakfast-cereals-rich-in-fibre']",0,[],[],416.0,8.3,4.3,12.0,8.4,10.0,0.55
Pecan&almond muesli crunch,5018357803842,"['en:plant-based-foods-and-beverages', 'en:plant-based-foods', 'en:breakfasts', 'en:cereals-and-potatoes', 'en:cereals-and-their-products', 'en:breakfast-cereals', 'en:mueslis']",1,[],"['en:e322', 'en:e322i']",459.0,20.3,3.4,10.3,7.6,13.2,0.08
Special Classic Maxi,5059319025681,"['en:plant-based-foods-and-beverages', 'en:plant-based-foods', 'en:breakfasts', 'en:cereals-and-potatoes', 'en:cereals-and-their-products', 'en:breakfast-cereals', 'en:flakes', 'en:cereal-flakes', 'en:extruded-cereals', 'en:extruded-flakes', 'en:mixed-cereal-flakes']",0,[],[],392.0,1.3,0.3,15.0,6.0,8.0,0.84
Fruit Muesli,5059697769313,"['en:plant-based-foods-and-beverages', 'en:plant-based-foods', 'en:breakfasts', 'en:cereals-and-potatoes', 'en:cereals-and-their-products', 'en:breakfast-cereals', 'en:cereals-with-fruits', 'en:mueslis', 'en:mueslis-with-fruits']",1,[],['en:e220'],344.0,3.4,0.7,28.8,7.4,7.8,0.03
Shredded Wheat'n Bran,0884912180599,"['en:plant-based-foods-and-beverages', 'en:plant-based-foods', 'en:breakfasts', 'en:cereals-and-potatoes', 'en:cereals-and-their-products', 'en:breakfast-cereals', 'en:extruded-cereals']",1,[],['en:e321'],350.0,2.5,0.0,0.0,13.3,11.7,0.0
Granola High Protein Peanut & Oat,29306480,"['en:plant-based-foods-and-beverages', 'en:plant-based-foods', 'en:breakfasts', 'en:cereals-and-potatoes', 'en:cereals-and-their-products', 'en:breakfast-cereals', 'en:mueslis', 'en:crunchy-mueslis']",0,[],[],440.0,18.0,2.3,4.5,7.0,23.9,0.52
Crunchy Nut,5059319032931,"['en:plant-based-foods-and-beverages', 'en:plant-based-foods', 'en:breakfasts', 'en:cereals-and-potatoes', 'en:cereals-and-their-products', 'en:breakfast-cereals']",0,[],[],398.0,4.5,0.7,35.0,2.5,6.0,1.875
Milk-Choco Bits,20983505,"['en:plant-based-foods-and-beverages', 'en:plant-based-foods', 'en:breakfasts', 'en:cereals-and-potatoes', 'en:cereals-and-their-products', 'en:breakfast-cereals', 'en:chocolate-cereals', 'en:extruded-cereals', 'en:filled-cereals']",2,[],"['en:e160a', 'en:e322']",440.0,14.0,4.67,25.0,3.33,8.33,0.49
Chocapic,8410100027463,"['en:plant-based-foods-and-beverages', 'en:plant-based-foods', 'en:breakfasts', 'en:cereals-and-potatoes', 'en:cereals-and-their-products', 'en:breakfast-cereals', 'en:chocolate-cereals', 'en:extruded-cereals', 'en:chocolate-wheat-shells']",1,[],['en:e322'],389.0,4.8,1.3,22.4,7.7,8.9,0.22
Croustillant chocolat,3560071407803,"['en:plant-based-foods-and-beverages', 'en:plant-based-foods', 'en:breakfasts', 'en:cereals-and-potatoes', 'en:cereals-and-their-products', 'en:breakfast-cereals', 'en:chocolate-cereals', 'en:breakfast-cereals-rich-in-fibre', 'en:crunchy-cereal-clusters', 'en:cereal-clusters-with-chocolate']",0,[],[],449.0,16.0,4.4,15.0,8.7,10.0,0.0
Wholegrain bran flakes,5000169125076,"['en:plant-based-foods-and-beverages', 'en:plant-based-foods', 'en:breakfasts', 'en:cereals-and-potatoes', 'en:cereals-and-their-products', 'en:breakfast-cereals', 'en:flakes', 'en:cereal-flakes', 'en:extruded-cereals', 'en:extruded-flakes', 'en:extruded-wheat-flakes']",0,[],[],360.0,2.6,0.5,10.5,12.9,10.7,0.73
Granola con Avena Mixed Berries,5059319016573,"['en:plant-based-foods-and-beverages', 'en:plant-based-foods', 'en:breakfasts', 'en:cereals-and-potatoes', 'en:cereals-and-their-products', 'en:breakfast-cereals', 'en:mueslis']",0,[],[],451.0,14.0,2.0,11.1,10.0,9.33,0.0
Quaker OAT so Simple Big Bowl Original Porridge,5000108170846,"['en:plant-based-foods-and-beverages', 'en:plant-based-foods', 'en:breakfasts', 'en:cereals-and-potatoes', 'en:cereals-and-their-products', 'en:breakfast-cereals', 'en:flakes', 'en:cereal-flakes', 'en:rolled-flakes', 'en:porridge', 'en:rolled-oats']",0,[],[],369.0,7.79,1.3,1.04,9.09,10.9,0.0
Oat Crisp,5000108028697,"['en:plant-based-foods-and-beverages', 'en:plant-based-foods', 'en:breakfasts', 'en:cereals-and-potatoes', 'en:cereals-and-their-products', 'en:breakfast-cereals', 'en:puffed-grains', 'en:puffed-cereals', 'en:breakfast-cereals-rich-in-fibre']",1,[],"['en:e501', 'en:e501ii']",375.0,6.5,1.0,10.0,15.0,13.0,0.84
Berry Granola,5000169618868,"['en:plant-based-foods-and-beverages', 'en:plant-based-foods', 'en:breakfasts', 'en:cereals-and-potatoes', 'en:cereals-and-their-products', 'en:breakfast-cereals', 'en:cereals-with-fruits', 'en:mueslis']",0,[],[],419.0,11.2,1.7,17.9,7.8,10.4,0.05
Bran Flakes,5054781745228,"['en:plant-based-foods-and-beverages', 'en:plant-based-foods', 'en:breakfasts', 'en:cereals-and-potatoes', 'en:cereals-and-their-products', 'en:breakfast-cereals', 'en:flakes', 'en:cereal-flakes', 'en:extruded-cereals', 'en:extruded-flakes', 'en:extruded-wheat-flakes']",0,[],[],359.0,2.5,0.5,11.0,16.0,12.0,0.28
Milled Organic flaxseed,5016887023006,"['en:plant-based-foods-and-beverages', 'en:plant-based-foods', 'en:breakfasts', 'en:cereals-and-potatoes', 'en:seeds', 'en:cereals-and-their-products', 'en:breakfast-cereals', 'en:flax-seeds', 'en:milled-flaxseed']",0,[],[],508.0,40.0,4.5,1.8,24.0,22.1,0.1
Gronola,5057753937133,"['en:plant-based-foods-and-beverages', 'en:plant-based-foods', 'en:breakfasts', 'en:cereals-and-potatoes', 'en:cereals-and-their-products', 'en:breakfast-cereals', 'en:cereals-with-fruits', 'en:mueslis', 'en:crunchy-cereal-clusters', 'en:cereal-clusters-with-fruits']",0,[],[],433.0,12.7,1.8,16.8,7.5,9.9,0.03
Cereal,5070000313801,"['en:plant-based-foods-and-beverages', 'en:plant-based-foods', 'en:breakfasts', 'en:cereals-and-potatoes', 'en:cereals-and-their-products', 'en:breakfast-cereals', 'en:protein']",2,[],"['en:e322', 'en:e322i', 'en:e968']",372.0,13.2,1.75,0.5,9.0,37.5,0.925
High Bran,5057172086573,"['en:plant-based-foods-and-beverages', 'en:plant-based-foods', 'en:breakfasts', 'en:cereals-and-potatoes', 'en:cereals-and-their-products', 'en:breakfast-cereals', 'en:extruded-cereals', 'en:wheat-bran-sticks']",0,[],[],335.0,3.2,0.6,13.0,26.0,14.0,0.5
FLocons d'avoine,6111266751866,"['en:plant-based-foods-and-beverages', 'en:plant-based-foods', 'en:breakfasts', 'en:cereals-and-potatoes', 'en:cereals-and-their-products', 'en:breakfast-cereals', 'en:flakes', 'en:cereal-flakes', 'en:rolled-flakes', 'en:rolled-oats']",0,[],[],360.0,6.37,1.18,0.56,1.24,11.7,0.025
Muesli aux Graines Gourmandes,3760020503802,"['en:plant-based-foods-and-beverages', 'en:plant-based-foods', 'en:breakfasts', 'en:cereals-and-potatoes', 'en:cereals-and-their-products', 'en:breakfast-cereals', 'en:mueslis']",0,[],[],373.0,9.2,1.3,9.5,13.0,10.0,0.03
Muesli croustillant 3 chocolats,3256220450140,"['en:plant-based-foods-and-beverages', 'en:plant-based-foods', 'en:breakfasts', 'en:cereals-and-potatoes', 'en:cereals-and-their-products', 'en:breakfast-cereals', 'en:chocolate-cereals', 'en:mueslis', 'en:mueslis-with-chocolate']",3,[],"['en:e306', 'en:e322', 'en:e322i', 'en:e471']",453.0,17.0,4.8,24.0,7.6,9.1,0.28
Muesli croustillant,3111900350687,"['en:plant-based-foods-and-beverages', 'en:plant-based-foods', 'en:breakfasts', 'en:cereals-and-potatoes', 'en:cereals-and-their-products', 'en:breakfast-cereals', 'en:cereals-with-fruits', 'en:mueslis', 'en:crunchy-mueslis', 'en:mueslis-with-fruits', 'en:crunchy-mueslis-with-fruits', 'fr:mueslis-aux-graines']",1,[],['en:e392'],456.0,18.0,2.1,17.0,7.4,11.0,0.01
NESTLE LION Céréales 750g,7613037793338,"['en:plant-based-foods-and-beverages', 'en:plant-based-foods', 'en:breakfasts', 'en:cereals-and-potatoes', 'en:cereals-and-their-products', 'en:breakfast-cereals', 'en:chocolate-cereals', 'en:extruded-cereals', 'en:cereals-with-caramel']",1,[],['en:e322'],409.0,7.7,3.2,25.0,5.8,8.2,0.49
Hunky baked granola nuts &amp; seeds,8710398507990,"['en:plant-based-foods-and-beverages', 'en:plant-based-foods', 'en:breakfasts', 'en:cereals-and-potatoes', 'en:cereals-and-their-products', 'en:breakfast-cereals', 'en:mueslis']",1,[],['en:e306'],431.0,10.7,1.56,11.3,6.89,9.56,0.0222
Honey Hoops,20419455,"['en:plant-based-foods-and-beverages', 'en:plant-based-foods', 'en:breakfasts', 'en:cereals-and-potatoes', 'en:cereals-and-their-products', 'en:breakfast-cereals', 'en:extruded-cereals']",0,[],[],386.0,3.0,0.7,19.7,7.7,9.1,0.1975
,5900617002105,"['en:plant-based-foods-and-beverages', 'en:plant-based-foods', 'en:breakfasts', 'en:cereals-and-potatoes', 'en:cereals-and-their-products', 'en:breakfast-cereals', 'en:cereals-with-fruits', 'en:mueslis', 'en:mueslis-with-fruits']",0,[],[],364.0,2.9,0.5,12.0,9.9,8.5,0.175
Flocons d'Avoine,3596710494118,"['en:plant-based-foods-and-beverages', 'en:plant-based-foods', 'en:breakfasts', 'en:cereals-and-potatoes', 'en:cereals-and-their-products', 'en:breakfast-cereals', 'en:flakes', 'en:cereal-flakes', 'en:rolled-flakes', 'en:rolled-oats']",0,[],[],369.0,6.9,1.2,1.0,10.0,12.0,0.01
Jumbo Scottish Oats,5010026512864,"['en:plant-based-foods-and-beverages', 'en:plant-based-foods', 'en:breakfasts', 'en:cereals-and-potatoes', 'en:cereals-and-their-products', 'en:breakfast-cereals', 'en:flakes', 'en:cereal-flakes', 'en:rolled-flakes', 'en:rolled-oats', 'en:breakfast-cereals-very-rich-in-fibre-fortified-with-vitamins-and-chemical-elements', 'en:jumbo-oats']",0,[],[],369.0,7.6,1.3,1.0,11.4,11.5,0.01
Original Oat-So-Easy,20162511,"['en:plant-based-foods-and-beverages', 'en:plant-based-foods', 'en:breakfasts', 'en:cereals-and-potatoes', 'en:cereals-and-their-products', 'en:breakfast-cereals', 'en:flakes', 'en:cereal-flakes', 'en:porridge']",0,[],[],378.0,7.04,1.11,0.741,8.15,11.1,0.037
Porridge Oats,5000169049112,"['en:plant-based-foods-and-beverages', 'en:plant-based-foods', 'en:breakfasts', 'en:cereals-and-potatoes', 'en:cereals-and-their-products', 'en:breakfast-cereals', 'en:flakes', 'en:cereal-flakes', 'en:rolled-flakes', 'en:porridge', 'en:rolled-oats', 'en:plain-porridge']",0,[],[],367.0,8.4,1.3,1.0,9.1,12.1,0.03
Céréales Muesli croustillant chocolat noir paquet 500g,3256229256651,"['en:plant-based-foods-and-beverages', 'en:plant-based-foods', 'en:breakfasts', 'en:cereals-and-potatoes', 'en:cereals-and-their-products', 'en:breakfast-cereals', 'en:chocolate-cereals', 'en:mueslis', 'en:mueslis-with-chocolate']",3,[],"['en:e306', 'en:e322', 'en:e471']",448.0,16.0,4.4,21.0,8.4,9.7,0.13
Muesli croustillant chocolat,3564707179812,"['en:plant-based-foods-and-beverages', 'en:plant-based-foods', 'en:breakfasts', 'en:cereals-and-potatoes', 'en:cereals-and-their-products', 'en:breakfast-cereals', 'en:chocolate-cereals', 'en:mueslis', 'en:crunchy-mueslis', 'en:mueslis-with-chocolate', 'en:crunchy-mueslis-with-chocolate', 'en:crunchy-muesli-with-chocolate-not-fortified-with-vitamins-and-chemical-elements']",0,[],[],445.0,15.0,4.1,15.0,7.3,10.0,0.04
Mix choco con cereales integrales,8414472104333,"['en:plant-based-foods-and-beverages', 'en:plant-based-foods', 'en:breakfasts', 'en:cereals-and-potatoes', 'en:cereals-and-their-products', 'en:breakfast-cereals', 'en:chocolate-cereals', 'en:puffed-grains', 'en:puffed-cereals']",3,[],"['en:e322', 'en:e322i', 'en:e953', 'en:e955']",380.0,3.5,0.6,1.2,4.8,8.8,0.21
Flahavan's Organic Porridge Oats,5099801003148,"['en:plant-based-foods-and-beverages', 'en:plant-based-foods', 'en:breakfasts', 'en:cereals-and-potatoes', 'en:cereals-and-their-products', 'en:breakfast-cereals', 'en:flakes', 'en:cereal-flakes', 'en:rolled-flakes', 'en:rolled-oats']",0,[],[],370.0,5.75,1.0,1.0,,11.25,0.025
Flocons d avoine,6111262580293,"['en:plant-based-foods-and-beverages', 'en:plant-based-foods', 'en:breakfasts', 'en:cereals-and-potatoes', 'en:cereals-and-their-products', 'en:breakfast-cereals', 'en:flakes', 'en:cereal-flakes', 'en:rolled-flakes', 'en:rolled-oats']",0,[],[],352.0,6.9000000953674,1.2000000476837,1.0,10.5,11.699999809265,0.01
Berry Burst Gluten Free Granola,5060853640315,"['en:plant-based-foods-and-beverages', 'en:plant-based-foods', 'en:breakfasts', 'en:cereals-and-potatoes', 'en:cereals-and-their-products', 'en:breakfast-cereals', 'en:mueslis', 'en:crunchy-mueslis']",0,[],[],392.0,13.4,4.2,9.6,15.2,10.8,0.05
Granola Nuts & Seeds,5060043224684,"['en:plant-based-foods-and-beverages', 'en:plant-based-foods', 'en:breakfasts', 'en:cereals-and-potatoes', 'en:cereals-and-their-products', 'en:breakfast-cereals', 'en:mueslis']",0,[],[],469.0,22.2,6.2,10.9,5.9,11.4,0.03
Granola superberry,4056489694113,"['en:plant-based-foods-and-beverages', 'en:plant-based-foods', 'en:breakfasts', 'en:cereals-and-potatoes', 'en:cereals-and-their-products', 'en:breakfast-cereals', 'en:mueslis']",1,[],['en:e306'],441.0,15.0,1.8,13.9,7.2,10.2,0.01
Céréales Muesli croustillant au chocolat au lait 500g,3256224124887,"['en:plant-based-foods-and-beverages', 'en:plant-based-foods', 'en:breakfasts', 'en:cereals-and-potatoes', 'en:cereals-and-their-products', 'en:breakfast-cereals', 'en:chocolate-cereals', 'en:mueslis', 'en:crunchy-mueslis', 'en:mueslis-with-chocolate', 'en:crunchy-mueslis-with-chocolate']",3,[],"['en:e306', 'en:e322', 'en:e322i', 'en:e471']",460.0,17.0,4.8,24.0,6.4,8.1,0.49
Crunchy Muesli Choco & Nuts,4056489209997,"['en:plant-based-foods-and-beverages', 'en:plant-based-foods', 'en:breakfasts', 'en:cereals-and-potatoes', 'en:cereals-and-their-products', 'en:breakfast-cereals', 'en:chocolate-cereals', 'en:mueslis', 'en:mueslis-with-chocolate', 'en:cereals-with-nuts', 'en:mueslis-with-nuts']",1,[],['en:e322'],464.0,18.5,7.5,17.2,6.6,9.5,0.24
Krounchy too chocolat,3421557110214,"['en:plant-based-foods-and-beverages', 'en:plant-based-foods', 'en:breakfasts', 'en:cereals-and-potatoes', 'en:cereals-and-their-products', 'en:breakfast-cereals', 'en:chocolate-cereals', 'en:mueslis', 'en:mueslis-with-chocolate']",0,[],[],437.0,13.0,4.6,21.0,8.5,9.7,0.07
Choco Rice,20008574,"['en:plant-based-foods-and-beverages', 'en:plant-based-foods', 'en:breakfasts', 'en:cereals-and-potatoes', 'en:cereals-and-their-products', 'en:breakfast-cereals', 'en:chocolate-cereals', 'en:puffed-grains', 'en:puffed-cereals', 'en:puffed-rice']",1,[],['en:e471'],376.0,2.5,1.4,17.0,3.9,6.7,0.4725
Cornflakes,5738001092490,"['en:plant-based-foods-and-beverages', 'en:plant-based-foods', 'en:breakfasts', 'en:cereals-and-potatoes', 'en:cereals-and-their-products', 'en:breakfast-cereals', 'en:flakes', 'en:cereal-flakes', 'en:extruded-cereals', 'en:extruded-flakes', 'en:corn-flakes']",0,[],[],378.0,0.9,0.2,8.0,3.0,7.0,1.0825
sante fit granola strawberry and cherry,5900617037213,"['en:plant-based-foods-and-beverages', 'en:plant-based-foods', 'en:breakfasts', 'en:cereals-and-potatoes', 'en:cereals-and-their-products', 'en:breakfast-cereals', 'en:mueslis']",1,[],['en:e965'],412.0,12.0,1.7,8.7,13.0,8.8,0.588
curiously cinnamon,5011476102131,"['en:plant-based-foods-and-beverages', 'en:plant-based-foods', 'en:breakfasts', 'en:cereals-and-potatoes', 'en:cereals-and-their-products', 'en:breakfast-cereals', 'en:extruded-cereals']",3,[],"['en:e160b', 'en:e160bii', 'en:e306', 'en:e322', 'en:e322i']",413.0,9.33,1.0,25.0,5.67,6.0,0.817
Shreddies,7613287367143,"['en:plant-based-foods-and-beverages', 'en:plant-based-foods', 'en:breakfasts', 'en:cereals-and-potatoes', 'en:cereals-and-their-products', 'en:breakfast-cereals', 'en:extruded-cereals']",0,[],[],364.0,1.8,0.3,12.5,12.0,10.8,0.725
Flacons d'avoine,6111254876045,"['en:plant-based-foods-and-beverages', 'en:plant-based-foods', 'en:breakfasts', 'en:cereals-and-potatoes', 'en:cereals-and-their-products', 'en:breakfast-cereals', 'en:flakes', 'en:cereal-flakes', 'en:rolled-flakes', 'en:rolled-oats']",0,[],[],362.0,6.9,1.2,1.0,10.5,11.7,0.01
Scottish Oats,5057008101036,"['en:plant-based-foods-and-beverages', 'en:plant-based-foods', 'en:breakfasts', 'en:cereals-and-potatoes', 'en:cereals-and-their-products', 'en:breakfast-cereals', 'en:flakes', 'en:cereal-flakes', 'en:rolled-flakes', 'en:rolled-oats']",0,[],[],370.0,7.5,1.3,1.0,8.4,11.7,0.01
Le Croustillant Chocolat noir & Noisettes,3229820802398,"['en:plant-based-foods-and-beverages', 'en:plant-based-foods', 'en:breakfasts', 'en:cereals-and-potatoes', 'en:cereals-and-their-products', 'en:breakfast-cereals', 'en:chocolate-cereals', 'en:extruded-cereals', 'en:crunchy-cereal-clusters', 'en:cereal-clusters-with-chocolate']",2,[],"['en:e306', 'en:e414']",445.0,17.0,4.1,16.0,8.0,10.0,0.01
Crispy Fruit Muesli,5016786002294,"['en:plant-based-foods-and-beverages', 'en:plant-based-foods', 'en:breakfasts', 'en:cereals-and-potatoes', 'en:cereals-and-their-products', 'en:breakfast-cereals', 'en:cereals-with-fruits', 'en:mueslis', 'en:mueslis-with-fruits']",0,[],[],357.0,4.6,2.5,21.0,8.4,7.7,0.02
Mighty Oats Classic Muesli Fruit & Nut,5010026515605,"['en:plant-based-foods-and-beverages', 'en:plant-based-foods', 'en:breakfasts', 'en:cereals-and-potatoes', 'en:cereals-and-their-products', 'en:breakfast-cereals', 'en:cereals-with-fruits', 'en:mueslis', 'en:mueslis-with-fruits']",1,[],['en:e220'],379.0,9.1,3.1,18.5,8.4,9.3,0.03
Scottish porridge oats,5054781624691,"['en:plant-based-foods-and-beverages', 'en:plant-based-foods', 'en:breakfasts', 'en:cereals-and-potatoes', 'en:cereals-and-their-products', 'en:breakfast-cereals', 'en:flakes', 'en:cereal-flakes', 'en:rolled-flakes', 'en:porridge', 'en:rolled-oats', 'en:plain-porridge']",0,[],[],375.0,7.8,1.4,1.1,9.3,11.0,0.01
Bran Flakes,5054781500421,"['en:plant-based-foods-and-beverages', 'en:plant-based-foods', 'en:breakfasts', 'en:cereals-and-potatoes', 'en:cereals-and-their-products', 'en:breakfast-cereals', 'en:flakes', 'en:cereal-flakes', 'en:extruded-cereals', 'en:extruded-flakes', 'en:extruded-wheat-flakes']",0,[],[],363.0,2.7,0.5,12.0,16.0,12.0,0.35
Muesli croustillant Chocolat & Quinoa,3564707186230,"['en:plant-based-foods-and-beverages', 'en:plant-based-foods', 'en:breakfasts', 'en:cereals-and-potatoes', 'en:cereals-and-their-products', 'en:breakfast-cereals', 'en:chocolate-cereals', 'en:mueslis', 'en:mueslis-with-chocolate']",0,[],[],433.0,13.0,5.3,22.0,7.2,9.4,0.05
nairn's porridge,0612322030193,"['en:plant-based-foods-and-beverages', 'en:plant-based-foods', 'en:breakfasts', 'en:cereals-and-potatoes', 'en:cereals-and-their-products', 'en:breakfast-cereals', 'en:flakes', 'en:cereal-flakes', 'en:rolled-flakes', 'en:porridge', 'en:rolled-oats']",0,[],[],367.5,6.5,1.25,1.0,,11.75,0.0
Crunchy Nut Granola Fruit Nut imp,5053827111300,"['en:plant-based-foods-and-beverages', 'en:plant-based-foods', 'en:breakfasts', 'en:cereals-and-potatoes', 'en:cereals-and-their-products', 'en:breakfast-cereals', 'en:cereals-with-fruits', 'en:mueslis']",0,[],[],469.0,22.0,7.5,27.0,7.0,7.2,0.63
Choco Krispies,5059319023410,"['en:plant-based-foods-and-beverages', 'en:plant-based-foods', 'en:breakfasts', 'en:cereals-and-potatoes', 'en:cereals-and-their-products', 'en:breakfast-cereals', 'en:puffed-grains', 'en:chocolate-cereals', 'en:puffed-cereals']",0,[],[],391.01338,1.9,0.9,17.0,3.8,6.3,0.64
Sprouted Rolled Oats,0675625371189,"['en:plant-based-foods-and-beverages', 'en:plant-based-foods', 'en:breakfasts', 'en:cereals-and-potatoes', 'en:cereals-and-their-products', 'en:breakfast-cereals', 'en:flakes', 'en:cereal-flakes', 'en:rolled-flakes', 'en:rolled-oats']",0,[],[],385.0,6.73,0.962,0.0,11.5,13.5,0.0
Sainsbury's So Organic Corn Flakes,01468175,"['en:plant-based-foods-and-beverages', 'en:plant-based-foods', 'en:breakfasts', 'en:cereals-and-potatoes', 'en:cereals-and-their-products', 'en:breakfast-cereals', 'en:flakes', 'en:cereal-flakes', 'en:extruded-cereals', 'en:extruded-flakes', 'en:corn-flakes']",1,[],['en:e322'],381.0,0.7,0.1,2.1,,7.8,0.8
beeren crunchy,4066447530209,"['en:plant-based-foods-and-beverages', 'en:plant-based-foods', 'en:breakfasts', 'en:cereals-and-potatoes', 'en:cereals-and-their-products', 'en:breakfast-cereals', 'en:cereals-with-fruits', 'en:mueslis', 'en:mueslis-with-fruits']",0,[],[],411.0,14.0,1.7,16.0,7.1,9.4,0.2
Miele,8445290970985,"['en:plant-based-foods-and-beverages', 'en:plant-based-foods', 'en:breakfasts', 'en:cereals-and-potatoes', 'en:cereals-and-their-products', 'en:breakfast-cereals', 'en:extruded-cereals']",1,[],['en:e306'],376.0,3.6,0.8,22.2,9.1,8.9,0.63
Croustillant fibres,3229820804231,"['en:plant-based-foods-and-beverages', 'en:plant-based-foods', 'en:breakfasts', 'en:cereals-and-potatoes', 'en:cereals-and-their-products', 'en:breakfast-cereals', 'en:cereals-with-nuts']",2,[],"['en:e306', 'en:e414']",406.0,11.0,1.8,15.0,11.0,8.2,0.08
Fitness,8445291284876,"['en:plant-based-foods-and-beverages', 'en:plant-based-foods', 'en:breakfasts', 'en:cereals-and-potatoes', 'en:cereals-and-their-products', 'en:breakfast-cereals', 'en:flakes', 'en:cereal-flakes', 'en:extruded-cereals', 'en:extruded-flakes', 'en:mixed-cereal-flakes']",0,[],[],368.0,1.5,0.6,8.3,8.5,9.8,0.56
"Muesli noisettes, raisins, seigle complet, blé sans sucres ajoutés",3421557501142,"['en:plant-based-foods-and-beverages', 'en:plant-based-foods', 'en:breakfasts', 'en:cereals-and-potatoes', 'en:cereals-and-their-products', 'en:breakfast-cereals', 'en:cereals-with-fruits', 'en:mueslis', 'en:mueslis-with-fruits']",0,[],[],369.0,7.8,0.7,10.0,12.0,9.5,0.02
Schokomüsli,4000540003864,"['en:plant-based-foods-and-beverages', 'en:plant-based-foods', 'en:breakfasts', 'en:cereals-and-potatoes', 'en:cereals-and-their-products', 'en:breakfast-cereals', 'en:chocolate-cereals', 'en:mueslis', 'de:fruhstucke', 'de:fruhstuckscerealien', 'de:muslis', 'de:muslis-mit-schokolade', 'de:pflanzliche-lebensmittel-und-getranke', 'en:fruhstucke', 'en:fruhstuckscerealien', 'en:muslis-mit-schokolade', 'en:pflanzliche-lebensmittel-und-getranke']",1,[],['en:e322'],400.0,11.0,4.5,12.0,9.0,11.0,0.17
Muesli simplement bienveillant,3111900350717,"['en:plant-based-foods-and-beverages', 'en:plant-based-foods', 'en:breakfasts', 'en:cereals-and-potatoes', 'en:cereals-and-their-products', 'en:breakfast-cereals', 'en:mueslis']",1,[],['en:e392'],407.0,12.0,1.5,12.0,12.0,14.0,0.02
Flocons 5 céréales,3421557910173,"['en:plant-based-foods-and-beverages', 'en:plant-based-foods', 'en:breakfasts', 'en:cereals-and-potatoes', 'en:cereals-and-their-products', 'en:breakfast-cereals', 'en:flakes', 'en:cereal-flakes', 'en:rolled-flakes', 'en:blend-of-rolled-cereal-flakes']",0,[],[],348.0,3.4,0.6,1.3,11.0,11.0,0.01
Pépites croustillantes 4 noix,26019734,"['en:plant-based-foods-and-beverages', 'en:plant-based-foods', 'en:breakfasts', 'en:cereals-and-potatoes', 'en:cereals-and-their-products', 'en:breakfast-cereals', 'en:mueslis', 'en:crunchy-cereal-clusters']",1,[],['en:e306'],459.0,20.0,2.1,14.0,9.7,10.0,0.06
Stylesse Fruits rouges,3560071013110,"['en:plant-based-foods-and-beverages', 'en:plant-based-foods', 'en:breakfasts', 'en:cereals-and-potatoes', 'en:cereals-and-their-products', 'en:breakfast-cereals', 'en:cereals-with-fruits', 'en:extruded-cereals', 'en:breakfast-cereals-rich-in-fibre', 'en:cereal-flakes-with-fruits']",0,[],[],371.0,1.4,0.3,17.0,7.0,8.1,0.76
Köllnflocken,4000540000306,"['en:plant-based-foods-and-beverages', 'en:plant-based-foods', 'en:breakfasts', 'en:cereals-and-potatoes', 'en:cereals-and-their-products', 'en:breakfast-cereals', 'en:flakes', 'en:cereal-flakes', 'en:extruded-flakes', 'en:rolled-flakes', 'en:rolled-oats']",0,[],[],361.0,6.7,1.3,1.2,11.0,14.0,0.0
Corn Flakes 500g,3250392403904,"['en:plant-based-foods-and-beverages', 'en:plant-based-foods', 'en:breakfasts', 'en:cereals-and-potatoes', 'en:cereals-and-their-products', 'en:breakfast-cereals', 'en:flakes', 'en:cereal-flakes', 'en:extruded-cereals', 'en:extruded-flakes', 'en:corn-flakes', 'fr:petales-de-mais-et-autres-cereales-nature']",0,[],[],385.0,1.1,0.2,7.6,3.4,8.0,0.9
Muesli crujiente,24026086,"['en:plant-based-foods-and-beverages', 'en:plant-based-foods', 'en:breakfasts', 'en:cereals-and-potatoes', 'en:cereals-and-their-products', 'en:breakfast-cereals', 'en:mueslis']",2,[],"['en:e306', 'en:e570']",454.0,11.0,1.3,16.0,11.0,15.0,0.3
Weet-Bix Coco Crunch,9300652010794,"['en:plant-based-foods-and-beverages', 'en:plant-based-foods', 'en:breakfasts', 'en:cereals-and-potatoes', 'en:cereals-and-their-products', 'en:breakfast-cereals']",0,[],[],355.0,1.21,0.303,3.03,13.0,12.4,0.685
Nesquik,5900020013668,"['en:plant-based-foods-and-beverages', 'en:plant-based-foods', 'en:breakfasts', 'en:cereals-and-potatoes', 'en:cereals-and-their-products', 'en:breakfast-cereals', 'en:chocolate-cereals', 'en:extruded-cereals']",0,[],[],378.0,3.0,0.7,22.1,9.3,8.7,0.22
Jordans Country Crisp Chocolate,5010477337757,"['en:plant-based-foods-and-beverages', 'en:plant-based-foods', 'en:breakfasts', 'en:cereals-and-potatoes', 'en:cereals-and-their-products', 'en:breakfast-cereals', 'en:chocolate-cereals', 'en:mueslis', 'en:mueslis-with-chocolate', 'en:crunchy-cereal-clusters', 'en:cereal-clusters-with-chocolate']",1,[],"['en:e322', 'en:e322i']",448.0,15.6,3.8,20.9,5.8,9.2,0.03
Protein Crunch Granola,8719327097649,"['en:plant-based-foods-and-beverages', 'en:plant-based-foods', 'en:breakfasts', 'en:cereals-and-potatoes', 'en:cereals-and-their-products', 'en:breakfast-cereals', 'en:mueslis']",0,[],[],438.0,23.0,2.9,1.4,17.0,21.0,0.0
Fruit & Fiber,5054781500452,"['en:plant-based-foods-and-beverages', 'en:plant-based-foods', 'en:breakfasts', 'en:cereals-and-potatoes', 'en:cereals-and-their-products', 'en:breakfast-cereals', 'en:cereals-with-fruits', 'en:extruded-cereals', 'en:cereal-flakes-with-fruits']",0,[],[],383.0,5.75,3.75,19.0,9.25,9.0,0.269
Fruity muesli,01817966,"['en:plant-based-foods-and-beverages', 'en:plant-based-foods', 'en:breakfasts', 'en:cereals-and-potatoes', 'en:cereals-and-their-products', 'en:breakfast-cereals', 'en:cereals-with-fruits', 'en:mueslis', 'en:mueslis-with-fruits']",1,[],['en:e220'],339.0,2.6,2.0,23.1,7.2,8.0,0.03
Fruit Wheats,4088600262406,"['en:plant-based-foods-and-beverages', 'en:plant-based-foods', 'en:breakfasts', 'en:cereals-and-potatoes', 'en:cereals-and-their-products', 'en:breakfast-cereals', 'en:extruded-cereals', 'en:filled-cereals']",1,[],['en:e422'],341.0,1.7,0.3,14.3,9.1,9.2,0.02
Flocons d'avoine Bio,5010477347596,"['en:plant-based-foods-and-beverages', 'en:plant-based-foods', 'en:breakfasts', 'en:cereals-and-potatoes', 'en:cereals-and-their-products', 'en:breakfast-cereals', 'en:flakes', 'en:cereal-flakes', 'en:rolled-flakes', 'en:rolled-oats']",0,[],[],379.0,7.2,1.3,1.0,7.9,12.5,0.03
Muesli 5 céréales nature,3560070519309,"['en:plant-based-foods-and-beverages', 'en:plant-based-foods', 'en:breakfasts', 'en:cereals-and-potatoes', 'en:cereals-and-their-products', 'en:breakfast-cereals', 'en:flakes', 'en:mueslis', 'en:bircher-style-mueslis', 'en:cereal-flakes', 'en:rolled-flakes', 'en:blend-of-rolled-cereal-flakes']",0,[],[],347.0,3.3,0.6,1.0,12.0,9.7,0.01
Muesli protéiné soja & fruits,3111900350793,"['en:plant-based-foods-and-beverages', 'en:plant-based-foods', 'en:breakfasts', 'en:cereals-and-potatoes', 'en:cereals-and-their-products', 'en:breakfast-cereals', 'en:mueslis']",0,[],[],375.0,5.3,0.7,13.0,7.2,40.0,0.09
Céréales Corn flakes 375g,3256222976716,"['en:plant-based-foods-and-beverages', 'en:plant-based-foods', 'en:breakfasts', 'en:cereals-and-potatoes', 'en:cereals-and-their-products', 'en:breakfast-cereals', 'en:flakes', 'en:cereal-flakes', 'en:extruded-cereals', 'en:extruded-flakes', 'en:corn-flakes']",1,[],"['en:e322', 'en:e322i']",388.0,0.9,0.2,0.7,3.2,7.4,0.13
NESTLE MIX Céréales 190g,7613031915095,"['en:plant-based-foods-and-beverages', 'en:plant-based-foods', 'en:breakfasts', 'en:cereals-and-potatoes', 'en:cereals-and-their-products', 'en:breakfast-cereals', 'en:extruded-cereals', 'en:processed-cereals', 'fr:alimentos-de-origen-vegetal', 'fr:alimentos-y-bebidas-de-origen-vegetal', 'fr:cereales-con-caramelo', 'fr:cereales-de-chocolate', 'fr:cereales-para-el-desayuno', 'fr:cereales-y-derivados', 'fr:cereales-y-patatas', 'fr:desayunos']",3,[],"['en:e306', 'en:e322', 'en:e500', 'en:e500i']",393.0,5.2,0.9,22.4,6.0,6.7,0.66
Flocons d'avoine complète BIO 500g,3250392423360,"['en:plant-based-foods-and-beverages', 'en:plant-based-foods', 'en:breakfasts', 'en:cereals-and-potatoes', 'en:cereals-and-their-products', 'en:breakfast-cereals', 'en:flakes', 'en:cereal-flakes', 'en:rolled-flakes', 'en:rolled-oats', 'fr:ab-agriculture-biologique']",0,[],[],375.0,6.8,1.2,1.0,11.0,11.0,0.01
Crunchy Baked Granola Original,8710398503183,"['en:plant-based-foods-and-beverages', 'en:plant-based-foods', 'en:breakfasts', 'en:cereals-and-potatoes', 'en:cereals-and-their-products', 'en:breakfast-cereals', 'en:mueslis']",0,[],[],414.0,7.9,1.2,12.0,6.7,8.3,0.02
CROCKS Goût CHOCO-NOISETTE,3560070737710,"['en:plant-based-foods-and-beverages', 'en:plant-based-foods', 'en:breakfasts', 'en:cereals-and-potatoes', 'en:cereals-and-their-products', 'en:breakfast-cereals', 'en:chocolate-cereals', 'en:extruded-cereals', 'en:breakfast-cereals-rich-in-fibre', 'en:filled-cereals', 'en:breakfast-cereals-filled-with-chocolate-hazelnuts']",3,[],"['en:e160', 'en:e306', 'en:e322']",456.0,13.0,2.0,26.0,6.3,6.6,0.62
Dinkel gepufft-mit Honig,4104420018709,"['en:plant-based-foods-and-beverages', 'en:plant-based-foods', 'en:breakfasts', 'en:cereals-and-potatoes', 'en:cereals-and-their-products', 'en:breakfast-cereals', 'en:puffed-grains', 'en:puffed-cereals', 'en:puffed-wheat', 'en:puffed-spelt', 'en:honey-puffed-spelt']",0,[],[],391.0,3.0,0.4,23.0,6.7,9.7,0.01
Schoko Müsli,4104420017849,"['en:plant-based-foods-and-beverages', 'en:plant-based-foods', 'en:breakfasts', 'en:cereals-and-potatoes', 'en:cereals-and-their-products', 'en:breakfast-cereals', 'en:chocolate-cereals', 'en:mueslis', 'en:mueslis-with-chocolate']",0,[],[],395.0,10.0,5.0,12.0,8.4,11.0,0.15
Bio-Haferflocken Vollkorn zart,4061458088725,"['en:plant-based-foods-and-beverages', 'en:plant-based-foods', 'en:breakfasts', 'en:cereals-and-potatoes', 'en:cereals-and-their-products', 'en:breakfast-cereals', 'en:flakes', 'en:cereal-flakes', 'en:extruded-flakes', 'en:rolled-flakes', 'en:rolled-oats']",0,[],[],375.0,7.0,1.3,0.7,10.0,14.0,0.02
crunchy muesli cookies,20816766,"['en:plant-based-foods-and-beverages', 'en:plant-based-foods', 'en:breakfasts', 'en:cereals-and-potatoes', 'en:cereals-and-their-products', 'en:breakfast-cereals', 'en:mueslis', 'hr:muesli-cookies']",1,[],['en:e322'],513.0,28.8,6.0,24.2,5.7,11.6,0.03
Formelle Frumento Integr. c/Vitamine e Ferro,5010029000382,"['en:plant-based-foods-and-beverages', 'en:plant-based-foods', 'en:breakfasts', 'en:cereals-and-potatoes', 'en:cereals-and-their-products', 'en:breakfast-cereals', 'en:bran', 'en:cereal-brans']",1,[],['en:e101'],362.0,2.0,0.6,4.2,10.0,12.0,0.28
Extra frutta e frutta secca,5059319003269,"['en:plant-based-foods-and-beverages', 'en:plant-based-foods', 'en:breakfasts', 'en:cereals-and-potatoes', 'en:cereals-and-their-products', 'en:breakfast-cereals', 'en:cereals-with-fruits', 'en:mueslis', 'en:mueslis-with-fruits', 'en:cereals-with-nuts', 'en:mueslis-with-nuts']",0,[],[],468.888888888889,22.0,7.55555555555556,26.6666666666667,7.11111111111111,7.11111111111111,0.0
Kellogg's All-Bron Natural,5059319019130,"['en:plant-based-foods-and-beverages', 'en:plant-based-foods', 'en:cereals-and-potatoes', 'en:breakfasts', 'en:cereals-and-their-products', 'en:breakfast-cereals']",0,[],[],397.0,1.7,0.4,0.9,11.0,12.0,0.0
,5900617002266,"['en:plant-based-foods-and-beverages', 'en:plant-based-foods', 'en:breakfasts', 'en:cereals-and-potatoes', 'en:cereals-and-their-products', 'en:breakfast-cereals', 'en:cereals-with-fruits', 'en:mueslis', 'en:mueslis-with-fruits']",0,[],[],388.0,5.6,0.8,12.0,11.0,12.0,0.25
Cheerios multigrain,7613287194367,"['en:plant-based-foods-and-beverages', 'en:plant-based-foods', 'en:breakfasts', 'en:cereals-and-potatoes', 'en:cereals-and-their-products', 'en:breakfast-cereals', 'en:breakfast-cereals-fortified-with-vitamins-and-chemical-elements', 'en:extruded-cereals']",3,[],"['en:e160a', 'en:e160b', 'en:e160bii', 'en:e306']",382.0,4.7,0.9,17.6,,9.4,0.84
"Protein Granola - hazelnut, almond, chocolate",5900617039262,"['en:plant-based-foods-and-beverages', 'en:plant-based-foods', 'en:breakfasts', 'en:cereals-and-potatoes', 'en:cereals-and-their-products', 'en:breakfast-cereals', 'en:mueslis', 'en:dietary-supplements']",4,[],"['en:e322', 'en:e322i', 'en:e500', 'en:e955', 'en:e965']",406.0,15.0,3.0,1.6,20.0,21.0,0.41
Oat Granola Raisin,5000108652304,"['en:plant-based-foods-and-beverages', 'en:plant-based-foods', 'en:breakfasts', 'en:cereals-and-potatoes', 'en:cereals-and-their-products', 'en:breakfast-cereals', 'en:cereals-with-fruits', 'en:mueslis', 'en:mueslis-with-fruits']",2,[],"['en:e306', 'en:e422']",409.0,9.11,1.33,22.2,6.89,8.0,0.0222
Multi Grain Hoops,5000169579336,"['en:plant-based-foods-and-beverages', 'en:plant-based-foods', 'en:breakfasts', 'en:cereals-and-potatoes', 'en:cereals-and-their-products', 'en:breakfast-cereals', 'en:breakfast-cereals-fortified-with-vitamins-and-chemical-elements', 'en:extruded-cereals']",2,[],"['en:e160c', 'en:e330']",382.0,2.8,0.7,15.6,9.4,9.7,0.42
Vitalis,8003000189005,"['en:plant-based-foods-and-beverages', 'en:plant-based-foods', 'en:breakfasts', 'en:cereals-and-potatoes', 'en:cereals-and-their-products', 'en:breakfast-cereals', 'en:mueslis', 'en:cereals-with-nuts', 'en:mueslis-with-nuts']",0,[],[],490.0,23.0,2.5,19.0,6.9,11.0,0.54
fruit and fibre,50127504,"['en:plant-based-foods-and-beverages', 'en:plant-based-foods', 'en:breakfasts', 'en:cereals-and-potatoes', 'en:cereals-and-their-products', 'en:breakfast-cereals', 'en:cereals-with-fruits', 'en:extruded-cereals', 'en:cereal-flakes-with-fruits']",0,[],[],408.0,4.7,3.0,23.0,8.8,9.0,1.08
honey spelt puffs,5060120283122,"['en:plant-based-foods-and-beverages', 'en:plant-based-foods', 'en:breakfasts', 'en:cereals-and-potatoes', 'en:cereals-and-their-products', 'en:breakfast-cereals', 'en:puffed-grains', 'en:puffed-cereals', 'en:puffed-spelt', 'en:honey-puffed-spelt']",0,[],[],371.0,1.9,0.7,11.9,8.2,12.1,0.0
"Céréales Corn Flakes, 500g",3256229540514,"['en:plant-based-foods-and-beverages', 'en:plant-based-foods', 'en:breakfasts', 'en:cereals-and-potatoes', 'en:cereals-and-their-products', 'en:breakfast-cereals', 'en:flakes', 'en:cereal-flakes', 'en:extruded-cereals', 'en:extruded-flakes', 'en:corn-flakes', 'en:plain-corn-flakes']",1,[],['en:e471'],385.0,1.1,0.4,8.2,3.5,7.9,1.1
Flocons d'avoine complète,2006050133741,"['en:plant-based-foods-and-beverages', 'en:plant-based-foods', 'en:breakfasts', 'en:cereals-and-potatoes', 'en:cereals-and-their-products', 'en:breakfast-cereals', 'en:flakes', 'en:cereal-flakes', 'en:rolled-flakes', 'en:rolled-oats']",0,[],[],375.0,7.0,1.3,0.7,10.0,14.0,0.02
Brinta,8715700124872,"['en:plant-based-foods-and-beverages', 'en:plant-based-foods', 'en:breakfasts', 'en:cereals-and-potatoes', 'en:cereals-and-their-products', 'en:breakfast-cereals', 'en:flakes', 'en:cereal-flakes', 'en:rolled-flakes', 'en:rolled-oats', 'en:rolled-wheat-flakes']",0,[],[],345.0,2.1,0.3,5.6,11.0,15.0,0.01
Muesli bio céréales toastées 5 noix,3111902100105,"['en:plant-based-foods-and-beverages', 'en:plant-based-foods', 'en:breakfasts', 'en:cereals-and-potatoes', 'en:cereals-and-their-products', 'en:breakfast-cereals', 'en:mueslis', 'en:cereals-with-nuts', 'en:mueslis-with-nuts']",0,[],[],433.0,17.0,4.8,1.6,13.0,13.0,0.01
Flocons d'Avoines,26018690,"['en:plant-based-foods-and-beverages', 'en:plant-based-foods', 'en:breakfasts', 'en:cereals-and-potatoes', 'en:cereals-and-their-products', 'en:breakfast-cereals', 'en:flakes', 'en:cereal-flakes', 'en:rolled-flakes', 'en:rolled-oats']",0,[],[],375.0,7.0,1.0,0.7,10.0,14.0,0.02
muesli croustillant Framboise & chocolat,3111900350557,"['en:plant-based-foods-and-beverages', 'en:plant-based-foods', 'en:breakfasts', 'en:cereals-and-potatoes', 'en:cereals-and-their-products', 'en:breakfast-cereals', 'en:cereals-with-fruits', 'en:chocolate-cereals', 'en:mueslis', 'en:crunchy-mueslis', 'en:mueslis-with-chocolate', 'en:mueslis-with-fruits', 'en:crunchy-mueslis-with-chocolate', 'en:crunchy-mueslis-with-fruits']",1,[],['en:e392'],465.0,20.0,7.2,19.0,11.0,10.0,0.01
Crok'fondant chocolat noisettes,3421557502422,"['en:plant-based-foods-and-beverages', 'en:plant-based-foods', 'en:breakfasts', 'en:cereals-and-potatoes', 'en:cereals-and-their-products', 'en:breakfast-cereals', 'en:chocolate-cereals', 'en:extruded-cereals', 'en:breakfast-cereals-rich-in-fibre', 'en:filled-cereals', 'en:breakfast-cereals-filled-with-chocolate-hazelnuts']",1,[],"['en:e322', 'en:e322i']",417.0,13.0,2.3,26.0,7.5,8.4,0.81
Crunchy,3560070581870,"['en:plant-based-foods-and-beverages', 'en:plant-based-foods', 'en:breakfasts', 'en:cereals-and-potatoes', 'en:cereals-and-their-products', 'en:breakfast-cereals', 'en:cereals-with-fruits', 'en:mueslis', 'en:mueslis-with-fruits']",3,[],"['en:e306', 'en:e322', 'en:e965', 'en:e965ii']",428.0,15.0,2.9,5.0,14.0,11.0,0.1
Muesli croustillant avoine myrtilles chia,3421557502453,"['en:plant-based-foods-and-beverages', 'en:plant-based-foods', 'en:breakfasts', 'en:cereals-and-potatoes', 'en:cereals-and-their-products', 'en:breakfast-cereals', 'en:cereals-with-fruits', 'en:mueslis', 'en:crunchy-mueslis', 'en:mueslis-with-fruits', 'en:crunchy-mueslis-with-fruits']",0,[],[],443.0,15.0,1.7,22.0,7.7,8.0,0.04
Bio Muesli integrali,4056489238379,"['en:plant-based-foods-and-beverages', 'en:plant-based-foods', 'en:breakfasts', 'en:cereals-and-potatoes', 'en:cereals-and-their-products', 'en:breakfast-cereals', 'en:cereals-with-fruits', 'en:mueslis', 'en:bircher-style-mueslis', 'en:mueslis-with-fruits', 'en:bircher-style-mueslis-with-fruits']",0,[],[],360.0,6.5,1.0,17.6,10.3,9.5,0.02
Flocons d'avoine - Source de fibres,8710100426588,"['en:plant-based-foods-and-beverages', 'en:plant-based-foods', 'en:breakfasts', 'en:cereals-and-potatoes', 'en:cereals-and-their-products', 'en:breakfast-cereals', 'en:flakes', 'en:cereal-flakes', 'en:rolled-flakes', 'en:rolled-oats']",0,[],[],375.0,8.0,1.5,1.1,9.0,11.0,0.01
Muesly croustillant cruchy chocolat noir intense,3560071013042,"['en:plant-based-foods-and-beverages', 'en:plant-based-foods', 'en:breakfasts', 'en:cereals-and-potatoes', 'en:cereals-and-their-products', 'en:breakfast-cereals', 'en:chocolate-cereals', 'en:mueslis', 'en:mueslis-with-chocolate']",2,[],"['en:e306', 'en:e322']",441.0,15.0,3.8,19.0,9.0,10.0,0.1
Forme & Fruits rouges 300g,3250390751342,"['en:plant-based-foods-and-beverages', 'en:plant-based-foods', 'en:breakfasts', 'en:cereals-and-potatoes', 'en:cereals-and-their-products', 'en:breakfast-cereals', 'en:cereals-with-fruits', 'en:extruded-cereals', 'en:cereal-flakes-with-fruits', 'fr:cereales-equilibre']",0,[],[],384.0,1.5,0.4,15.5,5.1,8.1,0.66
Mel,5601001228100,"['en:plant-based-foods-and-beverages', 'en:plant-based-foods', 'en:breakfasts', 'en:cereals-and-potatoes', 'en:cereals-and-their-products', 'en:breakfast-cereals', 'en:flakes', 'en:cereal-flakes', 'en:extruded-cereals', 'en:extruded-flakes', 'en:extruded-wheat-flakes']",1,[],"['en:e170', 'en:e170i']",380.0,1.0,0.2,28.0,5.4,10.0,0.02
NESTLE CORN FLAKES Glutenfree Cerealien,5900020023797,"['en:plant-based-foods-and-beverages', 'en:plant-based-foods', 'en:breakfasts', 'en:cereals-and-potatoes', 'en:cereals-and-their-products', 'en:breakfast-cereals', 'en:flakes', 'en:cereal-flakes', 'en:extruded-cereals', 'en:extruded-flakes', 'en:corn-flakes', 'en:gerostete-getreidekost']",0,[],[],382.0,1.4,0.5,8.8,4.2,7.4,1.33
Corn Flakes,3222473950324,"['en:plant-based-foods-and-beverages', 'en:plant-based-foods', 'en:breakfasts', 'en:cereals-and-potatoes', 'en:cereals-and-their-products', 'en:breakfast-cereals', 'en:flakes', 'en:cereal-flakes', 'en:extruded-cereals', 'en:extruded-flakes', 'en:corn-flakes', 'fr:petales-de-cereales']",0,[],[],385.0,1.2,0.2,7.5,3.3,8.0,0.45
Grainéa,3564706633988,"['en:plant-based-foods-and-beverages', 'en:plant-based-foods', 'en:breakfasts', 'en:cereals-and-potatoes', 'en:cereals-and-their-products', 'en:breakfast-cereals', 'en:cereals-with-fruits', 'en:mueslis', 'en:mueslis-with-fruits']",2,[],"['en:e306', 'en:e471']",437.0,14.0,6.9,25.0,6.5,7.5,0.13
Grainéa,3564706604346,"['en:plant-based-foods-and-beverages', 'en:plant-based-foods', 'en:breakfasts', 'en:cereals-and-potatoes', 'en:cereals-and-their-products', 'en:frozen-foods', 'en:breakfast-cereals', 'en:cereals-with-fruits', 'en:mueslis', 'en:mueslis-with-fruits']",2,[],"['en:e306', 'en:e422']",436.0,15.0,1.9,13.0,8.5,13.0,0.03
Crunchy,20310615,"['en:plant-based-foods-and-beverages', 'en:plant-based-foods', 'en:breakfasts', 'en:cereals-and-potatoes', 'en:cereals-and-their-products', 'en:breakfast-cereals', 'en:chocolate-cereals', 'en:mueslis', 'en:mueslis-with-chocolate']",0,[],[],464.0,18.0,3.5,24.0,6.0,8.5,0.04
Céréales Cacao avec Quinoa,3288131500119,"['en:plant-based-foods-and-beverages', 'en:plant-based-foods', 'en:breakfasts', 'en:cereals-and-potatoes', 'en:cereals-and-their-products', 'en:baby-foods', 'en:breakfast-cereals', 'en:from-8-months', 'en:cereals-for-babies']",0,[],[],398.0,1.8,0.8,0.6,1.0,10.0,0.01
Le Granola Cacahuètes,3760336830296,"['en:plant-based-foods-and-beverages', 'en:plant-based-foods', 'en:breakfasts', 'en:cereals-and-potatoes', 'en:cereals-and-their-products', 'en:breakfast-cereals', 'en:mueslis']",0,[],[],439.0,14.0,2.5,13.0,8.0,15.0,0.12
QUICK 1-MINUTE OATS imp,0030000011805,"['en:plant-based-foods-and-beverages', 'en:plant-based-foods', 'en:breakfasts', 'en:cereals-and-potatoes', 'en:cereals-and-their-products', 'en:breakfast-cereals', 'en:flakes', 'en:cereal-flakes', 'en:rolled-flakes', 'en:rolled-oats']",0,[],[],375.0,7.5,1.25,2.5,10.0,12.5,0.0
Puffed oats,5060120282040,"['en:plant-based-foods-and-beverages', 'en:plant-based-foods', 'en:breakfasts', 'en:cereals-and-potatoes', 'en:cereals-and-their-products', 'en:breakfast-cereals', 'en:puffed-grains', 'en:puffed-cereals', 'en:rude-health-puffed-oats']",0,[],[],376.0,7.06,1.76,0.588,5.88,12.4,0.0
Nestle Cheerios Honey 515g,7613287195234,"['en:plant-based-foods-and-beverages', 'en:plant-based-foods', 'en:breakfasts', 'en:cereals-and-potatoes', 'en:cereals-and-their-products', 'en:breakfast-cereals', 'en:extruded-cereals']",1,[],['en:e306'],380.0,3.8,0.8,22.3,8.5,8.7,0.67
MUESLI,00271493,"['en:plant-based-foods-and-beverages', 'en:plant-based-foods', 'en:breakfasts', 'en:cereals-and-potatoes', 'en:cereals-and-their-products', 'en:breakfast-cereals', 'en:cereals-with-fruits', 'en:flakes', 'en:mueslis', 'en:cereal-flakes', 'en:cereals-with-nuts', 'en:mueslis-with-nuts']",0,[],[],353.0,4.5,0.8,4.9,9.0,11.2,0.03
Crunchy muesly chocolate,8720256082361,"['en:plant-based-foods-and-beverages', 'en:plant-based-foods', 'en:breakfasts', 'en:cereals-and-potatoes', 'en:cereals-and-their-products', 'en:breakfast-cereals', 'en:chocolate-cereals', 'en:mueslis', 'en:crunchy-mueslis', 'en:mueslis-with-chocolate']",1,[],['en:e306'],414.0,14.0,3.9,2.0,21.6,11.0,0.01
Lightly Sweetened Maple Berry Blend Cereal,0016000147652,"['en:plant-based-foods-and-beverages', 'en:plant-based-foods', 'en:breakfasts', 'en:cereals-and-potatoes', 'en:cereals-and-their-products', 'en:breakfast-cereals']",1,[],['en:e422'],509.0,27.3,10.9,23.6,9.09,10.9,0.364
Granola Four Nut & Flame Raisin,29310494,"['en:plant-based-foods-and-beverages', 'en:plant-based-foods', 'en:breakfasts', 'en:cereals-and-potatoes', 'en:cereals-and-their-products', 'en:breakfast-cereals', 'en:mueslis']",0,[],[],431.0,14.5,1.7,20.8,7.7,11.0,0.03
Céréales fourrées chocolat noisettes Bio village,3564707179690,"['en:plant-based-foods-and-beverages', 'en:plant-based-foods', 'en:breakfasts', 'en:cereals-and-potatoes', 'en:cereals-and-their-products', 'en:frozen-foods', 'en:breakfast-cereals', 'en:chocolate-cereals', 'en:extruded-cereals', 'en:breakfast-cereals-rich-in-fibre', 'en:filled-cereals', 'en:breakfast-cereals-filled-with-chocolate-hazelnuts']",1,[],"['en:e322', 'en:e322i']",421.0,13.0,1.7,20.0,9.4,9.2,0.04
Coco Pops Chocos,5059319024837,"['en:plant-based-foods-and-beverages', 'en:plant-based-foods', 'en:breakfasts', 'en:cereals-and-potatoes', 'en:cereals-and-their-products', 'en:breakfast-cereals', 'en:chocolate-cereals']",0,[],[],380.0,2.2,1.0,22.0,6.0,10.0,0.67
Muesli floconneux morceaux de fruits,3250391635283,"['en:plant-based-foods-and-beverages', 'en:plant-based-foods', 'en:breakfasts', 'en:cereals-and-potatoes', 'en:cereals-and-their-products', 'en:breakfast-cereals', 'en:cereals-with-fruits', 'en:mueslis', 'en:mueslis-with-fruits', 'fr:mueslis-floconneux-ou-de-type-traditionnel']",1,[],['en:e300'],378.0,8.4,3.1,12.9,9.1,9.9,0.08
Crok fondant tout choco,3421557501869,"['en:plant-based-foods-and-beverages', 'en:plant-based-foods', 'en:breakfasts', 'en:cereals-and-potatoes', 'en:cereals-and-their-products', 'en:breakfast-cereals', 'en:chocolate-cereals', 'en:extruded-cereals', 'en:breakfast-cereals-rich-in-fibre', 'en:filled-cereals', 'en:breakfast-cereals-filled-with-chocolate']",0,[],[],402.0,12.0,2.7,25.0,7.2,8.0,0.72
Krounchy nature,3421557108150,"['en:plant-based-foods-and-beverages', 'en:plant-based-foods', 'en:breakfasts', 'en:cereals-and-potatoes', 'en:cereals-and-their-products', 'en:breakfast-cereals', 'en:crunchy-cereal-clusters']",0,[],[],440.0,13.0,1.7,20.0,6.3,9.1,0.05
Dinkel Crunchy,4104420017740,"['en:plant-based-foods-and-beverages', 'en:plant-based-foods', 'en:breakfasts', 'en:cereals-and-potatoes', 'en:seeds', 'en:cereals-and-their-products', 'en:breakfast-cereals', 'en:cereal-grains', 'en:flakes', 'en:mueslis', 'en:cereal-flakes', 'en:extruded-flakes']",0,[],[],441.0,13.0,1.1,18.0,5.9,10.0,0.23
Pétales de céréales AU CHOCOLAT,3175681084780,"['en:plant-based-foods-and-beverages', 'en:plant-based-foods', 'en:breakfasts', 'en:cereals-and-potatoes', 'en:cereals-and-their-products', 'en:breakfast-cereals', 'en:chocolate-cereals', 'en:extruded-cereals', 'en:cereal-flakes-with-chocolate']",1,[],"['en:e322', 'en:e322i']",400.0,5.0,2.6,15.0,4.1,6.8,0.54
Knusper Honig-Nuss Müsli,4000540023169,"['en:plant-based-foods-and-beverages', 'en:plant-based-foods', 'en:breakfasts', 'en:cereals-and-potatoes', 'en:cereals-and-their-products', 'en:breakfast-cereals', 'en:mueslis', 'en:cereals-with-nuts', 'en:fruhstucke', 'en:fruhstuckscerealien', 'en:getreide-und-kartoffeln', 'en:getreideprodukte', 'en:muslis', 'en:muslis-mit-nussen', 'en:pflanzliche-lebensmittel', 'en:pflanzliche-lebensmittel-und-getranke']",0,[],[],454.0,18.0,5.4,19.0,5.8,9.9,0.41
"Kellogs, Hafer-Müsli, Schoko und Keks",4000540003222,"['en:plant-based-foods-and-beverages', 'en:plant-based-foods', 'en:breakfasts', 'en:cereals-and-potatoes', 'en:cereals-and-their-products', 'en:breakfast-cereals', 'en:chocolate-cereals', 'en:mueslis', 'en:mueslis-with-chocolate']",5,[],"['en:e170', 'en:e170i', 'en:e322', 'en:e330', 'en:e500', 'en:e500ii', 'en:e503', 'en:e503ii']",444.0,15.0,6.3,21.0,5.6,10.0,0.22
Original Avena y Trigo Integral,3387390335217,"['en:plant-based-foods-and-beverages', 'en:plant-based-foods', 'en:breakfasts', 'en:cereals-and-potatoes', 'en:cereals-and-their-products', 'en:breakfast-cereals', 'en:flakes', 'en:cereal-flakes', 'en:extruded-cereals', 'en:extruded-flakes', 'en:mixed-cereal-flakes']",0,[],[],368.0,1.8,0.6,10.8,7.6,9.4,0.9
Dorset Cereals tasty toasted spelt flaked muesli,5018357012435,"['en:plant-based-foods-and-beverages', 'en:plant-based-foods', 'en:breakfasts', 'en:cereals-and-potatoes', 'en:cereals-and-their-products', 'en:breakfast-cereals', 'en:mueslis']",2,[],"['en:e220', 'en:e322', 'en:e322i']",375.0,7.7,1.0,21.4,7.6,11.0,0.28
Muesli avoine chocolat,3560071407599,"['en:plant-based-foods-and-beverages', 'en:plant-based-foods', 'en:breakfasts', 'en:cereals-and-potatoes', 'en:cereals-and-their-products', 'en:breakfast-cereals', 'en:chocolate-cereals', 'en:mueslis', 'en:mueslis-with-chocolate']",0,[],[],376.0,7.9,2.8,8.0,8.9,11.0,0.03
Sante Crunchy Crispy Muesli Banana With Chocolate 350G,5900617002617,"['en:plant-based-foods-and-beverages', 'en:plant-based-foods', 'en:breakfasts', 'en:cereals-and-potatoes', 'en:cereals-and-their-products', 'en:breakfast-cereals', 'en:mueslis']",1,[],"['en:e322', 'en:e322i']",423.0,15.0,6.4,26.0,6.6,7.7,0.32
Corn Flakes,5010251624561,"['en:plant-based-foods-and-beverages', 'en:plant-based-foods', 'en:breakfasts', 'en:cereals-and-potatoes', 'en:cereals-and-their-products', 'en:breakfast-cereals', 'en:flakes', 'en:cereal-flakes', 'en:extruded-cereals', 'en:extruded-flakes', 'en:corn-flakes']",0,[],[],386.0,1.1,0.3,6.6,,7.6,0.68
Instant oats,4088600214375,"['en:plant-based-foods-and-beverages', 'en:plant-based-foods', 'en:breakfasts', 'en:cereals-and-potatoes', 'en:cereals-and-their-products', 'en:breakfast-cereals', 'en:flakes', 'en:cereal-flakes', 'en:rolled-flakes', 'en:rolled-oats', 'en:instant-oats']",0,[],[],373.0,8.0,1.6,1.0,9.5,13.0,0.03
Nestle Shredded wheat 24pk,7613036147651,"['en:plant-based-foods-and-beverages', 'en:plant-based-foods', 'en:breakfasts', 'en:cereals-and-potatoes', 'en:cereals-and-their-products', 'en:breakfast-cereals', 'en:cereal-wheat']",0,[],[],360.0,2.2,0.5,0.7,12.2,12.2,0.05
Crousti pétales nature,3229820803890,"['en:plant-based-foods-and-beverages', 'en:plant-based-foods', 'en:breakfasts', 'en:cereals-and-potatoes', 'en:cereals-and-their-products', 'en:breakfast-cereals', 'en:breakfast-cereals-rich-in-fibre']",0,[],[],389.0,2.0,0.3,10.0,7.7,11.0,0.6
All Bran Flakes,5010251720072,"['en:plant-based-foods-and-beverages', 'en:plant-based-foods', 'en:breakfasts', 'en:cereals-and-potatoes', 'en:cereals-and-their-products', 'en:breakfast-cereals', 'en:flakes', 'en:cereal-flakes', 'en:extruded-cereals', 'en:extruded-flakes', 'en:extruded-wheat-flakes']",0,[],[],359.0,2.5,0.5,11.0,16.0,12.0,0.28
Jordans Country Crisp Honey And Nut,5010477342713,"['en:plant-based-foods-and-beverages', 'en:plant-based-foods', 'en:breakfasts', 'en:cereals-and-potatoes', 'en:cereals-and-their-products', 'en:breakfast-cereals']",0,[],[],455.0,18.0,2.0,22.0,5.5,9.4,0.03
Corn Flakes,5000127010093,"['en:plant-based-foods-and-beverages', 'en:plant-based-foods', 'en:breakfasts', 'en:cereals-and-potatoes', 'en:cereals-and-their-products', 'en:breakfast-cereals', 'en:flakes', 'en:cereal-flakes', 'en:extruded-cereals', 'en:extruded-flakes', 'en:corn-flakes']",0,[],[],378.0,0.9,0.2,8.0,3.0,7.0,0.5
NAKD PROTEIN - Caramel - | Barres protéinées | 7g de protéines végétales | 100% d'ingrédients naturels | Sans sucres ajoutés | 3 x 45g | 135g,5060088700136,"['en:plant-based-foods-and-beverages', 'en:plant-based-foods', 'en:seafood', 'en:fishes-and-their-products', 'en:snacks', 'en:breakfasts', 'en:cereals-and-potatoes', 'en:fishes', 'en:sweet-snacks', 'en:cereals-and-their-products', 'en:breakfast-cereals', 'en:lean-fishes', 'en:bars', 'en:cereal-bars', 'en:dietary-supplements', 'en:bass', 'en:bodybuilding-supplements', 'en:energy-bars', 'en:protein-bars', 'en:protein-energy-bars']",0,[],[],423.0,21.0,3.7,28.0,15.0,17.0,0.01
Honey hoops,5057008079403,"['en:plant-based-foods-and-beverages', 'en:plant-based-foods', 'en:breakfasts', 'en:cereals-and-potatoes', 'en:cereals-and-their-products', 'en:breakfast-cereals', 'en:extruded-cereals']",0,[],[],388.0,3.6,0.5,24.0,5.0,7.5,0.6
Muesli crunchy chocolat au lait,4056489817628,"['en:plant-based-foods-and-beverages', 'en:plant-based-foods', 'en:breakfasts', 'en:cereals-and-potatoes', 'en:cereals-and-their-products', 'en:breakfast-cereals', 'en:chocolate-cereals', 'en:mueslis', 'en:mueslis-with-chocolate']",2,[],"['en:e306', 'en:e322']",450.0,15.7,5.1,18.7,7.4,10.0,0.04
Muesli croustillant aux fruits BIO 500g,3250391773992,"['en:plant-based-foods-and-beverages', 'en:plant-based-foods', 'en:breakfasts', 'en:cereals-and-potatoes', 'en:cereals-and-their-products', 'en:breakfast-cereals', 'en:cereals-with-fruits', 'en:mueslis', 'en:crunchy-mueslis', 'en:mueslis-with-fruits', 'en:crunchy-mueslis-with-fruits']",0,[],[],454.0,19.0,8.1,28.0,8.6,7.5,0.05
Bio crackers,20918286,"['en:plant-based-foods-and-beverages', 'en:plant-based-foods', 'en:snacks', 'en:breakfasts', 'en:cereals-and-potatoes', 'en:salty-snacks', 'en:appetizers', 'en:biscuits-and-crackers', 'en:cereals-and-their-products', 'en:breakfast-cereals', 'en:mueslis', 'en:crackers-appetizers']",0,[],[],408.0,13.8,1.8,3.7,14.6,13.2,1.43
Tresor,5053827199636,"['en:plant-based-foods-and-beverages', 'en:plant-based-foods', 'en:breakfasts', 'en:cereals-and-potatoes', 'en:cereals-and-their-products', 'en:breakfast-cereals', 'en:chocolate-cereals', 'en:extruded-cereals', 'en:filled-cereals', 'en:breakfast-cereals-filled-with-chocolate']",6,[],"['en:e160', 'en:e160b', 'en:e304', 'en:e304i', 'en:e307', 'en:e322', 'en:e322i', 'en:e330']",440.0,14.0,4.0,28.0,3.1,7.2,0.95
Carrefour Bio Granola avec Quinoa,5400101057685,"['en:plant-based-foods-and-beverages', 'en:plant-based-foods', 'en:breakfasts', 'en:cereals-and-potatoes', 'en:cereals-and-their-products', 'en:breakfast-cereals', 'en:mueslis', 'fr:epicerie']",1,[],['en:e306'],425.0,12.0,1.4,19.0,7.5,11.0,0.15
Weetabix,10100295,"['en:plant-based-foods-and-beverages', 'en:plant-based-foods', 'en:breakfasts', 'en:cereals-and-potatoes', 'en:cereals-and-their-products', 'en:breakfast-cereals']",0,[],[],362.0,2.0,0.6,4.0,10.0,12.0,0.28
Flocons d'avoine petits,3329483601205,"['en:plant-based-foods-and-beverages', 'en:plant-based-foods', 'en:breakfasts', 'en:cereals-and-potatoes', 'en:seeds', 'en:cereals-and-their-products', 'en:breakfast-cereals', 'en:cereal-grains', 'en:flakes', 'en:cereal-flakes', 'en:rolled-flakes', 'en:rolled-oats']",0,[],[],364.0,6.9,0.6,1.2,11.0,14.0,0.0
Muesli fraises,3564706612815,"['en:plant-based-foods-and-beverages', 'en:plant-based-foods', 'en:breakfasts', 'en:cereals-and-potatoes', 'en:cereals-and-their-products', 'en:breakfast-cereals', 'en:cereals-with-fruits', 'en:mueslis', 'en:mueslis-with-fruits']",2,[],"['en:e306', 'en:e471']",425.0,12.0,1.9,19.0,8.5,10.0,0.15
Corn flakes,20203412,"['en:plant-based-foods-and-beverages', 'en:plant-based-foods', 'en:breakfasts', 'en:cereals-and-potatoes', 'en:cereals-and-their-products', 'en:breakfast-cereals', 'en:flakes', 'en:extruded-cereals', 'en:extruded-flakes', 'hu:alimentos-e-bebidas-à-base-de-plantas', 'hu:alimentos-à-base-de-plantas', 'hu:cereais-e-batatas', 'hu:cereais-e-seus-produtos', 'hu:cereias-para-pequeno-almoçco', 'hu:flocos', 'hu:flocos-de-cereais', 'hu:flocos-de-milho', 'hu:grãos-de-cereais', 'hu:pequenos-alomoços', 'hu:sementes']",0,[],[],377.0,1.1,0.5,6.2,3.4,6.0,1.0
Knusprige Bio-Haferpops,4061458198424,"['en:plant-based-foods-and-beverages', 'en:plant-based-foods', 'en:breakfasts', 'en:cereals-and-potatoes', 'en:cereals-and-their-products', 'en:breakfast-cereals', 'en:extruded-cereals']",0,[],[],389.0,5.6,0.9,15.0,9.5,12.0,0.98
Cereali Spec. k. cio / Fon. gr290,5053827168861,"['en:plant-based-foods-and-beverages', 'en:plant-based-foods', 'en:breakfasts', 'en:cereals-and-potatoes', 'en:cereals-and-their-products', 'en:breakfast-cereals', 'en:chocolate-cereals', 'en:extruded-cereals', 'en:cereal-flakes-with-chocolate']",0,[],[],424.0,6.1,3.2,17.0,6.0,8.2,0.8
Céréales Muesli floconneux chocolat noir et graines de courge 375g,3256228686602,"['en:plant-based-foods-and-beverages', 'en:plant-based-foods', 'en:breakfasts', 'en:cereals-and-potatoes', 'en:cereals-and-their-products', 'en:breakfast-cereals', 'en:chocolate-cereals', 'en:mueslis', 'en:mueslis-with-chocolate']",0,[],[],388.0,12.0,4.2,3.9,12.0,14.0,0.03
Krounchy proteines chocolat noir,3421557921339,"['en:plant-based-foods-and-beverages', 'en:plant-based-foods', 'en:breakfasts', 'en:cereals-and-potatoes', 'en:cereals-and-their-products', 'en:breakfast-cereals', 'en:mueslis']",0,[],[],415.0,12.0,2.2,14.0,9.5,14.0,0.02
Choco Bollz,3560071090821,"['en:plant-based-foods-and-beverages', 'en:plant-based-foods', 'en:breakfasts', 'en:cereals-and-potatoes', 'en:cereals-and-their-products', 'en:breakfast-cereals', 'en:puffed-grains', 'en:chocolate-cereals', 'en:puffed-cereals', 'en:extruded-cereals', 'en:chocolate-cereal-balls']",0,[],[],380.0,2.4,1.0,22.0,7.5,8.7,0.42
Quaker Oats So Simple Sultana Raisin C / Berry&apl imp,5000108030591,"['en:plant-based-foods-and-beverages', 'en:plant-based-foods', 'en:breakfasts', 'en:cereals-and-potatoes', 'en:cereals-and-their-products', 'en:breakfast-cereals']",0,[],[],371.0,5.7,0.9,26.2,6.9,8.3,0.23
"Raisin, Almond & Honey Granola",5000169618844,"['en:plant-based-foods-and-beverages', 'en:plant-based-foods', 'en:breakfasts', 'en:cereals-and-potatoes', 'en:cereals-and-their-products', 'en:breakfast-cereals', 'en:cereals-with-fruits', 'en:mueslis', 'en:crunchy-mueslis', 'en:mueslis-with-fruits', 'en:crunchy-mueslis-with-fruits']",0,[],[],427.0,12.1,2.0,19.0,6.6,11.0,0.02
NESTLE LION TRIPLE CRUNCHY 550g,8445290183842,"['en:plant-based-foods-and-beverages', 'en:plant-based-foods', 'en:breakfasts', 'en:cereals-and-potatoes', 'en:cereals-and-their-products', 'en:breakfast-cereals', 'en:chocolate-cereals', 'en:extruded-cereals']",2,[],"['en:e306', 'en:e322']",412.0,8.8,1.4,23.8,6.4,7.4,0.66
honey nut,4088600247465,"['en:plant-based-foods-and-beverages', 'en:plant-based-foods', 'en:breakfasts', 'en:cereals-and-potatoes', 'en:cereals-and-their-products', 'en:breakfast-cereals', 'en:sweet-breakfast-cereals-fortified-with-vitamins-and-chemical-elements']",0,[],[],391.0,4.4,0.7,28.0,1.9,7.1,0.47
WR Ess Rice pops 440g,5000169181522,"['en:plant-based-foods-and-beverages', 'en:plant-based-foods', 'en:breakfasts', 'en:cereals-and-potatoes', 'en:cereals-and-their-products', 'en:breakfast-cereals']",0,[],[],385.0,1.2,0.4,8.8,,7.5,0.73
Swiss Style Muesli,5054781527602,"['en:plant-based-foods-and-beverages', 'en:plant-based-foods', 'en:breakfasts', 'en:cereals-and-potatoes', 'en:cereals-and-their-products', 'en:breakfast-cereals', 'en:cereals-with-fruits', 'en:mueslis', 'en:mueslis-with-fruits']",0,[],[],365.0,5.8,0.8,17.0,,10.0,0.06
Oat So Simple Original Protein,5000108942108,"['en:plant-based-foods-and-beverages', 'en:plant-based-foods', 'en:breakfasts', 'en:cereals-and-potatoes', 'en:cereals-and-their-products', 'en:breakfast-cereals', 'en:dietary-supplements', 'en:bodybuilding-supplements', 'en:porridge']",1,[],"['en:e322', 'en:e322i']",379.0,7.69,1.06,1.06,7.16,21.5,0.206
Corn Flakes,5000128639262,"['en:plant-based-foods-and-beverages', 'en:plant-based-foods', 'en:breakfasts', 'en:cereals-and-potatoes', 'en:cereals-and-their-products', 'en:breakfast-cereals', 'en:flakes', 'en:cereal-flakes', 'en:extruded-cereals', 'en:extruded-flakes', 'en:corn-flakes']",0,[],[],386.0,1.1,0.3,6.6,,7.6,0.68
Fruit & Fibre Flakes,29310562,"['en:plant-based-foods-and-beverages', 'en:plant-based-foods', 'en:breakfasts', 'en:cereals-and-potatoes', 'en:cereals-and-their-products', 'en:breakfast-cereals', 'en:cereals-with-fruits', 'en:extruded-cereals', 'en:cereal-flakes-with-fruits']",0,[],[],383.0,5.8,3.7,19.0,9.2,9.1,0.28
multigrain hoops,5057172734238,"['en:plant-based-foods-and-beverages', 'en:plant-based-foods', 'en:breakfasts', 'en:cereals-and-potatoes', 'en:cereals-and-their-products', 'en:breakfast-cereals', 'en:extruded-cereals']",3,[],"['en:e160a', 'en:e160c', 'en:e170', 'en:e170i']",381.0,3.6,0.5,16.0,7.0,8.7,0.4225
Spécial flakes chocolat noir,4056489671428,"['en:plant-based-foods-and-beverages', 'en:plant-based-foods', 'en:breakfasts', 'en:cereals-and-potatoes', 'en:cereals-and-their-products', 'en:breakfast-cereals', 'en:chocolate-cereals', 'en:extruded-cereals']",2,[],"['en:e322', 'en:e471']",393.0,6.2,3.0,16.0,7.5,8.3,0.425
Nestlé Kitkat Cereal,8445290723987,"['en:plant-based-foods-and-beverages', 'en:plant-based-foods', 'en:snacks', 'en:breakfasts', 'en:cereals-and-potatoes', 'en:sweet-snacks', 'en:cereals-and-their-products', 'en:confectioneries', 'en:breakfast-cereals']",0,[],[],420.0,10.9,4.7,24.7,6.3,7.8,0.37
Muesli croustillant avoine blé et riz,3111900360150,"['en:plant-based-foods-and-beverages', 'en:plant-based-foods', 'en:breakfasts', 'en:cereals-and-potatoes', 'en:cereals-and-their-products', 'en:breakfast-cereals', 'en:mueslis', 'fr:cereales-completes-riches-en-fibres', 'fr:muesli-croustillant-nature']",0,[],[],422.0,11.0,1.1,15.0,7.6,9.7,0.01
Special K Crunchy Golden Clusters,5059319031170,"['en:plant-based-foods-and-beverages', 'en:plant-based-foods', 'en:breakfasts', 'en:cereals-and-potatoes', 'en:cereals-and-their-products', 'en:breakfast-cereals']",3,[],"['en:e322', 'en:e322i', 'en:e500', 'en:e500ii', 'en:e503', 'en:e503ii']",394.0,12.0,1.0,18.0,,8.1,0.64
Muesli floconneux fruits secs Raisins figues abricots graines,3564707090773,"['en:plant-based-foods-and-beverages', 'en:plant-based-foods', 'en:breakfasts', 'en:cereals-and-potatoes', 'en:cereals-and-their-products', 'en:breakfast-cereals', 'en:cereals-with-fruits', 'en:mueslis', 'en:bircher-style-mueslis', 'en:mueslis-with-fruits', 'en:bircher-style-mueslis-with-fruits']",0,[],[],382.0,7.6,2.3,14.0,8.9,11.0,0.01
Muesli croustillant tradition,3421557502002,"['en:plant-based-foods-and-beverages', 'en:plant-based-foods', 'en:breakfasts', 'en:cereals-and-potatoes', 'en:cereals-and-their-products', 'en:breakfast-cereals', 'en:mueslis']",0,[],[],440.0,13.0,1.7,20.0,6.5,9.1,0.05
Krounchy chataigne,3421557110092,"['en:plant-based-foods-and-beverages', 'en:plant-based-foods', 'en:breakfasts', 'en:cereals-and-potatoes', 'en:cereals-and-their-products', 'en:breakfast-cereals', 'en:mueslis', 'en:aliments-d-origine-vegetale', 'en:aliments-et-boissons-a-base-de-vegetaux', 'en:cereales-et-derives', 'en:cereales-et-pommes-de-terre', 'en:cereales-pour-petit-dejeuner', 'en:mueslis-aux-fruits-a-coque', 'en:petit-dejeuners']",0,[],[],466.0,18.0,1.9,21.0,6.5,8.9,0.04
Chocolune,3421557500909,"['en:plant-based-foods-and-beverages', 'en:plant-based-foods', 'en:breakfasts', 'en:cereals-and-potatoes', 'en:cereals-and-their-products', 'en:breakfast-cereals', 'en:chocolate-cereals', 'en:extruded-cereals', 'en:chocolate-wheat-shells']",0,[],[],374.0,3.6,1.8,20.0,7.8,9.3,0.4
Choco rice,8480000095923,"['en:plant-based-foods-and-beverages', 'en:plant-based-foods', 'en:breakfasts', 'en:cereals-and-potatoes', 'en:cereals-and-their-products', 'en:breakfast-cereals', 'en:chocolate-cereals', 'en:puffed-grains', 'en:puffed-cereals', 'en:puffed-rice', 'en:chocolate-puffed-rice']",1,[],['en:e471'],382.0,1.7,0.8,24.0,2.9,6.8,0.85
Muesli fruits secs amandes & noisettes,3256228686589,"['en:plant-based-foods-and-beverages', 'en:plant-based-foods', 'en:breakfasts', 'en:cereals-and-potatoes', 'en:cereals-and-their-products', 'en:breakfast-cereals', 'en:cereals-with-fruits', 'en:mueslis', 'en:mueslis-with-fruits']",0,[],[],353.0,5.2,0.7,15.0,11.0,11.0,0.03
Le Granola Chocolat,3760336830289,"['en:plant-based-foods-and-beverages', 'en:plant-based-foods', 'en:breakfasts', 'en:cereals-and-potatoes', 'en:cereals-and-their-products', 'en:breakfast-cereals', 'en:chocolate-cereals', 'en:mueslis', 'en:crunchy-mueslis', 'en:mueslis-with-chocolate', 'en:crunchy-mueslis-with-chocolate']",0,[],[],408.0,8.6,2.2,18.0,8.6,12.0,0.06
Céréales Granola fruits rouges 350g,3256229255623,"['en:plant-based-foods-and-beverages', 'en:plant-based-foods', 'en:breakfasts', 'en:cereals-and-potatoes', 'en:cereals-and-their-products', 'en:breakfast-cereals', 'en:cereals-with-fruits', 'en:mueslis', 'en:mueslis-with-fruits']",2,[],"['en:e306', 'en:e422']",421.0,11.0,1.3,17.0,7.4,11.0,0.01
Fruit and Fibre,5000169081914,"['en:plant-based-foods-and-beverages', 'en:plant-based-foods', 'en:breakfasts', 'en:cereals-and-potatoes', 'en:cereals-and-their-products', 'en:breakfast-cereals', 'en:cereals-with-fruits', 'en:extruded-cereals', 'en:cereal-flakes-with-fruits']",5,[],"['en:e220', 'en:e304', 'en:e304i', 'en:e307', 'en:e330', 'en:e471']",383.0,6.6,4.1,21.0,9.3,7.8,0.43
Crunchy Oat Granola Fruit & Nut,5010477320858,"['en:plant-based-foods-and-beverages', 'en:plant-based-foods', 'en:breakfasts', 'en:cereals-and-potatoes', 'en:cereals-and-their-products', 'en:breakfast-cereals', 'en:mueslis']",1,[],['en:e330'],414.0,11.0,2.7,24.0,6.1,10.0,0.05
Doves Farm | Fibre Flakes,5011766777988,"['en:plant-based-foods-and-beverages', 'en:plant-based-foods', 'en:breakfasts', 'en:cereals-and-potatoes', 'en:cereals-and-their-products', 'en:breakfast-cereals', 'en:flakes', 'en:cereal-flakes', 'en:extruded-cereals', 'en:extruded-flakes']",0,[],[],386.66666666667,2.6666666666667,0.33333333333333,10.333333333333,8.3333333333333,7.6666666666667,0.43333325
Honey Nut Cheerios,0016000125063,"['en:plant-based-foods-and-beverages', 'en:plant-based-foods', 'en:breakfasts', 'en:cereals-and-potatoes', 'en:cereals-and-their-products', 'en:breakfast-cereals', 'en:extruded-cereals']",2,[],"['en:e306', 'en:e340', 'en:e340iii']",378.0,5.41,0.0,32.4,8.11,8.11,1.42
supergrain hoops,5011766778060,"['en:plant-based-foods-and-beverages', 'en:plant-based-foods', 'en:breakfasts', 'en:cereals-and-potatoes', 'en:cereals-and-their-products', 'en:breakfast-cereals', 'en:extruded-cereals']",0,[],[],392.0,3.4,0.7,7.4,4.1,8.5,0.36
No added sugar fruit and nut muesli,5054781267423,"['en:plant-based-foods-and-beverages', 'en:plant-based-foods', 'en:breakfasts', 'en:cereals-and-potatoes', 'en:cereals-and-their-products', 'en:breakfast-cereals', 'en:cereals-with-fruits', 'en:mueslis', 'en:mueslis-with-fruits']",1,[],['en:e220'],353.0,8.5,2.0,19.0,7.3,10.0,0.03
mornflake,5010026518262,"['en:plant-based-foods-and-beverages', 'en:plant-based-foods', 'en:breakfasts', 'en:cereals-and-potatoes', 'en:cereals-and-their-products', 'en:breakfast-cereals', 'en:bran', 'en:breads', 'en:flakes', 'en:cereal-brans', 'en:cereal-flakes', 'en:oat-brans', 'en:wholemeal-breads', 'en:porridge-oats']",0,[],[],147.0,7.5,1.25,1.0,9.1,11.5,0.01
Crunchy almond granola,5060120285393,"['en:plant-based-foods-and-beverages', 'en:plant-based-foods', 'en:breakfasts', 'en:cereals-and-potatoes', 'en:cereals-and-their-products', 'en:breakfast-cereals', 'en:mueslis']",0,[],[],460.0,18.0,2.1,12.0,7.1,10.0,0.03
Blueberry Almond Crunch Cereal,0021908120232,"['en:plant-based-foods-and-beverages', 'en:plant-based-foods', 'en:breakfasts', 'en:cereals-and-potatoes', 'en:cereals-and-their-products', 'en:breakfast-cereals', 'en:cereals-with-fruits', 'en:crunchy-cereal-clusters', 'en:cereal-clusters-with-fruits']",1,[],['en:e306'],444.0,18.5,5.56,11.1,9.26,9.26,1.25
Cereais Linha,5601227031140,"['en:plant-based-foods-and-beverages', 'en:plant-based-foods', 'en:breakfasts', 'en:cereals-and-potatoes', 'en:seeds', 'en:cereals-and-their-products', 'en:breakfast-cereals', 'en:extruded-cereals']",1,[],['en:e471'],371.0,2.9,1.0,8.1,7.8,9.3,0.59
Oats and Honey Granola,0021908133218,"['en:plant-based-foods-and-beverages', 'en:plant-based-foods', 'en:breakfasts', 'en:cereals-and-potatoes', 'en:cereals-and-their-products', 'en:breakfast-cereals', 'en:mueslis']",0,[],[],435.0,11.3,1.61,22.6,4.84,9.68,0.222
Cornflakes,5059319033501,"['en:plant-based-foods-and-beverages', 'en:plant-based-foods', 'en:breakfasts', 'en:cereals-and-potatoes', 'en:cereals-and-their-products', 'en:breakfast-cereals', 'en:flakes', 'en:cereal-flakes', 'en:extruded-cereals', 'en:extruded-flakes', 'en:corn-flakes']",0,[],[],378.0,0.9,0.2,8.0,3.0,7.0,1.0825
Porridge figue framboise,3229820792965,"['en:plant-based-foods-and-beverages', 'en:plant-based-foods', 'en:breakfasts', 'en:cereals-and-potatoes', 'en:cereals-and-their-products', 'en:breakfast-cereals', 'en:cereals-with-fruits', 'en:mueslis', 'en:mueslis-with-fruits', 'en:porridge', 'en:porridge-with-fruits']",0,[],[],363.0,6.5,1.2,5.4,10.0,13.0,0.02
Krounchy 3 chocolats,3421557110023,"['en:plant-based-foods-and-beverages', 'en:plant-based-foods', 'en:breakfasts', 'en:cereals-and-potatoes', 'en:cereals-and-their-products', 'en:breakfast-cereals', 'en:chocolate-cereals', 'en:mueslis', 'en:mueslis-with-chocolate']",1,[],"['en:e322', 'en:e322i']",449.0,15.0,3.9,23.0,5.9,8.4,0.1
Granola met noten en honing,5400141996067,"['en:plant-based-foods-and-beverages', 'en:plant-based-foods', 'en:breakfasts', 'en:cereals-and-potatoes', 'en:cereals-and-their-products', 'en:breakfast-cereals', 'en:mueslis']",1,[],['en:e306'],434.0,14.0,1.6,15.0,7.4,11.0,0.18
Schoko Hafer Crunchy,4104420238244,"['en:plant-based-foods-and-beverages', 'en:plant-based-foods', 'en:breakfasts', 'en:cereals-and-potatoes', 'en:cereals-and-their-products', 'en:breakfast-cereals', 'de:aliments-d-origine-végétale', 'de:crunchys']",0,[],[],439.0,14.0,3.2,21.0,8.6,10.0,0.12
Rude Health Spelt Flakes,5060120281890,"['en:plant-based-foods-and-beverages', 'en:plant-based-foods', 'en:breakfasts', 'en:cereals-and-potatoes', 'en:cereals-and-their-products', 'en:breakfast-cereals']",0,[],[],342.0,2.2,0.5,0.5,8.9,12.0,0.02
Muesli Superfruits Bio,3580288084925,"['en:plant-based-foods-and-beverages', 'en:plant-based-foods', 'en:breakfasts', 'en:cereals-and-potatoes', 'en:cereals-and-their-products', 'en:breakfast-cereals', 'en:cereals-with-fruits', 'en:mueslis', 'en:mueslis-with-fruits']",0,[],[],375.0,7.7,2.3,23.0,8.3,11.0,0.12
Everyday essentials porridge oats,4088600021096,"['en:plant-based-foods-and-beverages', 'en:plant-based-foods', 'en:breakfasts', 'en:cereals-and-potatoes', 'en:cereals-and-their-products', 'en:breakfast-cereals', 'en:flakes', 'en:cereal-flakes', 'en:rolled-flakes', 'en:porridge', 'en:rolled-oats', 'en:plain-porridge']",0,[],[],405.0,6.4,1.1,1.0,,12.0,0.05
COUNTRY CRISP RASPBERRIES,5010477304285,"['en:plant-based-foods-and-beverages', 'en:plant-based-foods', 'en:breakfasts', 'en:cereals-and-potatoes', 'en:cereals-and-their-products', 'en:breakfast-cereals', 'en:cereals-with-fruits', 'en:mueslis', 'en:mueslis-with-fruits', 'en:crunchy-cereal-clusters', 'en:cereal-clusters-with-fruits']",0,[],[],433.0,13.0,1.8,20.0,6.1,9.1,0.03
Organic Muesli With Raisins & Almonds,5000169181744,"['en:plant-based-foods-and-beverages', 'en:plant-based-foods', 'en:breakfasts', 'en:cereals-and-potatoes', 'en:cereals-and-their-products', 'en:breakfast-cereals', 'en:cereals-with-fruits', 'en:mueslis', 'en:mueslis-with-fruits']",0,[],[],374.0,8.1,1.1,13.2,8.6,9.6,0.03
Muesli,5051413365236,"['en:plant-based-foods-and-beverages', 'en:plant-based-foods', 'en:breakfasts', 'en:cereals-and-potatoes', 'en:cereals-and-their-products', 'en:breakfast-cereals', 'en:cereals-with-fruits', 'en:mueslis', 'en:mueslis-with-fruits']",0,[],[],366.0,5.7,0.8,5.3,9.0,12.0,0.02
Knusper Volkorn-Müsli mit Vanille-Note,4000540003260,"['en:plant-based-foods-and-beverages', 'en:plant-based-foods', 'en:breakfasts', 'en:cereals-and-potatoes', 'en:cereals-and-their-products', 'en:breakfast-cereals', 'en:mueslis']",0,[],[],434.0,17.0,5.9,8.0,17.0,9.9,0.42
Grapenuts,0884912004727,"['en:plant-based-foods-and-beverages', 'en:plant-based-foods', 'en:breakfasts', 'en:cereals-and-potatoes', 'en:cereals-and-their-products', 'en:breakfast-cereals']",0,[],[],345.0,1.72,0.0,8.62,12.1,10.3,1.21
Granola,29308859,"['en:plant-based-foods-and-beverages', 'en:plant-based-foods', 'en:breakfasts', 'en:cereals-and-potatoes', 'en:cereals-and-their-products', 'en:breakfast-cereals', 'en:mueslis']",1,[],['en:e306'],411.0,93.0,1.1,19.5,7.1,10.8,0.01
Oat velvet chocolate,5000108252511,"['en:plant-based-foods-and-beverages', 'en:plant-based-foods', 'en:breakfasts', 'en:cereals-and-potatoes', 'en:cereals-and-their-products', 'en:breakfast-cereals', 'en:chocolate-cereals', 'en:porridge', 'en:porridge-with-chocolate']",0,[],[],384.0,7.6,2.0,19.0,,9.8,0.27
granola brownie & cherry,5900617043481,"['en:plant-based-foods-and-beverages', 'en:plant-based-foods', 'en:breakfasts', 'en:cereals-and-potatoes', 'en:cereals-and-their-products', 'en:breakfast-cereals']",3,[],"['en:e322', 'en:e954', 'en:e965']",408.0,13.0,2.4,2.1,18.0,21.0,0.0
Gold granola brownie et cherry,5900617042255,"['en:plant-based-foods-and-beverages', 'en:plant-based-foods', 'en:breakfasts', 'en:cereals-and-potatoes', 'en:cereals-and-their-products', 'en:breakfast-cereals']",0,[],[],460.0,17.0,3.9,22.0,7.1,9.3,0.26
Croc'choco lait,3572420001402,"['en:plant-based-foods-and-beverages', 'en:plant-based-foods', 'en:breakfasts', 'en:cereals-and-potatoes', 'en:cereals-and-their-products', 'en:breakfast-cereals', 'en:extruded-cereals', 'en:filled-cereals']",0,[],[],428.0,12.0,2.1,28.0,2.2,6.4,0.05
Smacks,5059319023106,"['en:plant-based-foods-and-beverages', 'en:plant-based-foods', 'en:breakfasts', 'en:cereals-and-potatoes', 'en:cereals-and-their-products', 'en:breakfast-cereals', 'en:puffed-grains', 'en:puffed-cereals', 'en:puffed-wheat', 'en:cereals-with-caramel', 'pt:sem-categoria']",0,[],[],377.0,1.6,0.3,34.0,5.0,7.1,0.02
Shreddies The Coco One,8445291264816,"['en:plant-based-foods-and-beverages', 'en:plant-based-foods', 'en:snacks', 'en:breakfasts', 'en:cereals-and-potatoes', 'en:sweet-snacks', 'en:cereals-and-their-products', 'en:breakfast-cereals', 'en:bars', 'en:chocolate-cereals', 'en:breakfast-cereals-fortified-with-vitamins-and-chemical-elements', 'en:extruded-cereals']",0,[],[],365.0,2.25,0.75,22.2,11.0,9.75,0.588
Pétales de blé complet et riz,3560070754588,"['en:plant-based-foods-and-beverages', 'en:plant-based-foods', 'en:breakfasts', 'en:cereals-and-potatoes', 'en:cereals-and-their-products', 'en:breakfast-cereals', 'en:flakes', 'en:cereal-flakes', 'en:extruded-cereals', 'en:extruded-flakes', 'en:extruded-wheat-flakes', 'en:mixed-cereal-flakes']",0,[],[],372.0,1.5,0.2,16.0,6.0,8.4,1.0
Muesli crisp chocolat noir,3250392415099,"['en:plant-based-foods-and-beverages', 'en:plant-based-foods', 'en:breakfasts', 'en:cereals-and-potatoes', 'en:cereals-and-their-products', 'en:breakfast-cereals', 'en:chocolate-cereals', 'en:mueslis', 'en:mueslis-with-chocolate']",1,[],"['en:e322', 'en:e322i']",468.0,17.2,5.0,17.3,11.4,9.3,0.27
Crica Choc',3250392383862,"['en:plant-based-foods-and-beverages', 'en:plant-based-foods', 'en:breakfasts', 'en:cereals-and-potatoes', 'en:cereals-and-their-products', 'en:breakfast-cereals', 'en:chocolate-cereals', 'en:extruded-cereals', 'en:breakfast-cereals-rich-in-fibre', 'en:filled-cereals', 'en:breakfast-cereals-filled-with-chocolate-hazelnuts']",1,[],['en:e322'],426.0,12.7,2.6,34.4,7.0,8.0,0.42
Choco Rice,3560070800292,"['en:plant-based-foods-and-beverages', 'en:plant-based-foods', 'en:breakfasts', 'en:cereals-and-potatoes', 'en:cereals-and-their-products', 'en:breakfast-cereals', 'en:puffed-grains', 'en:chocolate-cereals', 'en:puffed-cereals']",0,[],[],381.0,2.0,1.1,19.0,5.3,7.1,0.3
Hafer Crunchy,4104420017726,"['en:plant-based-foods-and-beverages', 'en:plant-based-foods', 'en:breakfasts', 'en:cereals-and-potatoes', 'en:cereals-and-their-products', 'en:breakfast-cereals', 'en:crunchy-cereal-clusters']",0,[],[],451.0,17.0,4.6,14.0,8.1,9.5,0.27
Pétales de maïs,3560071168674,"['en:plant-based-foods-and-beverages', 'en:plant-based-foods', 'en:breakfasts', 'en:cereals-and-potatoes', 'en:cereals-and-their-products', 'en:breakfast-cereals', 'en:flakes', 'en:cereal-flakes', 'en:extruded-cereals', 'en:extruded-flakes', 'en:corn-flakes']",0,[],[],380.0,1.1,0.3,5.4,3.4,8.1,1.6
Crok' fondant noisettes,3421557502576,"['en:plant-based-foods-and-beverages', 'en:plant-based-foods', 'en:breakfasts', 'en:cereals-and-potatoes', 'en:cereals-and-their-products', 'en:breakfast-cereals', 'en:chocolate-cereals', 'en:extruded-cereals', 'en:filled-cereals']",1,[],"['en:e322', 'en:e322i']",437.0,15.0,2.2,17.0,9.3,12.0,0.12
Croustillant 3 noix,3560071407629,"['en:plant-based-foods-and-beverages', 'en:plant-based-foods', 'en:breakfasts', 'en:cereals-and-potatoes', 'en:cereals-and-their-products', 'en:breakfast-cereals', 'en:mueslis', 'en:cereals-with-nuts', 'en:crunchy-cereal-clusters', 'en:cereal-clusters-with-nuts', 'en:mueslis-with-nuts']",0,[],[],455.0,17.0,1.9,17.0,6.6,9.8,0.03
Pépites d'avoine croustillantes - copeaux de chocolat noir,5059319016542,"['en:plant-based-foods-and-beverages', 'en:plant-based-foods', 'en:breakfasts', 'en:cereals-and-potatoes', 'en:cereals-and-their-products', 'en:breakfast-cereals', 'en:chocolate-cereals', 'en:mueslis', 'en:breakfast-cereals-fortified-with-vitamins-and-chemical-elements', 'en:crunchy-mueslis', 'en:mueslis-with-chocolate', 'en:breakfast-cereals-rich-in-fibre', 'en:crunchy-mueslis-with-chocolate', 'en:crunchy-chocolate-muesli-fortified-with-vitamins-and-chemical-elements', 'en:diet-chocolate-breakfast-cereals', 'en:diet-chocolate-breakfast-cereals-fortified-with-vitamins-and-chemical-elements']",1,[],"['en:e322', 'en:e322i']",469.0,17.0,4.0,13.0,9.5,9.3,0.01
Corn Flakes Classici,8003170007918,"['en:plant-based-foods-and-beverages', 'en:plant-based-foods', 'en:breakfasts', 'en:cereals-and-potatoes', 'en:cereals-and-their-products', 'en:breakfast-cereals', 'en:flakes', 'en:cereal-flakes', 'en:extruded-cereals', 'en:extruded-flakes', 'en:corn-flakes']",0,[],[],372.0,0.9,0.2,6.5,4.0,7.0,0.5
fulgi integrali de ovăz,4337185506857,"['en:plant-based-foods-and-beverages', 'en:plant-based-foods', 'en:breakfasts', 'en:cereals-and-potatoes', 'en:seeds', 'en:cereals-and-their-products', 'en:breakfast-cereals', 'en:cereal-grains', 'en:flakes', 'en:cereal-flakes', 'en:rolled-flakes', 'en:rolled-oats', 'en:oat']",0,[],[],373.0,6.9,1.1,1.3,7.2,13.0,0.02
Muesli floconneux,3564707179775,"['en:plant-based-foods-and-beverages', 'en:plant-based-foods', 'en:breakfasts', 'en:cereals-and-potatoes', 'en:cereals-and-their-products', 'en:frozen-foods', 'en:breakfast-cereals', 'en:cereals-with-fruits', 'en:mueslis', 'en:mueslis-with-fruits']",0,[],[],359.0,5.8,1.0,14.0,9.2,9.8,0.01
Porridge Oats,5099801000031,"['en:plant-based-foods-and-beverages', 'en:plant-based-foods', 'en:breakfasts', 'en:cereals-and-potatoes', 'en:seeds', 'en:cereals-and-their-products', 'en:breakfast-cereals', 'en:cereal-grains', 'en:porridge']",0,[],[],370.0,5.75,1.0,1.0,11.2,11.2,0.0312
Fruit & fibre,4088600248608,"['en:plant-based-foods-and-beverages', 'en:plant-based-foods', 'en:breakfasts', 'en:cereals-and-potatoes', 'en:cereals-and-their-products', 'en:breakfast-cereals', 'en:cereals-with-fruits', 'en:extruded-cereals', 'en:cereal-flakes-with-fruits']",2,[],"['en:e300', 'en:e330']",385.0,5.9,3.5,19.5,10.9,10.0,0.29
STARS HACENDADO 400ge,8480000805157,"['en:plant-based-foods-and-beverages', 'en:plant-based-foods', 'en:breakfasts', 'en:cereals-and-potatoes', 'en:cereals-and-their-products', 'en:breakfast-cereals', 'en:extruded-cereals', 'en:honey-cereal-balls']",0,[],[],403.0,4.7,0.6,25.0,5.2,7.9,0.2
Granola croccante con frutti rossi,8017596129741,"['en:plant-based-foods-and-beverages', 'en:plant-based-foods', 'en:breakfasts', 'en:cereals-and-potatoes', 'en:cereals-and-their-products', 'en:breakfast-cereals', 'en:cereals-with-fruits', 'en:mueslis', 'en:mueslis-with-fruits']",1,[],['en:e306'],437.0,14.0,1.9,19.0,7.5,10.0,0.76
Vita meal,6111248337187,"['en:plant-based-foods-and-beverages', 'en:plant-based-foods', 'en:breakfasts', 'en:cereals-and-potatoes', 'en:cereals-and-their-products', 'en:breakfast-cereals']",1,[],"['en:e304', 'en:e304i']",360.0,2.5,1.2,32.0,1.5,7.9,0.255
Zarte Haferflocken,4061464911895,"['en:plant-based-foods-and-beverages', 'en:plant-based-foods', 'en:breakfasts', 'en:cereals-and-potatoes', 'en:cereals-and-their-products', 'en:breakfast-cereals', 'en:flakes', 'en:cereal-flakes', 'en:rolled-flakes', 'en:rolled-oats']",0,[],[],375.0,7.0,1.3,0.7,10.0,14.0,0.02
MATIN multicereales sin azucar,3175681297111,"['en:plant-based-foods-and-beverages', 'en:plant-based-foods', 'en:breakfasts', 'en:cereals-and-potatoes', 'en:cereals-and-their-products', 'en:breakfast-cereals', 'fr:cracotte']",0,[],[],362.0,3.8,0.7,1.3,7.3,8.2,0.8
Frosted Shredders,8445291266100,"['en:plant-based-foods-and-beverages', 'en:plant-based-foods', 'en:breakfasts', 'en:cereals-and-potatoes', 'en:cereals-and-their-products', 'en:breakfast-cereals']",0,[],[],370.0,1.5,0.75,22.2,9.25,9.5,1.57
Copos de avena sin gluten,8402001022135,"['en:plant-based-foods-and-beverages', 'en:plant-based-foods', 'en:breakfasts', 'en:cereals-and-potatoes', 'en:cereals-and-their-products', 'en:breakfast-cereals', 'en:flakes', 'en:cereal-flakes', 'en:rolled-flakes', 'en:rolled-oats']",0,[],[],370.0,6.5,1.3,1.0,11.0,14.0,0.0
Muesli,5902884463405,"['en:plant-based-foods-and-beverages', 'en:plant-based-foods', 'en:breakfasts', 'en:cereals-and-potatoes', 'en:cereals-and-their-products', 'en:breakfast-cereals', 'en:mueslis']",0,[],[],392.0,14.0,6.6,14.5,10.9,10.4,0.02
Crunchy 3 chocolates,3560071013011,"['en:plant-based-foods-and-beverages', 'en:plant-based-foods', 'en:breakfasts', 'en:cereals-and-potatoes', 'en:cereals-and-their-products', 'en:breakfast-cereals', 'en:chocolate-cereals', 'en:mueslis', 'en:mueslis-with-chocolate']",2,[],"['en:e306', 'en:e322']",452.0,16.0,4.2,21.0,8.2,10.0,0.13
Croc'tout Choc,3572420000436,"['en:plant-based-foods-and-beverages', 'en:plant-based-foods', 'en:breakfasts', 'en:cereals-and-potatoes', 'en:cereals-and-their-products', 'en:breakfast-cereals', 'en:chocolate-cereals', 'en:extruded-cereals', 'en:filled-cereals', 'en:breakfast-cereals-filled-with-chocolate-hazelnuts']",1,[],"['en:e322', 'en:e322i']",417.0,11.0,3.6,31.0,6.4,9.0,0.45
Schoko Müsli,4000540031881,"['en:plant-based-foods-and-beverages', 'en:plant-based-foods', 'en:breakfasts', 'en:cereals-and-potatoes', 'en:cereals-and-their-products', 'en:breakfast-cereals', 'en:chocolate-cereals', 'en:mueslis', 'en:bircher-style-mueslis', 'en:mueslis-with-chocolate', 'en:bircher-style-mueslis-with-chocolate']",1,[],['en:e322'],406.0,11.0,4.7,22.0,9.1,11.0,0.25
Alnatura Waldbeere Hafer Crunchy 4104420017764 Bio  Hafer-Knusper-Müsli,4104420017764,"['en:plant-based-foods-and-beverages', 'en:plant-based-foods', 'en:breakfasts', 'en:cereals-and-potatoes', 'en:cereals-and-their-products', 'en:breakfast-cereals', 'en:mueslis', 'de:crunchys']",0,[],[],469.0,18.0,1.9,17.0,7.9,9.7,0.16
Cruesli Fruta,8710100127003,"['en:plant-based-foods-and-beverages', 'en:plant-based-foods', 'en:breakfasts', 'en:cereals-and-potatoes', 'en:cereals-and-their-products', 'en:breakfast-cereals', 'en:cereals-with-fruits', 'en:mueslis', 'en:mueslis-with-fruits']",4,[],"['en:e220', 'en:e306', 'en:e330', 'en:e422']",457.0,18.0,5.1,16.0,9.7,6.9,0.04
Granola bio 2 chocolats amandes,3580281080184,"['en:plant-based-foods-and-beverages', 'en:plant-based-foods', 'en:breakfasts', 'en:cereals-and-potatoes', 'en:cereals-and-their-products', 'en:breakfast-cereals', 'en:chocolate-cereals', 'en:mueslis', 'en:mueslis-with-chocolate']",0,[],[],442.0,16.0,8.7,20.0,7.7,10.0,0.02
Crunchy 4 noix,3560071013097,"['en:plant-based-foods-and-beverages', 'en:plant-based-foods', 'en:breakfasts', 'en:cereals-and-potatoes', 'en:cereals-and-their-products', 'en:breakfast-cereals', 'en:mueslis', 'en:breakfast-cereals-rich-in-fibre', 'en:cereals-with-nuts', 'en:mueslis-with-nuts']",1,[],['en:e306'],466.0,19.0,2.5,14.0,9.6,11.0,0.1
,4058172307324,"['en:plant-based-foods-and-beverages', 'en:plant-based-foods', 'en:breakfasts', 'en:cereals-and-potatoes', 'en:cereals-and-their-products', 'en:breakfast-cereals', 'en:puffed-grains', 'en:puffed-cereals', 'en:puffed-wheat', 'en:puffed-spelt', 'en:honey-puffed-spelt']",0,[],[],373.0,2.0,0.3,24.0,6.8,10.0,0.1
Haferflocken,4104420115767,"['en:plant-based-foods-and-beverages', 'en:plant-based-foods', 'en:breakfasts', 'en:cereals-and-potatoes', 'en:cereals-and-their-products', 'en:breakfast-cereals', 'en:flakes', 'en:cereal-flakes', 'en:extruded-flakes', 'en:rolled-flakes', 'en:rolled-oats', 'de:flocken-flockenmisch']",0,[],[],371.0,7.0,1.3,1.1,10.0,13.0,0.03
Krounchy Chia Myrtilles,3421557108631,"['en:plant-based-foods-and-beverages', 'en:plant-based-foods', 'en:breakfasts', 'en:cereals-and-potatoes', 'en:cereals-and-their-products', 'en:breakfast-cereals', 'en:cereals-with-fruits', 'en:mueslis', 'en:crunchy-cereal-clusters', 'en:cereal-clusters-with-fruits']",0,[],[],442.0,15.0,1.7,22.0,7.3,8.0,0.04
Fiocchi di avena Bio,8017596077226,"['en:plant-based-foods-and-beverages', 'en:plant-based-foods', 'en:breakfasts', 'en:cereals-and-potatoes', 'en:cereals-and-their-products', 'en:breakfast-cereals', 'en:flakes', 'en:cereal-flakes', 'en:rolled-flakes', 'en:rolled-oats']",0,[],[],363.0,7.0,1.3,1.4,11.6,11.8,0.0
Fruta Muesli Integral,4056489515951,"['en:plant-based-foods-and-beverages', 'en:plant-based-foods', 'en:breakfasts', 'en:cereals-and-potatoes', 'en:cereals-and-their-products', 'en:breakfast-cereals', 'en:cereals-with-fruits', 'en:mueslis', 'en:bircher-style-mueslis', 'en:mueslis-with-fruits', 'en:bircher-style-mueslis-with-fruits']",0,[],[],363.0,7.4,3.9,15.1,9.9,9.1,0.06
Granola cioccolato e nocciole,5053827187343,"['en:plant-based-foods-and-beverages', 'en:plant-based-foods', 'en:breakfasts', 'en:cereals-and-potatoes', 'en:cereals-and-their-products', 'en:breakfast-cereals', 'en:chocolate-cereals', 'en:mueslis', 'en:mueslis-with-chocolate', 'en:crunchy-cereal-clusters', 'en:cereal-clusters-with-chocolate']",0,[],[],413.0,7.4,3.6,35.0,2.2,5.5,0.748
Protein Granola Chocolate & Hazelnuts,5600961112566,"['en:plant-based-foods-and-beverages', 'en:plant-based-foods', 'en:breakfasts', 'en:cereals-and-potatoes', 'en:seeds', 'en:cereals-and-their-products', 'en:breakfast-cereals', 'en:cereal-grains', 'en:dietary-supplements', 'en:bodybuilding-supplements', 'en:protein-bars']",5,[],"['en:e1200', 'en:e306', 'en:e322', 'en:e960a', 'en:e965']",410.0,14.0,3.67,2.33,16.0,21.0,0.567
Crunchy nut,5053827209632,"['en:plant-based-foods-and-beverages', 'en:plant-based-foods', 'en:breakfasts', 'en:cereals-and-potatoes', 'en:cereals-and-their-products', 'en:breakfast-cereals']",0,[],[],398.0,4.5,0.7,35.0,,6.0,0.75
Hafer Crunchy - (Müsli),4337256017503,"['en:plant-based-foods-and-beverages', 'en:plant-based-foods', 'en:breakfasts', 'en:cereals-and-potatoes', 'en:seeds', 'en:cereals-and-their-products', 'en:breakfast-cereals', 'en:cereal-grains', 'en:mueslis', 'en:oat']",0,[],[],428.0,12.0,2.0,16.0,8.1,10.0,0.01
Nutri-Grain Strawberry Cereal Bars imp,5050083542787,"['en:plant-based-foods-and-beverages', 'en:plant-based-foods', 'en:snacks', 'en:breakfasts', 'en:cereals-and-potatoes', 'en:sweet-snacks', 'en:cereals-and-their-products', 'en:bars', 'en:breakfast-cereals', 'en:cereal-bars', 'en:fruits-cereal-bars', 'en:cereal-bar-with-fruits-fortified-with-vitamins-and-minerals']",12,[],"['en:e14xx', 'en:e160c', 'en:e163', 'en:e170', 'en:e170i', 'en:e296', 'en:e322', 'en:e322i', 'en:e330', 'en:e401', 'en:e415', 'en:e422', 'en:e461', 'en:e501', 'en:e501ii']",368.0,8.38,2.97,32.4,3.78,4.32,0.534
Quaker apple & blueberry flavour hot oat cereal,5000108575443,"['en:plant-based-foods-and-beverages', 'en:plant-based-foods', 'en:breakfasts', 'en:cereals-and-potatoes', 'en:cereals-and-their-products', 'en:breakfast-cereals', 'en:flakes', 'en:cereal-flakes', 'en:rolled-flakes', 'en:quick-oats']",0,[],[],372.0,5.5,1.1,22.0,6.4,15.0,0.45
Crisp cereal strawberry,4088600248493,"['en:plant-based-foods-and-beverages', 'en:plant-based-foods', 'en:breakfasts', 'en:cereals-and-potatoes', 'en:cereals-and-their-products', 'en:breakfast-cereals', 'en:cereals-with-fruits']",0,[],[],436.0,12.8,5.6,18.0,7.0,9.0,0.03
"Organic Honey, Seed & Almond Granola",29308071,"['en:plant-based-foods-and-beverages', 'en:plant-based-foods', 'en:breakfasts', 'en:cereals-and-potatoes', 'en:cereals-and-their-products', 'en:breakfast-cereals', 'en:mueslis']",0,[],[],496.0,26.0,3.2,13.1,7.8,13.7,0.05
TESCO Instant oats golden,5052910410306,"['en:plant-based-foods-and-beverages', 'en:plant-based-foods', 'en:breakfasts', 'en:cereals-and-potatoes', 'en:cereals-and-their-products', 'en:breakfast-cereals', 'en:porridge']",0,[],[],92.4,1.29,0.222,5.82,1.29,3.6,0.0433
Low Sugar Berry Granola,00405256,"['en:plant-based-foods-and-beverages', 'en:plant-based-foods', 'en:breakfasts', 'en:cereals-and-potatoes', 'en:cereals-and-their-products', 'en:breakfast-cereals', 'en:mueslis']",0,[],[],439.0,6.5,4.3,2.9,8.3,12.3,0.03
Honey Nut Corn Flakes,00284714,"['en:plant-based-foods-and-beverages', 'en:plant-based-foods', 'en:breakfasts', 'en:cereals-and-potatoes', 'en:cereals-and-their-products', 'en:breakfast-cereals', 'en:flakes', 'en:cereal-flakes', 'en:extruded-cereals', 'en:extruded-flakes', 'en:corn-flakes']",0,[],[],403.0,4.5,0.7,36.3,,6.9,0.76
Cinnamon Toast Keto Friendly Cereal,0850017468177,"['en:plant-based-foods-and-beverages', 'en:plant-based-foods', 'en:breakfasts', 'en:cereals-and-potatoes', 'en:cereals-and-their-products', 'en:breakfast-cereals']",1,[],['en:e412'],306.0,13.9,11.1,0.0,25.0,30.6,0.764
Granola,5057172910328,"['en:plant-based-foods-and-beverages', 'en:plant-based-foods', 'en:breakfasts', 'en:cereals-and-potatoes', 'en:cereals-and-their-products', 'en:breakfast-cereals', 'en:cereals-with-fruits', 'en:mueslis', 'en:mueslis-with-fruits']",0,[],[],425.0,11.8,2.0,18.5,6.5,10.2,0.025
choc cherry granola,5018357804801,"['en:plant-based-foods-and-beverages', 'en:plant-based-foods', 'en:breakfasts', 'en:cereals-and-potatoes', 'en:cereals-and-their-products', 'en:breakfast-cereals', 'en:mueslis', 'en:choc-cherry-granola']",1,[],"['en:e322', 'en:e322i']",441.0,14.8,2.8,13.5,6.2,9.8,0.03
Honey Bunches of Oats with Almonds,0884912359162,"['en:plant-based-foods-and-beverages', 'en:plant-based-foods', 'en:breakfasts', 'en:cereals-and-potatoes', 'en:cereals-and-their-products', 'en:breakfast-cereals', 'en:flakes', 'en:cereal-flakes']",2,[],"['en:e321', 'en:e500', 'en:e500ii']",405.0,7.14,0.0,21.4,4.76,7.14,1.07
Choco BALLS,4056489654223,"['en:plant-based-foods-and-beverages', 'en:plant-based-foods', 'en:breakfasts', 'en:cereals-and-potatoes', 'en:cereals-and-their-products', 'en:breakfast-cereals', 'en:chocolate-cereals', 'en:extruded-cereals', 'en:chocolate-cereal-balls']",0,[],[],366.0,2.2,0.6,23.8,7.7,9.3,0.45
high fibre mixed fruit muesli,5000129339826,"['en:plant-based-foods-and-beverages', 'en:plant-based-foods', 'en:breakfasts', 'en:cereals-and-potatoes', 'en:cereals-and-their-products', 'en:breakfast-cereals', 'en:cereals-with-fruits', 'en:mueslis', 'en:mueslis-with-fruits']",1,[],['en:e220'],354.0,4.6,1.9,23.0,6.3,8.1,0.03
Maple & Pecan Granola,5060120286345,"['en:plant-based-foods-and-beverages', 'en:plant-based-foods', 'en:breakfasts', 'en:cereals-and-potatoes', 'en:cereals-and-their-products', 'en:breakfast-cereals']",0,[],[],174.0,5.6,0.6,6.3,2.9,3.9,0.01
Protein Granola Chocolate,4061459823141,"['en:plant-based-foods-and-beverages', 'en:plant-based-foods', 'en:breakfasts', 'en:cereals-and-potatoes', 'en:cereals-and-their-products', 'en:breakfast-cereals', 'en:chocolate-cereals', 'en:mueslis', 'en:crunchy-cereal-clusters', 'en:cereal-clusters-with-chocolate']",0,[],[],460.0,17.3,3.78,16.9,6.44,18.0,0.194
NESQUIK Céréales 750g,7613034938688,"['en:plant-based-foods-and-beverages', 'en:plant-based-foods', 'en:breakfasts', 'en:cereals-and-potatoes', 'en:cereals-and-their-products', 'en:breakfast-cereals', 'en:chocolate-cereals', 'en:breakfast-cereals-fortified-with-vitamins-and-chemical-elements', 'en:extruded-cereals', 'en:breakfast-cereals-rich-in-fibre', 'en:chocolate-cereal-balls', 'en:unfilled-breakfast-chocolate-cereals-fortified-with-vitamins-and-chemical-elements']",0,[],[],377.0,2.8,1.1,22.4,8.6,8.5,0.22
Crunchy Muesli Chocolat Noisettes,3560070581849,"['en:plant-based-foods-and-beverages', 'en:plant-based-foods', 'en:breakfasts', 'en:cereals-and-potatoes', 'en:cereals-and-their-products', 'en:breakfast-cereals', 'en:chocolate-cereals', 'en:mueslis', 'en:mueslis-with-chocolate']",4,[],"['en:e306', 'en:e322', 'en:e322i', 'en:e965', 'en:e965ii']",446.0,19.0,3.9,2.8,13.0,11.0,0.09
Früchte müsli,4104420180420,"['en:plant-based-foods-and-beverages', 'en:plant-based-foods', 'en:breakfasts', 'en:cereals-and-potatoes', 'en:cereals-and-their-products', 'en:breakfast-cereals', 'en:cereals-with-fruits', 'en:mueslis', 'en:mueslis-with-fruits']",0,[],[],320.0,3.0,0.6,25.0,11.0,8.0,0.0
Flakes de sarrasin,3421557111105,"['en:plant-based-foods-and-beverages', 'en:plant-based-foods', 'en:breakfasts', 'en:cereals-and-potatoes', 'en:cereals-and-their-products', 'en:breakfast-cereals', 'en:flakes', 'en:cereal-flakes', 'en:buckwheat-flakes', 'fr:petales-de-sarrasin']",0,[],[],395.0,3.4,0.6,0.7,6.3,14.0,0.11
Copos De Avena Integrales Suaves Ecológi,8422584013115,"['en:plant-based-foods-and-beverages', 'en:plant-based-foods', 'en:breakfasts', 'en:cereals-and-potatoes', 'en:seeds', 'en:cereals-and-their-products', 'en:breakfast-cereals', 'en:cereal-grains', 'en:flakes', 'en:cereal-flakes', 'en:rolled-flakes', 'en:rolled-oats']",0,[],[],347.0,5.7,1.0,1.0,10.3,10.9,0.01
Schoko Hafer Müsli,20774998,"['en:plant-based-foods-and-beverages', 'en:plant-based-foods', 'en:breakfasts', 'en:cereals-and-potatoes', 'en:cereals-and-their-products', 'en:breakfast-cereals', 'en:chocolate-cereals', 'en:mueslis', 'en:mueslis-with-chocolate']",1,[],['en:e322'],388.0,8.6,2.8,8.4,8.7,12.0,0.1
Original,5601001180903,"['en:plant-based-foods-and-beverages', 'en:plant-based-foods', 'en:breakfasts', 'en:cereals-and-potatoes', 'en:cereals-and-their-products', 'en:breakfast-cereals', 'en:chocolate-cereals', 'en:extruded-cereals', 'en:chocolate-wheat-shells']",0,[],[],388.0,4.8,2.0,22.4,7.5,8.8,0.22
croustillant chocolat au lait,3229820801056,"['en:plant-based-foods-and-beverages', 'en:plant-based-foods', 'en:breakfasts', 'en:cereals-and-potatoes', 'en:cereals-and-their-products', 'en:frozen-foods', 'en:breakfast-cereals', 'en:chocolate-cereals', 'en:mueslis', 'en:mueslis-with-chocolate', 'en:breakfast-cereals-rich-in-fibre', 'en:crunchy-cereal-clusters', 'en:cereal-clusters-with-chocolate']",2,[],"['en:e306', 'en:e414']",445.0,15.0,4.0,14.0,9.2,10.0,0.48
Cornflakes ungesüßt,4058172307348,"['en:plant-based-foods-and-beverages', 'en:plant-based-foods', 'en:breakfasts', 'en:cereals-and-potatoes', 'en:cereals-and-their-products', 'en:breakfast-cereals', 'en:flakes', 'en:cereal-flakes', 'en:extruded-cereals', 'en:extruded-flakes', 'en:corn-flakes', 'en:alimentos-e-bebidas-a-base-de-plantas', 'en:alimentos-a-base-de-plantas', 'en:cereias-para-pequeno-almocco', 'en:pequenos-alomocos']",0,[],[],371.0,1.0,0.2,0.3,5.0,8.0,0.01
Crunchy 5 fruits secs,3560071013004,"['en:plant-based-foods-and-beverages', 'en:plant-based-foods', 'en:breakfasts', 'en:cereals-and-potatoes', 'en:cereals-and-their-products', 'en:breakfast-cereals', 'en:cereals-with-fruits', 'en:mueslis', 'en:mueslis-with-fruits', 'en:breakfast-cereals-rich-in-fibre']",1,[],['en:e306'],444.0,16.0,7.2,21.0,8.2,8.8,0.08
Corn Flakes,5053827185776,"['en:plant-based-foods-and-beverages', 'en:plant-based-foods', 'en:breakfasts', 'en:cereals-and-potatoes', 'en:cereals-and-their-products', 'en:breakfast-cereals', 'en:flakes', 'en:cereal-flakes', 'en:extruded-cereals', 'en:extruded-flakes', 'en:corn-flakes']",0,[],[],378.0,0.9,0.2,8.0,3.0,7.0,1.13
Corn flakes,3564706624450,"['en:plant-based-foods-and-beverages', 'en:plant-based-foods', 'en:breakfasts', 'en:cereals-and-potatoes', 'en:cereals-and-their-products', 'en:breakfast-cereals', 'en:flakes', 'en:cereal-flakes', 'en:extruded-cereals', 'en:extruded-flakes', 'en:corn-flakes']",0,[],[],375.0,1.0,0.4,5.9,3.3,7.9,1.9
Multigrain misura,8002590043339,"['en:plant-based-foods-and-beverages', 'en:plant-based-foods', 'en:snacks', 'en:breakfasts', 'en:cereals-and-potatoes', 'en:sweet-snacks', 'en:cereals-and-their-products', 'en:biscuits-and-cakes', 'en:breakfast-cereals', 'en:biscuits']",1,[],"['en:e503', 'en:e503ii']",446.0,15.0,1.6,18.0,7.0,9.3,0.43
Muesli Croustillant Noisettes,3421557921155,"['en:plant-based-foods-and-beverages', 'en:plant-based-foods', 'en:breakfasts', 'en:cereals-and-potatoes', 'en:cereals-and-their-products', 'en:breakfast-cereals', 'en:mueslis', 'en:bircher-style-mueslis', 'en:crunchy-mueslis', 'fr:muesli-croustillant-a-la-noisette']",0,[],[],422.0,12.0,1.4,16.0,9.0,14.0,0.05
Malt Wheaties,4056489479390,"['en:plant-based-foods-and-beverages', 'en:plant-based-foods', 'en:breakfasts', 'en:cereals-and-potatoes', 'en:cereals-and-their-products', 'en:breakfast-cereals', 'en:extruded-cereals']",0,[],[],368.0,1.8,0.3,10.0,10.0,10.0,0.275
Multi grain,8017596057778,"['en:plant-based-foods-and-beverages', 'en:plant-based-foods', 'en:breakfasts', 'en:cereals-and-potatoes', 'en:cereals-and-their-products', 'en:breakfast-cereals', 'en:flakes', 'en:cereal-flakes', 'en:extruded-cereals', 'en:extruded-flakes', 'en:mixed-cereal-flakes']",0,[],[],392.0,1.3,0.3,15.0,6.0,8.0,0.84
"Cereal de trigo e milho torrado, com cacau",7613287530813,"['en:plant-based-foods-and-beverages', 'en:plant-based-foods', 'en:breakfasts', 'en:cereals-and-potatoes', 'en:cereals-and-their-products', 'en:breakfast-cereals', 'en:chocolate-cereals', 'en:extruded-cereals', 'en:chocolate-cereal-balls']",0,[],[],378.0,3.0,0.7,22.1,9.3,8.7,0.2
Copos de avena sin gluten,8414472102322,"['en:plant-based-foods-and-beverages', 'en:plant-based-foods', 'en:breakfasts', 'en:cereals-and-potatoes', 'en:cereals-and-their-products', 'en:breakfast-cereals', 'en:flakes', 'en:cereal-flakes', 'en:rolled-flakes', 'en:rolled-oats']",0,[],[],364.0,6.7,1.1,1.1,8.2,12.9,0.001
Flocos de Aveia Integral Finos,5601312079293,"['en:plant-based-foods-and-beverages', 'en:plant-based-foods', 'en:breakfasts', 'en:cereals-and-potatoes', 'en:cereals-and-their-products', 'en:breakfast-cereals']",0,[],[],366.0,7.8,1.4,1.3,11.0,13.0,0.03
"SIMPLY GRANOLA OATS, HONEY, RAISINS & ALMONDS",0030000436073,"['en:plant-based-foods-and-beverages', 'en:plant-based-foods', 'en:breakfasts', 'en:cereals-and-potatoes', 'en:cereals-and-their-products', 'en:breakfast-cereals', 'en:mueslis']",2,[],"['en:e306', 'en:e422']",397.0,10.3,1.47,23.5,10.3,10.3,0.129
CORN FLAKES,3596710513819,"['en:plant-based-foods-and-beverages', 'en:plant-based-foods', 'en:snacks', 'en:breakfasts', 'en:cereals-and-potatoes', 'en:sweet-snacks', 'en:cereals-and-their-products', 'en:breakfast-cereals', 'en:bars', 'en:flakes', 'en:cereal-bars', 'en:cereal-flakes', 'en:extruded-cereals', 'en:extruded-flakes', 'en:corn-flakes']",1,[],['en:e471'],388.0,1.2,0.4,5.8,1.8,8.4,0.88
Aveia Rings,2004060076003,"['en:plant-based-foods-and-beverages', 'en:plant-based-foods', 'en:breakfasts', 'en:cereals-and-potatoes', 'en:cereals-and-their-products', 'en:breakfast-cereals', 'en:extruded-cereals']",0,[],[],402.0,6.6,1.2,7.3,9.5,13.0,0.1975
Muesli croustillantchocolat lait,3596710496990,"['en:plant-based-foods-and-beverages', 'en:plant-based-foods', 'en:snacks', 'en:breakfasts', 'en:cereals-and-potatoes', 'en:sweet-snacks', 'en:cereals-and-their-products', 'en:breakfast-cereals', 'en:bars', 'en:chocolate-cereals', 'en:mueslis', 'en:cereal-bars', 'en:crunchy-mueslis', 'en:mueslis-with-chocolate', 'en:crunchy-mueslis-with-chocolate']",1,[],"['en:e322', 'en:e322i']",445.0,15.0,4.5,21.0,6.3,9.2,0.04
Chocolate Fuel Porridge,5060201623205,"['en:plant-based-foods-and-beverages', 'en:plant-based-foods', 'en:breakfasts', 'en:cereals-and-potatoes', 'en:cereals-and-their-products', 'en:breakfast-cereals', 'en:porridge']",0,[],[],535.0,6.12,3.06,31.2,8.57,27.1,0.0
Original Bran Cereal,0016000157620,"['en:plant-based-foods-and-beverages', 'en:plant-based-foods', 'en:breakfasts', 'en:cereals-and-potatoes', 'en:cereals-and-their-products', 'en:breakfast-cereals', 'en:extruded-cereals']",4,[],"['en:e412', 'en:e466', 'en:e500', 'en:e500ii', 'en:e955']",225.0,2.5,0.0,2.5,45.0,7.5,0.875
Frosties,5059319023199,"['en:plant-based-foods-and-beverages', 'en:plant-based-foods', 'en:breakfasts', 'en:cereals-and-potatoes', 'en:cereals-and-their-products', 'en:breakfast-cereals', 'en:flakes', 'en:cereal-flakes', 'en:extruded-cereals', 'en:extruded-flakes']",0,[],[],375.0,0.6,0.1,37.0,2.0,4.5,0.8175
Old Fashioned Oats 100% Whole Grain,0078742371047,"['en:plant-based-foods-and-beverages', 'en:plant-based-foods', 'en:breakfasts', 'en:cereals-and-potatoes', 'en:seeds', 'en:cereals-and-their-products', 'en:breakfast-cereals', 'en:cereal-grains', 'en:flakes', 'en:cereal-flakes', 'en:rolled-flakes', 'en:rolled-oats', 'en:oat', 'en:old-fashioned-oats']",0,[],[],375.0,6.25,1.25,0.0,10.0,12.5,0.0
Nice and nobbly granola,0058449221333,"['en:plant-based-foods-and-beverages', 'en:plant-based-foods', 'en:breakfasts', 'en:cereals-and-potatoes', 'en:cereals-and-their-products', 'en:breakfast-cereals', 'en:mueslis']",2,[],"['en:e270', 'en:e306']",467.0,13.0,1.9,27.0,6.7,10.0,0.45
Granola choco cherry,5902884469582,"['en:plant-based-foods-and-beverages', 'en:plant-based-foods', 'en:breakfasts', 'en:cereals-and-potatoes', 'en:cereals-and-their-products', 'en:frozen-foods', 'en:breakfast-cereals', 'en:chocolate-cereals', 'en:mueslis', 'en:breakfast-cereals-fortified-with-vitamins-and-chemical-elements', 'en:mueslis-with-chocolate']",2,[],"['en:e322', 'en:e414']",392.0,8.3,2.3,20.8,9.4,9.7,0.32
Aros avena crujientes,8437019616489,"['en:plant-based-foods-and-beverages', 'en:plant-based-foods', 'en:breakfasts', 'en:cereals-and-potatoes', 'en:cereals-and-their-products', 'en:breakfast-cereals', 'en:extruded-cereals']",1,[],['en:e306'],387.0,5.7,1.0,5.3,9.5,12.7,0.01
Muesli croustillant,3263851321015,"['en:plant-based-foods-and-beverages', 'en:plant-based-foods', 'en:breakfasts', 'en:cereals-and-potatoes', 'en:cereals-and-their-products', 'en:breakfast-cereals', 'en:mueslis', 'en:cereals-with-nuts', 'en:mueslis-with-nuts']",1,[],['en:e306'],478.0,21.0,2.9,14.0,6.5,11.0,0.5
Chargement…,3111900350755,"['en:plant-based-foods-and-beverages', 'en:plant-based-foods', 'en:breakfasts', 'en:cereals-and-potatoes', 'en:cereals-and-their-products', 'en:breakfast-cereals', 'en:cereals-with-fruits', 'en:mueslis', 'en:mueslis-with-fruits']",1,[],['en:e392'],424.44444444444,12.888889312744,1.5555555290646,22.222222222222,7.5,7.5555557674831,0.02222225
Crosti Griffs choco,3111900330009,"['en:plant-based-foods-and-beverages', 'en:plant-based-foods', 'en:breakfasts', 'en:cereals-and-potatoes', 'en:cereals-and-their-products', 'en:breakfast-cereals', 'en:chocolate-cereals', 'en:extruded-cereals', 'en:chocolate-wheat-shells']",0,[],[],385.0,4.1,2.2,17.0,8.3,10.0,0.17
Muesli crisp chocolat au lait,3250392415129,"['en:plant-based-foods-and-beverages', 'en:plant-based-foods', 'en:breakfasts', 'en:cereals-and-potatoes', 'en:cereals-and-their-products', 'en:breakfast-cereals', 'en:chocolate-cereals', 'en:mueslis', 'en:mueslis-with-chocolate']",1,[],"['en:e322', 'en:e322i']",451.0,17.2,4.7,18.6,5.6,9.2,0.29
Copos de Avena,8480017038845,"['en:plant-based-foods-and-beverages', 'en:plant-based-foods', 'en:breakfasts', 'en:cereals-and-potatoes', 'en:seeds', 'en:cereals-and-their-products', 'en:breakfast-cereals', 'en:cereal-grains', 'en:flakes', 'en:cereal-flakes', 'en:rolled-flakes', 'en:rolled-oats']",0,[],[],372.0,7.0,1.3,0.7,10.0,13.5,0.02
NESTLE LION WILD Céréales 600g,7613036076036,"['en:plant-based-foods-and-beverages', 'en:plant-based-foods', 'en:breakfasts', 'en:cereals-and-potatoes', 'en:cereals-and-their-products', 'en:breakfast-cereals', 'en:chocolate-cereals', 'en:extruded-cereals', 'en:filled-cereals', 'en:cereals-with-caramel']",2,[],"['en:e306', 'en:e322']",433.0,15.5,2.1,24.9,4.6,5.0,0.85
Croc Wild Berries,7610200084774,"['en:plant-based-foods-and-beverages', 'en:plant-based-foods', 'en:breakfasts', 'en:cereals-and-potatoes', 'en:cereals-and-their-products', 'en:breakfast-cereals', 'en:cereals-with-fruits', 'en:mueslis', 'en:mueslis-with-fruits']",2,[],"['en:e306', 'en:e401']",425.0,12.0,1.3,15.0,4.2,9.0,0.08
Country crisp Framboises entières,5010477358790,"['en:plant-based-foods-and-beverages', 'en:plant-based-foods', 'en:breakfasts', 'en:cereals-and-potatoes', 'en:cereals-and-their-products', 'en:breakfast-cereals', 'en:cereals-with-fruits', 'en:mueslis', 'en:breakfast-cereals-rich-in-fibre', 'en:crunchy-cereal-clusters', 'en:cereal-clusters-with-fruits']",0,[],[],433.0,13.2,1.8,20.0,6.2,9.2,0.03
Fiocchi di avena,8003170055797,"['en:plant-based-foods-and-beverages', 'en:plant-based-foods', 'en:breakfasts', 'en:cereals-and-potatoes', 'en:cereals-and-their-products', 'en:breakfast-cereals', 'en:flakes', 'en:cereal-flakes', 'en:rolled-flakes', 'en:rolled-oats']",0,[],[],372.0,7.0,1.3,1.1,10.0,13.0,0.0
Weet-Bix,9300652010374,"['en:plant-based-foods-and-beverages', 'en:plant-based-foods', 'en:breakfasts', 'en:cereals-and-potatoes', 'en:cereals-and-their-products', 'en:breakfast-cereals']",0,[],[],1140.0,4.16,1.04,9.37,41.6,39.5,2.19
Nesquik,5900020041883,"['en:plant-based-foods-and-beverages', 'en:plant-based-foods', 'en:breakfasts', 'en:cereals-and-potatoes', 'en:cereals-and-their-products', 'en:breakfast-cereals', 'en:chocolate-cereals', 'en:extruded-cereals', 'en:chocolate-cereal-balls']",0,[],[],378.0,3.0,0.7,22.1,9.3,8.7,0.2175
Nesquik Duo,7613032028251,"['en:plant-based-foods-and-beverages', 'en:plant-based-foods', 'en:breakfasts', 'en:cereals-and-potatoes', 'en:cereals-and-their-products', 'en:breakfast-cereals', 'en:chocolate-cereals', 'en:extruded-cereals']",1,[],['en:e322'],384.0,4.1,1.8,22.1,8.1,8.4,0.17
Bircher muesli soft & fruity,5060120285492,"['en:plant-based-foods-and-beverages', 'en:plant-based-foods', 'en:breakfasts', 'en:cereals-and-potatoes', 'en:cereals-and-their-products', 'en:breakfast-cereals', 'en:cereals-with-fruits', 'en:mueslis', 'en:bircher-style-mueslis', 'en:mueslis-with-fruits']",0,[],[],222.0,3.6,0.7,4.9,6.1,7.9,0.1
Dinosaurus a cucharadas cereales,8436048962857,"['en:plant-based-foods-and-beverages', 'en:plant-based-foods', 'en:snacks', 'en:breakfasts', 'en:cereals-and-potatoes', 'en:sweet-snacks', 'en:biscuits-and-cakes', 'en:biscuits-and-crackers', 'en:cereals-and-their-products', 'en:biscuits', 'en:breakfast-cereals']",4,[],"['en:e304', 'en:e306', 'en:e500', 'en:e500i', 'en:e503', 'en:e503i']",467.0,17.0,1.6,22.0,3.3,5.9,0.9
Muesli integral 4 cereales crocantes,5604321030088,"['en:plant-based-foods-and-beverages', 'en:plant-based-foods', 'en:breakfasts', 'en:cereals-and-potatoes', 'en:seeds', 'en:cereals-and-their-products', 'en:breakfast-cereals', 'en:cereal-grains', 'en:mueslis']",2,[],"['en:e322', 'en:e500', 'en:e500ii']",447.0,14.7,3.4,19.0,7.0,9.5,0.22
Muesli croccante all'avena,8017596115287,"['en:plant-based-foods-and-beverages', 'en:plant-based-foods', 'en:breakfasts', 'en:cereals-and-potatoes', 'en:cereals-and-their-products', 'en:breakfast-cereals', 'en:mueslis', 'it:muesli-all-avena']",1,[],['en:e306'],459.0,17.0,4.6,20.0,6.5,9.3,0.35
Porridge Oats,5000108002192,"['en:plant-based-foods-and-beverages', 'en:plant-based-foods', 'en:breakfasts', 'en:cereals-and-potatoes', 'en:cereals-and-their-products', 'en:breakfast-cereals', 'en:flakes', 'en:cereal-flakes', 'en:rolled-flakes', 'en:porridge', 'en:rolled-oats']",0,[],[],374.0,8.0,1.5,1.1000000238419,,11.0,0.0
HONEY NUT FLAKES,20067281,"['en:plant-based-foods-and-beverages', 'en:plant-based-foods', 'en:breakfasts', 'en:cereals-and-potatoes', 'en:cereals-and-their-products', 'en:breakfast-cereals', 'en:flakes', 'en:cereal-flakes', 'en:extruded-cereals', 'en:extruded-flakes', 'en:corn-flakes']",1,[],['en:e471'],1310.0,12.2,2.22,270.0,73.3,12.2,0.0
Muesli chocolat,5902884461890,"['en:plant-based-foods-and-beverages', 'en:plant-based-foods', 'en:breakfasts', 'en:cereals-and-potatoes', 'en:cereals-and-their-products', 'en:breakfast-cereals', 'en:chocolate-cereals', 'en:mueslis', 'en:mueslis-with-chocolate']",1,[],['en:e322'],397.0,8.3,3.2,11.3,7.3,12.3,0.24
Grains & Seeds Granola,5057008100909,"['en:plant-based-foods-and-beverages', 'en:plant-based-foods', 'en:breakfasts', 'en:cereals-and-potatoes', 'en:cereals-and-their-products', 'en:breakfast-cereals', 'en:mueslis', 'en:crunchy-mueslis']",0,[],[],446.0,15.9,1.9,9.8,7.5,12.9,0.1
Chocolate Crunch Granola High Fibre,5060120285829,"['en:plant-based-foods-and-beverages', 'en:plant-based-foods', 'en:breakfasts', 'en:cereals-and-potatoes', 'en:cereals-and-their-products', 'en:breakfast-cereals', 'en:chocolate-cereals', 'en:mueslis', 'en:crunchy-mueslis', 'en:mueslis-with-chocolate', 'en:crunchy-mueslis-with-chocolate', 'en:crunchy-muesli-with-chocolate-not-fortified-with-vitamins-and-chemical-elements']",0,[],[],451.0,18.0,2.9,14.0,8.1,10.0,0.23
Pecan & Maple Crisp Cereal,01373325,"['en:plant-based-foods-and-beverages', 'en:plant-based-foods', 'en:breakfasts', 'en:cereals-and-potatoes', 'en:cereals-and-their-products', 'en:breakfast-cereals', 'en:mueslis', 'en:crunchy-mueslis', 'en:crunchy-cereal-clusters']",0,[],[],451.0,15.4,4.4,18.0,6.5,9.7,0.03
Cheerios honey,7613287170149,"['en:plant-based-foods-and-beverages', 'en:plant-based-foods', 'en:breakfasts', 'en:cereals-and-potatoes', 'en:cereals-and-their-products', 'en:breakfast-cereals', 'en:extruded-cereals']",1,[],['en:e306'],377.0,3.67,0.667,22.3,,8.67,0.8
Multi Grain Cheerios,0016000168756,"['en:plant-based-foods-and-beverages', 'en:plant-based-foods', 'en:breakfasts', 'en:cereals-and-potatoes', 'en:cereals-and-their-products', 'en:breakfast-cereals', 'en:lightly-sweetened-cereal']",2,[],"['en:e150c', 'en:e340', 'en:e340iii']",385.0,3.85,0.0,20.5,7.69,7.69,2.47
Color loops,5425038430387,"['en:plant-based-foods-and-beverages', 'en:plant-based-foods', 'en:breakfasts', 'en:cereals-and-potatoes', 'en:cereals-and-their-products', 'en:breakfast-cereals', 'en:extruded-cereals']",0,[],[],361.0,1.6,0.1,19.8,6.9,3.6,0.7
Scottish porridge oats,4088600035369,"['en:plant-based-foods-and-beverages', 'en:plant-based-foods', 'en:breakfasts', 'en:cereals-and-potatoes', 'en:cereals-and-their-products', 'en:breakfast-cereals', 'en:flakes', 'en:cereal-flakes', 'en:rolled-flakes', 'en:rolled-oats']",0,[],[],368.0,6.25,1.0,1.25,9.75,12.3,0.025
Honey Nut Crunchy Corn Flakes,4088600247472,"['en:plant-based-foods-and-beverages', 'en:plant-based-foods', 'en:breakfasts', 'en:cereals-and-potatoes', 'en:cereals-and-their-products', 'en:breakfast-cereals', 'en:flakes', 'en:cereal-flakes', 'en:extruded-cereals', 'en:extruded-flakes']",0,[],[],403.0,4.5,1.0,27.8,2.4,7.6,0.62
Fruit & Nut Granola,00405270,"['en:plant-based-foods-and-beverages', 'en:plant-based-foods', 'en:breakfasts', 'en:cereals-and-potatoes', 'en:cereals-and-their-products', 'en:breakfast-cereals', 'en:cereals-with-fruits', 'en:mueslis', 'en:crunchy-mueslis']",0,[],[],444.0,15.3,4.22,21.1,5.56,9.78,0.217
Choco Hoops,5057008123311,"['en:plant-based-foods-and-beverages', 'en:plant-based-foods', 'en:breakfasts', 'en:cereals-and-potatoes', 'en:cereals-and-their-products', 'en:breakfast-cereals', 'en:chocolate-cereals', 'en:extruded-cereals']",0,[],[],370.0,2.0,0.667,20.0,8.0,9.33,0.325
Bio Schokomüsli ohne Rosinen,4066447524413,"['en:plant-based-foods-and-beverages', 'en:plant-based-foods', 'en:breakfasts', 'en:cereals-and-potatoes', 'en:cereals-and-their-products', 'en:breakfast-cereals', 'en:chocolate-cereals', 'en:mueslis', 'en:mueslis-with-chocolate']",0,[],[],396.0,9.5,4.4,12.0,8.4,11.0,0.15
Smacks,5059319023649,"['en:plant-based-foods-and-beverages', 'en:plant-based-foods', 'en:breakfasts', 'en:cereals-and-potatoes', 'en:cereals-and-their-products', 'en:breakfast-cereals', 'en:puffed-grains', 'en:puffed-cereals', 'en:puffed-wheat', 'en:cereals-with-caramel']",0,[],[],377.0,1.6,0.3,34.0,5.0,7.1,0.02
Muesli croustillant Amande vanille,3111900350915,"['en:plant-based-foods-and-beverages', 'en:plant-based-foods', 'en:breakfasts', 'en:cereals-and-potatoes', 'en:cereals-and-their-products', 'en:breakfast-cereals', 'en:mueslis']",0,[],[],455.0,17.0,1.7,16.0,5.7,9.2,1.0
Spécial Flakes,4047247752848,"['en:plant-based-foods-and-beverages', 'en:plant-based-foods', 'en:breakfasts', 'en:cereals-and-potatoes', 'en:cereals-and-their-products', 'en:breakfast-cereals', 'en:flakes', 'en:cereal-flakes', 'en:extruded-cereals', 'en:extruded-flakes', 'en:mixed-cereal-flakes']",0,[],[],375.0,1.3,0.3,13.0,6.1,8.8,0.84
Coco pops chocos,5059319032221,"['en:plant-based-foods-and-beverages', 'en:plant-based-foods', 'en:breakfasts', 'en:cereals-and-potatoes', 'en:cereals-and-their-products', 'en:frozen-foods', 'en:breakfast-cereals', 'en:chocolate-cereals', 'en:extruded-cereals', 'en:chocolate-wheat-shells']",0,[],[],380.0,2.2,1.0,22.0,6.0,10.0,0.67
"Muesli Énergie (cacao, banane, guarana)",3229820804248,"['en:plant-based-foods-and-beverages', 'en:plant-based-foods', 'en:breakfasts', 'en:cereals-and-potatoes', 'en:cereals-and-their-products', 'en:breakfast-cereals', 'en:chocolate-cereals', 'en:mueslis', 'en:mueslis-with-chocolate', 'fr:muesli-energie']",0,[],[],362.0,4.8,1.3,4.5,9.6,11.0,0.06
Extra Noisettes Caramelisées,5053827105590,"['en:plant-based-foods-and-beverages', 'en:plant-based-foods', 'en:breakfasts', 'en:cereals-and-potatoes', 'en:cereals-and-their-products', 'en:breakfast-cereals', 'en:mueslis', 'en:crunchy-mueslis', 'en:cereals-with-nuts', 'en:crunchy-cereal-clusters', 'en:cereals-with-caramel', 'en:mueslis-with-nuts']",3,[],"['en:e306', 'en:e464', 'en:e471']",490.0,23.0,9.0,22.0,4.5,7.5,0.84
Céréales Country Store,3159470004029,"['en:plant-based-foods-and-beverages', 'en:plant-based-foods', 'en:breakfasts', 'en:cereals-and-potatoes', 'en:cereals-and-their-products', 'en:breakfast-cereals', 'en:mueslis', 'en:breakfast-cereals-rich-in-fibre']",0,[],[],367.0,5.2,0.9,24.0,8.0,9.1,0.58
Flakes d'épeautre,3421557910067,"['en:plant-based-foods-and-beverages', 'en:plant-based-foods', 'en:breakfasts', 'en:cereals-and-potatoes', 'en:cereals-and-their-products', 'en:breakfast-cereals', 'en:flakes', 'en:cereal-flakes', 'en:extruded-cereals', 'en:extruded-flakes', 'en:extruded-spelt-flakes']",0,[],[],376.0,2.6,0.3,2.9,11.0,15.0,0.09
Corn flakes nature,3421557111044,"['en:plant-based-foods-and-beverages', 'en:plant-based-foods', 'en:breakfasts', 'en:cereals-and-potatoes', 'en:cereals-and-their-products', 'en:breakfast-cereals', 'en:flakes', 'en:cereal-flakes', 'en:extruded-cereals', 'en:extruded-flakes', 'en:corn-flakes', 'en:plain-corn-flakes']",0,[],[],387.0,0.9,0.1,0.5,3.2,7.0,0.01
Céréales Muesli croustillant aux fruits secs paquet 500g,3256224060697,"['en:plant-based-foods-and-beverages', 'en:plant-based-foods', 'en:breakfasts', 'en:cereals-and-potatoes', 'en:cereals-and-their-products', 'en:breakfast-cereals', 'en:cereals-with-fruits', 'en:mueslis', 'en:crunchy-mueslis', 'en:mueslis-with-fruits', 'en:crunchy-mueslis-with-fruits']",2,[],"['en:e306', 'en:e471']",439.0,15.0,5.5,25.0,7.5,8.3,0.13
Muesli super-fruits,3250392519162,"['en:plant-based-foods-and-beverages', 'en:plant-based-foods', 'en:breakfasts', 'en:cereals-and-potatoes', 'en:cereals-and-their-products', 'en:breakfast-cereals', 'en:cereals-with-fruits', 'en:mueslis', 'en:crunchy-mueslis', 'en:mueslis-with-fruits', 'en:crunchy-mueslis-with-fruits', 'en:crunchy-muesli-with-fruits-not-fortified-with-vitamins-and-chemical-elements']",0,[],[],464.0,19.3,3.4,20.1,8.0,9.6,0.24
Krounchy sans gluten amande,3421557108624,"['en:plant-based-foods-and-beverages', 'en:plant-based-foods', 'en:breakfasts', 'en:cereals-and-potatoes', 'en:cereals-and-their-products', 'en:breakfast-cereals', 'en:mueslis', 'en:cereals-with-nuts', 'en:crunchy-cereal-clusters', 'en:cereal-clusters-with-nuts']",0,[],[],446.0,15.0,1.8,18.0,6.2,9.0,0.04
Muesli Chocolat noir,3421557104008,"['en:plant-based-foods-and-beverages', 'en:plant-based-foods', 'en:breakfasts', 'en:cereals-and-potatoes', 'en:cereals-and-their-products', 'en:breakfast-cereals', 'en:chocolate-cereals', 'en:mueslis', 'en:mueslis-with-chocolate']",0,[],[],407.0,11.0,4.6,7.9,9.3,11.0,0.15
Cornflakes ungesüßt,4104420139640,"['en:plant-based-foods-and-beverages', 'en:plant-based-foods', 'en:breakfasts', 'en:cereals-and-potatoes', 'en:cereals-and-their-products', 'en:breakfast-cereals', 'en:flakes', 'en:cereal-flakes', 'en:extruded-cereals', 'en:extruded-flakes', 'en:corn-flakes', 'en:plain-corn-flakes']",0,[],[],378.0,1.0,0.2,0.5,3.1,6.7,0.01
Muesli Floconneux Fruits Rouges & Chia,3273120027166,"['en:plant-based-foods-and-beverages', 'en:plant-based-foods', 'en:breakfasts', 'en:cereals-and-potatoes', 'en:cereals-and-their-products', 'en:breakfast-cereals', 'en:cereals-with-fruits', 'en:mueslis', 'en:bircher-style-mueslis', 'en:mueslis-with-fruits']",0,[],[],362.0,5.8,0.7,15.0,10.0,10.0,0.02
Copos de maíz tostado,8422584013146,"['en:plant-based-foods-and-beverages', 'en:plant-based-foods', 'en:breakfasts', 'en:cereals-and-potatoes', 'en:cereals-and-their-products', 'en:breakfast-cereals', 'en:flakes', 'en:cereal-flakes', 'en:extruded-cereals', 'en:extruded-flakes', 'en:corn-flakes']",0,[],[],369.0,1.0,0.2,5.0,4.0,8.0,1.5
Chocapic,7613031421459,"['en:plant-based-foods-and-beverages', 'en:plant-based-foods', 'en:breakfasts', 'en:cereals-and-potatoes', 'en:cereals-and-their-products', 'en:breakfast-cereals', 'en:chocolate-cereals', 'en:extruded-cereals', 'en:chocolate-wheat-shells']",1,[],['en:e322'],388.0,4.8,2.0,22.4,7.5,8.8,0.22
Corn Flakes,5050083393693,"['en:plant-based-foods-and-beverages', 'en:plant-based-foods', 'en:breakfasts', 'en:cereals-and-potatoes', 'en:cereals-and-their-products', 'en:breakfast-cereals', 'en:flakes', 'en:cereal-flakes', 'en:extruded-cereals', 'en:extruded-flakes', 'en:corn-flakes']",0,[],[],383.0,0.9,0.2,8.0,3.0,7.0,1.13
Flocos de milho Nacional 0%,5601066600118,"['en:plant-based-foods-and-beverages', 'en:plant-based-foods', 'en:breakfasts', 'en:cereals-and-potatoes', 'en:cereals-and-their-products', 'en:breakfast-cereals', 'en:flakes', 'en:cereal-flakes', 'en:extruded-cereals', 'en:extruded-flakes', 'en:corn-flakes']",0,[],[],365.0,1.0,0.6,0.6,6.0,6.0,1.4
Muesli croustillant -Raisins figues noix du Brésil,3421557921124,"['en:plant-based-foods-and-beverages', 'en:plant-based-foods', 'en:breakfasts', 'en:cereals-and-potatoes', 'en:cereals-and-their-products', 'en:frozen-foods', 'en:breakfast-cereals', 'en:cereals-with-fruits', 'en:mueslis', 'en:crunchy-mueslis', 'en:mueslis-with-fruits', 'en:breakfast-cereals-rich-in-fibre', 'en:cereals-with-nuts', 'en:crunchy-mueslis-with-fruits', 'en:mueslis-with-nuts']",1,[],['en:e392'],404.0,11.0,2.3,12.0,9.1,12.0,0.06
Meusli Fruits et Chocolat Blanc,5902884461319,"['en:plant-based-foods-and-beverages', 'en:plant-based-foods', 'en:breakfasts', 'en:cereals-and-potatoes', 'en:cereals-and-their-products', 'en:breakfast-cereals', 'en:cereals-with-fruits', 'en:mueslis', 'en:mueslis-with-fruits']",0,[],[],387.0,8.4,2.9,11.2,9.6,11.1,0.02
Céréales Muesli croustillant fruits secs et graines de courge - 500g,3256228686565,"['en:plant-based-foods-and-beverages', 'en:plant-based-foods', 'en:breakfasts', 'en:cereals-and-potatoes', 'en:cereals-and-their-products', 'en:frozen-foods', 'en:breakfast-cereals', 'en:cereals-with-fruits', 'en:mueslis', 'en:crunchy-mueslis', 'en:mueslis-with-fruits', 'en:crunchy-mueslis-with-fruits']",1,[],['en:e306'],386.0,10.0,1.2,27.0,7.0,8.4,0.13
Müsli Sante fruit,5900617002211,"['en:plant-based-foods-and-beverages', 'en:plant-based-foods', 'en:breakfasts', 'en:cereals-and-potatoes', 'en:cereals-and-their-products', 'en:breakfast-cereals', 'en:cereals-with-fruits', 'en:mueslis', 'en:mueslis-with-fruits']",0,[],[],435.0,13.0,5.2,21.0,6.0,7.5,0.2
Gold Granola,5900617037176,"['en:plant-based-foods-and-beverages', 'en:plant-based-foods', 'en:breakfasts', 'en:cereals-and-potatoes', 'en:cereals-and-their-products', 'en:breakfast-cereals', 'en:mueslis']",3,[],"['en:e322', 'en:e322i', 'en:e500']",446.0,15.0,3.7,21.0,6.3,8.7,0.46
Morrisons,5010251541226,"['en:plant-based-foods-and-beverages', 'en:plant-based-foods', 'en:breakfasts', 'en:cereals-and-potatoes', 'en:cereals-and-their-products', 'en:breakfast-cereals']",0,[],[],367.0,8.4,1.3,1.0,9.1,12.1,0.0
Superfood breakfast boost,5060238480734,"['en:plant-based-foods-and-beverages', 'en:plant-based-foods', 'en:breakfasts', 'en:cereals-and-potatoes', 'en:cereals-and-their-products', 'en:nuts-and-their-products', 'en:breakfast-cereals', 'en:nuts']",0,[],[],441.0,25.0,5.9,30.0,12.0,16.0,0.16
Smart Price Porridge Oats,21082450,"['en:plant-based-foods-and-beverages', 'en:plant-based-foods', 'en:breakfasts', 'en:cereals-and-potatoes', 'en:cereals-and-their-products', 'en:breakfast-cereals', 'en:porridge', 'en:porridge-oats']",0,[],[],365.0,5.1,1.0,1.0,8.9,12.0,0.05
Old Fashioned Rolled Oats,0030000410004,"['en:plant-based-foods-and-beverages', 'en:plant-based-foods', 'en:breakfasts', 'en:cereals-and-potatoes', 'en:seeds', 'en:cereals-and-their-products', 'en:breakfast-cereals', 'en:cereal-grains', 'en:flakes', 'en:cereal-flakes', 'en:rolled-flakes', 'en:rolled-oats', 'en:oat']",0,[],[],375.0,7.5,1.25,2.5,10.0,12.5,0.0
Granola golden crunch imp,5000108650713,"['en:plant-based-foods-and-beverages', 'en:plant-based-foods', 'en:breakfasts', 'en:cereals-and-potatoes', 'en:cereals-and-their-products', 'en:breakfast-cereals', 'en:mueslis']",2,[],"['en:e306', 'en:e322']",426.0,10.0,1.4,19.0,7.2,8.7,0.0
Waitrose Organic Jumbo Oats,5000169049105,"['en:plant-based-foods-and-beverages', 'en:plant-based-foods', 'en:breakfasts', 'en:cereals-and-potatoes', 'en:seeds', 'en:cereals-and-their-products', 'en:breakfast-cereals', 'en:cereal-grains', 'en:flakes', 'en:cereal-flakes', 'en:rolled-flakes', 'en:rolled-oats', 'en:oat']",0,[],[],367.0,8.4,1.3,1.0,9.1,12.1,0.0
Fruit Wheats Blueberry,4088600248431,"['en:plant-based-foods-and-beverages', 'en:plant-based-foods', 'en:breakfasts', 'en:cereals-and-potatoes', 'en:cereals-and-their-products', 'en:breakfast-cereals', 'en:extruded-cereals', 'en:filled-cereals']",4,[],"['en:e296', 'en:e331', 'en:e422', 'en:e440']",333.0,1.4,0.3,17.0,8.2,7.9,0.14
Vitalis muesli senza zuccheri aggiunti,8003000189302,"['en:plant-based-foods-and-beverages', 'en:plant-based-foods', 'en:breakfasts', 'en:cereals-and-potatoes', 'en:cereals-and-their-products', 'en:breakfast-cereals', 'en:mueslis']",0,[],[],411.0,13.0,1.6,1.7,22.0,11.0,0.08
,4066447200225,"['en:plant-based-foods-and-beverages', 'en:plant-based-foods', 'en:breakfasts', 'en:cereals-and-potatoes', 'en:cereals-and-their-products', 'en:breakfast-cereals', 'en:flakes', 'en:cereal-flakes', 'en:extruded-cereals', 'en:extruded-flakes', 'en:extruded-spelt-flakes']",0,[],[],365.0,2.5,0.2,6.4,8.2,14.0,0.002375
Raisin & almond granola,5054781527374,"['en:plant-based-foods-and-beverages', 'en:plant-based-foods', 'en:breakfasts', 'en:cereals-and-potatoes', 'en:cereals-and-their-products', 'en:breakfast-cereals', 'en:cereals-with-fruits', 'en:mueslis', 'en:mueslis-with-fruits']",0,[],[],423.0,12.0,1.5,22.0,6.5,10.0,0.03
Old Fashioned Rolled Oats,0039978033758,"['en:plant-based-foods-and-beverages', 'en:plant-based-foods', 'en:breakfasts', 'en:cereals-and-potatoes', 'en:cereals-and-their-products', 'en:specific-products', 'en:breakfast-cereals', 'en:products-for-specific-diets', 'en:flakes', 'en:products-without-gluten', 'en:cereal-flakes', 'en:rolled-flakes', 'en:rolled-oats']",0,[],[],396.0,8.33,2.08,0.0,10.4,12.5,0.0
Rude health ultimate muesli organic,5060120285454,"['en:plant-based-foods-and-beverages', 'en:plant-based-foods', 'en:breakfasts', 'en:cereals-and-potatoes', 'en:cereals-and-their-products', 'en:breakfast-cereals', 'en:cereals-with-fruits', 'en:mueslis', 'en:bircher-style-mueslis', 'en:mueslis-with-fruits', 'en:bircher-style-mueslis-with-fruits', 'en:bircher-style-muesli-flakes-with-fruits-not-fortified-with-vitamins-and-chemical-elements']",0,[],[],363.0,9.0,1.0,9.0,9.0,12.0,0.05
Organic Granola,5063089110485,"['en:plant-based-foods-and-beverages', 'en:plant-based-foods', 'en:breakfasts', 'en:cereals-and-potatoes', 'en:cereals-and-their-products', 'en:breakfast-cereals', 'en:mueslis']",0,[],[],439.0,13.0,2.5,23.0,7.9,8.9,0.03
Kellog's Extra Choco & Nuts,5059319020709,"['en:plant-based-foods-and-beverages', 'en:plant-based-foods', 'en:breakfasts', 'en:cereals-and-potatoes', 'en:cereals-and-their-products', 'en:breakfast-cereals', 'en:chocolate-cereals', 'en:crunchy-cereal-clusters', 'en:cereal-clusters-with-chocolate']",0,[],[],491.0,25.0,10.0,21.0,7.0,8.0,0.67
"Granola Minis, Chocolate Chip & Mixed Berry",0687456225432,"['en:plant-based-foods-and-beverages', 'en:plant-based-foods', 'en:snacks', 'en:breakfasts', 'en:cereals-and-potatoes', 'en:sweet-snacks', 'en:cereals-and-their-products', 'en:breakfast-cereals', 'en:mueslis']",0,[],[],458.0,18.8,6.25,29.2,4.17,4.17,0.104
Banana & papaya granola,5000169618837,"['en:plant-based-foods-and-beverages', 'en:plant-based-foods', 'en:breakfasts', 'en:cereals-and-potatoes', 'en:cereals-and-their-products', 'en:breakfast-cereals', 'en:cereals-with-fruits', 'en:mueslis', 'en:mueslis-with-fruits']",2,[],"['en:e220', 'en:e330']",426.0,13.2,4.2,17.9,6.0,9.2,0.075
Weetabix Baked with Lyle’s Golden Syrup,5010029228076,"['en:plant-based-foods-and-beverages', 'en:plant-based-foods', 'en:breakfasts', 'en:cereals-and-potatoes', 'en:cereals-and-their-products', 'en:breakfast-cereals']",0,[],[],361.0,1.9,0.4,14.0,10.0,10.0,0.23
Kelloggs extra barista,5059319021423,"['en:plant-based-foods-and-beverages', 'en:plant-based-foods', 'en:breakfasts', 'en:cereals-and-potatoes', 'en:cereals-and-their-products', 'en:breakfast-cereals', 'en:chocolate-cereals', 'en:breakfast-cereals-fortified-with-vitamins-and-chemical-elements', 'en:breakfast-cereals-rich-in-fibre', 'en:breakfast-chocolate-high-fiber-cereals-fortified-with-vitamins-and-chemical-elements']",1,[],['en:e472e'],501.0,21.0,8.3,21.0,6.0,8.1,0.38
Crunchy muesly,8720256082408,"['en:plant-based-foods-and-beverages', 'en:plant-based-foods', 'en:breakfasts', 'en:cereals-and-potatoes', 'en:cereals-and-their-products', 'en:breakfast-cereals', 'en:mueslis', 'en:crunchy-muesli-with-nuts', 'en:wheat-protein-and-sunflower-seeds']",1,[],['en:e306'],450.0,19.5,2.5,2.3,19.2,22.7,0.02
Crunchy chocolat au lait,3560071482695,"['en:plant-based-foods-and-beverages', 'en:plant-based-foods', 'en:breakfasts', 'en:cereals-and-potatoes', 'en:cereals-and-their-products', 'en:breakfast-cereals', 'en:chocolate-cereals', 'en:mueslis', 'en:crunchy-mueslis', 'en:mueslis-with-chocolate', 'en:crunchy-mueslis-with-chocolate']",2,[],"['en:e306', 'en:e322']",445.0,17.0,6.0,21.0,13.0,9.4,0.51
Muesli Crunchy Chocolate Negro,4056489192985,"['en:plant-based-foods-and-beverages', 'en:plant-based-foods', 'en:breakfasts', 'en:cereals-and-potatoes', 'en:cereals-and-their-products', 'en:breakfast-cereals', 'en:chocolate-cereals', 'en:mueslis', 'en:mueslis-with-chocolate']",2,[],"['en:e306', 'en:e322']",455.0,17.3,4.5,20.9,8.1,9.6,0.53
Choco Crunch Cereal,5010026520708,"['en:plant-based-foods-and-beverages', 'en:plant-based-foods', 'en:breakfasts', 'en:cereals-and-potatoes', 'en:cereals-and-their-products', 'en:breakfast-cereals', 'en:chocolate-cereals', 'en:extruded-cereals']",0,[],[],366.0,1.8,0.6,17.3,5.9,8.4,0.1275
Weetos chocolatey hoops Cereal,5010029201642,"['en:plant-based-foods-and-beverages', 'en:plant-based-foods', 'en:breakfasts', 'en:cereals-and-potatoes', 'en:cereals-and-their-products', 'en:breakfast-cereals', 'en:chocolate-cereals']",0,[],[],374.0,1.9,0.7,19.0,7.0,8.7,0.21
Céréales muesli croustillant superfruits Bio,3111902100044,"['en:plant-based-foods-and-beverages', 'en:plant-based-foods', 'en:breakfasts', 'en:cereals-and-potatoes', 'en:cereals-and-their-products', 'en:breakfast-cereals', 'en:cereals-with-fruits', 'en:mueslis', 'en:crunchy-mueslis', 'en:mueslis-with-fruits', 'en:crunchy-mueslis-with-fruits']",0,[],[],434.0,14.0,1.4,19.0,5.7,7.5,0.01
Krounchy épeautre chocolat noir,3421557108136,"['en:plant-based-foods-and-beverages', 'en:plant-based-foods', 'en:breakfasts', 'en:cereals-and-potatoes', 'en:cereals-and-their-products', 'en:breakfast-cereals', 'en:chocolate-cereals', 'en:mueslis', 'en:mueslis-with-chocolate', 'en:crunchy-cereal-clusters', 'en:cereal-clusters-with-chocolate']",0,[],[],446.0,13.0,3.4,24.0,7.4,10.0,0.06
Riz complet soufflé,3421557500763,"['en:plant-based-foods-and-beverages', 'en:plant-based-foods', 'en:breakfasts', 'en:cereals-and-potatoes', 'en:cereals-and-their-products', 'en:breakfast-cereals', 'en:puffed-grains', 'en:puffed-cereals', 'en:puffed-rice']",0,[],[],376.0,2.6,0.6,0.6,2.2,8.1,0.03
Vitalis Schokomüsli,4000521661106,"['en:plant-based-foods-and-beverages', 'en:plant-based-foods', 'en:breakfasts', 'en:cereals-and-potatoes', 'en:cereals-and-their-products', 'en:breakfast-cereals', 'en:chocolate-cereals', 'en:mueslis', 'en:mueslis-with-chocolate']",1,[],['en:e322'],414.0,12.0,4.8,21.0,8.2,0.09,0.11
Krounchy muesli croustillant,3421557111198,"['en:plant-based-foods-and-beverages', 'en:plant-based-foods', 'en:breakfasts', 'en:cereals-and-potatoes', 'en:cereals-and-their-products', 'en:breakfast-cereals', 'en:cereals-with-fruits', 'en:mueslis', 'en:crunchy-mueslis', 'en:mueslis-with-fruits', 'en:crunchy-mueslis-with-fruits']",0,[],[],437.0,13.0,3.1,20.0,7.1,9.2,0.06
Muesli frutas,8480017372017,"['en:plant-based-foods-and-beverages', 'en:plant-based-foods', 'en:breakfasts', 'en:cereals-and-potatoes', 'en:cereals-and-their-products', 'en:breakfast-cereals', 'en:cereals-with-fruits', 'en:mueslis', 'en:mueslis-with-fruits']",1,[],['en:e330'],352.0,5.9,3.4,16.1,9.4,8.5,0.12
Wizzy Crisp,3560070800384,"['en:plant-based-foods-and-beverages', 'en:plant-based-foods', 'en:breakfasts', 'en:cereals-and-potatoes', 'en:cereals-and-their-products', 'en:breakfast-cereals', 'en:puffed-grains', 'en:puffed-cereals', 'en:puffed-wheat', 'en:breakfast-cereals-rich-in-fibre', 'en:puffed-wheat-with-honey', 'en:cereals-with-caramel', 'en:cereals-with-honey']",0,[],[],389.0,1.9,0.6,29.0,5.7,9.2,0.0
Whole grain Müsli,4056489296812,"['en:plant-based-foods-and-beverages', 'en:plant-based-foods', 'en:breakfasts', 'en:cereals-and-potatoes', 'en:cereals-and-their-products', 'en:breakfast-cereals', 'en:cereals-with-fruits', 'en:mueslis', 'en:mueslis-with-fruits']",1,[],['en:e322'],376.0,8.3,4.8,17.7,8.5,9.9,0.075
Flocons d'avoine,5400141367867,"['en:plant-based-foods-and-beverages', 'en:plant-based-foods', 'en:breakfasts', 'en:cereals-and-potatoes', 'en:cereals-and-their-products', 'en:breakfast-cereals', 'en:flakes', 'en:cereal-flakes', 'en:rolled-flakes', 'en:rolled-oats']",0,[],[],359.0,7.0,1.1,1.1,12.0,14.0,0.01
Cheerios,5011476100885,"['en:plant-based-foods-and-beverages', 'en:plant-based-foods', 'en:breakfasts', 'en:cereals-and-potatoes', 'en:cereals-and-their-products', 'en:breakfast-cereals', 'en:extruded-cereals']",5,[],"['en:e150', 'en:e160a', 'en:e160b', 'en:e306', 'en:e340', 'en:e340iii']",377.0,4.67,1.0,17.7,9.67,10.0,2.0
Muesli croustillant pommes cassis,3421557921131,"['en:plant-based-foods-and-beverages', 'en:plant-based-foods', 'en:breakfasts', 'en:cereals-and-potatoes', 'en:cereals-and-their-products', 'en:breakfast-cereals', 'en:cereals-with-fruits', 'en:mueslis', 'en:mueslis-with-fruits']",1,[],['en:e392'],400.0,8.9,1.7,7.2,12.0,13.0,0.1
Choco zero,8414472201421,"['en:plant-based-foods-and-beverages', 'en:plant-based-foods', 'en:breakfasts', 'en:cereals-and-potatoes', 'en:cereals-and-their-products', 'en:breakfast-cereals', 'en:chocolate-cereals', 'en:extruded-cereals']",3,[],"['en:e322', 'en:e322i', 'en:e953', 'en:e955']",392.0,3.41,0.41,0.5,2.07,6.41,0.01
Vitte wheat and rice flakes,20290436,"['en:plant-based-foods-and-beverages', 'en:plant-based-foods', 'en:breakfasts', 'en:cereals-and-potatoes', 'en:cereals-and-their-products', 'en:breakfast-cereals', 'en:cereals-with-fruits', 'en:chocolate-cereals', 'en:extruded-cereals', 'en:cereal-flakes-with-fruits']",1,[],['en:e904'],405.0,6.6,3.4,16.6,6.7,9.5,0.6775
Céréales,3564706614819,"['en:plant-based-foods-and-beverages', 'en:plant-based-foods', 'en:breakfasts', 'en:cereals-and-potatoes', 'en:cereals-and-their-products', 'en:breakfast-cereals', 'en:puffed-grains', 'en:chocolate-cereals', 'en:puffed-cereals']",0,[],[],386.0,2.8,1.1,22.0,4.0,8.3,0.29
