product_name,code,categories_tags,additives_n,additives,additives_tags,energy_kcal_100g,fat_100g,saturated_fat_100g,sugars_100g,fiber_100g,proteins_100g,salt_100g
Fromage blanc nature,6111246721261,"['en:dairies', 'en:fermented-foods', 'en:fermented-milk-products', 'en:cheeses', 'en:desserts', 'en:dairy-desserts', 'en:fermented-dairy-desserts', 'en:fromages-blancs-petit-suisses-and-skyr', 'en:plain-fermented-dairy-desserts', 'fr:fromages-blancs', 'fr:fromages-blancs-natures']",0,[],[],80.6,12.0,0.0,0.0,0.0,7.3,0.0
Jben,6111242106949,"['en:dairies', 'en:fermented-foods', 'en:fermented-milk-products', 'en:cheeses', 'en:spreads', 'en:salted-spreads', 'en:cheese-spreads', 'en:fromage-frais-nature-a-21-de-matiere-grasse']",1,[],['en:e407'],235.0,21.0,15.0,0.0,0.0,8.0,0.46
Cheddar,6111203006653,"['en:dairies', 'en:fermented-foods', 'en:fermented-milk-products', 'en:cheeses', 'en:cow-cheeses', 'en:cheeses-from-the-united-kingdom', 'en:cheeses-from-england', 'en:sliced-cheeses', 'en:cheddar-cheese', 'en:cheddar-slices']",1,[],['en:e452'],270.0,21.0,12.0,6.0,,9.0,1.5
Cream cheese,6111246721278,"['en:dairies', 'en:fermented-foods', 'en:fermented-milk-products', 'en:cheeses', 'en:cream-cheeses']",0,[],[],257.0,18.0,0.0,0.0,0.0,10.0,0.0
,6111032008583,"['en:dairies', 'en:fermented-foods', 'en:fermented-milk-products', 'en:cheeses', 'en:desserts', 'en:dairy-desserts', 'en:fermented-dairy-desserts', 'en:fromages-blancs-petit-suisses-and-skyr', 'en:plain-fermented-dairy-desserts', 'en:fresh-cheeses', 'fr:fromages-blancs', 'fr:fromages-blancs-natures']",0,[],[],137.0,7.0,4.8,7.2,,7.0,0.5
Skyr nature 0%,3329770077003,"['en:dairies', 'en:fermented-foods', 'en:fermented-milk-products', 'en:cheeses', 'en:desserts', 'en:dairy-desserts', 'en:fermented-dairy-desserts', 'en:fromages-blancs-petit-suisses-and-skyr', 'en:plain-fermented-dairy-desserts', 'en:skyrs', 'en:plain-skyrs']",0,[],[],57.0,0.105,0.065,3.6,0.0,9.5,0.1375
Jebli,6111206000733,"['en:dairies', 'en:fermented-foods', 'en:fermented-milk-products', 'en:cheeses', 'en:spreads', 'en:salted-spreads', 'en:cheese-spreads', 'en:cream-cheeses']",1,[],['en:e406'],225.0,19.0,13.0,0.0,0.0,6.5,0.76
Carré Frais,3480341000674,"['en:dairies', 'en:fermented-foods', 'en:fermented-milk-products', 'en:cheeses', 'en:cream-cheeses', 'en:fromages-a-la-creme', 'en:produits-fermentes', 'en:produits-laitiers-fermentes']",0,[],[],85.0,0.3,0.2,2.9,,16.0,1.2775
Philadelphia,7622201693916,"['en:dairies', 'en:fermented-foods', 'en:fermented-milk-products', 'en:cheeses', 'en:spreads', 'en:salted-spreads', 'en:cheese-spreads', 'en:cream-cheeses']",2,[],"['en:e330', 'en:e412']",226.0,21.0,14.0,4.3,0.2,5.4,0.75
Carré Frais - Nature,3480341000636,"['en:dairies', 'en:fermented-foods', 'en:fermented-milk-products', 'en:cheeses', 'en:spreads', 'en:salted-spreads', 'en:pasteurised-products', 'en:pasteurized-cheeses', 'en:cheese-spreads']",0,[],[],193.0,15.0,11.0,2.5,,12.0,1.2
Tranches Au Goût Cheddar,6111260230619,"['en:dairies', 'en:fermented-foods', 'en:fermented-milk-products', 'en:cheeses', 'en:melted-cheese', 'ar:منتاجات-الالبان']",0,[],[],281.0,8.0,10.0,0.0,,8.0,3.25
,6111206000696,"['en:dairies', 'en:fermented-foods', 'en:fermented-milk-products', 'en:cheeses', 'en:spreads', 'en:salted-spreads', 'en:cheese-spreads']",5,[],"['en:e202', 'en:e330', 'en:e331', 'en:e407', 'en:e452']",234.0,20.0,10.0,5.5,,8.0,1.0
Paysan Breton - Le Fromage Fouetté Madame Loïk - Nature au Sel de Guérande,3412290070101,"['en:dairies', 'en:fermented-foods', 'en:fermented-milk-products', 'en:cheeses', 'en:spreads', 'en:salted-spreads', 'en:cheese-spreads', 'fr:fromage-fouette']",0,[],[],252.0,24.0,17.3,3.0,0.0,5.9,1.1
Kiri carré 8p,6111028000980,"['en:dairies', 'en:fermented-foods', 'en:fermented-milk-products', 'en:cheeses', 'en:spreads', 'en:creams', 'en:salted-spreads', 'en:cheese-spreads', 'fr:kiri-a-la-creme-de-lait']",4,[],"['en:e14xx', 'en:e330', 'en:e407', 'en:e452']",230.0,20.0,13.0,2.0,,9.0,1.6
Perly fromage,6111266960336,"['en:dairies', 'en:fermented-foods', 'en:fermented-milk-products', 'en:cheeses']",6,[],"['en:e160a', 'en:e202', 'en:e330', 'en:e331', 'en:e339', 'en:e452']",262.0,22.0,15.2,0.0,0.0,10.0,1.6
St Môret,3272770098090,"['en:dairies', 'en:fermented-foods', 'en:fermented-milk-products', 'en:cheeses', 'en:spreads', 'en:salted-spreads', 'en:cheese-spreads']",0,[],[],205.0,17.8,13.2,3.0,,8.3,1.2
Coulommiers Doux et Crémeux,3176582033563,"['en:dairies', 'en:fermented-foods', 'en:fermented-milk-products', 'en:cheeses', 'en:soft-cheeses', 'en:cow-cheeses', 'en:soft-cheeses-with-bloomy-rind', 'en:pasteurised-products', 'en:french-cheeses', 'en:pasteurized-cheeses', 'en:coulommiers']",0,[],[],283.0,23.0,16.0,0.1,,18.0,1.5
Caprice des dieux,3161711001971,"['en:dairies', 'en:fermented-foods', 'en:fermented-milk-products', 'en:cheeses', 'en:soft-cheeses', 'en:cow-cheeses', 'en:soft-cheeses-with-bloomy-rind', 'en:pasteurised-products', 'en:french-cheeses', 'en:pasteurized-cheeses', 'en:soft-cheese-with-a-natural-rind']",0,[],[],333.0,30.0,21.0,0.1,,15.0,1.3775
Le Goût Primeur format familial,3272770097642,"['en:dairies', 'en:fermented-foods', 'en:fermented-milk-products', 'en:cheeses', 'en:spreads', 'en:salted-spreads', 'en:cow-cheeses', 'en:french-cheeses', 'en:pasteurized-cheeses', 'en:cheese-spreads']",0,[],[],205.0,17.8,13.2,3.0,,8.3,1.2
PRESIDENT CAMEMBERT 250g,3228021170039,"['en:dairies', 'en:fermented-foods', 'en:fermented-milk-products', 'en:cheeses', 'en:soft-cheeses', 'en:cow-cheeses', 'en:soft-cheeses-with-bloomy-rind', 'en:camemberts', 'en:cow-camemberts', 'en:french-cheeses', 'en:pasteurized-cheeses', 'en:camemberts-from-pasteurized-cow-milk']",0,[],[],269.0,21.0,15.0,0.0,0.0,20.0,1.4
Kiri,6111028001024,"['en:dairies', 'en:fermented-foods', 'en:fermented-milk-products', 'en:cheeses', 'en:melted-cheese']",0,[],[],225.0,20.0,13.1,1.88,,8.75,1.62
Mature Cheddar,5000295142893,"['en:dairies', 'en:fermented-foods', 'en:fermented-milk-products', 'en:cheeses', 'en:cow-cheeses', 'en:cheeses-from-the-united-kingdom', 'en:cheeses-from-england', 'en:cheddar-cheese']",0,[],[],416.0,34.9,21.7,0.1,,25.4,1.77
La bûche Sainte-Maure (Poitou-Charentes,3523230028431,"['en:dairies', 'en:fermented-foods', 'en:fermented-milk-products', 'en:cheeses', 'en:french-cheeses', 'en:goat-cheeses', 'en:buche-de-chevre', 'en:fromages', 'en:fromages-de-chevre', 'en:fromages-pasteurises', 'en:fromages-a-pate-molle-a-croute-naturelle', 'en:produits-fermentes', 'en:produits-laitiers', 'en:produits-laitiers-fermentes']",0,[],[],291.0,23.0,16.0,1.0,0.0,20.0,1.5
Original Doux & crémeux,6111245342696,"['en:dairies', 'en:fermented-foods', 'en:fermented-milk-products', 'en:cheeses']",3,[],"['en:e330', 'en:e450', 'en:e452']",253.0,21.0,0.0,0.0,,10.0,0.0
Boursin garlic & herbs,3175460000017,"['en:dairies', 'en:fermented-foods', 'en:fermented-milk-products', 'en:cheeses', 'en:spreads', 'en:salted-spreads', 'en:cow-cheeses', 'en:fresh-foods', 'en:pasteurised-products', 'en:french-cheeses', 'en:pasteurized-cheeses', 'en:cheese-spreads', 'en:cream-cheeses', 'en:flavoured-uncured-soft-cheese-spreadable-with-around-30-40-fat', 'en:industrial-cheese', 'en:uncured-soft-cheese-spreadable-around-30-40-fat-flavoured']",1,[],['en:e202'],396.0,39.0,26.0,2.5,0.1,8.5,1.23
Original Philadelphia,7622201695521,"['en:dairies', 'en:fermented-foods', 'en:fermented-milk-products', 'en:cheeses', 'en:spreads', 'en:salted-spreads', 'en:cheese-spreads', 'en:cream-cheeses']",2,[],"['en:e330', 'en:e412']",226.0,21.0,14.0,4.3,0.2,5.4,1.0
b,6111259093096,"['en:dairies', 'en:fermented-foods', 'en:fermented-milk-products', 'en:cheeses', 'en:desserts', 'en:dairy-desserts']",1,[],['en:e202'],225.0,21.0,14.0,4.3,0.2,5.4,0.75
Paysan Breton - Le Fromage Fouetté Madame Loïk - Nature au Sel de Guérande,3412290070071,"['en:dairies', 'en:fermented-foods', 'en:fermented-milk-products', 'en:cheeses', 'en:spreads', 'en:salted-spreads', 'en:cheese-spreads', 'en:cream-cheeses', 'fr:fromage-fouette']",0,[],[],252.0,24.0,17.3,3.0,0.0,5.9,1.1
Queso crema suave,8480000512031,"['en:dairies', 'en:fermented-foods', 'en:fermented-milk-products', 'en:cheeses', 'en:spreads', 'en:salted-spreads', 'en:cow-cheeses', 'en:pasteurised-products', 'en:fresh-cheeses', 'en:pasteurized-cheeses', 'en:cheese-spreads']",4,[],"['en:e202', 'en:e401', 'en:e407', 'en:e410']",241.0,23.0,16.0,2.5,,4.2,1.0
,6111203007377,"['en:dairies', 'en:fermented-foods', 'en:fermented-milk-products', 'en:cheeses', 'en:spreads', 'en:salted-spreads', 'en:cheese-preparations', 'en:processed-cheeses', 'en:cheese-spreads']",4,[],"['en:e202', 'en:e407', 'en:e450', 'en:e452']",287.0,24.0,13.0,5.0,,10.0,1.0
Kiri-Käse,3073781131888,"['en:dairies', 'en:fermented-foods', 'en:fermented-milk-products', 'en:cheeses', 'en:cheeses-for-kids', 'en:cheeses-perishable', 'en:kase']",0,[],[],303.0,29.0,19.5,2.0,,9.0,1.3
Kiri carré 36,6111028001017,"['en:dairies', 'en:fermented-foods', 'en:fermented-milk-products', 'en:cheeses', 'en:cheeses-for-kids']",4,[],"['en:e14xx', 'en:e330', 'en:e407', 'en:e452']",230.0,20.0,13.0,2.0,,9.0,1.6
Kiri® Crème 12 portions,3073781131925,"['en:dairies', 'en:fermented-foods', 'en:fermented-milk-products', 'en:cheeses', 'en:spreads', 'en:salted-spreads', 'en:cheese-spreads', 'en:cheeses-for-kids', 'en:cheeses-perishable', 'en:melted-cheese']",0,[],[],303.0,29.0,19.5,2.0,,9.0,1.3
Noir Extra,3664346305860,"['en:dairies', 'en:fermented-foods', 'en:fermented-milk-products', 'en:snacks', 'en:cheeses', 'en:sweet-snacks', 'en:cocoa-and-its-products', 'en:chocolates', 'en:dark-chocolates', 'en:dark-chocolate-bar', 'en:extra-fine-dark-chocolates', 'fr:chocolat-noir-extra', 'fr:chocolats-noir-a-croquer']",1,[],"['en:e322', 'en:e322i']",508.0,28.0,18.0,52.0,7.2,4.9,0.01
Frommage fondu,6111246722107,"['en:dairies', 'en:fermented-foods', 'en:fermented-milk-products', 'en:cheeses', 'en:melted-cheese', 'fr:121314', 'fr:aliments-laitiers']",0,[],[],298.0,26.0,16.5,4.0,0.0,7.0,1.2
,6111266962675,"['en:dairies', 'en:fermented-foods', 'en:fermented-milk-products', 'en:cheeses', 'en:desserts', 'en:dairy-desserts', 'en:melted-cheese']",0,[],[],270.0,16.5,11.5,7.6,,7.4,3.25
la vache qui rit,6111028001222,"['en:dairies', 'en:fermented-foods', 'en:fermented-milk-products', 'en:cheeses']",0,[],[],380.0,31.3,20.5,3.01,,13.3,3.31
Original Philadelphia,7622300315733,"['en:dairies', 'en:fermented-foods', 'en:fermented-milk-products', 'en:cheeses', 'en:fresh-cheeses', 'en:cream-cheeses']",2,[],"['en:e330', 'en:e412']",225.0,21.0,14.0,4.3,0.0,5.4,0.7375
La vache qui rit,3073781192186,"['en:dairies', 'en:fermented-foods', 'en:fermented-milk-products', 'en:cheeses', 'en:spreads', 'en:salted-spreads', 'en:cheese-preparations', 'en:processed-cheeses', 'en:cheese-spreads', 'en:cheeses-perishable', 'fr:produits-laitiers-produits-fermentes-produits-laitiers-fermentes-fromages']",1,[],['en:e452'],232.0,18.0,12.0,6.5,0.0,11.0,1.7
,01415490,"['en:dairies', 'en:fermented-foods', 'en:fermented-milk-products', 'en:cheeses', 'en:fresh-cheeses']",0,[],[],164.0,11.5,8.1,4.2,0.0,10.9,0.95
L'original tartare ail & fines herbes,3272770094412,"['en:dairies', 'en:fermented-foods', 'en:fermented-milk-products', 'en:cheeses', 'en:spreads', 'en:salted-spreads', 'en:cow-cheeses', 'en:pasteurised-products', 'en:pasteurized-cheeses', 'en:cheese-spreads', 'en:flavoured-uncured-soft-cheese-spreadable-with-around-30-40-fat', 'en:industrial-cheese', 'en:uncured-soft-cheese-spreadable-around-30-40-fat-flavoured']",1,[],['en:e202'],348.0,34.5,24.5,2.3,0.0,7.0,1.1
,7622210103314,"['en:dairies', 'en:fermented-foods', 'en:fermented-milk-products', 'en:cheeses', 'en:spreads', 'en:salted-spreads', 'en:pasteurised-products', 'en:fresh-cheeses', 'en:pasteurized-cheeses', 'en:cheese-spreads']",4,[],"['en:e202', 'en:e401', 'en:e407', 'en:e412']",249.0,25.0,16.0,2.8,0.2,3.7,1.06
la hollandaise,6111203006646,"['en:dairies', 'en:fermented-foods', 'en:fermented-milk-products', 'en:cheeses', 'en:melted-cheese']",4,[],"['en:e202', 'en:e341', 'en:e450', 'en:e452']",270.0,21.0,12.0,6.0,0.0,9.0,1.5
الهاندس,6111203005779,"['en:dairies', 'en:fermented-foods', 'en:fermented-milk-products', 'en:cheeses', 'en:spreads', 'en:salted-spreads', 'en:cow-cheeses', 'en:cheeses-from-the-united-kingdom', 'en:cheeses-from-england', 'en:cheddar-cheese', 'en:cheese-spreads']",3,[],"['en:e341', 'en:e450', 'en:e452']",270.0,23.0,15.0,6.0,0.0,10.0,0.0
,6191585701858,"['en:dairies', 'en:fermented-foods', 'en:fermented-milk-products', 'en:cheeses']",1,[],['en:e407'],248.0,20.0,17.0,0.0,,8.0,4.25
"9 Minis St Moret (17,8% MG)",3272770004725,"['en:dairies', 'en:fermented-foods', 'en:fermented-milk-products', 'en:cheeses', 'en:spreads', 'en:salted-spreads', 'en:pasteurised-products', 'en:french-cheeses', 'en:pasteurized-cheeses', 'en:cheese-spreads', 'en:industrial-cheese']",0,[],[],205.0,17.8,13.2,3.0,0.0,8.3,1.3
Leerdammer original 8 tranches 200g,8721800402055,"['en:dairies', 'en:fermented-foods', 'en:fermented-milk-products', 'en:cheeses', 'en:cow-cheeses', 'en:sliced-cheeses']",0,[],[],352.0,27.5,18.5,0.1,,26.0,1.5
Queso Blanco Pasteurizado Light,8480000512239,"['en:dairies', 'en:fermented-foods', 'en:fermented-milk-products', 'en:breakfasts', 'en:cheeses', 'en:spreads', 'en:salted-spreads', 'en:sweet-spreads', 'fr:pates-a-tartiner', 'en:cheese-spreads']",2,[],"['en:e202', 'en:e410']",130.0,8.3,6.0,4.8,,9.0,0.0019
Mon p'tit plaisir,4056489367260,"['en:dairies', 'en:fermented-foods', 'en:fermented-milk-products', 'en:cheeses']",0,[],[],199.0,16.8,11.7,3.3,0.5,8.2,1.0
Natural Cottage Cheese,20994945,"['en:dairies', 'en:fermented-foods', 'en:fermented-milk-products', 'en:cheeses', 'en:cow-cheeses', 'en:fresh-cheeses', 'en:cottage-cheeses']",0,[],[],97.0,4.5,3.0,2.8,0.0,11.5,0.52
Original Full Fat Soft Cheese,4088600046648,"['en:dairies', 'en:fermented-foods', 'en:fermented-milk-products', 'en:cheeses', 'en:cream-cheeses', 'es:ultraprocesado']",2,[],"['en:e407', 'en:e412']",229.0,21.5,13.7,3.2,0.3,5.6,0.7375
,6111028001246,"['en:dairies', 'en:fermented-foods', 'en:fermented-milk-products', 'en:cheeses', 'en:processed-cheese', 'en:processed-cheese-around-20-fat-in-wedges']",0,[],[],253.0,20.5,13.9,3.01,,14.5,5.72
Carré frais 0 pourcent ail et fines herbes,3480341000704,"['en:dairies', 'en:fermented-foods', 'en:fermented-milk-products', 'en:cheeses', 'en:spreads', 'en:salted-spreads', 'en:pasteurized-cheeses', 'en:cheese-spreads', 'en:cream-cheeses', 'en:uncured-soft-cheese-spreadable-around-30-40-fat-flavoured']",0,[],[],84.0,0.4,0.0,2.8,,16.0,0.0033
Perly,6111266960343,"['en:dairies', 'en:fermented-foods', 'en:fermented-milk-products', 'en:cheeses']",1,[],"['en:e452', 'en:e452i']",514.0,50.0,15.2,0.0,0.0,10.0,1.6
babybel,3073780918763,"['en:dairies', 'en:fermented-foods', 'en:fermented-milk-products', 'en:cheeses']",0,[],[],295.0,23.0,15.5,0.01,,22.0,1.7
MUSCLY FROMAGE 24,6111266960725,"['en:dairies', 'en:fermented-foods', 'en:fermented-milk-products', 'en:cheeses', 'en:desserts', 'en:dairy-desserts', 'en:fermented-dairy-desserts', 'en:fromages-blancs-petit-suisses-and-skyr', 'en:petits-suisses', 'en:plain-fermented-dairy-desserts', 'en:plain-petit-suisse', 'fr:fromages-blancs', 'en:fat-free-plain-petit-suisse']",3,[],"['en:e330', 'en:e407', 'en:e452']",264.0,22.0,15.0,0.0,,9.0,1.6
Or Blanc,6111245340487,"['en:dairies', 'en:fermented-foods', 'en:fermented-milk-products', 'en:cheeses', 'en:melted-cheese']",5,[],"['en:e202', 'en:e330', 'en:e407', 'en:e450', 'en:e452']",226.0,18.0,12.0,5.9,0.35,9.5,4.25
Le goût primeur - Ligne & plaisir,3272770096942,"['en:dairies', 'en:fermented-foods', 'en:fermented-milk-products', 'en:cheeses', 'en:spreads', 'en:salted-spreads', 'en:cheese-spreads']",0,[],[],132.0,8.0,5.5,5.0,,10.0,1.0
Mozzarella,8000430133035,"['en:dairies', 'en:fermented-foods', 'en:fermented-milk-products', 'en:cheeses', 'en:cow-cheeses', 'en:italian-cheeses', 'en:stretched-curd-cheeses', 'en:fresh-cheeses', 'en:mozzarella', 'en:cow-mozzarella']",1,[],['en:e330'],220.0,16.0,11.0,1.0,,17.0,0.6875
Chavroux Pur Chèvre,3272770016131,"['en:dairies', 'en:fermented-foods', 'en:fermented-milk-products', 'en:cheeses', 'en:goat-cheeses', 'en:spreadable-goat-cheese']",0,[],[],162.0,13.0,9.0,2.6,0.0,8.7,1.0
Paysan Breton - Le Fromage Fouetté Madame Loïk - Nature au Sel de Guérande - Sel réduit -25%,3412290070385,"['en:dairies', 'en:fermented-foods', 'en:fermented-milk-products', 'en:cheeses', 'en:spreads', 'en:salted-spreads', 'en:artisan-products', 'en:french-cheeses', 'en:pasteurized-cheeses', 'en:artisan-cheeses', 'en:cheese-spreads', 'fr:fromage-fouette']",0,[],[],252.0,24.0,17.0,3.0,,5.9,0.6
La bûche fondante,3228021170053,"['en:dairies', 'en:fermented-foods', 'en:fermented-milk-products', 'en:cheeses', 'en:goat-cheeses', 'en:pasteurized-cheeses', 'es:rulo-de-cabra']",0,[],[],275.0,23.0,16.0,0.5,,17.0,1.5
Крема сирене,4056489143833,"['en:dairies', 'en:fermented-foods', 'en:fermented-milk-products', 'en:cheeses', 'en:spreads', 'en:salted-spreads', 'en:cheese-spreads', 'en:cream-cheeses']",0,[],[],243.0,23.0,16.1,2.7,0.0,6.3,0.65
fromage herbes milky food,6111246722039,"['en:dairies', 'en:fermented-foods', 'en:fermented-milk-products', 'en:cheeses', 'en:desserts', 'en:dairy-desserts', 'en:fermented-dairy-desserts', 'en:fromages-blancs-petit-suisses-and-skyr', 'fr:fromages-blancs']",0,[],[],228.0,21.0,0.0,0.0,0.0,4.8,0.0
Philadelphia Original,7622300441937,"['en:dairies', 'en:fermented-foods', 'en:fermented-milk-products', 'en:cheeses', 'en:spreads', 'en:salted-spreads', 'en:cheese-spreads', 'en:cream-cheeses']",1,[],['en:e330'],756.0,68.9,45.6,14.4,1.11,17.8,0.0
Cottage cheese,5010578008020,"['en:dairies', 'en:fermented-foods', 'en:fermented-milk-products', 'en:cheeses', 'en:desserts', 'en:dairy-desserts', 'en:fermented-dairy-desserts', 'en:plain-fermented-dairy-desserts', 'en:fresh-cheeses', 'en:cottage-cheeses', 'en:plain-cottage-cheeses']",0,[],[],104.0,6.0,4.3,2.1,,10.3,0.787
CHAUSSEE AUX MOINES 340g,3228021170060,"['en:dairies', 'en:fermented-foods', 'en:fermented-milk-products', 'en:cheeses', 'en:cow-cheeses', 'en:uncooked-pressed-cheeses', 'en:pasteurized-cheeses']",1,[],['en:e235'],305.0,25.0,18.0,0.0,,20.0,1.6
Philadelphia nature 300g,7622300685782,"['en:dairies', 'en:fermented-foods', 'en:fermented-milk-products', 'en:cheeses', 'en:spreads', 'en:salted-spreads', 'en:cow-cheeses', 'en:fresh-foods', 'en:pasteurized-cheeses', 'en:cheese-spreads', 'en:cream-cheeses']",2,[],"['en:e330', 'en:e412']",226.0,21.0,14.0,4.3,0.2,5.4,0.75
President emmental coeur de meule 250g,3228021170022,"['en:dairies', 'en:fermented-foods', 'en:fermented-milk-products', 'en:cheeses', 'en:cow-cheeses', 'en:hard-cheeses', 'en:emmentaler', 'en:french-cheeses', 'en:french-emmentaler']",0,[],[],369.0,29.0,21.0,0.5,0.0,27.0,0.6
03.06.2024 DEU101H 0?:14 4,3073781192254,"['en:dairies', 'en:fermented-foods', 'en:fermented-milk-products', 'en:cheeses', 'en:spreads', 'en:salted-spreads', 'en:cheese-spreads', 'en:cheeses-perishable', 'en:melted-cheese']",1,[],['en:e452'],232.0,18.0,12.0,6.5,,11.0,1.7
SKYR,3033491454080,"['en:dairies', 'en:fermented-foods', 'en:fermented-milk-products', 'en:cheeses', 'en:desserts', 'en:dairy-desserts', 'en:fermented-dairy-desserts', 'en:fromages-blancs-petit-suisses-and-skyr', 'en:skyrs', 'en:cream-cheeses']",0,[],[],57.0,0.2,0.1,3.9,0.0,10.0,0.1
Emmental râpé,3228021170046,"['en:dairies', 'en:fermented-foods', 'en:fermented-milk-products', 'en:cheeses', 'en:cow-cheeses', 'en:hard-cheeses', 'en:emmentaler', 'en:grated-cheese', 'en:grated-emmentaler']",0,[],[],373.0,29.0,21.0,0.5,,27.0,0.83
Queso fresco cottage,8480000609632,"['en:dairies', 'en:fermented-foods', 'en:fermented-milk-products', 'en:cheeses', 'en:fresh-cheeses', 'en:cottage-cheeses']",1,[],['en:e202'],99.0,4.0,2.6,1.7,0.0,14.0,0.83
Mature Cheddar,5000295145054,"['en:dairies', 'en:fermented-foods', 'en:fermented-milk-products', 'en:cheeses', 'en:cow-cheeses', 'en:cheeses-from-the-united-kingdom', 'en:cheeses-from-england', 'en:cheddar-cheese', 'en:mature-cheddar']",0,[],[],416.0,34.9,21.7,0.1,,25.4,1.8
campo verde,6111266680098,"['en:dairies', 'en:fermented-foods', 'en:fermented-milk-products', 'en:cheeses']",9,[],"['en:e1442', 'en:e202', 'en:e234', 'en:e330', 'en:e331', 'en:e339', 'en:e407', 'en:e450', 'en:e452']",277.0,19.0,9.0,7.0,,5.0,0.85
Paysan Breton - Le Fromage Fouetté Madame Loïk - Ail et fines herbes de nos régions françaises,3412290071801,"['en:dairies', 'en:fermented-foods', 'en:fermented-milk-products', 'en:cheeses', 'en:spreads', 'en:salted-spreads', 'en:cow-cheeses', 'en:fresh-foods', 'en:french-cheeses', 'en:pasteurized-cheeses', 'en:cheese-spreads', 'en:cream-cheeses', 'en:industrial-cheese', 'en:uncured-soft-cheese-spreadable-around-30-40-fat-flavoured', 'fr:fromage-fouette']",0,[],[],245.0,23.0,16.0,3.0,,5.8,1.3
Camembert,3176582033327,"['en:dairies', 'en:fermented-foods', 'en:fermented-milk-products', 'en:cheeses', 'en:soft-cheeses', 'en:cow-cheeses', 'en:soft-cheeses-with-bloomy-rind', 'en:camemberts', 'en:pasteurised-products', 'en:pasteurized-cheeses']",0,[],[],268.0,20.0,14.0,0.5,0.0,21.0,1.5
Fromage Produit laitiers,3073781192339,"['en:dairies', 'en:fermented-foods', 'en:fermented-milk-products', 'en:cheeses']",1,[],['en:e452'],228.0,17.5,6.0,6.0,,11.5,1.7
Jben AKNAZ,6111250472708,"['en:dairies', 'en:fermented-foods', 'en:fermented-milk-products', 'en:cheeses', 'en:fresh-cheeses']",2,[],"['en:e407', 'en:e410']",241.0,21.0,0.0,0.0,0.0,6.0,0.5
Soft cheese,5057967395132,"['en:dairies', 'en:fermented-foods', 'en:fermented-milk-products', 'en:cheeses', 'en:cream-cheeses']",0,[],[],245.0,23.3,19.0,3.3,0.0,4.4,0.5
Le  goût primeur,3272770096850,"['en:dairies', 'en:fermented-foods', 'en:fermented-milk-products', 'en:cheeses', 'en:spreads', 'en:salted-spreads', 'en:fresh-foods', 'en:pasteurized-cheeses', 'en:cheese-spreads', 'en:cream-cheeses', 'en:industrial-cheese']",0,[],[],205.0,18.0,13.0,3.0,,8.5,1.18
Light Philadelphia,7622201693954,"['en:dairies', 'en:fermented-foods', 'en:fermented-milk-products', 'en:cheeses', 'en:spreads', 'en:salted-spreads', 'en:cheese-spreads', 'en:cream-cheeses']",3,[],"['en:e330', 'en:e407', 'en:e410']",147.0,10.7,7.0,5.0,0.333,7.33,0.692
Fromage blanc 0%,20266394,"['en:dairies', 'en:fermented-foods', 'en:fermented-milk-products', 'en:cheeses', 'en:desserts', 'en:dairy-desserts', 'en:fermented-dairy-desserts', 'en:fromages-blancs-petit-suisses-and-skyr', 'en:plain-fermented-dairy-desserts', 'fr:fromages-blancs', 'en:fat-free-plain-fresh-cream-cheese', 'fr:fromages-blancs-natures']",0,[],[],52.0,0.5,0.2,4.6,0.5,8.5,0.1
JBEN CHERGUI,6111126005221,"['en:dairies', 'en:fermented-foods', 'en:fermented-milk-products', 'en:cheeses']",2,[],"['en:e406', 'en:e415']",188.8,16.0,11.2,0.1,,8.4,0.6
faisselle,3184670001080,"['en:dairies', 'en:fermented-foods', 'en:fermented-milk-products', 'en:cheeses', 'en:desserts', 'en:dairy-desserts', 'en:fermented-dairy-desserts', 'en:fresh-cheeses', 'en:cream-cheeses', 'en:faiselles']",0,[],[],76.0,4.5,2.9,4.5,0.0,4.3,0.1
,6111206000788,"['en:dairies', 'en:fermented-foods', 'en:fermented-milk-products', 'en:cheeses', 'en:spreads', 'en:salted-spreads', 'en:cheese-spreads']",0,[],[],225.0,19.0,13.0,0.0,,6.5,0.8
Tartare Ail & Fines herbes,3272770014656,"['en:dairies', 'en:fermented-foods', 'en:fermented-milk-products', 'en:cheeses', 'en:spreads', 'en:salted-spreads', 'en:cow-cheeses', 'en:pasteurised-products', 'en:pasteurized-cheeses', 'en:cheese-spreads', 'en:flavoured-uncured-soft-cheese-spreadable-with-around-30-40-fat']",0,[],[],333.0,32.0,22.0,2.2,,9.0,1.0
Mozzarella,20002268,"['en:dairies', 'en:fermented-foods', 'en:fermented-milk-products', 'en:cheeses', 'en:italian-cheeses', 'en:stretched-curd-cheeses', 'en:mozzarella']",1,[],['en:e330'],248.0,19.0,12.9,1.5,,17.5,0.4925
Mini Babybel Original,3073780828628,"['en:dairies', 'en:fermented-foods', 'en:fermented-milk-products', 'en:cheeses', 'en:cow-cheeses']",0,[],[],295.0,23.0,15.5,0.01,,22.0,1.7
petit billy,3273220012123,"['en:dairies', 'en:fermented-foods', 'en:fermented-milk-products', 'en:cheeses', 'en:goat-cheeses', 'en:fresh-goat-cheese']",0,[],[],193.0,15.0,10.5,2.5,,12.0,0.9
Full Fat Soft Cheese Original,20103286,"['en:dairies', 'en:fermented-foods', 'en:fermented-milk-products', 'en:cheeses', 'en:spreads', 'en:salted-spreads', 'en:fresh-cheeses', 'en:pasteurized-cheeses', 'en:cheese-spreads', 'pt:queijos-frescos-para-barrar']",1,[],['en:e412'],238.0,22.5,15.7,3.0,0.5,5.5,0.68
Le Bloc,3073781077025,"['en:dairies', 'en:fermented-foods', 'en:fermented-milk-products', 'en:cheeses', 'en:melted-cheese']",1,[],['en:e330'],315.0,26.5,18.0,2.0,0.0,17.0,3.1
fondiz,6111266680135,"['en:plant-based-foods-and-beverages', 'en:dairies', 'en:fermented-foods', 'en:plant-based-foods', 'en:fermented-milk-products', 'en:cheeses', 'en:dairy-substitutes', 'en:desserts', 'en:vegan-products', 'en:dairy-desserts', 'en:fermented-dairy-desserts', 'en:cheese-substitutes', 'en:sliced-cheese-substitutes', 'fr:fromage-ecreme']",7,[],"['en:e202', 'en:e234', 'en:e330', 'en:e331', 'en:e339', 'en:e450', 'en:e452']",277.0,19.0,9.0,7.0,0.0,5.0,0.85
Fromage blanc nature,20266387,"['en:dairies', 'en:fermented-foods', 'en:fermented-milk-products', 'en:cheeses', 'en:desserts', 'en:dairy-desserts', 'en:fermented-dairy-desserts', 'en:plain-fermented-dairy-desserts', 'fr:fromages-blancs', 'fr:fromages-blancs-natures']",0,[],[],80.0,3.3,2.2,5.6,,6.9,0.275
,6111028001239,"['en:dairies', 'en:fermented-foods', 'en:fermented-milk-products', 'en:cheeses', 'en:spreads', 'en:salted-spreads', 'en:cheese-spreads', 'en:uncured-soft-cheese-spreadable-with-around-25-fat']",0,[],[],223.0,18.9,12.6,5.71,,12.6,0.9
Comté,3123930650026,"['en:dairies', 'en:fermented-foods', 'en:fermented-milk-products', 'en:cheeses', 'en:cow-cheeses', 'en:hard-cheeses', 'en:unpasteurised-products', 'en:french-cheeses', 'en:unpasteurised-cheeses', 'en:comte', 'en:aoc-cheeses', 'en:labeled-cheeses', 'fr:produits-aoc', 'fr:produits-labellises']",0,[],[],410.0,34.0,22.0,0.5,,26.0,0.8
Camembert,3176582033334,"['en:dairies', 'en:fermented-foods', 'en:fermented-milk-products', 'en:cheeses', 'en:soft-cheeses', 'en:cow-cheeses', 'en:soft-cheeses-with-bloomy-rind', 'en:camemberts', 'en:pasteurised-products', 'en:cow-camemberts', 'en:pasteurized-cheeses', 'en:camemberts-from-pasteurized-cow-milk']",0,[],[],273.0,21.0,14.0,0.1,0.0,20.0,1.4
BRIDELIGHT LE BON MOELLEUX ALLEGE 5%MG 350g,3155250321799,"['en:dairies', 'en:fermented-foods', 'en:fermented-milk-products', 'en:cheeses', 'en:soft-cheeses', 'en:cow-cheeses', 'en:soft-cheeses-with-bloomy-rind', 'en:pasteurised-products', 'en:french-cheeses', 'en:refrigerated-foods', 'en:pasteurized-cheeses', 'en:soft-cheese-with-a-natural-rind', 'en:soft-cheeses-with-washed-rind', 'en:industrial-cheese']",0,[],[],145.0,5.0,3.5,0.5,0.0,25.0,1.3
Saint Agur,3341504005540,"['en:dairies', 'en:fermented-foods', 'en:fermented-milk-products', 'en:cheeses', 'en:cow-cheeses', 'en:blue-veined-cheeses', 'en:french-blue-veined-cheeses', 'en:pasteurized-cheeses']",0,[],[],361.0,33.0,23.0,0.5,,16.0,2.2
Caprice des Dieux,3161711000622,"['en:dairies', 'en:fermented-foods', 'en:fermented-milk-products', 'en:cheeses', 'en:soft-cheeses', 'en:cow-cheeses', 'en:soft-cheeses-with-bloomy-rind', 'en:pasteurised-products', 'en:pasteurized-cheeses', 'en:soft-cheese-with-a-natural-rind', 'en:double-cream-cheeses']",0,[],[],333.0,30.0,21.0,0.1,,15.0,1.4
Fromage blanc au lait de brebis,3273220541012,"['en:dairies', 'en:fermented-foods', 'en:fermented-milk-products', 'en:cheeses', 'en:desserts', 'en:dairy-desserts', 'en:fermented-dairy-desserts', 'en:fromages-blancs-petit-suisses-and-skyr', 'en:pasteurised-products', 'en:plain-fermented-dairy-desserts', 'en:pasteurized-cheeses', 'en:sheep-s-milk-cheeses', 'fr:fromages-blancs', 'fr:fromages-blancs-au-lait-de-brebis', 'fr:fromages-blancs-natures']",0,[],[],96.0,6.3,4.3,4.5,0.0,5.3,0.11
St Moret ligne et plaisir,3272770095334,"['en:dairies', 'en:fermented-foods', 'en:fermented-milk-products', 'en:cheeses', 'en:spreads', 'en:salted-spreads', 'en:pasteurized-cheeses', 'en:cheese-spreads', 'fr:fromages-alleges']",0,[],[],132.0,8.0,5.5,5.0,0.0,10.0,1.0
Boursin ail et fines herbes,3073781180848,"['en:dairies', 'en:fermented-foods', 'en:fermented-milk-products', 'en:cheeses', 'en:spreads', 'en:salted-spreads', 'en:cheese-spreads', 'en:cheeses-perishable', 'en:flavoured-uncured-soft-cheese-spreadable-with-around-30-40-fat']",1,[],['en:e202'],385.0,37.0,25.0,2.2,,8.5,1.3
MOZZARELLA PIZZA-ROMA,8480000511102,"['en:dairies', 'en:fermented-foods', 'en:fermented-milk-products', 'en:cheeses', 'en:cow-cheeses', 'en:italian-cheeses', 'en:stretched-curd-cheeses', 'en:mozzarella', 'en:cow-mozzarella']",0,[],[],283.0,21.0,13.0,0.8,,21.0,1.0
Queso rallado parmesano,3560070157198,"['en:dairies', 'en:fermented-foods', 'en:fermented-milk-products', 'en:cheeses', 'en:fresh-foods', 'en:cow-cheeses', 'en:italian-cheeses', 'en:grated-cheese', 'en:parmigiano-reggiano']",0,[],[],402.0,30.0,20.0,0.0,0.0,32.0,1.6
Paysan Breton - Le Fromage Fouetté Madame Loïk - Echalote Ciboulette,3236240070405,"['en:dairies', 'en:fermented-foods', 'en:fermented-milk-products', 'en:cheeses', 'en:spreads', 'en:salted-spreads', 'en:cow-cheeses', 'en:fresh-foods', 'en:pasteurised-products', 'en:french-cheeses', 'en:pasteurized-cheeses', 'en:cheese-spreads', 'en:cream-cheeses', 'en:industrial-cheese', 'fr:fromage-fouette', 'fr:fromages-a-l-echalote-et-ciboulette']",0,[],[],244.0,23.0,17.0,2.9,,5.5,1.2
Kiri® Crème 24 portions,3073781131963,"['en:dairies', 'en:fermented-foods', 'en:fermented-milk-products', 'en:cheeses', 'en:spreads', 'en:salted-spreads', 'en:cheese-spreads', 'en:cheeses-for-kids', 'en:cheeses-perishable', 'en:melted-cheese']",0,[],[],303.0,29.0,19.5,2.0,,9.0,1.3
Reduced Fat Soft Cheese,20103354,"['en:dairies', 'en:fermented-foods', 'en:fermented-milk-products', 'en:cheeses', 'en:spreads', 'en:salted-spreads', 'en:pasteurised-products', 'en:fresh-cheeses', 'en:pasteurized-cheeses', 'en:cheese-spreads', 'pt:queijos-frescos-para-barrar']",1,[],['en:e412'],140.0,11.2,7.6,3.2,,6.8,0.64
Greek White,5202390020407,"['en:plant-based-foods-and-beverages', 'en:dairies', 'en:fermented-foods', 'en:plant-based-foods', 'en:fermented-milk-products', 'en:cheeses', 'en:dairy-substitutes', 'en:vegan-products', 'en:greek-cheeses', 'en:cheese-substitutes', 'en:feta', 'en:vegan-feta-cheese']",0,[],[],305.0,29.0,26.0,0.0,,0.0,1.7
Sainte-Maure,3523230029681,"['en:dairies', 'en:fermented-foods', 'en:fermented-milk-products', 'en:cheeses', 'en:soft-cheeses', 'en:french-cheeses', 'en:goat-cheeses', 'en:soft-cheese-with-a-natural-rind', 'es:rulo-de-cabra']",0,[],[],291.0,23.0,16.0,1.0,0.0,20.0,1.5
le Brie,3228020232028,"['en:dairies', 'en:fermented-foods', 'en:fermented-milk-products', 'en:cheeses', 'en:soft-cheeses', 'en:cow-cheeses', 'en:soft-cheeses-with-bloomy-rind', 'en:french-cheeses', 'en:bries']",0,[],[],347.0,31.0,22.0,0.5,,17.0,1.2
Full Fat Soft Cheese,01504972,"['en:dairies', 'en:fermented-foods', 'en:fermented-milk-products', 'en:cheeses', 'en:cream-cheeses']",0,[],[],255.0,24.5,19.0,3.1,1.6,4.7,0.4925
Grana Padano,4056489192923,"['en:dairies', 'en:fermented-foods', 'en:fermented-milk-products', 'en:cheeses', 'en:unpasteurised-products', 'en:unpasteurised-cheeses', 'en:grated-cheese']",1,[],['en:e1105'],398.0,29.0,18.0,0.0,0.0,33.0,1.5
SOFT CHEESE,5057545878798,"['en:dairies', 'en:fermented-foods', 'en:fermented-milk-products', 'en:cheeses', 'en:cream-cheeses']",0,[],[],206.0,19.3,12.0,3.5,0.0,3.5,1.0
"Fromage blanc au lait demi-écrémé, 3% de Mat. Gr.",3564700007433,"['en:dairies', 'en:fermented-foods', 'en:fermented-milk-products', 'en:cheeses', 'en:desserts', 'en:dairy-desserts', 'en:fermented-dairy-desserts', 'en:plain-fermented-dairy-desserts', 'fr:fromages-blancs', 'fr:fromages-blancs-natures']",0,[],[],69.0,3.0,1.9,4.0,0.0,6.4,0.125
Douceur fromage frais,6111126005085,"['en:dairies', 'en:fermented-foods', 'en:fermented-milk-products', 'en:cheeses', 'en:spreads', 'en:salted-spreads']",1,[],['en:e440'],256.44,24.0,14.65,3.0,,7.01,0.61
Viva,6111260232101,"['en:dairies', 'en:fermented-foods', 'en:fermented-milk-products', 'en:cheeses', 'fr:viva']",4,[],"['en:e330', 'en:e341', 'en:e450', 'en:e452']",246.0,20.0,15.0,9.0,,7.0,1.8
Coulommiers 21%,3228023170068,"['en:dairies', 'en:fermented-foods', 'en:fermented-milk-products', 'en:cheeses', 'en:soft-cheeses', 'en:cow-cheeses', 'en:soft-cheeses-with-bloomy-rind', 'en:french-cheeses', 'en:pasteurized-cheeses', 'en:coulommiers']",0,[],[],265.0,21.0,15.0,0.5,0.0,19.0,1.3
Queso fresco batido desnatado,8480000510716,"['en:dairies', 'en:fermented-foods', 'en:fermented-milk-products', 'en:cheeses', 'en:desserts', 'en:dairy-desserts', 'en:fermented-dairy-desserts', 'en:fromages-blancs-petit-suisses-and-skyr', 'en:fresh-cheeses', 'fr:fromages-blancs']",0,[],[],46.0,0.5,0.1,3.5,0.0,8.0,0.1
fromage à tartiner à l'ail et aux fines herbes,4056489301370,"['en:dairies', 'en:fermented-foods', 'en:fermented-milk-products', 'en:cheeses', 'en:spreads', 'en:salted-spreads', 'en:cheese-spreads', 'en:cream-cheeses', 'en:flavoured-uncured-soft-cheese-spreadable-with-around-30-40-fat']",1,[],['en:e412'],288.0,27.2,19.0,2.8,0.5,6.8,1.0
Филаделфия,7622210590473,"['en:dairies', 'en:fermented-foods', 'en:fermented-milk-products', 'en:cheeses', 'en:cream-cheeses', 'ro:brânză-din-lapte-de-vacă', 'ro:brânză-tartinabilă', 'ro:cremă-de-brânză', 'ro:gustări-de-brânză', 'ro:produse-fermentate', 'ro:produse-lactate-fermentate']",1,[],['en:e330'],226.0,21.0,14.0,4.3,0.2,5.4,0.75
Havarti,8480000505453,"['en:dairies', 'en:fermented-foods', 'en:fermented-milk-products', 'en:cheeses', 'en:cow-cheeses', 'en:danish-cheeses', 'en:havarti']",0,[],[],1580.0,140.0,100.0,2.0,0.0,76.0,0.0
mozzarella,8000430138719,"['en:dairies', 'en:fermented-foods', 'en:fermented-milk-products', 'en:cheeses', 'en:cow-cheeses', 'en:italian-cheeses', 'en:stretched-curd-cheeses', 'en:mozzarella', 'en:cow-mozzarella']",0,[],[],220.0,18.0,13.0,1.0,,17.0,0.7
Emmental râpé,3564700014660,"['en:dairies', 'en:fermented-foods', 'en:fermented-milk-products', 'en:cheeses', 'en:cow-cheeses', 'en:hard-cheeses', 'en:emmentaler', 'en:french-cheeses', 'en:refrigerated-foods', 'en:french-emmentaler', 'en:pasteurized-cheeses', 'en:grated-cheese', 'en:grated-emmentaler', 'en:industrial-cheese']",0,[],[],371.0,29.0,21.0,0.5,0.5,27.0,0.83
Petit frais,6111246720790,"['en:dairies', 'en:fermented-foods', 'en:fermented-milk-products', 'en:cheeses', 'en:spreads', 'en:salted-spreads', 'en:cheese-spreads']",0,[],[],37.0,0.0,0.0,9.0,,0.0,0.0
Emmental Français Sans additif,3123930711703,"['en:dairies', 'en:fermented-foods', 'en:fermented-milk-products', 'en:cheeses', 'en:cow-cheeses', 'en:hard-cheeses', 'en:emmentaler', 'en:french-cheeses', 'en:french-emmentaler', 'en:grated-cheese', 'en:grated-emmentaler']",0,[],[],382.0,30.0,20.0,0.5,,28.0,0.7
Parmigiano Reggiano,3760056260076,"['en:dairies', 'en:fermented-foods', 'en:fermented-milk-products', 'en:cheeses', 'en:cow-cheeses', 'en:fresh-foods', 'en:unpasteurised-products', 'en:italian-cheeses', 'en:unpasteurised-cheeses', 'en:grated-cheese', 'en:parmigiano-reggiano', 'en:aoc-cheeses', 'en:aoc-products', 'en:labeled-cheeses', 'en:labeled-products', 'fr:gefermenteerde-levensmiddelen', 'fr:gefermenteerde-zuivelproducten', 'fr:geraspte-kazen', 'fr:italiaanse-kazen', 'fr:kazen', 'fr:zuivelproducten']",0,[],[],402.0,30.0,20.0,0.0,0.0,32.0,1.6
"Tomato, Grana Padano & Mascarpone",5000157146342,"['en:dairies', 'en:fermented-foods', 'en:fermented-milk-products', 'en:cheeses', 'en:condiments', 'en:sauces', 'en:italian-cheeses', 'en:pasta-sauces', 'en:tomato-sauces', 'en:cream-cheeses', 'en:mascarpone']",0,[],[],95.0,6.4,3.8,4.7,,2.9,0.728
Kiri carré 12p,6111028000997,"['en:dairies', 'en:fermented-foods', 'en:fermented-milk-products', 'en:cheeses', 'en:spreads', 'en:salted-spreads', 'en:cheese-spreads', 'en:melted-cheese']",0,[],[],230.0,20.0,13.0,2.0,0.0,9.0,1.6
Saint Agur Crème,3280640653010,"['en:dairies', 'en:fermented-foods', 'en:fermented-milk-products', 'en:cheeses', 'en:spreads', 'en:salted-spreads', 'en:cheese-spreads']",3,[],"['en:e270', 'en:e450', 'en:e452']",286.0,25.0,18.0,0.8,,13.0,1.5
Pizzarella premium,6111259090132,"['en:dairies', 'en:fermented-foods', 'en:fermented-milk-products', 'en:cheeses', 'en:cow-cheeses', 'en:italian-cheeses', 'en:stretched-curd-cheeses', 'en:mozzarella']",3,[],"['en:e202', 'en:e330', 'en:e331']",5280.0,40.0,52.0,0.0,0.0,8.0,20.0
PRESIDENT BURGER CHEDDAR EMMENTAL 12 TRANCHES 200g,3032220061100,"['en:dairies', 'en:fermented-foods', 'en:fermented-milk-products', 'en:cheeses', 'en:cow-cheeses', 'en:fresh-foods', 'en:sliced-cheeses', 'en:melted-cheese', 'fr:fromages-fondus-a-l-emmental-et-au-cheddar']",4,[],"['en:e160b', 'en:e330', 'en:e407', 'en:e452']",231.0,17.0,12.0,4.5,,13.5,2.36
Mini Babybel Original,3073781177916,"['en:dairies', 'en:fermented-foods', 'en:fermented-milk-products', 'en:cheeses', 'en:soft-cheeses', 'en:cow-cheeses', 'en:soft-cheeses-with-bloomy-rind', 'en:pasteurised-products', 'en:pasteurized-cheeses', 'en:soft-ripened-washed-rind-cheese-from-pasteurised-milk']",0,[],[],295.0,23.0,15.5,0.1,0.0,22.0,1.7
Babybel,3073781178005,"['en:dairies', 'en:fermented-foods', 'en:fermented-milk-products', 'en:cheeses', 'en:cheeses-perishable']",0,[],[],295.0,23.0,15.5,0.1,,22.0,1.7
Almette Cu Smântân?,4002671118622,"['en:dairies', 'en:fermented-foods', 'en:fermented-milk-products', 'en:cheeses', 'en:fresh-cheeses', 'en:cream-cheeses']",0,[],[],259.0,25.0,17.0,3.0,,5.6,1.7
LA HOLLANDAISE CLASSIQUE 64P,6111203007384,"['en:dairies', 'en:fermented-foods', 'en:fermented-milk-products', 'en:cheeses']",5,[],"['en:e202', 'en:e341', 'en:e407', 'en:e450', 'en:e452']",287.0,24.0,13.0,1.0,,5.0,0.6
Fromage Blanc Nature 3%,3270190021087,"['en:dairies', 'en:fermented-foods', 'en:fermented-milk-products', 'en:cheeses', 'en:desserts', 'en:dairy-desserts', 'en:fermented-dairy-desserts', 'en:plain-fermented-dairy-desserts', 'fr:fromages-blancs', 'fr:fromages-blancs-natures']",0,[],[],71.0,3.0,1.9,4.4,,6.5,0.13
"Fromage blanc 3,2% de matière grasse",3250390010364,"['en:dairies', 'en:fermented-foods', 'en:fermented-milk-products', 'en:cheeses', 'en:desserts', 'en:dairy-desserts', 'en:fermented-dairy-desserts', 'en:plain-fermented-dairy-desserts', 'fr:fromages-blancs', 'fr:fromages-blancs-natures']",0,[],[],75.0,3.2,2.1,4.3,0.5,7.2,0.13
Mini Original,3073781177961,"['en:dairies', 'en:fermented-foods', 'en:fermented-milk-products', 'en:cheeses', 'en:cow-cheeses', 'en:pasteurized-cheeses']",0,[],[],295.0,23.0,15.5,0.1,0.0,22.0,1.7
Skyr nature,3033491772917,"['en:dairies', 'en:fermented-foods', 'en:fermented-milk-products', 'en:cheeses', 'en:desserts', 'en:dairy-desserts', 'en:frozen-foods', 'en:fermented-dairy-desserts', 'en:fromages-blancs-petit-suisses-and-skyr', 'en:plain-fermented-dairy-desserts', 'en:skyrs', 'en:cream-cheeses', 'en:plain-skyrs']",0,[],[],57.0,0.2,0.1,3.9,,10.0,0.09
Ervas finas,20103347,"['en:dairies', 'en:fermented-foods', 'en:fermented-milk-products', 'en:cheeses', 'en:spreads', 'en:salted-spreads', 'en:cheese-spreads', 'en:cream-cheeses', 'en:lacteos']",1,[],['en:e412'],232.0,21.8,15.3,2.9,0.5,5.4,1.0
Extra Mature Cheddar Cheese,5000295148154,"['en:dairies', 'en:fermented-foods', 'en:fermented-milk-products', 'en:cheeses', 'en:cow-cheeses', 'en:cheeses-from-the-united-kingdom', 'en:cheeses-from-england', 'en:cheddar-cheese', 'en:extra-mature-cheddar']",0,[],[],416.0,34.9,21.7,0.1,,25.4,1.8
Extra Mature Cheddar,5000295141599,"['en:dairies', 'en:fermented-foods', 'en:fermented-milk-products', 'en:cheeses', 'en:cow-cheeses', 'en:cheeses-from-the-united-kingdom', 'en:cheeses-from-england', 'en:cheddar-cheese', 'en:extra-mature-cheddar']",0,[],[],416.0,34.9,21.7,0.1,,25.4,1.77
Light,8721800400884,"['en:dairies', 'en:fermented-foods', 'en:fermented-milk-products', 'en:cheeses', 'en:cow-cheeses', 'en:cheeses-of-the-netherlands', 'en:leerdammer']",0,[],[],260.0,16.0,10.5,0.5,,29.5,1.48
Cheesestrings,5000187130946,"['en:dairies', 'en:fermented-foods', 'en:fermented-milk-products', 'en:cheeses', 'en:string-cheeses']",2,[],"['en:e270', 'en:e330']",305.0,22.5,14.0,1.0,,23.0,1.77
SEREK WIEJSKI,5900531000010,"['en:dairies', 'en:fermented-foods', 'en:fermented-milk-products', 'en:cheeses', 'en:desserts', 'en:spreads', 'en:dairy-desserts', 'en:salted-spreads', 'en:fermented-dairy-desserts', 'en:plain-fermented-dairy-desserts', 'en:fresh-cheeses', 'en:cheese-spreads', 'en:cottage-cheeses', 'en:plain-cottage-cheeses']",0,[],[],97.0,5.0,3.5,1.5,,11.0,0.6875
Mozzarella râpée,20942182,"['en:dairies', 'en:fermented-foods', 'en:fermented-milk-products', 'en:cheeses', 'en:italian-cheeses', 'en:stretched-curd-cheeses', 'en:mozzarella', 'en:grated-cheese', 'en:grated-mozzarella']",0,[],[],309.0,22.8,15.4,0.1,0.0,23.3,0.97
"Fromage blanc nature 3,0%mg pot 900g",3256224080435,"['en:dairies', 'en:fermented-foods', 'en:fermented-milk-products', 'en:cheeses', 'en:desserts', 'en:dairy-desserts', 'en:fermented-dairy-desserts', 'en:plain-fermented-dairy-desserts', 'en:refrigerated-foods', 'fr:fromages-blancs', 'fr:fromages-blancs-natures']",0,[],[],74.0,3.0,2.0,4.3,0.5,7.3,0.19
Tartare Ail & Fines Herbes,3272770099387,"['en:dairies', 'en:fermented-foods', 'en:fermented-milk-products', 'en:cheeses', 'en:spreads', 'en:salted-spreads', 'en:pasteurised-products', 'en:pasteurized-cheeses', 'en:cheese-spreads', 'en:flavoured-uncured-soft-cheese-spreadable-with-around-30-40-fat']",0,[],[],348.0,34.5,24.5,2.3,,7.0,1.1
Cottage Cheese,20002183,"['en:dairies', 'en:fermented-foods', 'en:fermented-milk-products', 'en:cheeses', 'en:desserts', 'en:dairy-desserts', 'en:cow-cheeses', 'en:fermented-dairy-desserts', 'en:plain-fermented-dairy-desserts', 'en:fresh-cheeses', 'en:cottage-cheeses', 'en:plain-cottage-cheeses']",0,[],[],98.0,4.5,3.0,2.8,,11.5,0.52
fromage perly 64p,6111266960350,"['en:dairies', 'en:fermented-foods', 'en:fermented-milk-products', 'en:cheeses']",1,[],['en:e452'],260.0,22.0,15.0,5.0,,10.0,3.75
Skyr Nature,3023290027332,"['en:dairies', 'en:fermented-foods', 'en:fermented-milk-products', 'en:cheeses', 'en:desserts', 'en:dairy-desserts', 'en:fermented-dairy-desserts', 'en:plain-fermented-dairy-desserts', 'en:skyrs', 'en:plain-skyrs']",0,[],[],52.1,0.0,0.0,3.5,,9.5,0.0982
Kiri carré 24p,6111028001000,"['en:dairies', 'en:fermented-foods', 'en:fermented-milk-products', 'en:cheeses', 'en:spreads', 'en:salted-spreads', 'en:cheese-spreads', 'en:melted-cheese']",4,[],"['en:e14xx', 'en:e330', 'en:e407', 'en:e452']",230.0,20.0,13.0,2.0,,9.0,1.6
Emmental Râpé Fondant,3270190207696,"['en:dairies', 'en:fermented-foods', 'en:fermented-milk-products', 'en:cheeses', 'en:fresh-foods', 'en:cow-cheeses', 'en:hard-cheeses', 'en:pasteurised-products', 'en:emmentaler', 'en:french-cheeses', 'en:french-emmentaler', 'en:pasteurized-cheeses', 'en:grated-cheese', 'en:grated-emmentaler', 'en:industrial-cheese']",0,[],[],369.0,29.0,19.0,0.5,1.2,27.0,0.7
Boursin® Onctueux Ail & Fines Herbes,3073781091861,"['en:dairies', 'en:fermented-foods', 'en:fermented-milk-products', 'en:cheeses', 'en:spreads', 'en:salted-spreads', 'en:cow-cheeses', 'en:pasteurised-products', 'en:pasteurized-cheeses', 'en:cheese-spreads', 'en:cheeses-perishable', 'en:flavoured-uncured-soft-cheese-spreadable-with-around-30-40-fat', 'en:industrial-cheese']",1,[],['en:e202'],290.0,28.0,19.0,2.5,,6.5,1.1
Cream Cheese,3236240070313,"['en:dairies', 'en:fermented-foods', 'en:fermented-milk-products', 'en:cheeses', 'en:spreads', 'en:salted-spreads', 'en:cheese-spreads', 'en:cream-cheeses']",0,[],[],252.0,24.0,17.0,3.0,,5.9,1.1
Gervita nature,3033490165000,"['en:dairies', 'en:fermented-foods', 'en:fermented-milk-products', 'en:cheeses', 'en:desserts', 'en:dairy-desserts', 'en:fermented-dairy-desserts', 'en:plain-fermented-dairy-desserts', 'fr:fromages-blancs', 'fr:fromages-blancs-natures']",1,[],['en:e428'],134.0,10.2,7.1,3.7,,6.9,0.09
Creamy Original Flavour,5202390013836,"['en:plant-based-foods-and-beverages', 'en:dairies', 'en:fermented-foods', 'en:plant-based-foods', 'en:fermented-milk-products', 'en:cheeses', 'en:dairy-substitutes', 'en:spreads', 'en:vegan-products', 'en:salted-spreads', 'en:cheese-spreads', 'en:cheese-substitutes']",1,[],['en:e575'],239.0,23.0,21.0,0.0,,0.0,1.2
Comté,3123930650064,"['en:dairies', 'en:fermented-foods', 'en:fermented-milk-products', 'en:cheeses', 'en:hard-cheeses', 'en:french-cheeses', 'en:comte']",0,[],[],410.0,34.0,22.0,0.5,,26.0,0.8
Camembert,3275240312016,"['en:dairies', 'en:fermented-foods', 'en:fermented-milk-products', 'en:cheeses', 'en:soft-cheeses', 'en:cow-cheeses', 'en:fresh-foods', 'en:soft-cheeses-with-bloomy-rind', 'en:camemberts', 'en:cow-camemberts', 'en:french-cheeses', 'en:pasteurized-cheeses', 'en:soft-cheese-with-a-natural-rind', 'en:soft-cheeses-with-washed-rind', 'en:camemberts-from-pasteurized-cow-milk']",0,[],[],278.0,22.0,17.0,0.5,,20.0,1.4
la hollandaise 16p cheddar,6111203004451,"['en:dairies', 'en:fermented-foods', 'en:fermented-milk-products', 'en:cheeses', 'en:spreads', 'en:salted-spreads', 'en:cheese-spreads']",3,[],"['en:e341', 'en:e450', 'en:e452']",270.0,23.0,0.0,0.0,,10.0,0.0
Skyr Icelandic Style Strawberry Yogurt,4016241030580,"['en:dairies', 'en:fermented-foods', 'en:fermented-milk-products', 'en:cheeses', 'en:desserts', 'en:dairy-desserts', 'en:fermented-dairy-desserts', 'en:fermented-dairy-desserts-with-fruits', 'en:yogurts', 'en:fruit-yogurts', 'en:skyrs', 'en:cream-cheeses']",0,[],[],68.0,0.2,0.1,6.8,0.0,8.5,0.1175
La bûche légère -30% M.G,3523237756009,"['en:dairies', 'en:fermented-foods', 'en:fermented-milk-products', 'en:cheeses', 'en:goat-cheeses', 'en:pasteurized-cheeses', 'es:rulo-de-cabra', 'fr:fromages-alleges']",0,[],[],205.0,12.0,8.5,1.2,,23.0,1.67
Saint Albray gourmand & crémeux,3222110030884,"['en:dairies', 'en:fermented-foods', 'en:fermented-milk-products', 'en:cheeses', 'en:soft-cheeses', 'en:cow-cheeses', 'en:soft-cheeses-with-bloomy-rind', 'en:pasteurised-products', 'en:french-cheeses', 'en:soft-cheeses-with-washed-rind', 'en:pasteurized-cheeses', 'en:soft-cheese-with-a-natural-rind']",0,[],[],365.0,33.0,24.0,0.5,,17.0,1.2
FETA AOP GRECQUE,3272770015523,"['en:dairies', 'en:fermented-foods', 'en:fermented-milk-products', 'en:cheeses', 'en:pasteurised-products', 'en:greek-cheeses', 'en:pasteurized-cheeses', 'en:sheep-s-milk-cheeses', 'en:feta', 'en:feta-blocs']",0,[],[],271.0,23.0,13.8,0.0,0.0,16.0,2.3
Cottage Cheese,20051921,"['en:dairies', 'en:fermented-foods', 'en:fermented-milk-products', 'en:cheeses', 'en:spreads', 'en:salted-spreads', 'en:fresh-cheeses', 'en:cheese-spreads', 'en:cottage-cheeses']",0,[],[],97.0,5.0,3.4,0.0,0.0,11.0,0.75
Feta AOP,20653798,"['en:dairies', 'en:fermented-foods', 'en:fermented-milk-products', 'en:cheeses', 'en:greek-cheeses', 'en:sheep-s-milk-cheeses', 'en:feta', 'en:feta-type-cheese']",0,[],[],276.0,23.0,16.5,0.5,,15.4,1.9675
Creamfields low fat cottage cheese,5057753127275,"['en:dairies', 'en:fermented-foods', 'en:fermented-milk-products', 'en:cheeses', 'en:fresh-cheeses', 'en:cottage-cheeses']",0,[],[],56.0,0.9,0.5,3.1,0.0,8.9,0.383
Fromage tartinable Nature,3412290070088,"['en:dairies', 'en:fermented-foods', 'en:fermented-milk-products', 'en:cheeses', 'en:spreads', 'en:salted-spreads', 'en:cheese-spreads', 'fr:fromage-fouette']",0,[],[],252.0,24.0,17.3,3.0,0.0,5.9,1.1
Fromage,6111250470827,"['en:dairies', 'en:fermented-foods', 'en:fermented-milk-products', 'en:cheeses']",0,[],[],230.0,18.0,12.0,6.0,,10.5,1.7
Fromage blanc 0%,3564700425923,"['en:dairies', 'en:fermented-foods', 'en:fermented-milk-products', 'en:cheeses', 'en:desserts', 'en:dairy-desserts', 'en:fermented-dairy-desserts', 'en:fromages-blancs-petit-suisses-and-skyr', 'en:plain-fermented-dairy-desserts', 'fr:fromages-blancs', 'en:fat-free-plain-fresh-cream-cheese', 'fr:fromages-blancs-natures']",0,[],[],54.0,0.5,0.2,5.4,0.5,6.8,0.0
L'Emmental Français Extra fin,3123930711758,"['en:dairies', 'en:fermented-foods', 'en:fermented-milk-products', 'en:cheeses', 'en:cow-cheeses', 'en:hard-cheeses', 'en:emmentaler', 'en:french-cheeses', 'en:french-emmentaler', 'en:grated-cheese', 'en:grated-emmentaler']",0,[],[],369.0,30.0,20.0,0.5,,28.0,0.7
Queso untar light formato familiar,7622210103505,"['en:dairies', 'en:fermented-foods', 'en:fermented-milk-products', 'en:cheeses', 'en:spreads', 'en:salted-spreads', 'en:fresh-cheeses', 'en:cheese-spreads']",3,[],"['en:e202', 'en:e407', 'en:e410']",154.0,12.0,8.1,4.0,0.3,5.9,1.1
Cheese leerdammer original,8721800400808,"['en:dairies', 'en:fermented-foods', 'en:fermented-milk-products', 'en:cheeses', 'en:cow-cheeses', 'en:cheeses-of-the-netherlands']",0,[],[],352.0,28.0,19.0,0.1,,26.0,1.5
Fromage tranches pour sandwich,6111245341439,"['en:dairies', 'en:fermented-foods', 'en:fermented-milk-products', 'en:cheeses', 'en:melted-cheese']",5,[],"['en:e202', 'en:e330', 'en:e407', 'en:e450', 'en:e452']",266.0,22.0,22.0,9.0,,8.0,1.0
Boursin Ail & Fines Herbes,3073781099621,"['en:dairies', 'en:fermented-foods', 'en:fermented-milk-products', 'en:cheeses', 'en:spreads', 'en:salted-spreads', 'en:cheese-spreads', 'en:cheeses-perishable', 'en:flavoured-uncured-soft-cheese-spreadable-with-around-30-40-fat']",1,[],['en:e202'],385.0,37.0,25.0,2.2,,8.5,1.3
fromage,6111028000867,"['en:dairies', 'en:fermented-foods', 'en:fermented-milk-products', 'en:cheeses', 'en:desserts', 'en:dairy-desserts', 'en:fermented-dairy-desserts', 'en:processed-cheese', 'fr:fromages-blancs', 'en:cubed-appetizer-cheese']",0,[],[],230.0,18.0,12.0,6.5,,10.5,1.7
Lightest,7622201693930,"['en:dairies', 'en:fermented-foods', 'en:fermented-milk-products', 'en:cheeses', 'en:spreads', 'en:salted-spreads', 'en:cheese-spreads', 'en:cream-cheeses']",2,[],"['en:e330', 'en:e410']",86.7,2.67,1.67,5.0,0.333,10.7,0.85
Roquefort Société,3023260030980,"['en:dairies', 'en:fermented-foods', 'en:fermented-milk-products', 'en:cheeses', 'en:blue-veined-cheeses', 'en:french-blue-veined-cheeses', 'en:sheep-s-milk-cheeses', 'en:roquefort-cheeses']",0,[],[],365.0,31.7,22.5,0.0,,19.0,8.375
Skyr vanille 4 x 100 g,3329770083233,"['en:dairies', 'en:fermented-foods', 'en:fermented-milk-products', 'en:cheeses', 'en:desserts', 'en:dairy-desserts', 'en:fermented-dairy-desserts', 'en:fromages-blancs-petit-suisses-and-skyr', 'en:skyrs']",0,[],[],78.0,0.5,0.1,10.0,,7.8,0.12
,3073781111576,"['en:dairies', 'en:fermented-foods', 'en:fermented-milk-products', 'en:cheeses']",0,[],[],288.0,25.5,17.0,5.5,,9.0,1.8
Stamford Street Co Soft Cheese,00370950,"['en:dairies', 'en:fermented-foods', 'en:fermented-milk-products', 'en:cheeses', 'en:spreads', 'en:salted-spreads', 'en:cheese-spreads', 'en:uncured-soft-cheese-spreadable-with-around-20-fat']",0,[],[],202.0,19.0,15.6,3.3,0.5,4.3,0.5
,6111246722084,"['en:dairies', 'en:fermented-foods', 'en:fermented-milk-products', 'en:cheeses']",0,[],[],333.0,33.3,20.0,3.33,0.0,6.67,0.792
Skyr,3033490004743,"['en:dairies', 'en:fermented-foods', 'en:fermented-milk-products', 'en:cheeses', 'en:desserts', 'en:dairy-desserts', 'en:fermented-dairy-desserts', 'en:fromages-blancs-petit-suisses-and-skyr', 'en:yogurts', 'en:plain-fermented-dairy-desserts', 'en:skyrs', 'en:plain-skyrs']",0,[],[],57.0,0.2,0.1,3.9,,10.0,0.09
Chèvre frais,20455569,"['en:dairies', 'en:fermented-foods', 'en:fermented-milk-products', 'en:cheeses', 'en:pasteurised-products', 'en:goat-cheeses', 'en:fresh-goat-cheese', 'en:pasteurized-cheeses', 'en:cream-cheeses', 'fr:fromage-au-lait-de-chevre-pasteurise']",0,[],[],160.0,12.0,8.0,3.0,0.0,10.0,1.1
Exquisa,40193151,"['en:dairies', 'en:fermented-foods', 'en:fermented-milk-products', 'en:cheeses', 'en:spreads', 'en:salted-spreads', 'en:cheese-spreads', 'en:cream-cheeses']",0,[],[],238.0,22.5,15.7,3.0,,5.5,0.7
caprice-des-dieux,3161710000128,"['en:dairies', 'en:fermented-foods', 'en:fermented-milk-products', 'en:cheeses', 'en:soft-cheeses', 'en:cow-cheeses', 'en:french-cheeses', 'en:lactose-free-cheeses']",0,[],[],333.0,30.0,21.0,0.5,,15.0,1.4
Camembert Le Rustique,3153126826003,"['en:dairies', 'en:fermented-foods', 'en:fermented-milk-products', 'en:cheeses', 'en:soft-cheeses', 'en:cow-cheeses', 'en:fresh-foods', 'en:soft-cheeses-with-bloomy-rind', 'en:camemberts', 'en:french-cheeses', 'en:camemberts-pasteurises', 'en:fromages-pasteurises']",0,[],[],268.0,20.0,14.0,0.5,,21.0,1.5
Quesitos,8480000524058,"['en:dairies', 'en:fermented-foods', 'en:fermented-milk-products', 'en:cheeses', 'en:fresh-cheeses', 'en:pasteurized-cheeses', 'en:melted-cheese']",5,[],"['en:e202', 'en:e330', 'en:e331', 'en:e450', 'en:e452']",192.0,14.3,9.9,3.9,,11.8,1.78
Fromage edam,8710912074922,"['en:dairies', 'en:fermented-foods', 'en:fermented-milk-products', 'en:cheeses', 'en:cheeses-of-the-netherlands', 'en:edam']",0,[],[],324.0,24.0,17.0,0.0,0.0,26.0,9.64
Queso Gouda,8713734033825,"['en:dairies', 'en:fermented-foods', 'en:fermented-milk-products', 'en:cheeses', 'en:cow-cheeses', 'en:uncooked-pressed-cheeses', 'en:cheeses-of-the-netherlands', 'en:gouda', 'en:gouda-cheese', 'en:gouda-cheeses', 'es:queso-gouda']",0,[],[],345.0,27.9,19.3,0.0,0.0,23.4,0.0
Garlic & Herbs,7622201694777,"['en:dairies', 'en:fermented-foods', 'en:fermented-milk-products', 'en:cheeses', 'en:spreads', 'en:salted-spreads', 'en:soft-cheeses', 'en:cheese-spreads']",3,[],"['en:e330', 'en:e407', 'en:e412']",142.0,10.0,6.7,5.3,0.4,7.2,0.91
Mascarpone,8000430172010,"['en:dairies', 'en:fermented-foods', 'en:fermented-milk-products', 'en:cheeses', 'en:cow-cheeses', 'en:pasteurised-products', 'en:italian-cheeses', 'en:fresh-cheeses', 'en:pasteurized-cheeses', 'en:cream-cheeses', 'en:mascarpone']",1,[],['en:e330'],403.0,41.0,28.0,3.0,,4.5,0.08
La vache qui rit,3073781192216,"['en:dairies', 'en:fermented-foods', 'en:fermented-milk-products', 'en:cheeses', 'en:cheeses-perishable']",1,[],['en:e452'],232.0,18.0,12.0,6.5,,11.0,1.7
campo verde slice,6111266680128,"['en:dairies', 'en:fermented-foods', 'en:fermented-milk-products', 'en:cheeses']",8,[],"['en:e14xx', 'en:e160a', 'en:e160b', 'en:e202', 'en:e339', 'en:e407', 'en:e410', 'en:e452']",266.0,22.0,10.0,6.0,,10.0,3.75
Galbani mozzarella - maxi 250g,8000430135268,"['en:dairies', 'en:fermented-foods', 'en:fermented-milk-products', 'en:cheeses', 'en:fresh-foods', 'en:cow-cheeses', 'en:pasteurised-products', 'en:italian-cheeses', 'en:stretched-curd-cheeses', 'en:mozzarella', 'en:pasteurized-cheeses', 'en:cow-mozzarella', 'en:industrial-cheese']",1,[],['en:e330'],238.0,18.0,13.0,1.0,,17.0,0.7
Grana padano rape 12 mois aop lc 100g,3250390244950,"['en:dairies', 'en:fermented-foods', 'en:fermented-milk-products', 'en:cheeses', 'en:fresh-foods', 'en:cow-cheeses', 'en:hard-cheeses', 'en:italian-cheeses', 'en:grana-padano', 'en:grated-cheese', 'fr:autre-fromage-a-pate-pressee-cuite', 'fr:fromages-aoc', 'fr:fromages-labellises', 'fr:produits-aoc', 'fr:produits-labellises']",1,[],['en:e1105'],398.0,29.0,18.0,0.0,0.0,33.0,1.5
Original Pack Familiar,7622210103963,"['en:dairies', 'en:fermented-foods', 'en:fermented-milk-products', 'en:cheeses', 'en:spreads', 'en:salted-spreads', 'en:fresh-cheeses', 'en:cheese-spreads']",4,[],"['en:e202', 'en:e401', 'en:e407', 'en:e412']",280.0,27.5,19.5,2.7,0.1,4.5,1.05
Fromage de Chèvre fouetté nature,3523230038287,"['en:dairies', 'en:fermented-foods', 'en:fermented-milk-products', 'en:cheeses', 'en:spreads', 'en:salted-spreads', 'en:goat-cheeses', 'en:cheese-spreads', 'en:spreadable-goat-cheese']",0,[],[],248.0,24.0,17.0,1.3,,6.8,0.9
Gervais fromage à la créme,6111032008125,"['en:dairies', 'en:fermented-foods', 'en:fermented-milk-products', 'en:cheeses', 'en:desserts', 'en:dairy-desserts', 'en:cream-cheeses']",0,[],[],255.0,23.0,15.6,0.0,,6.0,0.6
Mini light,3073781081909,"['en:dairies', 'en:fermented-foods', 'en:fermented-milk-products', 'en:cheeses']",0,[],[],210.0,12.0,8.0,0.05,,25.0,1.78
Mild & Creamy Mozzarella Grated,5000462979826,"['en:dairies', 'en:fermented-foods', 'en:fermented-milk-products', 'en:cheeses', 'en:italian-cheeses', 'en:stretched-curd-cheeses', 'en:mozzarella']",0,[],[],296.0,21.5,13.6,1.0,,22.7,1.42
Camembert lepetit 250g 21%,3228020190427,"['en:dairies', 'en:fermented-foods', 'en:fermented-milk-products', 'en:cheeses', 'en:fresh-foods', 'en:soft-cheeses', 'en:cow-cheeses', 'en:soft-cheeses-with-bloomy-rind', 'en:camemberts', 'en:pasteurised-products', 'en:cow-camemberts', 'en:french-cheeses', 'en:pasteurized-cheeses', 'en:camemberts-from-pasteurized-cow-milk', 'en:industrial-cheese']",0,[],[],265.0,21.0,14.0,0.5,,19.0,1.3
Mozzarella light,20097776,"['en:dairies', 'en:fermented-foods', 'en:fermented-milk-products', 'en:cheeses', 'en:cow-cheeses', 'en:fresh-foods', 'en:italian-cheeses', 'en:stretched-curd-cheeses', 'en:mozzarella', 'en:pasteurized-cheeses', 'en:industrial-cheese']",1,[],['en:e330'],157.0,8.67,5.67,1.0,1.67,19.0,0.5
HIGH PROTEIN Quark,4056489216216,"['en:dairies', 'en:fermented-foods', 'en:fermented-milk-products', 'en:cheeses', 'en:desserts', 'en:dairy-desserts', 'en:fermented-dairy-desserts', 'en:fromages-blancs-petit-suisses-and-skyr', 'en:quarks', 'fr:fromages-blancs']",2,[],"['en:e412', 'en:e955']",67.8776290524,0.5,0.4,2.6,,12.4,0.1375
Leerdammer original 16 tranches 400g,8721800402031,"['en:dairies', 'en:fermented-foods', 'en:fermented-milk-products', 'en:cheeses', 'en:sliced-cheeses', 'fr:fromage-leerdammer']",0,[],[],352.0,27.5,18.5,0.1,,26.0,1.5
Skyr sans lactose à la myrtille et à la framboise,5690845000577,"['en:dairies', 'en:fermented-foods', 'en:fermented-milk-products', 'en:cheeses', 'en:desserts', 'en:dairy-desserts', 'en:fermented-dairy-desserts', 'en:fromages-blancs-petit-suisses-and-skyr', 'en:skyrs']",3,[],"['en:e440', 'en:e950', 'en:e955']",57.0,0.2,0.1,3.9,,9.8,0.14
La vache qui rit,3073781194692,"['en:dairies', 'en:fermented-foods', 'en:fermented-milk-products', 'en:cheeses', 'en:spreads', 'en:frozen-foods', 'en:salted-spreads', 'en:cheese-spreads', 'en:cheeses-perishable', 'en:melted-cheese']",1,[],['en:e452'],232.0,18.0,12.0,6.5,,11.0,1.7
Cheesestrings,5000187130908,"['en:dairies', 'en:fermented-foods', 'en:fermented-milk-products', 'en:cheeses', 'en:cheeses-for-kids']",2,[],"['en:e270', 'en:e330']",305.0,22.5,14.0,1.0,,23.0,0.0045
le blanc nature 900g araai,6111246721940,"['en:dairies', 'en:fermented-foods', 'en:fermented-milk-products', 'en:cheeses', 'en:desserts', 'en:dairy-desserts', 'en:fermented-dairy-desserts', 'en:fromages-blancs-petit-suisses-and-skyr', 'fr:fromages-blancs']",0,[],[],234.7,23.5,0.0,0.0,0.0,4.0,0.0
Babybel,3073780225960,"['en:dairies', 'en:fermented-foods', 'en:fermented-milk-products', 'en:cheeses', 'en:cow-cheeses', 'en:fresh-foods', 'en:french-cheeses', 'en:pasteurized-cheeses', 'en:industrial-cheese']",0,[],[],295.0,23.0,15.5,0.05,,22.0,1.68
,3184670001363,"['en:dairies', 'en:fermented-foods', 'en:fermented-milk-products', 'en:cheeses', 'en:desserts', 'en:dairy-desserts', 'en:fermented-dairy-desserts', 'fr:fromages-blancs', 'en:cream-cheeses', 'en:faiselles', 'en:fresh-cream-cheese-with-cow-s-milk']",0,[],[],76.0,4.5,2.9,4.5,0.0,4.3,0.1
,3272320012507,"['en:dairies', 'en:fermented-foods', 'en:fermented-milk-products', 'en:cheeses', 'en:fresh-foods', 'en:soft-cheeses', 'en:specific-products', 'en:cow-cheeses', 'en:products-for-specific-diets', 'en:soft-cheeses-with-bloomy-rind', 'en:pasteurised-products', 'en:french-cheeses', 'en:soft-cheeses-with-washed-rind', 'en:pasteurized-cheeses', 'en:products-with-reduced-salt', 'en:soft-cheese-with-a-natural-rind', 'en:cheeses-perishable', 'en:industrial-cheese']",0,[],[],328.0,28.0,20.0,0.5,0.0,18.0,1.3
"Fromage blanc 3,2% MG",20158132,"['en:dairies', 'en:fermented-foods', 'en:fermented-milk-products', 'en:cheeses', 'en:desserts', 'en:dairy-desserts', 'en:fermented-dairy-desserts', 'en:plain-fermented-dairy-desserts', 'en:refrigerated-foods', 'fr:fromages-blancs', 'fr:fromages-blancs-natures']",0,[],[],75.0,3.2,2.0,3.9,0.0,7.7,0.11
Buko - Der Sahnige Frischkäse,5711953103766,"['en:dairies', 'en:fermented-foods', 'en:fermented-milk-products', 'en:cheeses', 'en:cream-cheeses', 'en:kase']",0,[],[],252.0,25.0,16.0,3.0,0.0,4.5,0.8
Saint Moret bio,3272770014168,"['en:dairies', 'en:fermented-foods', 'en:fermented-milk-products', 'en:cheeses', 'en:spreads', 'en:salted-spreads', 'en:cow-cheeses', 'en:french-cheeses', 'en:fresh-cheeses', 'en:cheese-spreads']",0,[],[],238.0,22.0,16.0,3.7,,6.2,1.0
Hüttenkäse,4002671157751,"['en:dairies', 'en:fermented-foods', 'en:fermented-milk-products', 'en:cheeses', 'en:desserts', 'en:dairy-desserts', 'en:fermented-dairy-desserts', 'en:plain-fermented-dairy-desserts', 'en:fresh-cheeses', 'en:cottage-cheeses', 'en:cream-cheeses', 'en:plain-cottage-cheeses', 'en:brotaufstriche', 'en:fermentierte-lebensmittel', 'en:fermentierte-milch', 'en:frischkase', 'en:gesalzene-aufstriche', 'en:huttenkase', 'en:kase', 'en:milchnachspeisen', 'en:milchprodukte', 'en:streichkase']",0,[],[],86.5,3.2,2.1,1.5,,12.3,0.84
Skyr nature,3329770084056,"['en:dairies', 'en:fermented-foods', 'en:fermented-milk-products', 'en:cheeses', 'en:desserts', 'en:dairy-desserts', 'en:fermented-dairy-desserts', 'en:fromages-blancs-petit-suisses-and-skyr', 'en:yogurts', 'en:plain-fermented-dairy-desserts', 'en:skyrs', 'en:cream-cheeses', 'en:plain-skyrs']",0,[],[],57.0,0.5,0.1,3.6,,9.5,0.14
Greek Feta,5051140455736,"['en:dairies', 'en:fermented-foods', 'en:fermented-milk-products', 'en:cheeses', 'en:greek-cheeses', 'en:sheep-s-milk-cheeses', 'en:feta']",0,[],[],279.0,23.0,17.1,0.0,0.0,16.9,1.9
CHAUSSEE AUX MOINES 450g,3114270400334,"['en:dairies', 'en:fermented-foods', 'en:fermented-milk-products', 'en:cheeses', 'en:cow-cheeses', 'en:uncooked-pressed-cheeses', 'en:pasteurized-cheeses']",1,[],['en:e235'],305.0,25.0,18.0,0.0,,20.0,1.6
primfrais,3564700568903,"['en:dairies', 'en:fermented-foods', 'en:fermented-milk-products', 'en:cheeses', 'en:spreads', 'en:salted-spreads', 'en:cheese-spreads']",0,[],[],255.0,25.0,16.0,3.0,0.0,4.5,1.0
Mozzarella mini,8000430132267,"['en:dairies', 'en:fermented-foods', 'en:fermented-milk-products', 'en:cheeses', 'en:cow-cheeses', 'en:fresh-foods', 'en:pasteurised-products', 'en:italian-cheeses', 'en:stretched-curd-cheeses', 'en:mozzarella', 'en:pasteurized-cheeses', 'en:cow-mozzarella', 'en:industrial-cheese']",1,[],['en:e330'],233.0,17.0,12.0,0.5,1.0,19.0,0.75
,6111028000799,"['en:dairies', 'en:fermented-foods', 'en:fermented-milk-products', 'en:cheeses', 'en:spreads', 'en:salted-spreads', 'en:cheese-spreads']",0,[],[],70.0,6.9,4.7,0.6,,9.0,9.0
,3023260029731,"['en:dairies', 'en:fermented-foods', 'en:fermented-milk-products', 'en:cheeses', 'en:french-cheeses', 'en:uncooked-pressed-cheeses', 'en:pasteurized-cheeses', 'en:sheep-s-milk-cheeses', 'en:ossau-iraty-cheeses']",0,[],[],412.0,35.5,25.5,0.2,0.0,22.9,1.8
St Môret Léger 8% MG,3272770098601,"['en:dairies', 'en:fermented-foods', 'en:fermented-milk-products', 'en:cheeses', 'en:spreads', 'en:salted-spreads', 'en:cow-cheeses', 'en:pasteurized-cheeses', 'en:cheese-spreads']",0,[],[],132.0,8.0,5.5,5.0,,10.0,1.0
Skyr,5000181039580,"['en:dairies', 'en:fermented-foods', 'en:fermented-milk-products', 'en:cheeses', 'en:desserts', 'en:dairy-desserts', 'en:fermented-dairy-desserts', 'en:fromages-blancs-petit-suisses-and-skyr', 'en:skyrs', 'en:cream-cheeses']",0,[],[],60.0,0.2,0.1,4.0,,10.0,0.0775
Mature Lighter,5000295141612,"['en:dairies', 'en:fermented-foods', 'en:fermented-milk-products', 'en:cheeses', 'en:cow-cheeses', 'en:cheeses-from-the-united-kingdom', 'en:cheeses-from-england', 'en:cheddar-cheese', 'en:mature-cheddar']",0,[],[],310.0,21.5,13.6,0.1,,29.1,1.77
"Mature Cheddar, Strength 3",5057753909536,"['en:dairies', 'en:fermented-foods', 'en:fermented-milk-products', 'en:cheeses', 'en:cow-cheeses', 'en:cheeses-from-the-united-kingdom', 'en:cheeses-from-england', 'en:cheddar-cheese', 'en:mature-cheddar']",0,[],[],416.0,34.9,21.7,0.1,0.0,25.4,1.78
Tesco Soft Cheese 50% less fat,5057967395033,"['en:dairies', 'en:fermented-foods', 'en:fermented-milk-products', 'en:cheeses', 'en:spreads', 'en:salted-spreads', 'en:cheese-spreads']",0,[],[],157.0,11.0,6.9,3.6,0.0,9.7,0.3925
Vrai Fromage blanc 500g,3273220504055,"['en:dairies', 'en:fermented-foods', 'en:fermented-milk-products', 'en:cheeses', 'en:desserts', 'en:dairy-desserts', 'en:fermented-dairy-desserts', 'en:plain-fermented-dairy-desserts', 'fr:fromages-blancs', 'en:fresh-cream-cheese-with-cow-s-milk', 'fr:fromages-blancs-natures']",0,[],[],76.0,3.6,2.4,3.7,,7.2,0.1
Caprice des Dieux,3161716031003,"['en:dairies', 'en:fermented-foods', 'en:fermented-milk-products', 'en:cheeses', 'en:soft-cheeses', 'en:cow-cheeses', 'en:fresh-foods', 'en:soft-cheeses-with-bloomy-rind', 'en:pasteurised-products', 'en:french-cheeses', 'en:pasteurized-cheeses', 'en:soft-cheese-with-a-natural-rind', 'en:double-cream-cheeses', 'en:industrial-cheese']",0,[],[],333.0,30.0,21.0,0.5,0.0,15.0,1.4
Burata,4056489163534,"['en:dairies', 'en:fermented-foods', 'en:fermented-milk-products', 'en:cheeses', 'en:italian-cheeses', 'en:stretched-curd-cheeses', 'en:burrata']",2,[],"['en:e200', 'en:e270']",254.0,23.0,16.0,1.4,,10.0,0.365
Puck,5711953084553,"['en:dairies', 'en:fermented-foods', 'en:fermented-milk-products', 'en:cheeses', 'en:melted-cheese']",1,[],['en:e339'],280.0,27.0,18.0,1.5,,6.0,1.7
Jben chergui *2,6111126005306,"['en:dairies', 'en:fermented-foods', 'en:fermented-milk-products', 'en:cheeses', 'en:desserts', 'en:dairy-desserts', 'en:fermented-dairy-desserts', 'en:fromages-blancs-petit-suisses-and-skyr', 'fr:fromages-blancs']",0,[],[],188.8,16.0,11.2,0.1,,8.4,0.6
"Danone fromage blanc 3,2% de mg 825 x 1",3033491273810,"['en:dairies', 'en:fermented-foods', 'en:fermented-milk-products', 'en:cheeses', 'en:desserts', 'en:dairy-desserts', 'en:fermented-dairy-desserts', 'en:fromages-blancs-petit-suisses-and-skyr', 'en:plain-fermented-dairy-desserts', 'fr:fromages-blancs', 'fr:fromages-blancs-natures']",0,[],[],75.0,3.2,2.2,3.9,0.0,7.7,0.09
La bûche de chèvre Maxi Format,3523230023139,"['en:dairies', 'en:fermented-foods', 'en:fermented-milk-products', 'en:cheeses', 'en:french-cheeses', 'en:goat-cheeses', 'en:pasteurized-cheeses', 'es:rulo-de-cabra']",0,[],[],291.0,23.0,16.0,1.0,,20.0,1.5
La Vache qui rit légère 16 portions,3073781175011,"['en:dairies', 'en:fermented-foods', 'en:fermented-milk-products', 'en:cheeses', 'en:spreads', 'en:salted-spreads', 'en:cheese-preparations', 'en:processed-cheeses', 'en:cheese-spreads', 'en:cheeses-perishable']",1,[],['en:e452'],152.0,8.0,5.3,6.0,,14.0,1.5
Emmental râpé 29% Mat. Gr.,3564700014646,"['en:dairies', 'en:fermented-foods', 'en:fermented-milk-products', 'en:cheeses', 'en:cow-cheeses', 'en:fresh-foods', 'en:hard-cheeses', 'en:emmentaler', 'en:french-cheeses', 'en:french-emmentaler', 'en:pasteurized-cheeses', 'en:grated-cheese', 'en:grated-emmentaler', 'en:industrial-cheese']",0,[],[],371.0,29.0,20.0,0.5,0.0,27.0,0.8
La Faisselle,3184670001141,"['en:dairies', 'en:fermented-foods', 'en:fermented-milk-products', 'en:cheeses', 'en:desserts', 'en:dairy-desserts', 'en:fermented-dairy-desserts', 'fr:fromages-blancs', 'en:cream-cheeses', 'en:faiselles']",0,[],[],76.0,4.5,2.9,4.5,0.0,4.3,0.16
La brique pur brebis,3023260031017,"['en:dairies', 'en:fermented-foods', 'en:fermented-milk-products', 'en:cheeses', 'en:pasteurised-products', 'en:french-cheeses', 'en:pasteurized-cheeses', 'en:sheep-s-milk-cheeses']",0,[],[],305.0,26.3,18.700000762939,0.0,,17.0,1.5
Comté,20358785,"['en:dairies', 'en:fermented-foods', 'en:fermented-milk-products', 'en:cheeses', 'en:hard-cheeses', 'en:french-cheeses', 'en:comte', 'fr:comte-chene-d-argent', 'fr:fromage-comte-chene-d-argent']",0,[],[],410.0,34.0,22.0,0.1,0.0,26.0,0.8
Fondante & gourmande,3073781111552,"['en:dairies', 'en:fermented-foods', 'en:fermented-milk-products', 'en:cheeses']",3,[],"['en:e330', 'en:e341', 'en:e452']",290.0,25.5,17.0,5.8,,9.0,0.0
Salakis Herbes de Provence,3023260005872,"['en:dairies', 'en:fermented-foods', 'en:fermented-milk-products', 'en:cheeses', 'en:sheep-s-milk-cheeses']",0,[],[],293.0,25.8,18.3,0.8,,14.6,2.65
Leerdammer maxi portion,8721800082318,"['en:dairies', 'en:fermented-foods', 'en:fermented-milk-products', 'en:cheeses', 'en:french-cheeses', 'en:cheeses-of-the-netherlands']",1,[],['en:e235'],356.0,27.5,18.5,0.1,0.0,27.0,1.5
Parmigiano reggiano,8001230000787,"['en:dairies', 'en:fermented-foods', 'en:fermented-milk-products', 'en:cheeses', 'en:italian-cheeses', 'en:parmigiano-reggiano', 'en:fermentierte-lebensmittel', 'en:fermentierte-milch', 'en:italienischer-kase', 'en:kuhmilchkase', 'en:kase', 'en:milchprodukte']",0,[],[],402.0,30.0,20.0,0.0,,32.0,1.6
Ricotta,3760056260519,"['en:dairies', 'en:fermented-foods', 'en:fermented-milk-products', 'en:cheeses', 'en:spreads', 'en:salted-spreads', 'en:italian-cheeses', 'en:cheese-spreads', 'en:ricotta']",1,[],['en:e330'],150.0,12.0,8.4,3.0,,7.5,0.000875
Mozzarella,8480000510501,"['en:dairies', 'en:fermented-foods', 'en:fermented-milk-products', 'en:cheeses', 'en:cow-cheeses', 'en:italian-cheeses', 'en:stretched-curd-cheeses', 'en:mozzarella', 'en:cow-mozzarella']",1,[],['en:e330'],202.0,14.0,8.5,0.9,,17.0,0.59
Quesco fresco cabra,8480000511942,"['en:dairies', 'en:fermented-foods', 'en:fermented-milk-products', 'en:cheeses', 'en:goat-cheeses', 'en:cream-cheeses']",1,[],['en:e509'],262.0,21.9,15.6,2.2,12.7,12.7,0.8
Buko - Balance,5711953103780,"['en:dairies', 'en:fermented-foods', 'en:fermented-milk-products', 'en:cheeses', 'en:cream-cheeses', 'de:frischkäsezubereitungen']",0,[],[],190.0,16.0,10.0,3.3,,7.8,0.8
Cottage Cheese,3033491922466,"['en:dairies', 'en:fermented-foods', 'en:fermented-milk-products', 'en:cheeses', 'en:spreads', 'en:salted-spreads', 'en:fresh-cheeses', 'en:cheese-spreads', 'en:cottage-cheeses', 'fr:fromage-sale-a-tartiner']",0,[],[],87.9541108986615,3.3,2.4,1.6,0.0,12.0,0.0
Natural Cottage Cheese,01810325,"['en:dairies', 'en:fermented-foods', 'en:fermented-milk-products', 'en:cheeses', 'en:spreads', 'en:salted-spreads', 'en:fresh-cheeses', 'en:cheese-spreads', 'en:cottage-cheeses']",0,[],[],111.0,6.5,3.9,3.4,,9.6,0.403
Société crème,30005501,"['en:dairies', 'en:fermented-foods', 'en:fermented-milk-products', 'en:cheeses', 'en:spreads', 'en:salted-spreads', 'en:fresh-foods', 'en:french-cheeses', 'en:processed-cheese', 'en:sheep-s-milk-cheeses', 'en:cheese-spreads', 'en:industrial-cheese']",4,[],"['en:e234', 'en:e330', 'en:e339', 'en:e452']",269.0,23.0,15.0,1.6,,14.0,2.0
Gran Padano AOP,3760056260069,"['en:dairies', 'en:fermented-foods', 'en:fermented-milk-products', 'en:cheeses', 'en:italian-cheeses', 'en:grana-padano', 'en:grated-cheese']",1,[],['en:e1105'],398.0,29.0,18.0,0.0,,33.0,1.5
Comté Le Fruité,3123930650132,"['en:dairies', 'en:fermented-foods', 'en:fermented-milk-products', 'en:cheeses', 'en:fresh-foods', 'en:cow-cheeses', 'en:hard-cheeses', 'en:unpasteurised-products', 'en:french-cheeses', 'en:unpasteurised-cheeses', 'en:comte', 'en:aoc-cheeses', 'en:labeled-cheeses', 'fr:produits-aoc']",0,[],[],410.0,34.0,22.0,0.5,,26.0,0.8
Feta,4056489127253,"['en:dairies', 'en:fermented-foods', 'en:fermented-milk-products', 'en:cheeses', 'en:greek-cheeses', 'en:sheep-s-milk-cheeses', 'en:feta', 'en:feta-blocs']",0,[],[],287.0,24.6,0.2,0.2,,16.2,1.9675
Mascarpone,4056489098591,"['en:dairies', 'en:fermented-foods', 'en:fermented-milk-products', 'en:cheeses', 'en:italian-cheeses', 'en:fresh-cheeses', 'en:cream-cheeses', 'en:mascarpone']",1,[],['en:e330'],401.0,41.0,30.0,2.5,2.5,5.5,0.08
Skyr,2006050106639,"['en:dairies', 'en:fermented-foods', 'en:fermented-milk-products', 'en:cheeses', 'en:desserts', 'en:dairy-desserts', 'en:frozen-foods', 'en:fermented-dairy-desserts', 'en:plain-fermented-dairy-desserts', 'en:skyrs', 'en:cream-cheeses', 'en:plain-skyrs']",0,[],[],57.0,0.5,0.1,3.2,0.0,10.0,0.107
Comté Le Montarlier,3228023230090,"['en:dairies', 'en:fermented-foods', 'en:fermented-milk-products', 'en:cheeses', 'en:cow-cheeses', 'en:hard-cheeses', 'en:french-cheeses', 'en:comte']",0,[],[],410.0,34.0,24.0,0.0,,26.0,0.85
Fromage Blanc Nature 0%,3270190020936,"['en:dairies', 'en:fermented-foods', 'en:fermented-milk-products', 'en:cheeses', 'en:desserts', 'en:dairy-desserts', 'en:fermented-dairy-desserts', 'en:fromages-blancs-petit-suisses-and-skyr', 'en:plain-fermented-dairy-desserts', 'fr:fromages-blancs', 'en:fat-free-plain-fresh-cream-cheese', 'fr:fromages-blancs-natures']",0,[],[],47.0,0.0,0.0,4.3,0.0,7.3,0.1
Mozzarella grated,20047214,"['en:dairies', 'en:fermented-foods', 'en:fermented-milk-products', 'en:cheeses', 'en:cow-cheeses', 'en:grated-cheese', 'en:grated-mozzarella']",0,[],[],300.0,22.3,15.2,0.1,,22.1,0.97
Quark Peach-Passion Fruit,4056489216247,"['en:dairies', 'en:fermented-foods', 'en:fermented-milk-products', 'en:cheeses', 'en:fromages-blancs-petit-suisses-and-skyr']",3,[],"['en:e410', 'en:e950', 'en:e955']",69.7896749412,0.5,0.4,3.2,,12.3,0.1375
Philadelphia naturell,4000339697908,"['en:dairies', 'en:fermented-foods', 'en:fermented-milk-products', 'en:cheeses', 'en:spreads', 'en:salted-spreads', 'en:cheese-spreads', 'en:cream-cheeses']",1,[],['en:e330'],226.0,21.0,14.0,0.2,4.3,5.4,0.7375
Skyr sans lactose Cheesecake au citron,5690845000614,"['en:dairies', 'en:fermented-foods', 'en:fermented-milk-products', 'en:cheeses', 'en:desserts', 'en:dairy-desserts', 'en:fermented-dairy-desserts', 'en:fromages-blancs-petit-suisses-and-skyr', 'en:skyrs']",5,[],"['en:e100', 'en:e401', 'en:e440', 'en:e950', 'en:e955']",59.0,0.2,0.1,3.8,,9.5,0.2
Soft cheese lighter,4088600046662,"['en:dairies', 'en:fermented-foods', 'en:fermented-milk-products', 'en:cheeses']",1,[],['en:e410'],152.0,10.9,6.9,3.8,0.4,9.5,0.6875
Halloumi,5057373126719,"['en:dairies', 'en:fermented-foods', 'en:fermented-milk-products', 'en:cheeses', 'en:meat-alternatives', 'en:cypriot-cheeses', 'en:grilling-cheeses', 'en:halloumi']",0,[],[],300.0,22.5,15.0,2.5,0.1,20.7,2.655
Halloumi,01729313,"['en:dairies', 'en:fermented-foods', 'en:fermented-milk-products', 'en:cheeses', 'en:meat-alternatives', 'en:cypriot-cheeses', 'en:grilling-cheeses', 'en:halloumi']",0,[],[],315.0,25.2,18.6,0.5,0.5,20.2,2.5775
Leerdammer léger,8721800021706,"['en:dairies', 'en:fermented-foods', 'en:fermented-milk-products', 'en:cheeses', 'en:cow-cheeses', 'en:hard-cheeses', 'en:pasteurised-products', 'en:emmentaler', 'en:cheeses-of-the-netherlands', 'en:pasteurized-cheeses', 'en:sliced-cheeses', 'en:emmental-slices', 'fr:fromages-alleges']",0,[],[],262.0,16.0,10.5,0.1,0.0,29.5,1.5
Queso fresco Burgos desnatado 0%,8480000510747,"['en:dairies', 'en:fermented-foods', 'en:fermented-milk-products', 'en:cheeses', 'en:fresh-cheeses']",0,[],[],68.0,0.2,0.1,4.4,,12.3,0.8
Boursin Ail & Fines Herbes,3073781069259,"['en:dairies', 'en:fermented-foods', 'en:fermented-milk-products', 'en:cheeses', 'en:spreads', 'en:fresh-foods', 'en:salted-spreads', 'en:cow-cheeses', 'en:pasteurised-products', 'en:french-cheeses', 'en:fresh-cheeses', 'en:pasteurized-cheeses', 'en:cheese-spreads', 'en:cheeses-perishable', 'en:flavoured-uncured-soft-cheese-spreadable-with-around-30-40-fat', 'en:industrial-cheese', 'en:uncured-soft-cheese-spreadable-around-30-40-fat-flavoured']",1,[],['en:e202'],385.0,37.0,25.0,2.2,,8.5,1.3
Lindahl's Kvarg raspberry,3023290018354,"['en:dairies', 'en:fermented-foods', 'en:fermented-milk-products', 'en:cheeses', 'en:desserts', 'en:dairy-desserts', 'en:quarks', 'en:cream-cheeses']",0,[],[],55.3,0.2,0.133,3.13,,10.0,0.0983
Cottage Cheese,5057008762893,"['en:dairies', 'en:fermented-foods', 'en:fermented-milk-products', 'en:cheeses', 'en:desserts', 'en:spreads', 'en:dairy-desserts', 'en:salted-spreads', 'en:fermented-dairy-desserts', 'en:plain-fermented-dairy-desserts', 'en:fresh-cheeses', 'en:cheese-spreads', 'en:cottage-cheeses', 'en:plain-cottage-cheeses']",0,[],[],58.0,0.2,0.1,3.4,,10.2,0.001025
Fromage blanc au lait demi-écrémé,3329770060142,"['en:dairies', 'en:fermented-foods', 'en:fermented-milk-products', 'en:cheeses', 'en:desserts', 'en:dairy-desserts', 'en:fermented-dairy-desserts', 'en:fromages-blancs-petit-suisses-and-skyr', 'en:plain-fermented-dairy-desserts', 'fr:fromages-blancs', 'fr:fromages-blancs-natures']",0,[],[],76.0,3.3,2.2,4.4,,6.9,0.14
Tomme de brebis,20024857,"['en:dairies', 'en:fermented-foods', 'en:fermented-milk-products', 'en:cheeses', 'en:mountain-products', 'en:pasteurised-products', 'en:french-cheeses', 'en:mountain-cheeses', 'en:uncooked-pressed-cheeses', 'en:pasteurized-cheeses', 'en:sheep-s-milk-cheeses', 'en:tomme-cheese-from-cow-s-milk', 'en:pyrenees-cheeses', 'fr:tomme-de-brebis', 'fr:tomme-des-pyrenees']",0,[],[],400.0,34.0,24.0,0.5,0.0,22.0,1.3775
Cancoillotte IGP fabriquée en Franche-Comté,3245390032034,"['en:dairies', 'en:fermented-foods', 'en:fermented-milk-products', 'en:cheeses', 'en:french-cheeses', 'en:processed-cheese', 'en:cancoillottes']",3,[],"['en:e450', 'en:e451', 'en:e452', 'en:e452i']",138.0,8.0,5.6,0.0,,16.0,1.8
Bridelight 12 portions gout emmental 3%mg 200g,3228023020073,"['en:dairies', 'en:fermented-foods', 'en:fermented-milk-products', 'en:cheeses', 'en:spreads', 'en:salted-spreads', 'en:cow-cheeses', 'en:cheese-spreads', 'en:melted-cheese']",9,[],"['en:e234', 'en:e330', 'en:e331', 'en:e339', 'en:e407', 'en:e415', 'en:e450', 'en:e452', 'en:e635']",113.0,3.0,2.0,8.5,,13.0,2.0
Frischkäse,7622300318116,"['en:dairies', 'en:fermented-foods', 'en:fermented-milk-products', 'en:cheeses', 'en:spreads', 'en:salted-spreads', 'en:cheese-spreads', 'en:cream-cheeses']",1,[],['en:e330'],212.0,19.0,12.6666666666667,0.0,0.333333333333333,5.2,0.0
,4056489790075,"['en:dairies', 'en:fermented-foods', 'en:fermented-milk-products', 'en:cheeses', 'en:italian-cheeses', 'en:stretched-curd-cheeses', 'en:mozzarella']",0,[],[],260.0,19.5,13.0,1.1,,20.0,0.59
Cottage Cheese,5025840005195,"['en:dairies', 'en:fermented-foods', 'en:fermented-milk-products', 'en:cheeses', 'en:desserts', 'en:spreads', 'en:dairy-desserts', 'en:salted-spreads', 'en:fermented-dairy-desserts', 'en:plain-fermented-dairy-desserts', 'en:fresh-cheeses', 'en:cheese-spreads', 'en:cottage-cheeses', 'en:plain-cottage-cheeses']",0,[],[],104.0,4.5,3.2,3.6,,12.0,0.422
Mature Cheddar,5057967013869,"['en:dairies', 'en:fermented-foods', 'en:fermented-milk-products', 'en:cheeses', 'en:cow-cheeses', 'en:cheeses-from-the-united-kingdom', 'en:cheeses-from-england', 'en:cheddar-cheese']",0,[],[],416.0,34.9,21.7,0.1,0.0,25.4,1.8
Campo verde - Fromage,6111266680883,"['en:dairies', 'en:fermented-foods', 'en:fermented-milk-products', 'en:cheeses']",8,[],"['en:e1442', 'en:e202', 'en:e234', 'en:e330', 'en:e339', 'en:e407', 'en:e450', 'en:e452']",211.0,17.0,8.0,0.0,0.0,3.5,1.0
Emmental français,3564700014639,"['en:dairies', 'en:fermented-foods', 'en:fermented-milk-products', 'en:cheeses', 'en:cow-cheeses', 'en:hard-cheeses', 'en:emmentaler', 'en:french-cheeses', 'en:french-emmentaler']",0,[],[],371.0,29.0,20.0,0.5,0.0,27.0,0.6
Le Chèvre Typé et Crémeux,3394230110613,"['en:dairies', 'en:fermented-foods', 'en:fermented-milk-products', 'en:cheeses', 'en:french-cheeses', 'en:goat-cheeses', 'en:pasteurized-cheeses']",0,[],[],276.0,22.0,15.0,0.5,,19.0,1.5
St Moret,3272770096843,"['en:dairies', 'en:fermented-foods', 'en:fermented-milk-products', 'en:cheeses', 'en:spreads', 'en:salted-spreads', 'en:pasteurized-cheeses', 'en:cheese-spreads']",0,[],[],205.0,17.8,13.2,3.0,,8.3,1.2
Cancoillotte Nature,3564709051727,"['en:dairies', 'en:fermented-foods', 'en:fermented-milk-products', 'en:cheeses', 'en:french-cheeses', 'en:processed-cheese', 'en:cancoillottes']",1,[],['en:e331'],103.333333333333,7.33333333333333,5.2,0.333333333333333,0.0,8.66666666666667,0.0
Emmental français râpé,3250390010258,"['en:dairies', 'en:fermented-foods', 'en:fermented-milk-products', 'en:cheeses', 'en:cow-cheeses', 'en:hard-cheeses', 'en:emmentaler', 'en:grated-cheese', 'en:grated-emmentaler']",0,[],[],362.0,28.0,19.9,0.5,0.5,27.0,0.8
Obazda,4003751002848,"['en:dairies', 'en:fermented-foods', 'en:fermented-milk-products', 'en:cheeses', 'en:soft-cheeses', 'en:cow-cheeses', 'en:soft-cheeses-with-bloomy-rind', 'en:camemberts']",0,[],[],328.0,29.0,19.0,1.5,,13.0,0.2505
mozzarella,8480000511263,"['en:dairies', 'en:fermented-foods', 'en:fermented-milk-products', 'en:cheeses', 'en:cow-cheeses', 'en:italian-cheeses', 'en:stretched-curd-cheeses', 'en:mozzarella', 'en:sliced-cheeses']",0,[],[],1380.0,105.0,71.4,0.0,,105.0,4.76
Crema De Branza Cu Verdeata,4002671118646,"['en:dairies', 'en:fermented-foods', 'en:fermented-milk-products', 'en:cheeses', 'en:spreads', 'en:salted-spreads', 'en:cheese-spreads', 'en:cream-cheeses', 'ro:brânză-tartinabilă', 'ro:crema-branza']",0,[],[],251.0,23.0,16.0,3.0,,7.0,2.15
Fêta AOP brebis-chèvre,5202258025773,"['en:dairies', 'en:fermented-foods', 'en:fermented-milk-products', 'en:cheeses', 'en:goat-cheeses', 'en:greek-cheeses', 'en:sheep-s-milk-cheeses', 'en:feta', 'en:feta-blocs']",0,[],[],261.0,20.0,14.0,2.3,,18.0,2.6
quesitos light,8480000512321,"['en:dairies', 'en:fermented-foods', 'en:fermented-milk-products', 'en:cheeses', 'en:spreads', 'en:salted-spreads', 'en:cheese-spreads']",3,[],"['en:e330', 'en:e331', 'en:e452']",151.0,9.0,6.0,6.0,,11.5,1.8675
Крема сирене класик,5902899145181,"['en:dairies', 'en:fermented-foods', 'en:fermented-milk-products', 'en:cheeses', 'en:spreads', 'en:salted-spreads', 'en:cheese-spreads', 'en:cream-cheeses']",2,[],"['en:e330', 'en:e410']",217.0,20.0,14.0,3.4,,5.8,0.66
Almette,4002671155948,"['en:dairies', 'en:fermented-foods', 'en:fermented-milk-products', 'en:cheeses', 'en:cream-cheeses', 'en:crema-de-branza-proaspata']",0,[],[],258.0,25.0,17.0,3.0,0.0,5.6,0.68
Extra Mature Cheddar,5018929050919,"['en:dairies', 'en:fermented-foods', 'en:fermented-milk-products', 'en:cheeses', 'en:cow-cheeses', 'en:cheeses-from-the-united-kingdom', 'en:cheeses-from-england', 'en:cheddar-cheese', 'en:extra-mature-cheddar', 'en:pilgrims-choice']",0,[],[],416.0,34.09,21.7,0.1,0.0,25.4,0.0045
Mozzarella,5057545828847,"['en:dairies', 'en:fermented-foods', 'en:fermented-milk-products', 'en:cheeses', 'en:italian-cheeses', 'en:stretched-curd-cheeses', 'en:mozzarella']",1,[],['en:e330'],234.0,18.0,12.0,1.0,,17.0,0.6
Kiri 72p,6111028001031,"['en:dairies', 'en:fermented-foods', 'en:fermented-milk-products', 'en:cheeses']",0,[],[],230.0,20.0,13.0,2.0,0.0,9.0,1.6
Emmental râpé fondant,3270190207689,"['en:dairies', 'en:fermented-foods', 'en:fermented-milk-products', 'en:cheeses', 'en:cow-cheeses', 'en:hard-cheeses', 'en:emmentaler', 'en:grated-cheese', 'en:grated-emmentaler']",0,[],[],377.0,29.0,20.0,0.5,0.5,28.0,0.7
Le Brebiou des Pyrénées,3222110003925,"['en:dairies', 'en:fermented-foods', 'en:fermented-milk-products', 'en:cheeses', 'en:soft-cheeses', 'en:pasteurised-products', 'en:french-cheeses', 'en:pasteurized-cheeses', 'en:sheep-s-milk-cheeses', 'en:soft-cheese-with-a-natural-rind', 'en:industrial-cheese', 'en:pyrenees-cheeses']",0,[],[],303.0,27.0,19.0,0.5,,15.0,1.2
Tartare Ail & Fines herbes,3272770097529,"['en:dairies', 'en:fermented-foods', 'en:fermented-milk-products', 'en:cheeses', 'en:spreads', 'en:salted-spreads', 'en:cow-cheeses', 'en:pasteurised-products', 'en:pasteurized-cheeses', 'en:cheese-spreads', 'en:cream-cheeses', 'en:flavoured-uncured-soft-cheese-spreadable-with-around-30-40-fat', 'en:uncured-soft-cheese-spreadable-around-30-40-fat-flavoured']",0,[],[],333.0,32.0,22.0,2.2,,9.0,1.0
PRESIDENT CROQUE EMMENTAL 12 TRANCHES 200g,3032220061193,"['en:dairies', 'en:fermented-foods', 'en:fermented-milk-products', 'en:cheeses', 'en:fresh-foods', 'en:cow-cheeses', 'en:cheese-preparations', 'en:french-cheeses', 'en:processed-cheeses', 'en:industrial-cheese', 'fr:fromages-fondus-a-l-emmental', 'fr:fromages-pour-croque-monsieur']",3,[],"['en:e330', 'en:e407', 'en:e452']",231.0,17.0,12.0,4.5,0.0,13.5,2.5
Philadelphia Balance,7622300318147,"['en:dairies', 'en:fermented-foods', 'en:fermented-milk-products', 'en:cheeses', 'en:spreads', 'en:salted-spreads', 'en:cheese-spreads', 'en:cream-cheeses']",3,[],"['en:e330', 'en:e407', 'en:e412']",147.0,11.0,7.1,5.1,0.3,7.4,0.6875
Frischkäse Natur,4002468084000,"['en:dairies', 'en:fermented-foods', 'en:fermented-milk-products', 'en:cheeses', 'en:cream-cheeses']",1,[],['en:e941'],263.0,25.0,17.0,3.0,,5.6,0.67
Philadelphia original,8001590640258,"['en:dairies', 'en:fermented-foods', 'en:fermented-milk-products', 'en:cheeses', 'en:spreads', 'en:salted-spreads', 'en:cheese-spreads', 'en:cream-cheeses', 'en:formaggio-fresco']",3,[],"['en:e401', 'en:e407', 'en:e412']",245.379222434671,24.6666666666667,16.3333333333333,0.0,0.333333333333333,3.66666666666667,1.83333333333333
Saint Agaûne fine saveur de viande séchée,3450160005259,"['en:dairies', 'en:fermented-foods', 'en:fermented-milk-products', 'en:cheeses', 'en:meats-and-their-products', 'en:prepared-meats', 'en:cured-sausages', 'en:dry-sausages', 'fr:saucisses-seches', 'fr:saucisses-seches-de-jambon']",3,[],"['en:e250', 'en:e252', 'en:e422']",313.0,16.5,5.2,2.2,,38.9,10.9
Skyr,4056489564737,"['en:dairies', 'en:fermented-foods', 'en:fermented-milk-products', 'en:cheeses', 'en:desserts', 'en:dairy-desserts', 'en:fermented-dairy-desserts', 'en:fromages-blancs-petit-suisses-and-skyr', 'en:skyrs']",0,[],[],52.0,0.0,0.0,4.0,0.0,8.9,0.11
Frommage,3073781154467,"['en:dairies', 'en:fermented-foods', 'en:fermented-milk-products', 'en:cheeses']",2,[],"['en:e341', 'en:e452']",215.0,17.0,11.5,6.5,,9.0,0.26
Saint Agur Blue Cheese,3341502000110,"['en:dairies', 'en:fermented-foods', 'en:fermented-milk-products', 'en:cheeses', 'en:cow-cheeses', 'en:blue-veined-cheeses', 'en:french-blue-veined-cheeses']",0,[],[],361.0,33.0,23.0,0.05,0.5,16.0,2.2
SCAN TO WIN Brunch in Wine LIGHT New York PHILADEL,7622201694104,"['en:dairies', 'en:fermented-foods', 'en:fermented-milk-products', 'en:cheeses', 'en:spreads', 'en:salted-spreads', 'en:cheese-spreads', 'en:cream-cheeses']",1,[],['en:e412'],147.0,11.0,7.1,5.1,0.3,7.4,0.688
"British Mature Cheddar, Strength 4",4056489159988,"['en:dairies', 'en:fermented-foods', 'en:fermented-milk-products', 'en:cheeses', 'en:cow-cheeses', 'en:cheeses-from-the-united-kingdom', 'en:cheeses-from-england', 'en:cheddar-cheese']",0,[],[],416.0,34.9,21.7,0.0,0.0,25.4,4.5
"Trio gourmand - Tomme fruitée, emmental, gruyère IGP France",11239303,"['en:dairies', 'en:fermented-foods', 'en:fermented-milk-products', 'en:cheeses', 'en:cow-cheeses', 'en:hard-cheeses', 'en:emmentaler', 'en:french-cheeses', 'en:french-emmentaler']",0,[],[],358.0,28.0,18.0,0.5,,26.0,0.8
Emmental Râpé Fondant 3X70g,3228023910077,"['en:dairies', 'en:fermented-foods', 'en:fermented-milk-products', 'en:cheeses', 'en:cow-cheeses', 'en:fresh-foods', 'en:hard-cheeses', 'en:emmentaler', 'en:french-cheeses', 'en:french-emmentaler', 'en:pasteurized-cheeses', 'en:grated-cheese', 'en:grated-emmentaler', 'en:industrial-cheese']",0,[],[],373.0,29.0,21.0,0.5,,27.0,0.8
"Fromage frais nature 3,2% 4x100g",3250390007425,"['en:dairies', 'en:fermented-foods', 'en:fermented-milk-products', 'en:cheeses', 'en:desserts', 'en:dairy-desserts', 'en:fermented-dairy-desserts', 'en:fromages-blancs-petit-suisses-and-skyr', 'fr:fromages-blancs', 'fr:fromages-frais-nature-non-sucres-classiques']",0,[],[],75.0,3.2,2.3,3.3,0.0,7.2,0.09
Parmigiano reggiano,3564700203156,"['en:dairies', 'en:fermented-foods', 'en:fermented-milk-products', 'en:cheeses', 'en:italian-cheeses', 'en:pasteurized-cheeses', 'en:grated-cheese', 'en:parmigiano-reggiano']",0,[],[],402.0,30.0,20.0,0.0,0.0,32.0,1.6
Petits fromages frais,4056489369363,"['en:dairies', 'en:fermented-foods', 'en:fermented-milk-products', 'en:cheeses', 'en:desserts', 'en:dairy-desserts', 'en:fermented-dairy-desserts', 'en:petits-suisses', 'en:plain-fermented-dairy-desserts', 'en:plain-petit-suisse', 'en:plain-petit-suisse-around-4-fat']",1,[],['en:e202'],87.0,3.8,2.5,4.1,0.1,9.0,0.13
Extra Mature Cheddar,5057753902384,"['en:dairies', 'en:fermented-foods', 'en:fermented-milk-products', 'en:cheeses', 'en:cow-cheeses', 'en:cheeses-from-the-united-kingdom', 'en:cheeses-from-england', 'en:cheddar-cheese', 'en:extra-mature-cheddar']",0,[],[],416.0,34.9,21.7,0.1,0.0,25.4,1.8
tartiner Greek style kiri,3073781141429,"['en:dairies', 'en:fermented-foods', 'en:fermented-milk-products', 'en:cheeses', 'en:desserts', 'en:spreads', 'en:dairy-desserts', 'en:salted-spreads', 'en:fermented-dairy-desserts', 'en:yogurts', 'en:cheese-spreads', 'en:cottage-cheeses', 'en:greek-style-yogurts', 'fr:a']",3,[],"['en:e330', 'en:e440', 'en:e452']",0.0,0.0,0.0,0.0,,0.0,0.0
Dégustation Fruité & Gourmand,3123937110004,"['en:dairies', 'en:fermented-foods', 'en:fermented-milk-products', 'en:cheeses', 'en:cow-cheeses', 'en:hard-cheeses', 'en:emmentaler', 'en:pasteurized-cheeses']",0,[],[],347.0,27.0,17.0,0.5,0.0,26.0,0.7
Mousse fouettée sur fromage blanc nature,20330675,"['en:dairies', 'en:fermented-foods', 'en:fermented-milk-products', 'en:cheeses', 'en:desserts', 'en:dairy-desserts', 'en:fermented-dairy-desserts', 'en:fresh-foods', 'en:creamy-puddings', 'en:plain-fermented-dairy-desserts', 'fr:fromages-blancs', 'en:cream-cheeses', 'fr:fromages-blancs-natures']",1,[],['en:e428'],132.0,10.4,6.8,3.7,0.0,6.7,0.08
Käse Géramont,3161710000678,"['en:dairies', 'en:fermented-foods', 'en:fermented-milk-products', 'en:cheeses', 'en:soft-cheeses', 'en:cow-cheeses', 'en:soft-cheeses-with-bloomy-rind', 'en:camemberts', 'en:franzosischer-kase', 'en:kuhmilchkase', 'en:kase', 'en:pasteurisierter-kase', 'en:weichkase']",0,[],[],352.06,32.0,22.0,0.5,,17.0,1.38
Fromage blanc 0% de matière grasse,3250390010098,"['en:dairies', 'en:fermented-foods', 'en:fermented-milk-products', 'en:cheeses', 'en:desserts', 'en:dairy-desserts', 'en:fermented-dairy-desserts', 'en:fromages-blancs-petit-suisses-and-skyr', 'en:pasteurised-products', 'en:plain-fermented-dairy-desserts', 'en:pasteurized-cheeses', 'fr:fromages-blancs', 'en:fat-free-plain-fresh-cream-cheese', 'fr:fromages-blancs-natures', 'fr:fromages-alleges']",0,[],[],49.0,0.5,0.1,4.7,0.0,7.5,0.1
Fromage blanc,3245414638938,"['en:dairies', 'en:fermented-foods', 'en:fermented-milk-products', 'en:cheeses', 'en:desserts', 'en:dairy-desserts', 'en:fermented-dairy-desserts', 'en:plain-fermented-dairy-desserts', 'fr:fromages-blancs', 'fr:fromages-blancs-natures']",0,[],[],71.0,2.8,1.9,4.3,0.0,6.7,0.1
Queso fundido sandwich,8480000503718,"['en:dairies', 'en:fermented-foods', 'en:fermented-milk-products', 'en:cheeses', 'en:melted-cheese', 'en:lacteos']",4,[],"['en:e160a', 'en:e160ai', 'en:e202', 'en:e330', 'en:e331']",288.0,20.0,14.0,1.6,,17.0,2.655
Queso fresco vaca,8480000511911,"['en:dairies', 'en:fermented-foods', 'en:fermented-milk-products', 'en:cheeses', 'en:fresh-cheeses', 'en:pasteurized-cheeses']",0,[],[],170.0,11.4,7.7,3.7,,11.8,0.85
Original,7622210103673,"['en:dairies', 'en:fermented-foods', 'en:fermented-milk-products', 'en:cheeses', 'en:spreads', 'en:salted-spreads', 'en:spreadable-fats', 'en:cheese-spreads']",4,[],"['en:e202', 'en:e401', 'en:e407', 'en:e412']",250.0,24.7,16.3,2.67,0.333,4.0,2.67
Fromage tartinable ail et fines herbes,3412290070583,"['en:dairies', 'en:fermented-foods', 'en:fermented-milk-products', 'en:cheeses', 'en:spreads', 'en:salted-spreads', 'en:cheese-spreads', 'en:cream-cheeses', 'fr:fromage-fouette']",0,[],[],245.0,23.0,16.0,3.0,,5.8,1.3
Parmigiano Reggiano AOP en copeaux,4056489192930,"['en:dairies', 'en:fermented-foods', 'en:fermented-milk-products', 'en:cheeses', 'en:italian-cheeses', 'en:parmigiano-reggiano']",0,[],[],402.0,29.7,19.6,0.0,0.0,32.4,1.6
Queso Fresco ORIGINAL,4056489532866,"['en:dairies', 'en:fermented-foods', 'en:fermented-milk-products', 'en:cheeses', 'en:spreads', 'en:salted-spreads', 'en:cheese-spreads', 'en:frischkasezubereitung', 'en:lacteos', 'en:queso-untar', 'en:الأطعمة-المخمرة', 'en:جبن', 'en:منتجات-الألبان']",1,[],['en:e412'],238.0,22.5,15.7,3.0,0.0,5.5,0.65
Light Cheese Triangles,3073781160031,"['en:dairies', 'en:fermented-foods', 'en:fermented-milk-products', 'en:cheeses', 'en:spreads', 'en:salted-spreads', 'en:cheese-spreads']",2,[],"['en:e451', 'en:e452']",147.0,7.0,4.7,6.0,,15.0,1.5
original cream cheese,0021000612239,"['en:dairies', 'en:fermented-foods', 'en:fermented-milk-products', 'en:cheeses', 'en:cream-cheeses', 'es:cremas-de-queso']",1,[],['en:e410'],357.0,35.7,21.4,3.57,,7.14,0.982
Fromage fondu hamburger,6111245340272,"['en:dairies', 'en:fermented-foods', 'en:fermented-milk-products', 'en:cheeses', 'en:melted-cheese']",3,[],"['en:e331', 'en:e339', 'en:e452']",280.0,20.0,13.0,3.0,,15.0,3.75
Mozzarella,01483246,"['en:dairies', 'en:fermented-foods', 'en:fermented-milk-products', 'en:cheeses', 'en:cow-cheeses', 'en:pasteurised-products', 'en:italian-cheeses', 'en:stretched-curd-cheeses', 'en:mozzarella', 'en:pasteurized-cheeses', 'en:cow-mozzarella']",1,[],['en:e330'],245.0,18.5,13.0,1.5,0.5,18.0,0.4925
,6111203006332,"['en:dairies', 'en:fermented-foods', 'en:fermented-milk-products', 'en:cheeses']",0,[],[],270.0,21.0,12.0,3.6,,12.0,6.0
L'emmental français extra fin,3123930710737,"['en:dairies', 'en:fermented-foods', 'en:fermented-milk-products', 'en:cheeses', 'en:cow-cheeses', 'en:fresh-foods', 'en:hard-cheeses', 'en:emmentaler', 'en:french-cheeses', 'en:french-emmentaler', 'en:grated-cheese', 'en:grated-emmentaler']",0,[],[],369.0,29.0,19.0,0.5,,27.0,0.7
Cœur de crème,3564700070307,"['en:dairies', 'en:fermented-foods', 'en:fermented-milk-products', 'en:cheeses', 'en:soft-cheeses', 'en:cow-cheeses', 'en:soft-cheeses-with-bloomy-rind', 'en:french-cheeses', 'en:pasteurized-cheeses', 'en:soft-cheese-with-a-natural-rind', 'en:soft-cheeses-with-washed-rind', 'en:industrial-cheese', 'fr:fromage-pate-mole']",0,[],[],351.0,31.0,21.0,0.5,0.0,18.0,1.2
Emmental Francese,3123930612505,"['en:dairies', 'en:fermented-foods', 'en:fermented-milk-products', 'en:cheeses', 'en:cow-cheeses', 'en:fresh-foods', 'en:hard-cheeses', 'en:emmentaler', 'en:french-cheeses', 'en:french-emmentaler', 'en:pasteurized-cheeses', 'en:industrial-cheese']",0,[],[],369.0,29.0,19.0,0.5,,27.0,0.4925
Körniger Frischkäse,4337256112925,"['en:dairies', 'en:fermented-foods', 'en:fermented-milk-products', 'en:cheeses', 'en:desserts', 'en:dairy-desserts', 'en:fermented-dairy-desserts', 'en:plain-fermented-dairy-desserts', 'en:fresh-cheeses', 'en:cottage-cheeses', 'en:plain-cottage-cheeses']",0,[],[],91.0,4.0,2.6,1.0,0.0,12.7,0.7
Crefee mit feinen  Kräutern,20094508,"['en:dairies', 'en:fermented-foods', 'en:fermented-milk-products', 'en:cheeses', 'en:cream-cheeses', 'de:frischkäsezubereitung']",2,[],"['en:e412', 'en:e941']",245.0,23.0,16.1,3.0,,6.0,1.3
British Mature Cheddar,4088600048437,"['en:dairies', 'en:fermented-foods', 'en:fermented-milk-products', 'en:cheeses', 'en:cow-cheeses', 'en:cheeses-from-the-united-kingdom', 'en:cheeses-from-england', 'en:cheddar-cheese']",0,[],[],416.0,35.0,22.0,0.5,0.5,25.0,1.8
Parmigiano Reggiano D.O.P,01644432,"['en:dairies', 'en:fermented-foods', 'en:fermented-milk-products', 'en:cheeses', 'en:italian-cheeses', 'en:parmigiano-reggiano']",0,[],[],402.0,29.7,19.6,0.5,0.5,32.4,1.4
Camembert,20024642,"['en:dairies', 'en:fermented-foods', 'en:fermented-milk-products', 'en:cheeses', 'en:soft-cheeses', 'en:cow-cheeses', 'en:soft-cheeses-with-bloomy-rind', 'en:camemberts', 'en:pasteurised-products', 'en:cow-camemberts', 'en:pasteurized-cheeses', 'en:camemberts-from-pasteurized-cow-milk']",0,[],[],256.0,20.0,14.0,0.0,0.0,18.0,1.4
,3523230019934,"['en:dairies', 'en:fermented-foods', 'en:fermented-milk-products', 'en:cheeses', 'en:french-cheeses', 'en:goat-cheeses', 'es:rulo-de-cabra', 'pt:chevre', 'pt:queijos-em-rolo']",0,[],[],291.0,23.0,16.0,1.0,,20.0,1.5
EMMENTAL Râpé,3560071178345,"['en:dairies', 'en:fermented-foods', 'en:fermented-milk-products', 'en:cheeses', 'en:cow-cheeses', 'en:hard-cheeses', 'en:emmentaler', 'en:grated-cheese', 'en:grated-emmentaler']",0,[],[],369.0,29.0,21.0,0.0,0.0,27.0,0.83
Emmental rapé,3564700621639,"['en:dairies', 'en:fermented-foods', 'en:fermented-milk-products', 'en:cheeses', 'en:cow-cheeses', 'en:hard-cheeses', 'en:emmentaler', 'en:french-cheeses', 'en:french-emmentaler', 'en:grated-cheese', 'en:grated-emmentaler']",0,[],[],374.0,29.0,20.0,2.0,0.0,27.0,0.9
St. Môret Frischkäse Nature,3272770004817,"['en:dairies', 'en:fermented-foods', 'en:fermented-milk-products', 'en:cheeses', 'en:spreads', 'en:salted-spreads', 'en:cow-cheeses', 'en:fresh-foods', 'en:french-cheeses', 'en:pasteurized-cheeses', 'en:cheese-spreads', 'en:cream-cheeses', 'en:industrial-cheese']",0,[],[],207.0,17.8,13.2,3.0,0.0,8.3,1.3
Queso lonchas suave,8480000511829,"['en:dairies', 'en:fermented-foods', 'en:fermented-milk-products', 'en:cheeses', 'en:sliced-cheeses', 'en:melted-cheese']",5,[],"['en:e202', 'en:e330', 'en:e331', 'en:e339', 'en:e407']",231.0,15.0,11.1,5.8,,10.5,0.725
Paysan Breton - Le Fromage Fouetté Madame Loïk - Figue Noix de nos régions françaises,3412290071870,"['en:dairies', 'en:fermented-foods', 'en:fermented-milk-products', 'en:cheeses', 'en:spreads', 'en:salted-spreads', 'en:pasteurized-cheeses', 'en:cheese-spreads', 'en:cream-cheeses', 'en:industrial-cheese']",0,[],[],272.0,24.0,15.0,6.5,1.0,5.9,1.1
Comté,3564706596788,"['en:dairies', 'en:fermented-foods', 'en:fermented-milk-products', 'en:cheeses', 'en:hard-cheeses', 'en:french-cheeses', 'en:comte']",0,[],[],410.0,34.0,24.0,0.5,0.5,26.0,0.9825
Goldessa,4056489526384,"['en:dairies', 'en:fermented-foods', 'en:fermented-milk-products', 'en:cheeses', 'en:spreads', 'en:frozen-foods', 'en:salted-spreads', 'en:cheese-spreads', 'en:cream-cheeses']",1,[],['en:e330'],238.0,21.7,14.7,2.8,,7.2,0.78
,5998711723163,"['en:dairies', 'en:fermented-foods', 'en:fermented-milk-products', 'en:cheeses', 'en:cream-cheeses', 'ro:cremă-de-brânză-philadelphia']",0,[],[],225.0,21.0,14.0,4.3,0.2,5.4,0.7
La vache qui rit,3073781154481,"['en:dairies', 'en:fermented-foods', 'en:fermented-milk-products', 'en:cheeses']",2,[],"['en:e341', 'en:e452']",215.0,17.0,11.5,6.5,,9.0,1.7
Râpé Gran Vegiano,3073781155594,"['en:plant-based-foods-and-beverages', 'en:dairies', 'en:fermented-foods', 'en:plant-based-foods', 'en:fermented-milk-products', 'en:cheeses', 'en:dairy-substitutes', 'en:vegan-products', 'en:frozen-foods', 'en:cheese-substitutes']",4,[],"['en:e14xx', 'en:e160', 'en:e170', 'en:e170i', 'en:e330']",266.0,10.0,9.0,2.0,0.0,0.5,3.5
Cypriot Halloumi,20775995,"['en:dairies', 'en:fermented-foods', 'en:fermented-milk-products', 'en:cheeses', 'en:meat-alternatives', 'en:cypriot-cheeses', 'en:grilling-cheeses', 'en:halloumi']",0,[],[],302.0,24.0,16.0,1.4,0.5,20.0,2.5
Cheese Triangles,7622210317629,"['en:dairies', 'en:fermented-foods', 'en:fermented-milk-products', 'en:cheeses', 'en:spreads', 'en:salted-spreads', 'en:cheese-spreads', 'en:cheeses-for-kids']",3,[],"['en:e330', 'en:e451', 'en:e500', 'en:e500i']",211.0,14.7,9.6,4.48,1.28,12.2,1.44
Cream Cheese,4002671158772,"['en:dairies', 'en:fermented-foods', 'en:fermented-milk-products', 'en:cheeses', 'en:cream-cheeses']",1,[],['en:e410'],232.0,22.1,15.5,2.1,,6.0,0.75
Coulommiers l'Extra-Crémeux,3176582003009,"['en:dairies', 'en:fermented-foods', 'en:fermented-milk-products', 'en:cheeses', 'en:soft-cheeses', 'en:cow-cheeses', 'en:soft-cheeses-with-bloomy-rind', 'en:french-cheeses', 'en:pasteurized-cheeses', 'en:soft-cheese-with-a-natural-rind', 'en:soft-cheeses-with-washed-rind', 'en:coulommiers']",0,[],[],283.0,23.0,16.0,0.1,,18.0,1.5
BRIDELIGHT LE PTIT GOURMAND ALLEGE 5%MG 250g,3155250317914,"['en:dairies', 'en:fermented-foods', 'en:fermented-milk-products', 'en:cheeses', 'en:soft-cheeses', 'en:cow-cheeses', 'en:soft-cheeses-with-bloomy-rind', 'en:refrigerated-foods', 'en:pasteurized-cheeses', 'en:industrial-cheese', 'fr:fromages-alleges']",0,[],[],145.0,5.0,3.5,0.5,2.0,25.0,1.3
Emmental,20681517,"['en:dairies', 'en:fermented-foods', 'en:fermented-milk-products', 'en:cheeses', 'en:cow-cheeses', 'en:hard-cheeses', 'en:emmentaler', 'en:french-cheeses', 'en:french-emmentaler']",0,[],[],373.0,29.0,20.0,0.0,0.0,28.0,0.8
"Fromage blanc nature à 3,2% de matière grasse",3250390012108,"['en:dairies', 'en:fermented-foods', 'en:fermented-milk-products', 'en:cheeses', 'en:desserts', 'en:dairy-desserts', 'en:fermented-dairy-desserts', 'en:plain-fermented-dairy-desserts', 'fr:fromages-blancs', 'fr:fromages-blancs-natures']",0,[],[],75.0,3.2,2.3,3.3,0.5,7.2,0.09
mozzarella,4056489124498,"['en:dairies', 'en:fermented-foods', 'en:fermented-milk-products', 'en:cheeses', 'en:cow-cheeses', 'en:italian-cheeses', 'en:stretched-curd-cheeses', 'en:mozzarella', 'en:cow-mozzarella']",1,[],['en:e330'],248.0,19.0,12.9,1.5,,17.5,0.5
Bûche de chèvre fondante,3564700606865,"['en:dairies', 'en:fermented-foods', 'en:fermented-milk-products', 'en:cheeses', 'en:goat-cheeses', 'es:rulo-de-cabra']",0,[],[],279.0,23.0,16.0,0.5,0.0,20.0,1.7
Perlas de Mozzarella,8480000510525,"['en:dairies', 'en:fermented-foods', 'en:fermented-milk-products', 'en:cheeses', 'en:cow-cheeses', 'en:italian-cheeses', 'en:stretched-curd-cheeses', 'en:mozzarella', 'en:cow-mozzarella']",1,[],['en:e330'],194.0,14.0,10.0,0.5,,15.0,0.6
Philadelphia,7622201500573,"['en:plant-based-foods-and-beverages', 'en:dairies', 'en:fermented-foods', 'en:plant-based-foods', 'en:fermented-milk-products', 'en:cheeses', 'en:spreads', 'en:plant-based-spreads', 'en:salted-spreads', 'en:cheese-spreads-substitutes']",1,[],['en:e410'],217.0,21.0,17.0,1.2,1.5,2.9,0.76
Nature à tartiner,2006050037223,"['en:dairies', 'en:fermented-foods', 'en:fermented-milk-products', 'en:cheeses', 'en:desserts', 'en:spreads', 'en:dairy-desserts', 'en:salted-spreads', 'en:fermented-dairy-desserts', 'en:pasteurized-cheeses', 'en:cheese-spreads', 'fr:specialites-laitieres', 'fr:specialite-fromagere-au-lait-pasteurise']",1,[],['en:e270'],229.0,21.0,15.0,3.5,0.0,6.5,0.885
Cheese spread,3073781159912,"['en:dairies', 'en:fermented-foods', 'en:fermented-milk-products', 'en:cheeses', 'en:spreads', 'en:salted-spreads', 'en:cheese-spreads', 'en:cheese-triangles']",1,[],['en:e452'],238.0,18.1,11.5,6.0,,11.9,1.67
Lighter soft cheese,01810387,"['en:dairies', 'en:fermented-foods', 'en:fermented-milk-products', 'en:cheeses', 'en:spreads', 'en:salted-spreads', 'en:cheese-spreads', 'en:cream-cheeses']",0,[],[],155.0,11.0,7.6,3.9,,9.7,0.5
Petit suisse,6111032009078,"['en:dairies', 'en:fermented-foods', 'en:fermented-milk-products', 'en:cheeses']",0,[],[],4.8,7.2,7.0,7.0,0.0,7.0,11.7
Mozzarella,3560070060252,"['en:dairies', 'en:fermented-foods', 'en:fermented-milk-products', 'en:cheeses', 'en:cow-cheeses', 'en:pasteurised-products', 'en:italian-cheeses', 'en:stretched-curd-cheeses', 'en:mozzarella', 'en:pasteurized-cheeses', 'en:cow-mozzarella']",0,[],[],235.0,18.0,12.0,0.8,0.0,17.0,0.7
Feta - Fromage,3560070149278,"['en:dairies', 'en:fermented-foods', 'en:fermented-milk-products', 'en:cheeses', 'en:pasteurised-products', 'en:goat-cheeses', 'en:greek-cheeses', 'en:pasteurized-cheeses', 'en:sheep-s-milk-cheeses', 'en:feta', 'en:feta-blocs']",0,[],[],276.0,23.0,16.0,0.7,,17.0,2.2
Ricotta,3560070514847,"['en:dairies', 'en:fermented-foods', 'en:fermented-milk-products', 'en:cheeses', 'en:cow-cheeses', 'en:pasteurised-products', 'en:italian-cheeses', 'en:pasteurized-cheeses', 'en:ricotta']",1,[],['en:e330'],148.0,12.0,8.1,3.4,0.0,7.3,0.3
Kräuter der Provence,4000400008053,"['en:dairies', 'en:fermented-foods', 'en:fermented-milk-products', 'en:cheeses', 'en:spreads', 'en:salted-spreads', 'en:cow-cheeses', 'en:cheese-spreads', 'en:cream-cheeses']",1,[],['en:e941'],235.0,21.0,14.0,2.8,,7.2,1.08
Fromage de chèvre,3270190023104,"['en:dairies', 'en:fermented-foods', 'en:fermented-milk-products', 'en:cheeses', 'en:goat-cheeses', 'en:pasteurized-cheeses']",0,[],[],172.0,14.0,10.0,3.0,0.0,9.5,1.0
President coulommiers extra fondant 350g,3228022180082,"['en:dairies', 'en:fermented-foods', 'en:fermented-milk-products', 'en:cheeses', 'en:soft-cheeses', 'en:cow-cheeses', 'en:soft-cheeses-with-bloomy-rind', 'en:french-cheeses', 'en:pasteurized-cheeses', 'en:coulommiers']",0,[],[],325.0,29.0,22.0,0.5,,16.0,1.25
Galbani ricotta 250g 12%mg,8000430194036,"['en:dairies', 'en:fermented-foods', 'en:fermented-milk-products', 'en:cheeses', 'en:italian-cheeses', 'en:fresh-cheeses', 'en:ricotta']",2,[],"['en:e270', 'en:e330']",164.0,12.0,8.3,4.5,0.0,8.0,0.4
Parmigiano Reggiano AOP 200g,3760056264906,"['en:dairies', 'en:fermented-foods', 'en:fermented-milk-products', 'en:cheeses', 'en:italian-cheeses', 'en:grated-cheese', 'en:parmigiano-reggiano']",0,[],[],402.0,30.0,20.0,0.0,0.0,32.0,1.6
Naturais 150g,3250390253129,"['en:dairies', 'en:fermented-foods', 'en:fermented-milk-products', 'en:cheeses', 'en:spreads', 'en:fresh-foods', 'en:salted-spreads', 'en:cow-cheeses', 'en:pasteurised-products', 'en:french-cheeses', 'en:pasteurized-cheeses', 'en:cheese-spreads', 'en:cream-cheeses', 'en:industrial-cheese', 'fr:fromage-ou-specialite-fromagere-non-affine', 'fr:nature']",1,[],['en:e270'],209.0,20.0,14.0,4.0,0.5,6.3,0.99
Leerdammer le moelleux 6 tranches 150g,8721800400549,"['en:dairies', 'en:fermented-foods', 'en:fermented-milk-products', 'en:cheeses', 'en:sliced-cheeses']",0,[],[],352.0,29.5,20.0,0.1,,21.5,1.7
"British Extra Mature Cheddar, Strength 5",4056489159995,"['en:dairies', 'en:fermented-foods', 'en:fermented-milk-products', 'en:cheeses', 'en:cow-cheeses', 'en:cheeses-from-the-united-kingdom', 'en:cheeses-from-england', 'en:cheddar-cheese']",0,[],[],416.0,34.9,21.7,0.0,0.0,25.4,1.8
Queso rallado especial fundir,8480000236227,"['en:dairies', 'en:fermented-foods', 'en:fermented-milk-products', 'en:cheeses']",5,[],"['en:e202', 'en:e330', 'en:e340', 'en:e452', 'en:e460', 'en:e460ii']",284.0,20.0,13.0,0.5,,19.0,1.5
Halloumi,4061459179002,"['en:dairies', 'en:fermented-foods', 'en:fermented-milk-products', 'en:cheeses', 'en:meat-alternatives', 'en:cypriot-cheeses', 'en:grilling-cheeses', 'en:halloumi']",0,[],[],315.0,25.2,18.6,1.7,0.0,20.2,2.5775
Carré frais bio,3480341000872,"['en:dairies', 'en:fermented-foods', 'en:fermented-milk-products', 'en:cheeses', 'en:spreads', 'en:salted-spreads', 'en:cheese-spreads', 'en:cream-cheeses']",0,[],[],193.0,15.0,11.0,2.5,,12.0,1.3
Le bon brie,3176582040103,"['en:dairies', 'en:fermented-foods', 'en:fermented-milk-products', 'en:cheeses', 'en:soft-cheeses', 'en:cow-cheeses', 'en:soft-cheeses-with-bloomy-rind', 'en:french-cheeses', 'en:bries', 'en:pasteurized-cheeses']",0,[],[],338.432122370937,30.0,21.0,0.5,,17.0,12.785
L'Original,3307907100084,"['en:dairies', 'en:fermented-foods', 'en:fermented-milk-products', 'en:cheeses', 'en:soft-cheeses', 'en:cow-cheeses', 'en:soft-cheeses-with-bloomy-rind', 'en:pasteurized-cheeses']",0,[],[],257.0,21.0,15.0,1.0,0.0,16.0,1.5
Kiri goûter (8 portions) format famiial,3073780969000,"['en:dairies', 'en:fermented-foods', 'en:fermented-milk-products', 'en:cheeses', 'en:spreads', 'en:fresh-foods', 'en:salted-spreads', 'en:cow-cheeses', 'en:french-cheeses', 'en:processed-cheese', 'en:cheese-spreads', 'en:cheeses-perishable', 'en:melted-cheese']",1,[],['en:e452'],280.0,17.0,10.5,2.5,1.0,9.0,1.2
skyr,4016241030603,"['en:dairies', 'en:fermented-foods', 'en:fermented-milk-products', 'en:cheeses', 'en:desserts', 'en:dairy-desserts', 'en:fermented-dairy-desserts', 'en:fromages-blancs-petit-suisses-and-skyr', 'en:skyrs', 'en:cream-cheeses']",0,[],[],60.9464627055,0.2,0.1,4.0,,10.0,0.1375
Skyr Natural,20692230,"['en:dairies', 'en:fermented-foods', 'en:fermented-milk-products', 'en:cheeses', 'en:desserts', 'en:dairy-desserts', 'en:fermented-dairy-desserts', 'en:fromages-blancs-petit-suisses-and-skyr', 'en:plain-fermented-dairy-desserts', 'en:fresh-cheeses', 'en:skyrs', 'en:plain-skyrs']",0,[],[],62.0,0.2,0.1,4.0,0.0,11.0,0.13
Parmigiano reggiano aop rape 12 mois lc 60g,3250392334352,"['en:dairies', 'en:fermented-foods', 'en:fermented-milk-products', 'en:cheeses', 'en:unpasteurised-products', 'en:italian-cheeses', 'en:unpasteurised-cheeses', 'en:grated-cheese', 'en:parmigiano-reggiano', 'fr:parmesan-et-assimiles']",0,[],[],402.0,30.0,20.0,0.0,0.0,32.0,1.6
St Môret Léger 8% MG.  bolv,3272770093583,"['en:dairies', 'en:fermented-foods', 'en:fermented-milk-products', 'en:cheeses', 'en:spreads', 'en:salted-spreads', 'en:cow-cheeses', 'en:cheese-spreads', 'fr:fromage-frais-allege']",0,[],[],132.0,8.0,5.5,5.0,,10.0,1.0
Les Carrés Crémeux,4056489278689,"['en:dairies', 'en:fermented-foods', 'en:fermented-milk-products', 'en:cheeses', 'en:processed-cheese', 'en:melted-cheese', 'en:processed-cheese-around-20-fat-in-wedges']",1,[],['en:e331'],296.0,28.0,18.5,2.0,0.0,9.0,1.4
Mozza,20240547,"['en:dairies', 'en:fermented-foods', 'en:fermented-milk-products', 'en:cheeses', 'en:italian-cheeses', 'en:stretched-curd-cheeses', 'en:mozzarella']",1,[],['en:e330'],235.0,18.0,12.4,0.8,0.0,17.0,0.688
Cottage Cheese,4088600100432,"['en:dairies', 'en:fermented-foods', 'en:fermented-milk-products', 'en:cheeses', 'en:fresh-cheeses', 'en:cottage-cheeses']",0,[],[],96.0,3.4,2.1,3.6,0.5,11.9,0.3925
Khayrat 200g,6111245340920,"['en:dairies', 'en:fermented-foods', 'en:fermented-milk-products', 'en:cheeses', 'en:sliced-cheeses']",6,[],"['en:e14xx', 'en:e202', 'en:e331', 'en:e339', 'en:e450', 'en:e452']",271.0,21.6,0.0,0.0,0.0,12.0,0.0
Feta,5038961001144,"['en:dairies', 'en:fermented-foods', 'en:fermented-milk-products', 'en:cheeses', 'en:greek-cheeses', 'en:sheep-s-milk-cheeses', 'en:feta']",0,[],[],276.0,23.0,16.0,0.7,,17.0,1.9675
Etorki pur brebis,3222110009958,"['en:dairies', 'en:fermented-foods', 'en:fermented-milk-products', 'en:cheeses', 'en:pasteurised-products', 'en:french-cheeses', 'en:pasteurized-cheeses', 'en:sheep-s-milk-cheeses']",2,[],"['en:e1105', 'en:e235']",393.0,33.0,23.0,0.5,,24.0,1.5
Emmental cœur de meule,3228022120033,"['en:dairies', 'en:fermented-foods', 'en:fermented-milk-products', 'en:cheeses', 'en:cow-cheeses', 'en:hard-cheeses', 'en:emmentaler', 'en:french-cheeses', 'en:french-emmentaler']",0,[],[],369.0,29.0,21.0,0.5,,27.0,0.36
Feta,3760056264937,"['en:dairies', 'en:fermented-foods', 'en:fermented-milk-products', 'en:cheeses', 'en:greek-cheeses', 'en:feta', 'en:feta-blocs']",0,[],[],289.0,24.5,15.0,0.7,,16.5,2.6
Chèvres chauds,3523230034340,"['en:dairies', 'en:fermented-foods', 'en:fermented-milk-products', 'en:cheeses', 'en:meat-alternatives', 'en:breaded-products', 'en:goat-cheeses', 'en:fresh-goat-cheese', 'en:breaded-cheeses']",0,[],[],324.0,23.0,12.0,0.8,0.7,16.0,1.0
Queso fresco Burgos Natural,8480000510266,"['en:dairies', 'en:fermented-foods', 'en:fermented-milk-products', 'en:cheeses', 'en:desserts', 'en:dairy-desserts', 'en:fermented-dairy-desserts', 'en:fromages-blancs-petit-suisses-and-skyr', 'en:petits-suisses', 'en:plain-fermented-dairy-desserts', 'en:plain-petit-suisse', 'en:plain-petit-suisse-around-9-fat', 'en:comidas-fermentadas-lacteos-productos-fermentados-de-la-leche-quesos-quesos-pasteurizados']",0,[],[],164.0,11.5,8.1,4.2,0.0,10.9,0.95
"Fromage frais nature 3,1%",3564700007860,"['en:dairies', 'en:fermented-foods', 'en:fermented-milk-products', 'en:cheeses', 'en:desserts', 'en:dairy-desserts', 'en:fermented-dairy-desserts', 'en:petits-suisses', 'en:plain-fermented-dairy-desserts', 'en:plain-petit-suisse', 'fr:fromages-blancs', 'en:plain-petit-suisse-around-4-fat', 'fr:fromages-blancs-natures']",0,[],[],68.0,3.0,1.9,4.3,0.0,6.4,0.1
Feta,3564706614673,"['en:dairies', 'en:fermented-foods', 'en:fermented-milk-products', 'en:cheeses', 'en:greek-cheeses', 'en:sheep-s-milk-cheeses', 'en:feta', 'en:feta-blocs', 'en:feta-cubes']",0,[],[],287.0,24.0,17.0,0.8,0.0,15.0,2.2
Hochland Almette Soft Cheese 150G,5902899101637,"['en:dairies', 'en:fermented-foods', 'en:fermented-milk-products', 'en:cheeses', 'en:cow-cheeses']",1,[],['en:e330'],256.0,24.0,17.0,3.2,,6.7,0.61
Mature Cheddar,5018929050926,"['en:dairies', 'en:fermented-foods', 'en:fermented-milk-products', 'en:cheeses', 'en:cow-cheeses', 'en:cheeses-from-the-united-kingdom', 'en:cheeses-from-england', 'en:cheddar-cheese', 'en:mature-cheddar']",0,[],[],416.0,34.9,21.7,0.1,0.0,25.4,1.8
Original Creamy Soft Cheese,29145270,"['en:dairies', 'en:fermented-foods', 'en:fermented-milk-products', 'en:cheeses', 'en:desserts', 'en:dairy-desserts', 'en:fermented-dairy-desserts', 'en:fromages-blancs-petit-suisses-and-skyr', 'fr:fromages-blancs', 'en:fresh-cream-cheese-with-cow-s-milk']",0,[],[],259.0,25.2,16.1,3.5,0.1,4.6,0.4
Mature british cheddar,01697063,"['en:dairies', 'en:fermented-foods', 'en:fermented-milk-products', 'en:cheeses', 'en:cow-cheeses', 'en:cheeses-from-the-united-kingdom', 'en:cheeses-from-england', 'en:cheddar-cheese', 'en:mature-cheddar']",0,[],[],416.0,34.9,21.7,0.5,0.5,25.4,1.81
"Fromage pasteurisé Emmental français râpé 29%MG, 200g",3256224332312,"['en:dairies', 'en:fermented-foods', 'en:fermented-milk-products', 'en:cheeses', 'en:cow-cheeses', 'en:fresh-foods', 'en:hard-cheeses', 'en:emmentaler', 'en:french-cheeses', 'en:french-emmentaler', 'en:pasteurized-cheeses', 'en:grated-cheese', 'en:grated-emmentaler', 'en:industrial-cheese']",0,[],[],369.0,29.0,21.0,0.0,0.0,27.0,0.7
Tarti'Bon Nature,3560070257096,"['en:dairies', 'en:fermented-foods', 'en:fermented-milk-products', 'en:cheeses', 'en:spreads', 'en:salted-spreads', 'en:pasteurised-products', 'en:pasteurized-cheeses', 'en:cheese-spreads']",0,[],[],252.0,25.0,16.0,3.0,0.0,4.5,1.0
Le Carré Crémeux,3560070789078,"['en:dairies', 'en:fermented-foods', 'en:fermented-milk-products', 'en:cheeses', 'en:spreads', 'en:salted-spreads', 'en:cheese-spreads', 'en:melted-cheese']",1,[],['en:e331'],318.0,30.0,21.0,2.6,,9.0,1.4
Queso fresco batido Quark,20337223,"['en:dairies', 'en:fermented-foods', 'en:fermented-milk-products', 'en:cheeses', 'en:fresh-cheeses', 'en:quarks', 'pt:queijos-frescos-batidos', 'pt:queijos-frescos-quark']",0,[],[],54.0,0.5,0.2,4.4,0.5,8.5,0.11
Körniger Frischkäse,20089344,"['en:dairies', 'en:fermented-foods', 'en:fermented-milk-products', 'en:cheeses', 'en:spreads', 'en:salted-spreads', 'en:cheese-spreads', 'en:cream-cheeses']",0,[],[],98.0,4.5,3.0,2.8,,11.5,1.5
Käse Grünländer Mild & Nussig Das Original,4002468210454,"['en:dairies', 'en:fermented-foods', 'en:fermented-milk-products', 'en:cheeses', 'en:cow-cheeses', 'en:sliced-cheeses']",0,[],[],364.0,29.0,19.0,0.5,,25.0,0.8
Kiri Bio,3073781176650,"['en:dairies', 'en:fermented-foods', 'en:fermented-milk-products', 'en:cheeses', 'en:spreads', 'en:salted-spreads', 'en:processed-cheese', 'en:cheese-spreads', 'en:cheeses-perishable', 'en:melted-cheese', 'en:processed-cheese-double-cream-around-31-fat']",1,[],['en:e331'],307.0,29.0,19.5,2.0,0.0,9.5,1.3
Soft Cheese,5010525189680,"['en:dairies', 'en:fermented-foods', 'en:fermented-milk-products', 'en:cheeses', 'en:cream-cheeses']",0,[],[],264.0,25.6,15.4,3.6,0.5,4.6,0.37
Greek feta Cheese,5202406000041,"['en:dairies', 'en:fermented-foods', 'en:fermented-milk-products', 'en:cheeses', 'en:greek-cheeses', 'en:feta', 'en:feta-blocs']",0,[],[],281.0,24.0,16.0,0.5,0.6,16.0,2.2
Kiri® Goûter 5 barquettes,3073780968997,"['en:dairies', 'en:fermented-foods', 'en:fermented-milk-products', 'en:cheeses', 'en:spreads', 'en:salted-spreads', 'en:cheese-spreads', 'en:cheeses-for-kids', 'en:cheeses-perishable', 'en:melted-cheese']",1,[],['en:e452'],280.0,17.0,10.5,2.5,1.0,9.0,1.2
Bûche,20024901,"['en:dairies', 'en:fermented-foods', 'en:fermented-milk-products', 'en:cheeses', 'en:french-cheeses', 'en:goat-cheeses', 'es:rulo-de-cabra', 'pt:chevre', 'pt:queijos-em-rolo']",0,[],[],279.0,23.0,17.0,0.5,,17.0,1.8
Mozzarella,3760056260113,"['en:dairies', 'en:fermented-foods', 'en:fermented-milk-products', 'en:cheeses', 'en:fresh-foods', 'en:cow-cheeses', 'en:pasteurised-products', 'en:italian-cheeses', 'en:stretched-curd-cheeses', 'en:mozzarella', 'en:pasteurized-cheeses', 'en:cow-mozzarella', 'en:industrial-cheese']",0,[],[],216.0,16.0,11.0,1.0,,17.0,0.6875
Saint Agur crème format maxi,3222110024029,"['en:dairies', 'en:fermented-foods', 'en:fermented-milk-products', 'en:cheeses', 'en:spreads', 'en:salted-spreads', 'en:cheese-spreads']",3,[],"['en:e270', 'en:e450', 'en:e452']",286.0,25.0,18.0,0.8,,13.0,1.5
Comté,3560070930036,"['en:dairies', 'en:fermented-foods', 'en:fermented-milk-products', 'en:cheeses', 'en:cow-cheeses', 'en:hard-cheeses', 'en:french-cheeses', 'en:comte', 'en:aoc-cheeses', 'en:labeled-cheeses', 'fr:produits-aoc', 'fr:produits-labellises']",0,[],[],410.0,34.0,22.0,1.0,1.5,26.0,0.8
Naturais 300g,3250391800025,"['en:dairies', 'en:fermented-foods', 'en:fermented-milk-products', 'en:cheeses', 'en:spreads', 'en:salted-spreads', 'en:pasteurised-products', 'en:pasteurized-cheeses', 'en:cheese-spreads', 'fr:fromage-ou-specialite-fromagere-non-affine', 'fr:nature']",1,[],['en:e270'],209.0,20.0,14.0,4.0,0.0,6.3,0.98
Le Crottin de Chèvre,3184670010532,"['en:dairies', 'en:fermented-foods', 'en:fermented-milk-products', 'en:cheeses', 'en:goat-cheeses', 'en:crottin-cheese-from-goat-s-milk']",0,[],[],297.0,23.0,18.0,1.5,0.0,20.0,1.5
Comte 6 mois aop lc 350g,3250390835851,"['en:dairies', 'en:fermented-foods', 'en:fermented-milk-products', 'en:cheeses', 'en:cow-cheeses', 'en:fresh-foods', 'en:hard-cheeses', 'en:french-cheeses', 'en:unpasteurised-cheeses', 'en:comte', 'en:aoc-cheeses', 'en:labeled-cheeses', 'fr:produits-aoc', 'fr:produits-labellises']",0,[],[],419.0,34.0,23.0,0.5,0.5,27.0,0.98
Almette - Kräuter,4002468084017,"['en:dairies', 'en:fermented-foods', 'en:fermented-milk-products', 'en:cheeses', 'en:fresh-cheeses', 'en:cream-cheeses']",1,[],['en:e941'],251.0,23.0,15.0,3.2,,5.4,1.1
Labné,3228022220061,"['en:dairies', 'en:fermented-foods', 'en:fermented-milk-products', 'en:cheeses', 'en:spreads', 'en:salted-spreads', 'en:cow-cheeses', 'en:cheese-spreads']",0,[],[],225.0,21.0,14.0,3.0,,6.0,0.8
Gorgonzola dop piccante,20053475,"['en:dairies', 'en:fermented-foods', 'en:fermented-milk-products', 'en:cheeses', 'en:blue-veined-cheeses', 'en:italian-cheeses', 'en:gorgonzolas']",0,[],[],342.0,29.0,19.0,0.0,0.0,20.0,1.8675
Queso en lonchas de vaca,8480000505439,"['en:dairies', 'en:fermented-foods', 'en:fermented-milk-products', 'en:cheeses', 'en:cow-cheeses']",1,[],['en:e509'],364.0,31.0,22.0,0.5,,21.0,1.2
PHILADELPHIA GARLIC & HERBS www. For delicious vis,7622201694791,"['en:dairies', 'en:fermented-foods', 'en:fermented-milk-products', 'en:cheeses', 'en:spreads', 'en:salted-spreads', 'en:soft-cheeses', 'en:cheese-spreads', 'en:cream-cheeses']",2,[],"['en:e407', 'en:e412']",142.0,10.0,6.7,5.3,,7.2,0.91
British Mature Cheddar,4061459769906,"['en:dairies', 'en:fermented-foods', 'en:fermented-milk-products', 'en:cheeses', 'en:cow-cheeses', 'en:cheeses-from-the-united-kingdom', 'en:cheeses-from-england', 'en:cheddar-cheese']",0,[],[],417.0,35.0,21.7,0.0,,25.0,1.77
Jibal fromage frais,6111246954935,"['en:dairies', 'en:fermented-foods', 'en:fermented-milk-products', 'en:cheeses']",1,[],['en:e14xx'],122.15,4.95,3.17,13.17,0.0,4.95,0.0
Tranches de chèvre,3523230040976,"['en:dairies', 'en:fermented-foods', 'en:fermented-milk-products', 'en:cheeses', 'en:goat-cheeses']",0,[],[],401.0,33.0,23.0,0.0,0.0,26.0,1.7
Frischkäse der Sahnige,20082857,"['en:dairies', 'en:fermented-foods', 'en:fermented-milk-products', 'en:cheeses', 'en:spreads', 'en:salted-spreads', 'en:fresh-cheeses', 'en:cream-cheeses']",0,[],[],243.0,23.0,16.1,2.7,,6.3,0.64
Queso de Cabra,8480000500212,"['en:dairies', 'en:fermented-foods', 'en:fermented-milk-products', 'en:cheeses', 'en:goat-cheeses']",0,[],[],335.0,29.2,21.1,0.5,,17.0,1.1
"Fromage Blanc 3,1%",26065557,"['en:dairies', 'en:fermented-foods', 'en:fermented-milk-products', 'en:cheeses', 'en:desserts', 'en:dairy-desserts', 'en:fermented-dairy-desserts', 'fr:fromages-blancs']",0,[],[],79.0,3.2,2.2,4.0,0.5,7.8,0.107
Burrata,8480000512185,"['en:dairies', 'en:fermented-foods', 'en:fermented-milk-products', 'en:cheeses', 'en:italian-cheeses', 'en:stretched-curd-cheeses', 'en:burrata', 'en:fresh-cheeses']",1,[],['en:e330'],240.0,20.0,13.0,1.9,,13.0,0.61
Burrata,8000430138931,"['en:dairies', 'en:fermented-foods', 'en:fermented-milk-products', 'en:cheeses', 'en:cow-cheeses', 'en:italian-cheeses', 'en:stretched-curd-cheeses', 'en:brined-cheeses', 'en:burrata', 'en:fresh-cheeses', 'en:cow-burrata']",1,[],['en:e270'],256.0,24.0,15.0,2.0,,8.0,0.54
La vache qui rit,3073781154504,"['en:dairies', 'en:fermented-foods', 'en:fermented-milk-products', 'en:cheeses']",0,[],[],215.0,17.0,11.5,6.5,0.0,9.0,1.7
"Plant Based Mature Cheddar Flavour, vegan cheese",5000295157408,"['en:plant-based-foods-and-beverages', 'en:dairies', 'en:fermented-foods', 'en:plant-based-foods', 'en:fermented-milk-products', 'en:cheeses', 'en:dairy-substitutes', 'en:vegan-products', 'en:cow-cheeses', 'en:cheeses-from-the-united-kingdom', 'en:cheeses-from-england', 'en:cheddar-cheese', 'en:cheese-substitutes']",3,[],"['en:e160a', 'en:e270', 'en:e406']",336.0,25.6,22.1,0.4,4.9,0.2,2.1
Brunch,4045357011329,"['en:dairies', 'en:fermented-foods', 'en:fermented-milk-products', 'en:cheeses', 'en:spreads', 'en:salted-spreads', 'en:spreadable-fats', 'en:dairy-spreads', 'de:mischfette', 'en:cheese-spreads', 'en:cream-cheeses', 'en:streichfette-milch-und-nichtmilcherzeugnisse']",2,[],"['en:e406', 'en:e440']",219.0,20.0,13.0,3.3,,5.3,1.2
Cheese Slices,7622201712228,"['en:dairies', 'en:fermented-foods', 'en:fermented-milk-products', 'en:cheeses', 'en:dairylea-cheese-slices']",4,[],"['en:e14xx', 'en:e270', 'en:e451', 'en:e452']",224.0,13.7,8.78,6.83,2.44,14.6,1.49
,3564700014677,"['en:dairies', 'en:fermented-foods', 'en:fermented-milk-products', 'en:cheeses', 'en:cow-cheeses', 'en:hard-cheeses', 'en:emmentaler', 'en:french-cheeses', 'en:french-emmentaler', 'en:pasteurized-cheeses', 'en:grated-cheese', 'en:grated-emmentaler']",0,[],[],369.0,29.0,19.0,0.5,0.0,27.0,0.7
PRESIDENT POINTE DE BRIE 200g,3228021950129,"['en:dairies', 'en:fermented-foods', 'en:fermented-milk-products', 'en:cheeses', 'en:soft-cheeses', 'en:cow-cheeses', 'en:fresh-foods', 'en:soft-cheeses-with-bloomy-rind', 'en:french-cheeses', 'en:bries', 'en:pasteurized-cheeses', 'en:soft-cheese-with-a-natural-rind', 'en:soft-cheeses-with-washed-rind', 'en:industrial-cheese']",0,[],[],347.0,31.0,22.0,0.5,,17.0,1.2
Fromage à effilocher nature,5011069171629,"['en:dairies', 'en:fermented-foods', 'en:fermented-milk-products', 'en:cheeses', 'en:stretched-curd-cheeses', 'en:cheeses-for-kids']",2,[],"['en:e270', 'en:e330']",304.0,22.5,14.0,1.0,0.0,23.0,1.9
Tarti'Bon Nature,3245411216818,"['en:dairies', 'en:fermented-foods', 'en:fermented-milk-products', 'en:cheeses', 'en:spreads', 'en:salted-spreads', 'en:pasteurised-products', 'en:pasteurized-cheeses', 'en:cheese-spreads', 'en:cream-cheeses', 'en:industrial-cheese']",0,[],[],252.0,25.0,16.0,3.0,0.0,4.5,1.0
Queso especial pasta,8480000511515,"['en:dairies', 'en:fermented-foods', 'en:fermented-milk-products', 'en:cheeses']",5,[],"['en:e1105', 'en:e202', 'en:e331', 'en:e340', 'en:e452']",292.0,16.0,12.0,2.4,,20.0,2.46
Skyr,4056489012788,"['en:dairies', 'en:fermented-foods', 'en:fermented-milk-products', 'en:cheeses', 'en:desserts', 'en:dairy-desserts', 'en:fermented-dairy-desserts', 'en:fromages-blancs-petit-suisses-and-skyr', 'en:fresh-cheeses', 'en:skyrs', 'en:cream-cheeses']",0,[],[],62.0,0.2,0.1,4.0,0.0,11.0,0.128
President ovale extra fondant 200g,3228022190067,"['en:dairies', 'en:fermented-foods', 'en:fermented-milk-products', 'en:cheeses', 'en:cow-cheeses', 'en:pasteurized-cheeses']",0,[],[],343.0,31.0,22.0,0.5,0.0,16.0,1.3
Bresse bleu le Véritable,3480341005020,"['en:dairies', 'en:fermented-foods', 'en:fermented-milk-products', 'en:cheeses', 'en:cow-cheeses', 'en:blue-veined-cheeses', 'en:french-blue-veined-cheeses']",0,[],[],342.0,30.0,21.0,0.5,,17.0,1.6
La tomme de brebis,3023260027607,"['en:dairies', 'en:fermented-foods', 'en:fermented-milk-products', 'en:cheeses', 'en:mountain-products', 'en:french-cheeses', 'en:mountain-cheeses', 'en:sheep-s-milk-cheeses', 'en:tomme-cheese-from-cow-s-milk', 'fr:tomme-de-brebis']",1,[],['en:e150'],379.0,32.5,23.1,0.0,,21.5,1.77
Boursin portions garlic & herbs,3175460001625,"['en:dairies', 'en:fermented-foods', 'en:fermented-milk-products', 'en:cheeses', 'en:spreads', 'en:salted-spreads', 'en:cow-cheeses', 'en:fresh-foods', 'en:pasteurised-products', 'en:french-cheeses', 'en:pasteurized-cheeses', 'en:cheese-spreads', 'en:cream-cheeses', 'en:flavoured-uncured-soft-cheese-spreadable-with-around-30-40-fat', 'en:industrial-cheese', 'en:uncured-soft-cheese-spreadable-around-30-40-fat-flavoured']",0,[],[],396.0,39.0,26.0,2.5,,8.5,1.23
Skyr,5710328003243,"['en:dairies', 'en:fermented-foods', 'en:fermented-milk-products', 'en:cheeses', 'en:desserts', 'en:dairy-desserts', 'en:fermented-dairy-desserts', 'en:skyrs']",0,[],[],57.0,0.2,0.1,3.0,,10.0,0.09
Emmental français 10 tranches,20592998,"['en:dairies', 'en:fermented-foods', 'en:fermented-milk-products', 'en:cheeses', 'en:cow-cheeses', 'en:hard-cheeses', 'en:pasteurised-products', 'en:emmentaler', 'en:french-cheeses', 'en:french-emmentaler', 'en:pasteurized-cheeses', 'en:sliced-cheeses', 'fr:emmental-en-tranches']",0,[],[],380.0,30.0,21.0,0.5,,27.0,0.64
Tarti'Bon,3560070109920,"['en:dairies', 'en:fermented-foods', 'en:fermented-milk-products', 'en:cheeses', 'en:spreads', 'en:salted-spreads', 'en:cow-cheeses', 'en:fresh-foods', 'en:french-cheeses', 'en:pasteurized-cheeses', 'en:cheese-spreads', 'en:cream-cheeses', 'en:industrial-cheese', 'en:uncured-soft-cheese-spreadable-around-30-40-fat-flavoured']",0,[],[],246.0,24.0,16.0,3.0,,5.5,1.2
Kiri creme 24p 432g od perec,3073781126877,"['en:dairies', 'en:fermented-foods', 'en:fermented-milk-products', 'en:cheeses', 'en:cheeses-perishable']",0,[],[],303.0,29.0,19.5,2.0,,9.0,1.3
SKYR nature,3564706580633,"['en:dairies', 'en:fermented-foods', 'en:fermented-milk-products', 'en:cheeses', 'en:desserts', 'en:dairy-desserts', 'en:fermented-dairy-desserts', 'en:skyrs', 'en:cream-cheeses']",0,[],[],60.0,0.5,0.1,3.2,0.5,8.8,0.1
Käse Fol Epi classic,3090291386041,"['en:dairies', 'en:fermented-foods', 'en:fermented-milk-products', 'en:cheeses', 'en:cow-cheeses', 'en:pasteurised-products', 'en:pasteurized-cheeses', 'en:sliced-cheeses']",2,[],"['en:e150a', 'en:e160a']",352.0,28.1,19.0,0.48,0.0,25.2,1.4
Камамбер,20442767,"['en:dairies', 'en:fermented-foods', 'en:fermented-milk-products', 'en:cheeses', 'en:soft-cheeses', 'en:cow-cheeses', 'en:soft-cheeses-with-bloomy-rind', 'en:camemberts', 'en:pasteurised-products', 'en:french-cheeses', 'en:pasteurized-cheeses']",0,[],[],269.0,21.0,15.0,0.5,,19.0,1.4
Philadelphia Original,7622210955562,"['en:dairies', 'en:fermented-foods', 'en:fermented-milk-products', 'en:cheeses', 'en:spreads', 'en:salted-spreads', 'en:cheese-spreads', 'en:cream-cheeses']",1,[],['en:e330'],225.0,21.0,14.0,4.3,0.2,5.4,0.75
Grana Padano,20155520,"['en:dairies', 'en:fermented-foods', 'en:fermented-milk-products', 'en:cheeses', 'en:italian-cheeses', 'en:grana-padano']",0,[],[],398.0,29.0,18.0,0.0,0.0,33.0,1.5
Cottage Cheese,7310865099884,"['en:dairies', 'en:fermented-foods', 'en:fermented-milk-products', 'en:cheeses', 'en:spreads', 'en:salted-spreads', 'en:fresh-cheeses', 'en:cheese-spreads', 'en:cottage-cheeses']",1,[],['en:e14xx'],82.0,1.5,1.0,2.0,,15.0,1.57
Quesitos,20326890,"['en:dairies', 'en:fermented-foods', 'en:fermented-milk-products', 'en:cheeses', 'en:spreads', 'en:salted-spreads', 'en:cheese-spreads']",3,[],"['en:e202', 'en:e410', 'en:e415']",196.0,16.5,10.8,4.0,,7.8,1.7
Käse Frischkäse Pur,4311501687734,"['en:dairies', 'en:fermented-foods', 'en:fermented-milk-products', 'en:cheeses', 'en:cream-cheeses']",0,[],[],242.0,23.0,16.1,2.9,,5.5,0.001625
Soummam ص,6130760002809,"['en:dairies', 'en:fermented-foods', 'en:fermented-milk-products', 'en:cheeses', 'en:desserts', 'en:dairy-desserts', 'en:fermented-dairy-desserts', 'en:yogurts', 'en:petits-suisses', 'en:fruits-flavoured-fat-fresh-cream-cheese', 'en:cream-cheeses']",0,[],[],85.3,4.5,3.06,3.7,,7.5,0.1
Almette cu verdeata,5941238014047,"['en:dairies', 'en:fermented-foods', 'en:fermented-milk-products', 'en:cheeses', 'en:cream-cheeses']",0,[],[],248.0,23.0,15.0,3.3,,5.4,1.0825
Skyr bio nature,3661344912533,"['en:dairies', 'en:fermented-foods', 'en:fermented-milk-products', 'en:cheeses', 'en:cream-cheeses']",0,[],[],57.0,0.2,0.1,3.9,,10.0,0.09
Lacto free cheese,5000246726011,"['en:dairies', 'en:fermented-foods', 'en:fermented-milk-products', 'en:cheeses', 'en:cow-cheeses', 'en:cheeses-from-the-united-kingdom', 'en:cheeses-from-england', 'en:cheddar-cheese', 'en:mature-cheddar']",0,[],[],416.0,35.0,6.6,0.1,,25.0,0.531
Le fromager nature,3701002408586,"['en:dairies', 'en:fermented-foods', 'en:fermented-milk-products', 'en:cheeses', 'en:spreads', 'en:salted-spreads', 'en:cheese-spreads', 'en:uncured-soft-cheese-spreadable-with-around-20-fat']",1,[],['en:e270'],223.0,20.0,14.0,4.0,,6.3,1.0
Mini Mature Cheddar,5000295109094,"['en:dairies', 'en:fermented-foods', 'en:fermented-milk-products', 'en:cheeses', 'en:cow-cheeses', 'en:cheeses-from-the-united-kingdom', 'en:cheeses-from-england', 'en:cheddar-cheese', 'en:mature-cheddar']",0,[],[],416.0,34.9,21.7,0.1,,25.4,1.8
Fromage Blanc saveur vanille,20158125,"['en:dairies', 'en:fermented-foods', 'en:fermented-milk-products', 'en:cheeses', 'en:desserts', 'en:dairy-desserts', 'en:fermented-dairy-desserts', 'en:flavoured-fermented-dairy-desserts', 'fr:fromages-blancs', 'fr:fromages-blancs-aromatises']",2,[],"['en:e14xx', 'en:e415']",96.0,2.5,1.6,11.6,0.0,6.2,0.04
Emmental français râpé,3250390150589,"['en:dairies', 'en:fermented-foods', 'en:fermented-milk-products', 'en:cheeses', 'en:cow-cheeses', 'en:hard-cheeses', 'en:emmentaler', 'en:french-cheeses', 'en:french-emmentaler', 'en:grated-cheese', 'en:grated-emmentaler', 'en:industrial-cheese']",0,[],[],368.0,28.0,19.9,0.5,0.5,27.0,0.7
Original Philadelphia XL,7622210955449,"['en:dairies', 'en:fermented-foods', 'en:fermented-milk-products', 'en:cheeses', 'en:cream-cheeses']",1,[],['en:e330'],225.0,21.0,14.0,4.3,,5.4,0.75
Emmental Français Râpé,3250391294916,"['en:dairies', 'en:fermented-foods', 'en:fermented-milk-products', 'en:cheeses', 'en:cow-cheeses', 'en:hard-cheeses', 'en:emmentaler', 'en:french-cheeses', 'en:french-emmentaler', 'en:grated-cheese', 'en:grated-emmentaler']",0,[],[],364.0,28.0,20.0,0.5,0.5,27.0,0.73
Camembert,3228020481426,"['en:dairies', 'en:fermented-foods', 'en:fermented-milk-products', 'en:cheeses', 'en:soft-cheeses', 'en:cow-cheeses', 'en:soft-cheeses-with-bloomy-rind', 'en:camemberts', 'en:cow-camemberts', 'en:french-cheeses', 'en:pasteurized-cheeses', 'en:camemberts-from-pasteurized-cow-milk']",0,[],[],269.0,21.0,15.0,0.5,,20.0,1.4
comte,3123930617777,"['en:dairies', 'en:fermented-foods', 'en:fermented-milk-products', 'en:cheeses', 'en:cow-cheeses', 'en:hard-cheeses', 'en:pasteurised-products', 'en:unpasteurised-products', 'en:french-cheeses', 'en:unpasteurised-cheeses', 'en:pasteurized-cheeses', 'en:comte', 'en:aoc-cheeses', 'en:labeled-cheeses', 'fr:comte-en-tranches', 'fr:produits-labellises']",0,[],[],410.0,34.0,22.0,0.5,,26.0,0.8
,8480000512307,"['en:dairies', 'en:fermented-foods', 'en:fermented-milk-products', 'en:cheeses', 'en:cow-cheeses', 'en:italian-cheeses', 'en:stretched-curd-cheeses', 'en:mozzarella', 'en:cow-mozzarella']",1,[],['en:e330'],153.0,9.0,6.0,0.8,,17.0,0.6
,20064440,"['en:dairies', 'en:fermented-foods', 'en:fermented-milk-products', 'en:cheeses', 'en:cream-cheeses']",2,[],"['en:e410', 'en:e428']",222.0,20.5,15.0,3.0,,6.1,0.35
extra mature cheddar,5000165375161,"['en:dairies', 'en:fermented-foods', 'en:fermented-milk-products', 'en:cheeses', 'en:cow-cheeses', 'en:cheeses-from-the-united-kingdom', 'en:cheeses-from-england', 'en:cheddar-cheese', 'en:extra-mature-cheddar', 'en:mature-cheddar']",0,[],[],416.0,34.9,21.7,0.1,,25.4,1.77
Parmigiano Reggiano,5051140449377,"['en:dairies', 'en:fermented-foods', 'en:fermented-milk-products', 'en:cheeses', 'en:italian-cheeses', 'en:parmigiano-reggiano']",0,[],[],402.0,29.7,19.6,0.0,0.0,32.4,1.63
6 Pains au chocolat Bio pur beurre 270g,3284230004282,"['en:dairies', 'en:fermented-foods', 'en:fermented-milk-products', 'en:snacks', 'en:breakfasts', 'en:cheeses', 'en:sweet-snacks', 'en:sweet-pastries-and-pies', 'en:viennoiseries', 'en:chocolate-croissant']",1,[],['en:e322'],411.0,21.0,14.0,14.0,3.2,8.0,0.89
President emmental coeur de meule 400g,3228024930050,"['en:dairies', 'en:fermented-foods', 'en:fermented-milk-products', 'en:cheeses', 'en:cow-cheeses', 'en:refrigerated-foods', 'en:hard-cheeses', 'en:emmentaler', 'en:french-cheeses', 'en:french-emmentaler', 'en:industrial-cheese']",0,[],[],369.0,29.0,21.0,0.5,0.0,27.0,0.6
Comté 15 mois,3542860692010,"['en:dairies', 'en:fermented-foods', 'en:fermented-milk-products', 'en:cheeses', 'en:cow-cheeses', 'en:fresh-foods', 'en:hard-cheeses', 'en:french-cheeses', 'en:unpasteurised-cheeses', 'en:comte', 'en:aoc-cheeses', 'en:labeled-cheeses', 'fr:produits-aoc', 'fr:produits-labellises']",0,[],[],418.0,35.0,22.0,0.0,0.0,27.0,0.9
Camembert,3564700011881,"['en:dairies', 'en:fermented-foods', 'en:fermented-milk-products', 'en:cheeses', 'en:soft-cheeses', 'en:cow-cheeses', 'en:soft-cheeses-with-bloomy-rind', 'en:camemberts', 'en:cow-camemberts', 'en:french-cheeses', 'en:refrigerated-foods', 'en:pasteurized-cheeses', 'en:camemberts-from-pasteurized-cow-milk', 'en:industrial-cheese']",0,[],[],265.0,21.0,14.0,0.5,0.0,19.0,1.4
P'tit Louis,3272770098007,"['en:dairies', 'en:fermented-foods', 'en:fermented-milk-products', 'en:cheeses', 'en:spreads', 'en:salted-spreads', 'en:cow-cheeses', 'en:cheese-spreads']",1,[],['en:e270'],242.0,22.9,15.7,3.0,0.0,5.4,1.1
Fromage Doux et Crémeux (31 % MG),20024710,"['en:dairies', 'en:fermented-foods', 'en:fermented-milk-products', 'en:cheeses', 'en:soft-cheeses', 'en:cow-cheeses', 'en:fresh-foods', 'en:soft-cheeses-with-bloomy-rind', 'en:french-cheeses', 'en:pasteurized-cheeses', 'en:double-cream-cheeses', 'en:industrial-cheese']",0,[],[],357.0,31.0,21.7,0.1,0.1,19.0,1.57
Sainte-maure fromage de chèvre,3564700562406,"['en:dairies', 'en:fermented-foods', 'en:fermented-milk-products', 'en:cheeses', 'en:soft-cheeses', 'en:french-cheeses', 'en:goat-cheeses', 'en:pasteurized-cheeses', 'en:soft-cheese-with-a-natural-rind']",0,[],[],291.0,23.0,16.0,0.5,0.0,18.0,1.6
Fromage blanc 0%,3245414638853,"['en:dairies', 'en:fermented-foods', 'en:fermented-milk-products', 'en:cheeses', 'en:desserts', 'en:dairy-desserts', 'en:fermented-dairy-desserts', 'en:fromages-blancs-petit-suisses-and-skyr', 'en:plain-fermented-dairy-desserts', 'fr:fromages-blancs', 'en:fat-free-plain-fresh-cream-cheese', 'fr:fromages-blancs-natures']",0,[],[],51.0,0.5,0.2,5.3,0.0,6.8,0.1
Fromage à tartiner nature 25%,3564700467480,"['en:dairies', 'en:fermented-foods', 'en:fermented-milk-products', 'en:cheeses', 'en:spreads', 'en:salted-spreads', 'en:pasteurised-products', 'en:pasteurized-cheeses', 'en:cheese-spreads']",0,[],[],257.0,25.0,16.0,3.0,0.0,4.5,1.0
,8413556010324,"['en:dairies', 'en:fermented-foods', 'en:fermented-milk-products', 'en:cheeses', 'en:fresh-cheeses']",0,[],[],160.0,11.6,8.1,4.4,0.0,8.7,0.12
Ricotta Cremosa,8000430194012,"['en:dairies', 'en:fermented-foods', 'en:fermented-milk-products', 'en:cheeses', 'en:italian-cheeses', 'en:fresh-cheeses', 'en:pasteurized-cheeses', 'en:ricotta']",2,[],"['en:e270', 'en:e330']",164.0,12.0,8.3,4.5,,8.0,0.4
Доматен сос със сирене Пекорино Романо ЗНП,20431488,"['en:dairies', 'en:fermented-foods', 'en:fermented-milk-products', 'en:cheeses', 'en:condiments', 'en:sauces', 'en:tomato-sauces']",0,[],[],84.0,5.1,1.7,5.3,1.9,2.3,2.0
French Brie,20024727,"['en:dairies', 'en:fermented-foods', 'en:fermented-milk-products', 'en:cheeses', 'en:soft-cheeses', 'en:cow-cheeses', 'en:soft-cheeses-with-bloomy-rind', 'en:pasteurised-products', 'en:french-cheeses', 'en:bries', 'en:pasteurized-cheeses']",0,[],[],351.0,31.0,20.5,1.0,0.0,16.2,1.2775
Mousse au fromage blanc sur lit de fruits,3033490006143,"['en:dairies', 'en:fermented-foods', 'en:fermented-milk-products', 'en:cheeses', 'en:desserts', 'en:dairy-desserts', 'en:fermented-dairy-desserts', 'en:fermented-dairy-desserts-with-fruits', 'en:fromages-blancs-petit-suisses-and-skyr', 'en:yogurts', 'en:sweet-mousses', 'fr:fromages-blancs', 'en:fruit-mousses', 'fr:mousse-au-fromage-blanc-sur-lit-de-fruit']",10,[],"['en:e120', 'en:e14xx', 'en:e160a', 'en:e160ai', 'en:e330', 'en:e331', 'en:e412', 'en:e428', 'en:e440', 'en:e950', 'en:e955']",57.0,0.5,0.3,5.5,,6.2,0.13
Feta,20664459,"['en:dairies', 'en:fermented-foods', 'en:fermented-milk-products', 'en:cheeses', 'en:greek-cheeses', 'en:sheep-s-milk-cheeses', 'en:feta', 'en:feta-blocs']",0,[],[],287.0,24.6,17.9,0.2,,16.2,2.0
Körniger Frischkäse,4032549018082,"['en:dairies', 'en:fermented-foods', 'en:fermented-milk-products', 'en:cheeses', 'en:spreads', 'en:salted-spreads', 'en:cow-cheeses', 'en:cheese-spreads', 'en:cream-cheeses']",0,[],[],97.0,0.5,0.3,1.8,,19.0,0.0275
,20465384,"['en:dairies', 'en:fermented-foods', 'en:fermented-milk-products', 'en:cheeses', 'en:cottage-cheeses']",0,[],[],80.0,3.0,2.0,2.3,0.0,11.0,0.64
Gouda Holland jeune,4056489102519,"['en:dairies', 'en:fermented-foods', 'en:fermented-milk-products', 'en:cheeses', 'en:cow-cheeses', 'en:uncooked-pressed-cheeses', 'en:cheeses-of-the-netherlands', 'en:gouda', 'en:gouda-holland']",0,[],[],373.0,30.6,21.2,0.0,,23.5,1.79
Kiri Fouetté Pot,3073781170269,"['en:dairies', 'en:fermented-foods', 'en:fermented-milk-products', 'en:cheeses', 'en:spreads', 'en:salted-spreads', 'en:fresh-cheeses', 'en:cheese-spreads', 'en:cheeses-perishable', 'fr:fromages-fouettes']",0,[],[],288.0,28.0,18.5,2.5,0.0,6.5,0.75
Grana padano,4061462209802,"['en:dairies', 'en:fermented-foods', 'en:fermented-milk-products', 'en:cheeses', 'en:italian-cheeses', 'en:grana-padano']",1,[],['en:e1105'],398.0,29.0,18.4,0.0,0.0,33.0,1.475
Kiri greek carré,3073781141382,"['en:dairies', 'en:fermented-foods', 'en:fermented-milk-products', 'en:cheeses']",0,[],[],255.0,21.5,14.5,3.5,,11.0,1.3
Kiri Fouetté Pot,3073781170283,"['en:dairies', 'en:fermented-foods', 'en:fermented-milk-products', 'en:cheeses', 'en:spreads', 'en:salted-spreads', 'en:fresh-cheeses', 'en:cheese-spreads', 'en:cheeses-perishable', 'fr:fromages-fouettes']",0,[],[],288.0,28.0,18.5,2.5,0.0,6.5,0.75
Frischkäse,4337256453776,"['en:dairies', 'en:fermented-foods', 'en:fermented-milk-products', 'en:cheeses', 'en:fresh-cheeses', 'en:cream-cheeses']",0,[],[],268.0,26.0,17.0,3.0,,5.4,0.7
PRESIDENT BUCHE FONDANTE CHEVRE FORMAT FAMILIAL 250g,3228023080015,"['en:dairies', 'en:fermented-foods', 'en:fermented-milk-products', 'en:cheeses', 'en:goat-cheeses', 'es:rulo-de-cabra']",0,[],[],288.0,24.0,17.0,0.5,0.0,18.0,1.5
Coulommiers,3564700014714,"['en:dairies', 'en:fermented-foods', 'en:fermented-milk-products', 'en:cheeses', 'en:soft-cheeses', 'en:cow-cheeses', 'en:fresh-foods', 'en:soft-cheeses-with-bloomy-rind', 'en:french-cheeses', 'en:pasteurized-cheeses', 'en:soft-cheese-with-a-natural-rind', 'en:soft-cheeses-with-washed-rind', 'en:coulommiers', 'en:industrial-cheese']",0,[],[],283.0,23.0,16.0,0.5,0.0,18.0,1.5
Fromage La Raclette Classique,3176582016252,"['en:dairies', 'en:fermented-foods', 'en:fermented-milk-products', 'en:cheeses', 'en:cow-cheeses', 'en:pasteurized-cheeses', 'en:raclette', 'en:sliced-cheeses', 'en:cow-raclette']",1,[],['en:e235'],328.0,26.0,18.0,0.1,,23.0,1.7
Emmental français râpé - 210g (,3250390011613,"['en:dairies', 'en:fermented-foods', 'en:fermented-milk-products', 'en:cheeses', 'en:cow-cheeses', 'en:hard-cheeses', 'en:emmentaler', 'en:french-cheeses', 'en:french-emmentaler', 'en:pasteurized-cheeses', 'en:grated-cheese', 'en:grated-emmentaler']",0,[],[],362.0,28.0,19.9,0.5,0.5,27.0,0.8
Bleu de brebis,3023260031994,"['en:dairies', 'en:fermented-foods', 'en:fermented-milk-products', 'en:cheeses', 'en:blue-veined-cheeses', 'en:french-cheeses', 'en:sheep-s-milk-cheeses']",0,[],[],372.0,34.0,24.1,0.5,,16.0,2.2
RONDELE AIL DE GARONNE ET FINES HERBES 125g,3244570054705,"['en:dairies', 'en:fermented-foods', 'en:fermented-milk-products', 'en:cheeses', 'en:spreads', 'en:salted-spreads', 'en:cow-cheeses', 'en:fresh-cheeses', 'en:pasteurized-cheeses', 'en:cheese-spreads', 'en:cream-cheeses']",0,[],[],304.0,30.0,21.0,2.4,0.0,6.0,1.1
Fromage frais nature au lait demi-écrémé,3564700202623,"['en:dairies', 'en:fermented-foods', 'en:fermented-milk-products', 'en:cheeses', 'en:desserts', 'en:dairy-desserts', 'en:fermented-dairy-desserts', 'en:petits-suisses', 'en:plain-fermented-dairy-desserts', 'en:plain-petit-suisse', 'en:cream-cheeses']",1,[],['en:e202'],87.0,3.8,2.5,4.1,0.0,9.0,0.125
La Pyramide,3250390749332,"['en:dairies', 'en:fermented-foods', 'en:fermented-milk-products', 'en:cheeses', 'en:goat-cheeses', 'en:cream-cheeses', 'fr:fromages-au-lait-de-chevre-pasteurise']",0,[],[],158.0,12.5,9.4,3.2,,8.2,1.1
Ricotta 11% Mat. Gr.,3564700549711,"['en:dairies', 'en:fermented-foods', 'en:fermented-milk-products', 'en:cheeses', 'en:italian-cheeses', 'en:refrigerated-foods', 'en:ricotta']",2,[],"['en:e270', 'en:e330']",155.0,11.0,7.6,4.3,0.0,8.0,0.2
"Skyr nature 2,2%",3023290038307,"['en:dairies', 'en:fermented-foods', 'en:fermented-milk-products', 'en:cheeses', 'en:desserts', 'en:dairy-desserts', 'en:fermented-dairy-desserts', 'en:skyrs', 'en:cream-cheeses']",0,[],[],52.0,0.0,0.0,3.5,0.0,9.5,0.1
Ricotta,8480000512284,"['en:dairies', 'en:fermented-foods', 'en:fermented-milk-products', 'en:cheeses', 'en:cow-cheeses', 'en:goat-cheeses', 'en:italian-cheeses', 'en:fresh-cheeses', 'en:ricotta']",1,[],['en:e270'],179.0,14.0,9.8,2.8,,9.7,0.37
Crema de Camembert,3228021000145,"['en:dairies', 'en:fermented-foods', 'en:fermented-milk-products', 'en:cheeses', 'en:spreads', 'en:salted-spreads', 'en:cheese-spreads']",5,[],"['en:e160a', 'en:e202', 'en:e330', 'en:e339', 'en:e452']",258.0,22.0,15.0,2.0,,12.0,1.6
Fol Epi,3090291123912,"['en:dairies', 'en:fermented-foods', 'en:fermented-milk-products', 'en:cheeses', 'en:cow-cheeses', 'en:french-cheeses', 'en:pasteurized-cheeses', 'en:sliced-cheeses']",2,[],"['en:e150a', 'en:e160a', 'en:e160ai']",352.0,28.0,19.0,0.5,,25.0,1.4
Fromage blanc 3%,3564700852682,"['en:dairies', 'en:fermented-foods', 'en:fermented-milk-products', 'en:cheeses', 'en:desserts', 'en:dairy-desserts', 'en:fermented-dairy-desserts', 'en:plain-fermented-dairy-desserts', 'fr:fromages-blancs', 'fr:fromages-blancs-natures']",0,[],[],73.0,3.2,2.1,3.9,0.0,7.3,0.125
"Fromage blanc 3,2% de matière grasse",3596710489824,"['en:dairies', 'en:fermented-foods', 'en:fermented-milk-products', 'en:cheeses', 'en:desserts', 'en:dairy-desserts', 'en:fermented-dairy-desserts', 'en:plain-fermented-dairy-desserts', 'fr:fromages-blancs', 'en:plain-fresh-cream-cheese-around-3-fat', 'fr:fromages-blancs-natures']",0,[],[],75.0,3.2,2.1,4.3,0.5,7.2,0.13
Gorgonzola DOP mild,20053468,"['en:dairies', 'en:fermented-foods', 'en:fermented-milk-products', 'en:cheeses', 'en:blue-veined-cheeses', 'en:italian-cheeses', 'en:gorgonzolas']",0,[],[],347.0,29.0,20.0,0.0,,19.0,1.9
soft cheese,5000169247266,"['en:dairies', 'en:fermented-foods', 'en:fermented-milk-products', 'en:cheeses']",0,[],[],251.0,24.5,15.6,3.0,0.0,4.5,0.5
Tesco Italian GRTD Parmesan Cheese 100 G,5010204699462,"['en:dairies', 'en:fermented-foods', 'en:fermented-milk-products', 'en:cheeses']",0,[],[],402.0,29.7,19.6,0.0,0.0,32.4,1.6025
Original Creamy Soft Cheese,5052449483161,"['en:dairies', 'en:fermented-foods', 'en:fermented-milk-products', 'en:cheeses', 'en:spreads', 'en:salted-spreads', 'en:cheese-spreads']",0,[],[],255.0,24.0,14.0,3.5,0.6,4.4,0.3725
Verse kaas met knoflook en kruiden,20292447,"['en:dairies', 'en:fermented-foods', 'en:fermented-milk-products', 'en:cheeses', 'en:spreads', 'en:salted-spreads', 'en:cheese-spreads', 'en:cream-cheeses', 'en:flavoured-uncured-soft-cheese-spreadable-with-around-30-40-fat']",1,[],['en:e412'],288.0,27.2,19.0,2.8,,6.8,1.0
Pik&Croq nature 5B,3073780809061,"['en:dairies', 'en:fermented-foods', 'en:fermented-milk-products', 'en:cheeses', 'en:spreads', 'en:fresh-foods', 'en:salted-spreads', 'en:cow-cheeses', 'en:cheese-preparations', 'en:french-cheeses', 'en:processed-cheeses', 'en:cheese-spreads', 'en:cheeses-perishable', 'en:cream-cheeses', 'en:industrial-cheese', 'fr:fromages-degustations']",1,[],['en:e452'],281.0,15.5,9.5,5.5,1.5,10.0,1.5
PRESIDENT LA BRIQUE FONDANTE 200g,3228021170077,"['en:dairies', 'en:fermented-foods', 'en:fermented-milk-products', 'en:cheeses', 'en:spreads', 'en:soft-cheeses', 'en:cow-cheeses', 'en:soft-cheeses-with-bloomy-rind', 'en:spreadable-fats', 'en:pasteurised-products', 'en:pasteurized-cheeses', 'en:industrial-cheese']",0,[],[],306.0,26.0,18.0,0.1,,18.0,1.4
Emmental français,3564700340721,"['en:dairies', 'en:fermented-foods', 'en:fermented-milk-products', 'en:cheeses', 'en:cow-cheeses', 'en:hard-cheeses', 'en:emmentaler', 'en:french-cheeses', 'en:french-emmentaler']",0,[],[],369.0,29.0,21.0,0.5,0.5,27.0,0.6
Mozzarella di latte di Bufala,3760056260014,"['en:dairies', 'en:fermented-foods', 'en:fermented-milk-products', 'en:cheeses', 'en:fresh-foods', 'en:italian-cheeses', 'en:stretched-curd-cheeses', 'en:buffalo-cheeses', 'en:mozzarella', 'en:buffalo-mozzarella']",0,[],[],279.0,24.0,17.0,0.6,,15.0,0.63
TRESANA Nature,4046700004456,"['en:dairies', 'en:fermented-foods', 'en:fermented-milk-products', 'en:cheeses', 'en:spreads', 'en:salted-spreads', 'en:cheese-spreads']",1,[],['en:e428'],274.0,27.8,17.5,2.7,,2.8,0.35
Emmental,3560070179886,"['en:dairies', 'en:fermented-foods', 'en:fermented-milk-products', 'en:cheeses', 'en:cow-cheeses', 'en:hard-cheeses', 'en:emmentaler', 'en:french-cheeses', 'en:french-emmentaler', 'en:sliced-cheeses']",0,[],[],386.0,30.0,19.0,0.0,0.0,29.0,1.1
l'Ortolan Léger,3272320012569,"['en:dairies', 'en:fermented-foods', 'en:fermented-milk-products', 'en:cheeses', 'en:soft-cheeses', 'en:cow-cheeses', 'en:soft-cheeses-with-bloomy-rind', 'en:camemberts', 'en:french-cheeses', 'en:soft-cheeses-with-washed-rind', 'en:soft-cheese-with-a-natural-rind', 'en:cheeses-perishable']",0,[],[],192.0,10.0,7.8,0.5,,25.0,1.3
Comté,3123930771059,"['en:dairies', 'en:fermented-foods', 'en:fermented-milk-products', 'en:cheeses', 'en:hard-cheeses', 'en:french-cheeses', 'en:unpasteurised-cheeses', 'en:comte', 'en:grated-cheese', 'fr:fromages-aoc', 'fr:fromages-labellises']",0,[],[],410.0,34.0,22.0,0.5,,26.0,0.8
Philadelphia - Milka Frischkäse,7622300508661,"['en:dairies', 'en:fermented-foods', 'en:fermented-milk-products', 'en:snacks', 'en:breakfasts', 'en:cheeses', 'en:spreads', 'en:sweet-snacks', 'en:cocoa-and-its-products', 'en:sweet-spreads', 'en:chocolates', 'en:cream-cheeses']",5,[],"['en:e322', 'en:e322i', 'en:e330', 'en:e407', 'en:e410', 'en:e466']",286.0,13.0,8.3,33.0,1.8,6.4,1.2
Bûche de chèvre,3272770014427,"['en:dairies', 'en:fermented-foods', 'en:fermented-milk-products', 'en:cheeses', 'en:goat-cheeses', 'es:rulo-de-cabra']",0,[],[],267.0,21.0,14.0,0.5,,18.0,1.4
Emmental râpé,3560070379545,"['en:dairies', 'en:fermented-foods', 'en:fermented-milk-products', 'en:cheeses', 'en:fresh-foods', 'en:cow-cheeses', 'en:hard-cheeses', 'en:pasteurised-products', 'en:emmentaler', 'en:french-cheeses', 'en:french-emmentaler', 'en:pasteurized-cheeses', 'en:grated-cheese', 'en:grated-emmentaler', 'en:industrial-cheese']",0,[],[],373.0,29.0,19.0,0.0,0.0,27.0,0.7
Emmental râpé fondant,3560071245979,"['en:dairies', 'en:fermented-foods', 'en:fermented-milk-products', 'en:cheeses', 'en:cow-cheeses', 'en:hard-cheeses', 'en:emmentaler', 'en:grated-cheese', 'en:grated-emmentaler']",0,[],[],369.0,29.0,19.0,0.0,,27.0,0.7
Frischkäse Feine Kräuter,4045357004383,"['en:dairies', 'en:fermented-foods', 'en:fermented-milk-products', 'en:cheeses', 'en:fresh-cheeses', 'en:cream-cheeses']",1,[],['en:e941'],237.0,21.0,14.0,2.8,,7.1,1.2
Le fromage blanc des limousins,3760043160600,"['en:dairies', 'en:fermented-foods', 'en:fermented-milk-products', 'en:cheeses', 'en:desserts', 'en:dairy-desserts', 'en:frozen-foods', 'en:fermented-dairy-desserts', 'fr:fromages-blancs']",0,[],[],74.0,3.2,2.2,3.9,,7.5,0.075
"Körniger Frischkäse, Halbfettstufe",4061458047692,"['en:dairies', 'en:fermented-foods', 'en:fermented-milk-products', 'en:cheeses', 'en:desserts', 'en:dairy-desserts', 'en:fermented-dairy-desserts', 'en:plain-fermented-dairy-desserts', 'en:fresh-cheeses', 'en:cottage-cheeses', 'en:cream-cheeses', 'en:plain-cottage-cheeses']",0,[],[],95.0,4.3,2.8,1.0,,13.0,0.69
Greek style salad cheese,20898717,"['en:dairies', 'en:fermented-foods', 'en:fermented-milk-products', 'en:cheeses', 'en:meals', 'en:prepared-salads']",0,[],[],258.0,20.0,13.3,0.5,,17.9,2.7
Mature Cheddar,5000165369078,"['en:dairies', 'en:fermented-foods', 'en:fermented-milk-products', 'en:cheeses', 'en:cow-cheeses', 'en:cheeses-from-the-united-kingdom', 'en:cheeses-from-england', 'en:cheddar-cheese']",0,[],[],416.0,34.9,21.7,0.1,,25.4,1.8
Grana Padano,3560071455804,"['en:dairies', 'en:fermented-foods', 'en:fermented-milk-products', 'en:cheeses', 'en:italian-cheeses', 'en:grana-padano', 'en:grated-cheese']",1,[],['en:e1105'],398.0,29.0,18.0,0.0,,33.0,1.5
Medium cheddar,5057753909383,"['en:dairies', 'en:fermented-foods', 'en:fermented-milk-products', 'en:cheeses', 'en:cow-cheeses', 'en:cheeses-from-the-united-kingdom', 'en:cheeses-from-england', 'en:cheddar-cheese']",0,[],[],416.0,34.9,21.7,0.1,0.0,25.4,1.78
Pack ftoury jben 190g×2,6111246721377,"['en:dairies', 'en:fermented-foods', 'en:fermented-milk-products', 'en:cheeses']",0,[],[],225.0,20.0,0.0,0.0,,6.0,0.4
Toastinette cheddar 10 tranches,3073781099324,"['en:dairies', 'en:fermented-foods', 'en:fermented-milk-products', 'en:cheeses', 'en:cheeses-perishable', 'en:melted-cheese', 'fr:fromages-fondus-au-cheddar']",2,[],"['en:e160c', 'en:e452']",239.0,17.0,11.5,6.0,0.0,15.5,2.6
Babybel,3073781069716,"['en:dairies', 'en:fermented-foods', 'en:fermented-milk-products', 'en:cheeses', 'en:pasteurised-products', 'en:pasteurized-cheeses', 'en:cheeses-perishable']",0,[],[],328.0,27.5,18.5,0.1,0.0,20.0,1.8
Toastinette original,3073781099348,"['en:dairies', 'en:fermented-foods', 'en:fermented-milk-products', 'en:cheeses', 'en:sliced-cheeses', 'en:cheeses-perishable', 'fr:fromages-degustations']",1,[],['en:e452'],239.0,17.0,11.5,6.0,,15.5,2.6
Fromage blanc biologique au lait de chèvre,3273220541166,"['en:dairies', 'en:fermented-foods', 'en:fermented-milk-products', 'en:cheeses', 'en:desserts', 'en:dairy-desserts', 'en:fermented-dairy-desserts', 'en:fromages-blancs-petit-suisses-and-skyr', 'en:pasteurised-products', 'en:goat-cheeses', 'en:plain-fermented-dairy-desserts', 'en:pasteurized-cheeses', 'fr:fromages-blancs', 'fr:fromages-blancs-au-lait-de-chevre']",0,[],[],91.0,5.9,4.1,3.6,,5.8,8e-05
Coulommiers de Caractère,20131623,"['en:dairies', 'en:fermented-foods', 'en:fermented-milk-products', 'en:cheeses', 'en:soft-cheeses', 'en:cow-cheeses', 'en:soft-cheeses-with-bloomy-rind', 'en:french-cheeses', 'en:pasteurized-cheeses', 'en:coulommiers', 'en:industrial-cheese']",0,[],[],281.0,23.0,16.1,0.1,0.0,18.0,1.5
Feta grecque aop 200g,3250391226078,"['en:dairies', 'en:fermented-foods', 'en:fermented-milk-products', 'en:cheeses', 'en:pasteurised-products', 'en:greek-cheeses', 'en:pasteurized-cheeses', 'en:sheep-s-milk-cheeses', 'en:feta', 'fr:feta-et-assimiles-sans-huile']",0,[],[],277.0,24.0,17.0,0.3,0.0,16.0,2.7
Tzatziki Fromage frais et concombres,3245412956515,"['en:dairies', 'en:fermented-foods', 'en:fermented-milk-products', 'en:cheeses', 'en:condiments', 'en:sauces', 'en:cream-cheeses', 'en:tzatzikis', 'en:groceries']",1,[],['en:e202'],184.0,16.0,1.1,2.4,0.5,5.5,0.99
Gouda 48+ Sneden-Tranches,20047573,"['en:dairies', 'en:fermented-foods', 'en:fermented-milk-products', 'en:cheeses', 'en:cow-cheeses', 'en:pasteurised-products', 'en:uncooked-pressed-cheeses', 'en:cheeses-of-the-netherlands', 'en:gouda', 'en:pasteurized-cheeses', 'en:young-goudas']",0,[],[],361.0,29.0,19.0,0.1,,25.0,4.25
Comté,3560070931835,"['en:dairies', 'en:fermented-foods', 'en:fermented-milk-products', 'en:cheeses', 'en:cow-cheeses', 'en:hard-cheeses', 'en:french-cheeses', 'en:comte', 'en:aoc-cheeses', 'en:labeled-cheeses']",0,[],[],410.0,34.0,22.0,1.0,1.5,26.0,0.8
Original Mini,3073780902366,"['en:dairies', 'en:fermented-foods', 'en:fermented-milk-products', 'en:cheeses', 'en:cow-cheeses', 'en:lactose-free-cheeses']",0,[],[],295.0,23.0,15.5,0.01,,22.0,1.7
Philadelphia protein,7622210780751,"['en:dairies', 'en:fermented-foods', 'en:fermented-milk-products', 'en:cheeses', 'en:spreads', 'en:salted-spreads', 'en:cheese-spreads', 'en:cream-cheeses']",2,[],"['en:e330', 'en:e412']",87.0,2.5,1.7,4.9,0.4,11.0,0.835
Dairylea processed cheese-portions regular,7622210317643,"['en:dairies', 'en:fermented-foods', 'en:fermented-milk-products', 'en:cheeses']",3,[],"['en:e330', 'en:e451', 'en:e500', 'en:e500i']",211.0,14.7,9.6,4.48,1.28,12.2,1.44
la vache qui rit 80 light,3073781161755,"['en:dairies', 'en:fermented-foods', 'en:fermented-milk-products', 'en:cheeses']",2,[],"['en:e330', 'en:e341']",459.0,17.0,6.99,0.99,26.0,65.0,5.19
Camembert,3365500001450,"['en:dairies', 'en:fermented-foods', 'en:fermented-milk-products', 'en:cheeses', 'en:soft-cheeses', 'en:cow-cheeses', 'en:soft-cheeses-with-bloomy-rind', 'en:camemberts', 'en:cow-camemberts', 'en:pasteurized-cheeses', 'en:camemberts-from-pasteurized-cow-milk']",0,[],[],256.0,20.0,14.0,0.5,0.5,18.0,1.4
full fat soft cheese,4056489861744,"['en:dairies', 'en:fermented-foods', 'en:fermented-milk-products', 'en:cheeses', 'en:soft-cheeses', 'en:soft-cheeses-with-bloomy-rind']",0,[],[],208.0,19.4,13.2,2.6,0.0,4.7,0.75
Lindahls Pro+,3228023230120,"['en:dairies', 'en:fermented-foods', 'en:fermented-milk-products', 'en:cheeses', 'en:uncooked-pressed-cheeses']",0,[],[],237.0,13.0,9.2,0.0,0.0,30.0,0.0
Cottage cheese,3033491997792,"['en:dairies', 'en:fermented-foods', 'en:fermented-milk-products', 'en:cheeses', 'en:spreads', 'en:salted-spreads', 'en:fresh-cheeses', 'en:cheese-spreads', 'en:cottage-cheeses']",0,[],[],87.8,3.72,2.39,1.61,,12.0,0.76
Camembert de campagne,3228021170015,"['en:dairies', 'en:fermented-foods', 'en:fermented-milk-products', 'en:cheeses', 'en:soft-cheeses', 'en:cow-cheeses', 'en:soft-cheeses-with-bloomy-rind', 'en:camemberts', 'en:cow-camemberts', 'en:french-cheeses', 'en:pasteurized-cheeses', 'en:camemberts-from-pasteurized-cow-milk']",0,[],[],278.0,22.0,16.0,0.0,,20.0,1.3
Spécialité fromagère au lait pasteurisé - Nature,3272770098960,"['en:dairies', 'en:fermented-foods', 'en:fermented-milk-products', 'en:cheeses', 'en:spreads', 'en:salted-spreads', 'en:cow-cheeses', 'en:french-cheeses', 'en:pasteurized-cheeses', 'en:cheese-spreads']",0,[],[],198.0,17.0,12.0,3.2,,8.0,0.8
Grana Padano,3564700015261,"['en:dairies', 'en:fermented-foods', 'en:fermented-milk-products', 'en:cheeses', 'en:cow-cheeses', 'en:hard-cheeses', 'en:italian-cheeses', 'en:unpasteurised-cheeses', 'en:grana-padano', 'en:grated-cheese']",1,[],['en:e1105'],398.0,29.0,18.0,0.0,0.0,33.0,1.5
Croquettes de Poisson MSC Ail et Fines Herbes,3599740000373,"['en:dairies', 'en:fermented-foods', 'en:seafood', 'en:fermented-milk-products', 'en:fishes-and-their-products', 'en:snacks', 'en:cheeses', 'en:fishes', 'en:salty-snacks', 'en:breaded-products', 'en:fish-preparations', 'en:breaded-cheeses', 'en:breaded-fish', 'en:cheese-croquettes', 'en:fried-fish-croquette', 'fr:croquettes-de-poisson', 'fr:fish-croquette-fritter']",0,[],[],180.0,7.8,0.6,0.7,1.0,12.0,1.25
Cœur Complice,3270190021278,"['en:dairies', 'en:fermented-foods', 'en:fermented-milk-products', 'en:cheeses', 'en:soft-cheeses', 'en:cow-cheeses', 'en:fresh-foods', 'en:soft-cheeses-with-bloomy-rind', 'en:pasteurised-products', 'en:french-cheeses', 'en:pasteurized-cheeses', 'en:double-cream-cheeses', 'en:industrial-cheese']",0,[],[],335.0,30.0,21.0,0.0,0.0,17.0,1.3
Emmental français,3250390743545,"['en:dairies', 'en:fermented-foods', 'en:fermented-milk-products', 'en:cheeses', 'en:cow-cheeses', 'en:fresh-foods', 'en:hard-cheeses', 'en:emmentaler', 'en:french-cheeses', 'en:french-emmentaler', 'en:pasteurized-cheeses', 'en:industrial-cheese']",0,[],[],368.0,28.0,19.9,0.5,0.5,27.0,0.57
"Fromage nature au lait pasteurisé 21,5% de MG, 300g",3256221115550,"['en:dairies', 'en:fermented-foods', 'en:fermented-milk-products', 'en:cheeses', 'en:spreads', 'en:salted-spreads', 'en:pasteurised-products', 'en:pasteurized-cheeses', 'en:cheese-spreads']",0,[],[],234.0,22.0,15.0,3.0,0.5,6.0,0.9
Ricotta,3250391334667,"['en:dairies', 'en:fermented-foods', 'en:fermented-milk-products', 'en:cheeses', 'en:italian-cheeses', 'en:fresh-cheeses', 'en:ricotta']",2,[],"['en:e270', 'en:e330']",137.0,9.3,6.6,2.8,0.5,10.0,0.1175
Frühlingsquark,40466002,"['en:dairies', 'en:fermented-foods', 'en:fermented-milk-products', 'en:cheeses', 'en:desserts', 'en:dairy-desserts', 'en:quarks', 'en:cream-cheeses', 'en:herb-quarks']",0,[],[],142.0,10.0,6.9,3.7,,8.8,0.75
Brie,4056489117582,"['en:dairies', 'en:fermented-foods', 'en:fermented-milk-products', 'en:cheeses', 'en:soft-cheeses', 'en:cow-cheeses', 'en:soft-cheeses-with-bloomy-rind', 'en:french-cheeses', 'en:bries']",0,[],[],356.0,32.0,22.0,0.0,0.0,17.0,0.00325
Cheddar,20575342,"['en:dairies', 'en:fermented-foods', 'en:fermented-milk-products', 'en:cheeses', 'en:cow-cheeses', 'en:pasteurised-products', 'en:cheeses-from-the-united-kingdom', 'en:cheeses-from-england', 'en:pasteurized-cheeses', 'en:sliced-cheeses', 'en:cheddar-cheese']",0,[],[],416.0,34.9,21.7,0.1,,25.4,1.81
Cancoillotte IGP Nature,4056489370284,"['en:dairies', 'en:fermented-foods', 'en:fermented-milk-products', 'en:cheeses', 'en:french-cheeses', 'en:processed-cheese', 'en:cancoillottes']",1,[],['en:e331'],155.0,11.0,7.2,0.5,0.0,14.0,1.7
Philadelphia Light,5700419083360,"['en:dairies', 'en:fermented-foods', 'en:fermented-milk-products', 'en:cheeses', 'en:spreads', 'en:salted-spreads', 'en:cheese-spreads', 'en:cream-cheeses']",0,[],[],147.0,11.0,7.1,5.1,0.3,7.4,0.6875
Наеязан кашкавал,20588885,"['en:dairies', 'en:fermented-foods', 'en:fermented-milk-products', 'en:cheeses', 'en:cow-cheeses']",1,[],['en:e509'],328.0,26.0,17.0,0.1,,23.0,1.8
Parmigiano Reggiano,4056489533979,"['en:dairies', 'en:fermented-foods', 'en:fermented-milk-products', 'en:cheeses', 'en:italian-cheeses', 'en:parmigiano-reggiano']",0,[],[],402.0,29.7,19.6,0.0,0.0,32.4,1.63
Grana Padano 16 Mesi,4056489042570,"['en:dairies', 'en:fermented-foods', 'en:fermented-milk-products', 'en:cheeses', 'en:italian-cheeses', 'en:grana-padano']",1,[],['en:e1105'],398.0,29.0,18.0,0.0,0.0,33.0,1.5
Muscly 16,6111266960718,"['en:dairies', 'en:fermented-foods', 'en:fermented-milk-products', 'en:cheeses']",0,[],[],264.0,22.0,15.0,0.0,,9.0,1.6
Camembert Spécial Affiné,3176582012834,"['en:dairies', 'en:fermented-foods', 'en:fermented-milk-products', 'en:cheeses', 'en:soft-cheeses', 'en:cow-cheeses', 'en:soft-cheeses-with-bloomy-rind', 'en:camemberts', 'en:cow-camemberts', 'en:french-cheeses', 'en:pasteurized-cheeses', 'en:camemberts-from-pasteurized-cow-milk', 'en:industrial-cheese']",0,[],[],268.0,20.0,14.0,0.3,,21.0,1.6
Camembert au lait cru moulé à la louche (22% MG),3254550039639,"['en:dairies', 'en:fermented-foods', 'en:fermented-milk-products', 'en:cheeses', 'en:soft-cheeses', 'en:cow-cheeses', 'en:soft-cheeses-with-bloomy-rind', 'en:camemberts', 'en:cow-camemberts', 'en:french-cheeses', 'en:unpasteurised-cheeses', 'en:camemberts-from-raw-cow-milk', 'fr:camembert-au-lait-cru-fromage-a-pate-molle-a-croute-fleurie']",0,[],[],284.0,22.0,16.0,0.5,,21.0,1.7
Fromage fondu pour hamburger,20620394,"['en:dairies', 'en:fermented-foods', 'en:fermented-milk-products', 'en:cheeses', 'en:cow-cheeses', 'en:sliced-cheeses', 'en:melted-cheese']",2,[],"['en:e160c', 'en:e330']",261.0,19.1,12.6,5.5,0.0,16.0,1.6
Cancoillotte à l'ail,3564709051765,"['en:dairies', 'en:fermented-foods', 'en:fermented-milk-products', 'en:cheeses', 'en:french-cheeses', 'en:processed-cheese', 'en:cancoillottes']",1,[],['en:e331'],153.0,11.0,8.0,0.5,0.0,13.0,1.6
President emmental rape fondant 350g,3228024960293,"['en:dairies', 'en:fermented-foods', 'en:fermented-milk-products', 'en:cheeses', 'en:cow-cheeses', 'en:hard-cheeses', 'en:emmentaler', 'en:grated-cheese', 'en:grated-emmentaler']",0,[],[],373.0,29.0,21.0,0.0,,27.0,0.83
"Fromage Pyramide de chèvre frais au lait pasteurisé 14% de MG, 150g",3256224310488,"['en:dairies', 'en:fermented-foods', 'en:fermented-milk-products', 'en:cheeses', 'en:goat-cheeses', 'en:fresh-goat-cheese', 'en:cream-cheeses']",0,[],[],172.0,14.0,10.0,3.0,0.0,9.5,1.0
GALBANI MOZZARELLA CUCINA RAPEE 150g,8000430137866,"['en:dairies', 'en:fermented-foods', 'en:fermented-milk-products', 'en:cheeses', 'en:fresh-foods', 'en:cow-cheeses', 'en:pasteurised-products', 'en:italian-cheeses', 'en:stretched-curd-cheeses', 'en:mozzarella', 'en:pasteurized-cheeses', 'en:cow-mozzarella', 'en:grated-cheese', 'en:grated-mozzarella', 'en:industrial-cheese']",0,[],[],321.0,25.0,18.0,1.0,,22.0,1.0
madame loik,3236240070306,"['en:dairies', 'en:fermented-foods', 'en:fermented-milk-products', 'en:cheeses', 'en:spreads', 'en:salted-spreads', 'en:cow-cheeses', 'en:fresh-foods', 'en:french-cheeses', 'en:pasteurized-cheeses', 'en:cheese-spreads', 'en:cream-cheeses', 'en:industrial-cheese']",0,[],[],252.0,24.0,17.0,3.0,,5.9,1.1
Emmental français râpé,3701002400764,"['en:dairies', 'en:fermented-foods', 'en:fermented-milk-products', 'en:cheeses', 'en:cow-cheeses', 'en:hard-cheeses', 'en:emmentaler', 'en:french-cheeses', 'en:french-emmentaler', 'en:grated-cheese', 'en:grated-emmentaler']",0,[],[],369.0,29.0,19.0,0.5,,27.0,0.7
Buko - Typ India,5760466848510,"['en:dairies', 'en:fermented-foods', 'en:fermented-milk-products', 'en:cheeses', 'en:cream-cheeses']",0,[],[],207.0,16.0,10.0,7.7,,6.9,1.1
"Fromages Frais 3,6% matière grasse 6 x 60 g",3250390177678,"['en:dairies', 'en:fermented-foods', 'en:fermented-milk-products', 'en:cheeses', 'en:desserts', 'en:dairy-desserts', 'en:fermented-dairy-desserts', 'en:petits-suisses', 'en:plain-fermented-dairy-desserts', 'en:fresh-cheeses', 'en:plain-petit-suisse', 'en:cream-cheeses', 'en:plain-petit-suisse-around-4-fat', 'fr:laitage-fromage-frais']",1,[],['en:e203'],85.0,3.6,2.6,3.6,0.5,9.2,0.09
Brie Plaisir de Roi,3070050570201,"['en:dairies', 'en:fermented-foods', 'en:fermented-milk-products', 'en:cheeses', 'en:cow-cheeses', 'en:french-cheeses', 'en:soft-cheeses-with-bloomy-rind', 'en:pasteurized-cheeses', 'en:bries']",0,[],[],347.0,31.0,22.0,0.0,,17.0,1.2775
Frischkäse Kräuter,40193168,"['en:dairies', 'en:fermented-foods', 'en:fermented-milk-products', 'en:cheeses', 'en:spreads', 'en:salted-spreads', 'en:cheese-spreads', 'en:cream-cheeses']",0,[],[],235.0,22.0,15.4,3.0,,5.5,1.1
Queso Crema Finas Hierbas,8480000512086,"['en:dairies', 'en:fermented-foods', 'en:fermented-milk-products', 'en:cheeses', 'en:spreads', 'en:salted-spreads', 'en:cow-cheeses', 'en:pasteurised-products', 'en:fresh-cheeses', 'en:pasteurized-cheeses', 'en:cheese-spreads', 'pt:queijos-fantasia']",3,[],"['en:e200', 'en:e407', 'en:e410']",167.0,13.0,9.2,5.0,,5.9,1.6
Mascarpone,4056489098614,"['en:dairies', 'en:fermented-foods', 'en:fermented-milk-products', 'en:cheeses', 'en:italian-cheeses', 'en:cream-cheeses', 'en:mascarpone']",1,[],['en:e330'],401.0,41.0,30.0,2.5,,5.5,5.5
Bresse bleu,3480341004740,"['en:dairies', 'en:fermented-foods', 'en:fermented-milk-products', 'en:cheeses', 'en:cow-cheeses', 'en:blue-veined-cheeses', 'en:french-blue-veined-cheeses']",0,[],[],342.0,30.0,21.0,0.5,,17.0,1.6
L'original (fromage),8721800402017,"['en:dairies', 'en:fermented-foods', 'en:fermented-milk-products', 'en:cheeses', 'en:frozen-foods', 'en:cow-cheeses', 'en:pasteurised-products', 'en:pasteurized-cheeses']",0,[],[],352.0,27.5,18.5,0.1,0.0,26.0,1.5
Skyr nature - 450g,3256229477186,"['en:dairies', 'en:fermented-foods', 'en:fermented-milk-products', 'en:cheeses', 'en:desserts', 'en:dairy-desserts', 'en:fermented-dairy-desserts', 'en:plain-fermented-dairy-desserts', 'en:skyrs', 'en:plain-skyrs']",0,[],[],56.0,0.5,0.1,3.2,0.5,9.7,0.11
Italian Mozzarella,4088600058641,"['en:dairies', 'en:fermented-foods', 'en:fermented-milk-products', 'en:cheeses', 'en:italian-cheeses', 'en:stretched-curd-cheeses', 'en:mozzarella']",1,[],['en:e330'],225.0,17.0,12.0,0.9,0.5,17.0,0.65
telemea din lapte de vaca,4056489083054,"['en:dairies', 'en:fermented-foods', 'en:fermented-milk-products', 'en:cheeses', 'ro:telemea-de-vaca']",0,[],[],261.0,22.0,15.4,0.7,,15.0,2.2
Creamy Cottage Cheese,00341042,"['en:dairies', 'en:fermented-foods', 'en:fermented-milk-products', 'en:cheeses', 'en:desserts', 'en:spreads', 'en:dairy-desserts', 'en:salted-spreads', 'en:fermented-dairy-desserts', 'en:plain-fermented-dairy-desserts', 'en:fresh-cheeses', 'en:cheese-spreads', 'en:cottage-cheeses', 'en:plain-cottage-cheeses']",0,[],[],93.3,2.8,1.73,3.33,0.533,11.5,0.353
Gouda in Scheiben,4061463808660,"['en:dairies', 'en:fermented-foods', 'en:fermented-milk-products', 'en:cheeses', 'en:cow-cheeses', 'en:uncooked-pressed-cheeses', 'en:gouda', 'en:sliced-cheeses', 'de:käse-in-scheiben']",0,[],[],348.0,28.0,18.0,0.0,,24.0,1.7
Edam tendre Holland KROON,8710912104650,"['en:dairies', 'en:fermented-foods', 'en:fermented-milk-products', 'en:cheeses', 'en:cheeses-of-the-netherlands', 'en:edam']",0,[],[],323.0,24.0,17.0,0.0,,25.0,6.5
طرتينو,6130413002286,"['en:dairies', 'en:fermented-foods', 'en:fermented-milk-products', 'en:cheeses', 'en:melted-cheese']",3,[],"['en:e331', 'en:e450', 'en:e452']",251.19,21.15,12.73,1.1,0.0,9.93,1.68
Low fat Cottage Cheese,4056489896364,"['en:dairies', 'en:fermented-foods', 'en:fermented-milk-products', 'en:cheeses', 'en:desserts', 'en:spreads', 'en:dairy-desserts', 'en:salted-spreads', 'en:fermented-dairy-desserts', 'en:plain-fermented-dairy-desserts', 'en:fresh-cheeses', 'en:cheese-spreads', 'en:cottage-cheeses', 'en:plain-cottage-cheeses']",0,[],[],63.0,0.6,0.5,4.4,0.5,9.2,0.372
Vache qui rit,3073781205787,"['en:dairies', 'en:fermented-foods', 'en:fermented-milk-products', 'en:cheeses', 'en:spreads', 'en:salted-spreads', 'en:fresh-cheeses', 'en:cheese-spreads']",0,[],[],228.0,17.5,17.5,6.0,0.0,6.0,6.0
Mozzarella di latte di Bufala,8000430900231,"['en:dairies', 'en:fermented-foods', 'en:fermented-milk-products', 'en:cheeses', 'en:italian-cheeses', 'en:stretched-curd-cheeses', 'en:buffalo-cheeses', 'en:fresh-cheeses', 'en:mozzarella', 'en:buffalo-mozzarella']",0,[],[],262.0,23.0,16.0,0.7,,13.0,0.7
President emmental rape fondant 500g,3228022940020,"['en:dairies', 'en:fermented-foods', 'en:fermented-milk-products', 'en:cheeses', 'en:cow-cheeses', 'en:hard-cheeses', 'en:emmentaler', 'en:grated-cheese', 'en:grated-emmentaler']",0,[],[],373.0,29.0,21.0,0.5,,27.0,0.83
"Exquisa Fitline Natur 0,2% Fett 4019300005208 Frischkäsezubereitung wärmebehandelt Magerstufe",4019300005208,"['en:dairies', 'en:fermented-foods', 'en:fermented-milk-products', 'en:cheeses', 'en:spreads', 'en:salted-spreads', 'en:cheese-spreads', 'en:cream-cheeses']",2,[],"['en:e407', 'en:e412']",62.0,0.2,0.1,3.5,,10.4,0.64
Râpé aux 3 fromages,3564700451090,"['en:dairies', 'en:fermented-foods', 'en:fermented-milk-products', 'en:cheeses', 'en:grated-cheese']",1,[],['en:e460'],347.0,25.0,17.0,0.5,0.0,25.0,1.5
Mascarpone,8000430171013,"['en:dairies', 'en:fermented-foods', 'en:fermented-milk-products', 'en:cheeses', 'en:italian-cheeses', 'en:fresh-cheeses', 'en:cream-cheeses', 'en:mascarpone']",1,[],['en:e330'],403.0,41.0,28.0,3.0,,4.5,0.08
Le Carré,20024703,"['en:dairies', 'en:fermented-foods', 'en:fermented-milk-products', 'en:cheeses', 'en:soft-cheeses', 'en:cow-cheeses', 'en:fresh-foods', 'en:soft-cheeses-with-bloomy-rind', 'en:pasteurized-cheeses', 'en:carre-de-l-est']",0,[],[],329.0,27.0,18.9,0.1,0.0,21.0,1.6
Féta Bio,3560070530595,"['en:dairies', 'en:fermented-foods', 'en:fermented-milk-products', 'en:cheeses', 'en:fresh-foods', 'en:goat-cheeses', 'en:greek-cheeses', 'en:pasteurized-cheeses', 'en:sheep-s-milk-cheeses', 'en:feta', 'en:feta-blocs', 'en:aoc-cheeses', 'en:labeled-cheeses', 'fr:produits-aoc', 'fr:produits-labellises']",0,[],[],271.0,23.0,15.0,0.5,,16.0,2.0
Petit chevre frais 200g,3250391289837,"['en:dairies', 'en:fermented-foods', 'en:fermented-milk-products', 'en:cheeses', 'en:goat-cheeses', 'en:fresh-cheeses', 'en:fresh-goat-cheese']",0,[],[],204.0,12.0,8.4,2.3,0.0,10.0,0.92
,7622210103253,"['en:dairies', 'en:fermented-foods', 'en:fermented-milk-products', 'en:cheeses', 'en:spreads', 'en:salted-spreads', 'en:cheese-spreads', 'en:cream-cheeses']",3,[],"['en:e202', 'en:e407', 'en:e410']",154.0,12.0,8.1,4.0,0.4,5.9,1.14
Camembert,3250390010586,"['en:dairies', 'en:fermented-foods', 'en:fermented-milk-products', 'en:cheeses', 'en:soft-cheeses', 'en:cow-cheeses', 'en:soft-cheeses-with-bloomy-rind', 'en:camemberts', 'en:pasteurised-products', 'en:cow-camemberts', 'en:pasteurized-cheeses', 'en:camemberts-from-pasteurized-cow-milk']",0,[],[],271.0,21.0,15.0,0.5,0.5,19.0,1.4
Fromage Blanc nature,3245414098756,"['en:dairies', 'en:fermented-foods', 'en:fermented-milk-products', 'en:cheeses', 'en:desserts', 'en:dairy-desserts', 'en:fermented-dairy-desserts', 'en:plain-fermented-dairy-desserts', 'fr:fromages-blancs', 'en:cream-cheeses', 'fr:fromages-blancs-natures']",0,[],[],71.0,3.0,1.9,4.4,,6.5,0.13
Cheddar curado,8480000516305,"['en:dairies', 'en:fermented-foods', 'en:fermented-milk-products', 'en:cheeses', 'en:cow-cheeses', 'en:cheeses-from-the-united-kingdom', 'en:cheeses-from-england', 'en:cheddar-cheese']",0,[],[],410.0,34.4,21.7,0.5,,25.0,1.8
Deliciously creamy French Cheese,3073780865661,"['en:dairies', 'en:fermented-foods', 'en:fermented-milk-products', 'en:cheeses', 'en:french-cheeses']",1,[],"['en:e160b', 'en:e160bii']",326.0,26.0,18.0,0.5,0.0,21.0,1.8
Ricotta italiano,8002710333111,"['en:dairies', 'en:fermented-foods', 'en:fermented-milk-products', 'en:cheeses', 'en:italian-cheeses', 'en:ricotta']",1,[],['en:e330'],143.0,11.0,7.7,2.5,,8.5,0.5
Извара 9%,20223298,"['en:dairies', 'en:fermented-foods', 'en:fermented-milk-products', 'en:cheeses', 'en:cottage-cheeses']",0,[],[],156.0,9.0,6.3,2.7,0.0,16.0,0.11
Mature Grated Cheddar,5000436510826,"['en:dairies', 'en:fermented-foods', 'en:fermented-milk-products', 'en:cheeses', 'en:cow-cheeses', 'en:cheeses-from-the-united-kingdom', 'en:cheeses-from-england', 'en:cheddar-cheese', 'en:grated-cheese', 'en:mature-cheddar']",0,[],[],415.0,34.2,21.3,0.1,0.0,24.9,1.74
Ricotta,4056489720164,"['en:dairies', 'en:fermented-foods', 'en:fermented-milk-products', 'en:cheeses', 'en:italian-cheeses', 'en:ricotta']",1,[],['en:e330'],96.0,6.0,4.2,3.2,0.0,7.0,0.45
Schafskäse,3023260033424,"['en:dairies', 'en:fermented-foods', 'en:fermented-milk-products', 'en:cheeses', 'en:greek-cheeses', 'en:feta', 'en:kase']",0,[],[],272.0,23.0,16.0,0.8,,16.0,2.8
Original Paneer Cheese,5760466923927,"['en:dairies', 'en:fermented-foods', 'en:fermented-milk-products', 'en:cheeses']",1,[],['en:e330'],174.0,8.0,5.1,3.2,,22.0,0.1
Perly,6111266960329,"['en:dairies', 'en:fermented-foods', 'en:fermented-milk-products', 'en:cheeses']",3,[],"['en:e160a', 'en:e160ai', 'en:e330', 'en:e452']",262.0,22.0,15.2,0.0,,10.0,1.6
Everyday Essentials - Greek Style Salad Cheese,4061464320642,"['en:dairies', 'en:fermented-foods', 'en:fermented-milk-products', 'en:cheeses', 'en:feta-type-cheese', 'en:chee']",0,[],[],257.0,19.8,12.4,0.8,0.0,18.2,1.33
Laty,6111243091800,"['en:dairies', 'en:fermented-foods', 'en:fermented-milk-products', 'en:cheeses']",5,[],"['en:e1404', 'en:e14xx', 'en:e202', 'en:e327', 'en:e407']",252.0,25.0,16.0,3.0,,4.5,2.5
Fromage bio,3073781110180,"['en:dairies', 'en:fermented-foods', 'en:fermented-milk-products', 'en:cheeses', 'en:spreads', 'en:salted-spreads', 'en:cheese-spreads', 'en:cheeses-perishable']",1,[],['en:e331'],217.0,16.5,11.0,5.5,0.0,12.0,1.8
,3272770093286,"['en:dairies', 'en:fermented-foods', 'en:fermented-milk-products', 'en:cheeses', 'en:goat-cheeses', 'en:spreadable-goat-cheese']",0,[],[],172.0,13.5,9.0,2.6,,8.7,1.0
Boursin® Salade Ail & Fines Herbes,3073781034769,"['en:dairies', 'en:fermented-foods', 'en:fermented-milk-products', 'en:cheeses', 'en:spreads', 'en:fresh-foods', 'en:salted-spreads', 'en:cow-cheeses', 'en:pasteurised-products', 'en:french-cheeses', 'en:pasteurized-cheeses', 'en:cheese-spreads', 'en:cheeses-perishable', 'en:cream-cheeses', 'en:flavoured-uncured-soft-cheese-spreadable-with-around-30-40-fat', 'en:industrial-cheese', 'en:uncured-soft-cheese-spreadable-around-30-40-fat-flavoured', 'fr:fromages-degustations']",1,[],['en:e14xx'],404.0,39.5,26.5,2.5,,8.0,1.4
100% Brebis -25% de Sel,3023260027751,"['en:dairies', 'en:fermented-foods', 'en:fermented-milk-products', 'en:cheeses', 'en:pasteurized-cheeses', 'en:sheep-s-milk-cheeses']",0,[],[],273.0,23.0,16.3,0.8,,15.7,1.8
Fromage de brebis (Fêta),3560070108558,"['en:dairies', 'en:fermented-foods', 'en:fermented-milk-products', 'en:cheeses', 'en:greek-cheeses', 'en:sheep-s-milk-cheeses', 'en:feta']",0,[],[],272.0,23.0,16.0,0.8,,16.0,2.8
Danoino aux fruits fraise framboise abricot 50 g x 6,3033491225253,"['en:dairies', 'en:fermented-foods', 'en:fermented-milk-products', 'en:cheeses', 'en:desserts', 'en:dairy-desserts', 'en:fermented-dairy-desserts', 'en:fermented-dairy-desserts-with-fruits', 'en:fromages-blancs-petit-suisses-and-skyr', 'en:yogurts', 'en:fruit-yogurts', 'en:quarks', 'fr:fromages-blancs', 'en:cream-cheeses']",5,[],"['en:e1422', 'en:e1442', 'en:e14xx', 'en:e330', 'en:e412']",102.0,2.9,2.0,12.1,,6.4,0.08
La bûche réduite en sel de -25%,3523230023306,"['en:dairies', 'en:fermented-foods', 'en:fermented-milk-products', 'en:cheeses', 'en:goat-cheeses', 'es:rulo-de-cabra']",0,[],[],291.0,23.0,16.0,1.0,,20.0,1.1
Gervita fraise melba 100 g x 4,3033490192037,"['en:dairies', 'en:fermented-foods', 'en:fermented-milk-products', 'en:cheeses', 'en:desserts', 'en:dairy-desserts', 'en:fermented-dairy-desserts', 'en:fermented-dairy-desserts-with-fruits', 'en:fromages-blancs-petit-suisses-and-skyr', 'en:yogurts', 'en:fruit-yogurts', 'en:sweet-mousses', 'en:quarks', 'fr:fromages-blancs', 'en:cream-cheeses', 'en:fromages-blancs-with-fruits']",11,[],"['en:e120', 'en:e1422', 'en:e14xx', 'en:e160a', 'en:e160ai', 'en:e330', 'en:e331', 'en:e333', 'en:e412', 'en:e428', 'en:e440']",153.0,8.3,5.8,14.5,,4.4,0.11
Coulommiers,3250390010227,"['en:dairies', 'en:fermented-foods', 'en:fermented-milk-products', 'en:cheeses', 'en:soft-cheeses', 'en:cow-cheeses', 'en:soft-cheeses-with-bloomy-rind', 'en:french-cheeses', 'en:coulommiers']",0,[],[],286.0,24.0,18.0,0.5,0.5,17.0,1.4
Tranches Burger' Cheddar & Emmental Président 20 Tranches,3032220061377,"['en:dairies', 'en:fermented-foods', 'en:fermented-milk-products', 'en:cheeses', 'en:cow-cheeses', 'en:fresh-foods', 'en:sliced-cheeses', 'en:melted-cheese', 'fr:fromages-fondus-a-l-emmental-et-au-cheddar']",4,[],"['en:e160b', 'en:e160bii', 'en:e330', 'en:e407', 'en:e452']",229.0,17.0,12.0,4.5,0.0,13.0,2.4
Black pepper,3175460000062,"['en:dairies', 'en:fermented-foods', 'en:fermented-milk-products', 'en:cheeses', 'en:spreads', 'en:fresh-foods', 'en:salted-spreads', 'en:cow-cheeses', 'en:pasteurised-products', 'en:french-cheeses', 'en:pasteurized-cheeses', 'en:cheese-spreads', 'en:cheeses-perishable', 'en:cream-cheeses', 'en:industrial-cheese', 'fr:fromages-au-poivre']",1,[],['en:e202'],404.0,40.0,26.5,2.5,,8.0,1.2
,3564700568620,"['en:dairies', 'en:fermented-foods', 'en:fermented-milk-products', 'en:cheeses', 'en:uncooked-pressed-cheeses', 'en:pasteurized-cheeses', 'en:sheep-s-milk-cheeses']",3,[],"['en:e150c', 'en:e160b', 'en:e235']",412.0,36.0,25.0,0.5,0.0,22.0,1.8
Edam,3560070100484,"['en:dairies', 'en:fermented-foods', 'en:fermented-milk-products', 'en:cheeses', 'en:cow-cheeses', 'en:uncooked-pressed-cheeses', 'en:cheeses-of-the-netherlands', 'en:pasteurized-cheeses', 'en:sliced-cheeses', 'en:edam']",0,[],[],316.0,24.0,17.0,0.0,,25.0,1.9
Saint Félicien,20057022,"['en:dairies', 'en:fermented-foods', 'en:fermented-milk-products', 'en:cheeses', 'en:soft-cheeses', 'en:cow-cheeses', 'en:soft-cheeses-with-bloomy-rind', 'en:french-cheeses', 'en:saint-felicien-cheese']",0,[],[],268.0,25.0,19.0,0.5,,12.0,1.5
Skyl Natur,20692285,"['en:dairies', 'en:fermented-foods', 'en:fermented-milk-products', 'en:snacks', 'en:cheeses', 'en:desserts', 'en:dairy-desserts', 'en:fermented-dairy-desserts', 'en:fromages-blancs-petit-suisses-and-skyr', 'en:skyrs', 'en:cream-cheeses']",0,[],[],62.0,0.2,0.1,4.0,0.0,11.0,0.1275
Maasdam,4056489203230,"['en:dairies', 'en:fermented-foods', 'en:fermented-milk-products', 'en:cheeses', 'en:cow-cheeses', 'en:uncooked-pressed-cheeses', 'en:cheeses-of-the-netherlands', 'en:maasdam']",0,[],[],343.0,26.9,18.7,0.0,0.0,25.2,1.13
Fromage frais vanille,3254550047658,"['en:dairies', 'en:fermented-foods', 'en:fermented-milk-products', 'en:cheeses', 'en:desserts', 'en:dairy-desserts', 'en:fermented-dairy-desserts', 'en:fresh-cheeses', 'en:cream-cheeses', 'fr:fromage-blanc-vanille']",0,[],[],134.0,7.3,5.0,11.4,,6.3,0.08
Camembert l'extra fondant,3228022200032,"['en:dairies', 'en:fermented-foods', 'en:fermented-milk-products', 'en:cheeses', 'en:soft-cheeses', 'en:cow-cheeses', 'en:soft-cheeses-with-bloomy-rind', 'en:camemberts', 'en:cow-camemberts', 'en:pasteurized-cheeses', 'en:camemberts-from-pasteurized-cow-milk']",0,[],[],325.0,29.0,22.0,0.5,,16.0,1.25
Cheddar president tranches facon brasserie 200g,3228021190235,"['en:dairies', 'en:fermented-foods', 'en:fermented-milk-products', 'en:cheeses', 'en:cow-cheeses', 'en:cheeses-from-the-united-kingdom', 'en:cheeses-from-england', 'en:cheddar-cheese']",0,[],[],416.0,35.0,22.0,0.5,,25.0,1.8
Cream spread,20078539,"['en:dairies', 'en:fermented-foods', 'en:fermented-milk-products', 'en:cheeses', 'en:cream-cheeses']",0,[],[],322.0,31.4,21.4,6.9,,3.0,0.4
Philadelphia Light,7622210669223,"['en:dairies', 'en:fermented-foods', 'en:fermented-milk-products', 'en:cheeses', 'en:spreads', 'en:salted-spreads', 'en:cheese-spreads', 'en:cream-cheeses', 'it:formaggio-fresco']",0,[],[],159.0,13.0,8.4,4.0,0.4,6.2,0.718
Philadelphia,7622300318109,"['en:dairies', 'en:fermented-foods', 'en:fermented-milk-products', 'en:cheeses', 'en:fresh-cheeses', 'en:cream-cheeses']",2,[],"['en:e330', 'en:e412']",226.0,21.0,14.0,4.3,0.2,5.4,1.88
Körniger Frischkäse 33 % Fett,4032549018105,"['en:dairies', 'en:fermented-foods', 'en:fermented-milk-products', 'en:cheeses', 'en:fresh-cheeses']",0,[],[],177.0,9.0,6.0,4.0,,20.0,0.24
Mini Light*,3073780897358,"['en:dairies', 'en:fermented-foods', 'en:fermented-milk-products', 'en:cheeses', 'en:cow-cheeses', 'en:lactose-free-cheeses']",0,[],[],208.0,12.0,8.0,0.1,,25.0,1.8
Parmiggiano reggiano DOP râpé,4056489616443,"['en:dairies', 'en:fermented-foods', 'en:fermented-milk-products', 'en:cheeses', 'en:unpasteurised-products', 'en:italian-cheeses', 'en:unpasteurised-cheeses', 'en:grated-cheese', 'en:parmigiano-reggiano']",0,[],[],402.0,29.7,19.6,0.0,,32.4,1.63
Mini-Babybel Mix x9,3073781085976,"['en:dairies', 'en:fermented-foods', 'en:fermented-milk-products', 'en:cheeses', 'en:cheeses-perishable', 'fr:fromages-degustations']",0,[],[],331.0,26.5,18.0,0.5,,23.0,1.7
Chavroux,3272770016247,"['en:dairies', 'en:fermented-foods', 'en:fermented-milk-products', 'en:cheeses', 'en:goat-cheeses']",0,[],[],162.0,13.0,9.0,2.6,,8.7,1.0
Frischkäse,4337256458023,"['en:dairies', 'en:fermented-foods', 'en:fermented-milk-products', 'en:cheeses', 'en:cream-cheeses', 'en:fermentierte-lebensmittel', 'en:fermentierte-milch', 'en:frischkase', 'en:kase', 'en:milchprodukte']",0,[],[],241.0,23.0,15.0,3.0,,5.4,0.8
Fromage,3272770016384,"['en:dairies', 'en:fermented-foods', 'en:fermented-milk-products', 'en:cheeses']",0,[],[],205.0,17.8,13.2,3.0,,8.3,1.2
Feta,5038961002318,"['en:dairies', 'en:fermented-foods', 'en:fermented-milk-products', 'en:cheeses', 'en:greek-cheeses', 'en:feta']",0,[],[],290.0,25.0,18.0,0.5,,16.0,2.0
SOFT CHEESE,5760466899925,"['en:dairies', 'en:fermented-foods', 'en:fermented-milk-products', 'en:cheeses', 'en:spreads', 'en:salted-spreads', 'en:cheese-spreads', 'en:uncured-soft-cheese-spreadable-with-around-25-fat']",0,[],[],190.0,16.0,10.0,3.3,,7.8,0.8
Cottage cheese,4088600100449,"['en:dairies', 'en:fermented-foods', 'en:fermented-milk-products', 'en:cheeses', 'en:desserts', 'en:dairy-desserts', 'en:fermented-dairy-desserts', 'en:plain-fermented-dairy-desserts', 'en:fresh-cheeses', 'en:cottage-cheeses', 'en:plain-cottage-cheeses']",0,[],[],62.0,0.4,0.1,3.0,0.0,11.3,0.3825
Körniger Frischkäse,4061458298292,"['en:dairies', 'en:fermented-foods', 'en:fermented-milk-products', 'en:cheeses', 'en:spreads', 'en:salted-spreads', 'en:fresh-cheeses', 'en:cheese-spreads', 'en:cream-cheeses']",0,[],[],92.0,4.0,2.6,1.0,0.0,13.0,0.7
Cottage Cheese,0073420524401,"['en:dairies', 'en:fermented-foods', 'en:fermented-milk-products', 'en:cheeses', 'en:cottage-cheeses']",0,[],[],97.3451327433628,4.42477876106195,2.65486725663717,3.53982300884956,0.0,11.5044247787611,0.81858407079646
Fromage blanc chèvre nature,3523230014212,"['en:dairies', 'en:fermented-foods', 'en:fermented-milk-products', 'en:cheeses', 'en:desserts', 'en:dairy-desserts', 'en:fermented-dairy-desserts', 'en:goat-cheeses', 'en:plain-fermented-dairy-desserts', 'fr:fromages-blancs', 'fr:fromages-blancs-au-lait-de-chevre', 'fr:fromages-blancs-natures']",0,[],[],120.0,8.4,5.9,4.8,0.0,6.3,0.09
Fromage Blanc nature,3270190023524,"['en:dairies', 'en:fermented-foods', 'en:fermented-milk-products', 'en:cheeses', 'en:desserts', 'en:dairy-desserts', 'en:fermented-dairy-desserts', 'en:plain-fermented-dairy-desserts', 'fr:fromages-blancs', 'en:fat-free-plain-fresh-cream-cheese', 'fr:fromages-blancs-natures']",0,[],[],48.0,0.0,0.0,4.0,0.0,7.5,0.09
Cousteron 320g nr,3073781069945,"['en:dairies', 'en:fermented-foods', 'en:fermented-milk-products', 'en:cheeses', 'en:cow-cheeses', 'en:pasteurised-products', 'en:uncooked-pressed-cheeses', 'en:pasteurized-cheeses', 'en:cheeses-perishable']",1,[],['en:e235'],312.0,25.5,17.0,0.1,,20.5,1.6
,3273220541401,"['en:dairies', 'en:fermented-foods', 'en:fermented-milk-products', 'en:cheeses', 'en:sheep-s-milk-cheeses']",0,[],[],196.0,16.0,16.0,2.5,,11.0,2.25
Cancoillotte IGP fabriquée en Franche-Comté,3245390032010,"['en:dairies', 'en:fermented-foods', 'en:fermented-milk-products', 'en:cheeses', 'en:french-cheeses', 'en:processed-cheese', 'en:cancoillottes']",3,[],"['en:e450', 'en:e451', 'en:e452']",137.0,8.0,5.6,0.0,0.7,14.0,1.8
Fromage blanc nature 0% MG,26050195,"['en:dairies', 'en:fermented-foods', 'en:fermented-milk-products', 'en:cheeses', 'en:desserts', 'en:dairy-desserts', 'en:fermented-dairy-desserts', 'en:plain-fermented-dairy-desserts', 'fr:fromages-blancs', 'en:fat-free-plain-fresh-cream-cheese', 'fr:fromages-blancs-natures']",0,[],[],47.0,0.0,0.0,3.5,0.0,8.0,0.1
Tartare Coffret 4 saveurs,3272770093750,"['en:dairies', 'en:fermented-foods', 'en:fermented-milk-products', 'en:cheeses', 'en:spreads', 'en:salted-spreads', 'en:cow-cheeses', 'en:fresh-foods', 'en:pasteurised-products', 'en:french-cheeses', 'en:pasteurized-cheeses', 'en:cheese-spreads', 'en:cream-cheeses', 'en:flavoured-uncured-soft-cheese-spreadable-with-around-30-40-fat', 'en:industrial-cheese']",1,[],['en:e202'],349.0,34.0,22.0,2.2,,8.5,1.0
L'emmental râpé extra fin (28 % MG),3123930715008,"['en:dairies', 'en:fermented-foods', 'en:fermented-milk-products', 'en:cheeses', 'en:cow-cheeses', 'en:fresh-foods', 'en:hard-cheeses', 'en:emmentaler', 'en:french-cheeses', 'en:french-emmentaler', 'en:grated-cheese', 'en:grated-emmentaler', 'en:industrial-cheese', 'fr:fromage-a-pate-cuite', 'fr:fromage-a-pate-pressee']",0,[],[],369.0,29.0,19.0,0.5,,27.0,0.7
Fromage Blanc au Lait de Brebis,3250392335137,"['en:dairies', 'en:fermented-foods', 'en:fermented-milk-products', 'en:cheeses', 'en:desserts', 'en:dairy-desserts', 'en:fermented-dairy-desserts', 'en:plain-fermented-dairy-desserts', 'fr:fromages-blancs', 'en:cream-cheeses', 'fr:fromages-blancs-au-lait-de-brebis', 'fr:fromages-blancs-natures']",0,[],[],90.0,4.0,3.0,3.0,,7.0,0.1
Pecorino galbani sachet fraicheur 60g,8000430405095,"['en:dairies', 'en:fermented-foods', 'en:fermented-milk-products', 'en:cheeses', 'en:italian-cheeses', 'en:sheep-s-milk-cheeses', 'en:pecorino', 'en:pecorino-romano']",0,[],[],391.0,32.0,18.0,0.0,,25.0,5.0
Fromage blanc 3% de matière grasse,3410280020280,"['en:dairies', 'en:fermented-foods', 'en:fermented-milk-products', 'en:cheeses', 'en:desserts', 'en:dairy-desserts', 'en:fermented-dairy-desserts', 'fr:fromages-blancs']",0,[],[],72.0,3.0,2.0,4.3,0.0,6.9,0.1
Camembert (21 % MG),3560070349746,"['en:dairies', 'en:fermented-foods', 'en:fermented-milk-products', 'en:cheeses', 'en:soft-cheeses', 'en:cow-cheeses', 'en:fresh-foods', 'en:soft-cheeses-with-bloomy-rind', 'en:camemberts', 'en:cow-camemberts', 'en:french-cheeses', 'en:pasteurized-cheeses', 'en:camemberts-from-pasteurized-cow-milk', 'en:industrial-cheese']",0,[],[],265.0,21.0,15.0,0.5,0.0,19.0,1.3
,7622210981141,"['en:dairies', 'en:fermented-foods', 'en:fermented-milk-products', 'en:cheeses', 'en:spreads', 'en:salted-spreads', 'en:pasteurised-products', 'en:fresh-cheeses', 'en:pasteurized-cheeses', 'en:cheese-spreads', 'pt:queijos-fantasia']",3,[],"['en:e330', 'en:e407', 'en:e412']",142.0,10.0,6.7,5.3,0.4,7.2,0.91
Les triangles fondants,4056489137542,"['en:dairies', 'en:fermented-foods', 'en:fermented-milk-products', 'en:cheeses', 'en:spreads', 'en:salted-spreads', 'en:cheese-spreads']",0,[],[],244.0,20.0,13.0,6.0,,11.0,1.9
Крема сирене,7622300340285,"['en:dairies', 'en:fermented-foods', 'en:fermented-milk-products', 'en:cheeses', 'en:spreads', 'en:salted-spreads', 'en:cheese-spreads', 'en:cream-cheeses']",2,[],"['en:e330', 'en:e410']",226.0,21.0,14.0,4.3,0.2,5.4,0.75
Telemea,5941238005052,"['en:dairies', 'en:fermented-foods', 'en:fermented-milk-products', 'en:cheeses']",0,[],[],279.0,24.0,16.0,0.7,,15.0,7.5
Extra Protein,7622201803469,"['en:dairies', 'en:fermented-foods', 'en:fermented-milk-products', 'en:cheeses', 'en:spreads', 'en:salted-spreads', 'en:cheese-spreads']",1,[],['en:e330'],87.0,2.7,1.7,4.9,0.4,11.0,0.85
,4056489369820,"['en:dairies', 'en:fermented-foods', 'en:fermented-milk-products', 'en:cheeses', 'en:goat-cheeses']",0,[],[],156.0,12.0,7.9,0.9,0.0,11.0,1.0
Quark nach russischer Art,4260071790057,"['en:dairies', 'en:fermented-foods', 'en:fermented-milk-products', 'en:cheeses', 'en:desserts', 'en:dairy-desserts', 'en:quarks', 'en:cream-cheeses', 'en:quark-dreiviertelfettstufe-frischkase']",0,[],[],147.0,8.0,4.8,3.7,,15.0,0.1
Branza fagaras,20127442,"['en:dairies', 'en:fermented-foods', 'en:fermented-milk-products', 'en:cheeses']",0,[],[],87.0,3.0,1.8,3.5,,11.6,0.25
Queso especial fundir,8480000236210,"['en:dairies', 'en:fermented-foods', 'en:fermented-milk-products', 'en:cheeses']",0,[],[],284.0,20.0,13.0,0.5,,19.0,1.5
Perly max Fromage frais Nature,6111242109483,"['en:dairies', 'en:fermented-foods', 'en:fermented-milk-products', 'en:cheeses', 'en:desserts', 'en:dairy-desserts', 'en:fermented-dairy-desserts', 'en:yogurts', 'en:plain-fermented-dairy-desserts', 'en:plain-yogurts']",0,[],[],117.0,8.0,5.0,0.0,,8.0,0.0
La vache qui rit light 16p,3073781161779,"['en:dairies', 'en:fermented-foods', 'en:fermented-milk-products', 'en:cheeses', 'en:spreads', 'en:salted-spreads', 'en:cheese-spreads']",0,[],[],155.0,9.0,6.0,5.5,,13.0,1.7
Le mini de chergui,6111126004798,"['en:dairies', 'en:fermented-foods', 'en:fermented-milk-products', 'en:cheeses', 'fr:fromage-doux-a-pate-molle-au-lait-de-vache']",0,[],[],254.0,20.0,14.0,0.1,0.0,18.0,0.00120000005
,4088500723212,"['en:dairies', 'en:fermented-foods', 'en:fermented-milk-products', 'en:cheeses', 'en:italian-cheeses', 'en:stretched-curd-cheeses', 'en:mozzarella', 'en:grated-cheese', 'en:grated-mozzarella']",0,[],[],306.0,22.11,15.21,0.999,,24.0,1.26
Emmental,20712273,"['en:dairies', 'en:fermented-foods', 'en:fermented-milk-products', 'en:cheeses', 'en:cow-cheeses', 'en:hard-cheeses', 'en:emmentaler', 'en:french-cheeses', 'en:french-emmentaler', 'en:grated-cheese', 'en:grated-emmentaler']",0,[],[],373.0,29.0,19.0,1.0,0.0,27.0,0.7
Apéricube,3073780960410,"['en:dairies', 'en:fermented-foods', 'en:fermented-milk-products', 'en:snacks', 'en:cheeses', 'en:salty-snacks', 'en:appetizers', 'en:processed-cheese', 'en:industrial-cheese', 'en:melted-cheese', 'fr:fromages-aperitif', 'fr:fromages-degustations']",2,[],"['en:e330', 'en:e452']",244.0,19.5,13.0,5.0,,12.1,2.0
Le Râpé de Chèvre,3523230040952,"['en:dairies', 'en:fermented-foods', 'en:fermented-milk-products', 'en:cheeses', 'en:goat-cheeses', 'en:pasteurized-cheeses', 'en:grated-cheese', 'fr:chevre-rape']",0,[],[],383.0,32.0,22.0,0.0,0.0,22.0,1.8
Fromage blanc au lait entier,3564700007440,"['en:dairies', 'en:fermented-foods', 'en:fermented-milk-products', 'en:cheeses', 'en:desserts', 'en:dairy-desserts', 'en:fermented-dairy-desserts', 'en:plain-fermented-dairy-desserts', 'en:pasteurized-cheeses', 'fr:fromages-blancs', 'fr:fromages-blancs-natures']",0,[],[],108.0,7.6,5.0,4.2,0.0,5.7,0.1
Fromage blanc Bibeleskaes nature 7.8% MG,3262970805246,"['en:dairies', 'en:fermented-foods', 'en:fermented-milk-products', 'en:cheeses', 'en:desserts', 'en:dairy-desserts', 'en:fermented-dairy-desserts', 'en:fromages-blancs-petit-suisses-and-skyr', 'en:plain-fermented-dairy-desserts', 'fr:fromages-blancs', 'en:cream-cheeses', 'fr:fromages-blancs-natures']",0,[],[],116.0,7.8,5.3,4.5,,6.9,0.11
,8480000511928,"['en:dairies', 'en:fermented-foods', 'en:fermented-milk-products', 'en:cheeses', 'en:pasteurised-products', 'en:fresh-cheeses', 'en:pasteurized-cheeses']",0,[],[],117.0,5.7,3.9,3.6,,13.0,0.835
Emmental Coeur de meule,3228021170152,"['en:dairies', 'en:fermented-foods', 'en:fermented-milk-products', 'en:cheeses', 'en:cow-cheeses', 'en:hard-cheeses', 'en:emmentaler', 'en:french-cheeses', 'en:french-emmentaler']",0,[],[],369.0,29.0,21.0,0.0,,27.0,0.6
Emmental français,3560071245962,"['en:dairies', 'en:fermented-foods', 'en:fermented-milk-products', 'en:cheeses', 'en:cow-cheeses', 'en:hard-cheeses', 'en:emmentaler', 'en:french-cheeses', 'en:french-emmentaler']",0,[],[],377.0,29.0,20.0,0.0,0.0,28.0,0.65
PAYSAN BRETON EMMENTAL 220G,3412290023800,"['en:dairies', 'en:fermented-foods', 'en:fermented-milk-products', 'en:cheeses', 'en:cow-cheeses', 'en:hard-cheeses', 'en:emmentaler', 'en:french-cheeses', 'en:french-emmentaler', 'en:pasteurized-cheeses']",0,[],[],377.0,29.0,20.0,2.0,,27.0,0.7
Fromage frais nature,3560070397266,"['en:dairies', 'en:fermented-foods', 'en:fermented-milk-products', 'en:cheeses', 'en:desserts', 'en:dairy-desserts', 'en:fermented-dairy-desserts', 'en:fromages-blancs-petit-suisses-and-skyr', 'en:petits-suisses', 'en:plain-fermented-dairy-desserts', 'en:plain-petit-suisse', 'en:cream-cheeses', 'en:plain-petit-suisse-around-4-fat']",0,[],[],87.0,3.6,2.3,3.5,0.0,9.7,0.11
Körniger Frischkäse,4019300097005,"['en:dairies', 'en:fermented-foods', 'en:fermented-milk-products', 'en:cheeses', 'en:fresh-cheeses', 'en:cream-cheeses']",0,[],[],65.0,0.8,0.5,1.0,,13.0,0.74
Fettreduzierter Frischkäse,4056489019237,"['en:dairies', 'en:fermented-foods', 'en:fermented-milk-products', 'en:cheeses', 'en:spreads', 'en:salted-spreads', 'en:cheese-spreads', 'en:frischkase', 'en:kase']",0,[],[],190.0,16.0,12.1,3.0,,8.0,0.7
Emmental,20002336,"['en:dairies', 'en:fermented-foods', 'en:fermented-milk-products', 'en:cheeses', 'en:cow-cheeses', 'en:hard-cheeses', 'en:emmentaler']",0,[],[],370.0,28.5,19.4,0.0,0.0,28.2,0.5
Queso fresco granulado Cottage cheese,22016645,"['en:dairies', 'en:fermented-foods', 'en:fermented-milk-products', 'en:cheeses', 'en:desserts', 'en:dairy-desserts', 'en:fermented-dairy-desserts', 'en:plain-fermented-dairy-desserts', 'en:fresh-cheeses', 'en:cottage-cheeses', 'en:plain-cottage-cheeses']",0,[],[],103.0,4.6,3.0,2.7,,12.2,0.6
Queso Crema Sin Lactosa,8480000512123,"['en:dairies', 'en:fermented-foods', 'en:fermented-milk-products', 'en:cheeses', 'en:spreads', 'en:salted-spreads', 'en:cow-cheeses', 'en:pasteurised-products', 'en:fresh-cheeses', 'en:pasteurized-cheeses', 'en:cheese-spreads', 'en:lactose-free-cheeses']",3,[],"['en:e200', 'en:e407', 'en:e410']",288.0,29.0,21.0,2.6,,4.1,0.9
Goats cheese,3614070097876,"['en:dairies', 'en:fermented-foods', 'en:fermented-milk-products', 'en:cheeses', 'en:goat-cheeses', 'en:cheese-from-goat-s-milk-from-pasteurised-milk']",0,[],[],319.0,27.0,19.0,0.5,,18.0,1.4
Queso gouda rallado,8480000524126,"['en:dairies', 'en:fermented-foods', 'en:fermented-milk-products', 'en:cheeses']",0,[],[],353.0,29.0,20.0,0.0,,21.0,2.0
Parmigiano Reggiano,4056489162315,"['en:dairies', 'en:fermented-foods', 'en:fermented-milk-products', 'en:cheeses', 'en:italian-cheeses', 'en:parmigiano-reggiano', 'en:parmasan-cheese']",0,[],[],402.0,29.7,19.6,0.1,0.0,32.0,1.6
Cream cheese,6111262581955,"['en:dairies', 'en:fermented-foods', 'en:fermented-milk-products', 'en:cheeses', 'en:cream-cheeses']",1,[],['en:e410'],109.0,10.3,7.2,2.9,,8.5,0.0
Cottage cheese,4088600258775,"['en:dairies', 'en:fermented-foods', 'en:fermented-milk-products', 'en:cheeses', 'en:spreads', 'en:salted-spreads', 'en:fresh-cheeses', 'en:cheese-spreads', 'en:cottage-cheeses']",1,[],['en:e202'],82.0,1.8,1.1,4.0,0.0,12.3,0.422
Extra mature Cheddar,01696844,"['en:dairies', 'en:fermented-foods', 'en:fermented-milk-products', 'en:cheeses', 'en:cow-cheeses', 'en:cheeses-from-the-united-kingdom', 'en:cheeses-from-england', 'en:cheddar-cheese', 'en:extra-mature-cheddar']",0,[],[],416.0,34.9,21.7,0.5,0.5,25.4,1.78
Cheez Dippers,3073781191547,"['en:dairies', 'en:fermented-foods', 'en:fermented-milk-products', 'en:cheeses', 'en:spreads', 'en:salted-spreads', 'en:cheese-spreads']",1,[],['en:e452'],263.0,13.0,7.5,5.5,1.0,10.5,1.3
La Vache qui rit Original,3073781199123,"['en:dairies', 'en:fermented-foods', 'en:fermented-milk-products', 'en:cheeses', 'fr:vache-qui-rit']",0,[],[],218.0,17.5,11.5,4.5,,10.5,1.7
President comte le montarlier affine 6 mois 220g,3228022170175,"['en:dairies', 'en:fermented-foods', 'en:fermented-milk-products', 'en:cheeses', 'en:cow-cheeses', 'en:hard-cheeses', 'en:french-cheeses', 'en:comte']",0,[],[],410.0,34.0,24.0,0.1,0.0,26.0,1.0
Fromage de chèvre Sainte Maure,20594343,"['en:dairies', 'en:fermented-foods', 'en:fermented-milk-products', 'en:cheeses', 'en:goat-cheeses', 'en:pasteurized-cheeses', 'en:sainte-maure-goat-cheeses']",0,[],[],293.0,23.0,16.0,0.5,0.0,20.0,3.75
"Coulommiers au lait pasteurisé 23%MG, 350g",3256224310150,"['en:dairies', 'en:fermented-foods', 'en:fermented-milk-products', 'en:cheeses', 'en:soft-cheeses', 'en:cow-cheeses', 'en:fresh-foods', 'en:soft-cheeses-with-bloomy-rind', 'en:french-cheeses', 'en:pasteurized-cheeses', 'en:soft-cheese-with-a-natural-rind', 'en:soft-cheeses-with-washed-rind', 'en:coulommiers', 'en:industrial-cheese']",0,[],[],283.0,23.0,17.0,0.5,0.0,18.0,1.4
Mascarpone,40899145,"['en:dairies', 'en:fermented-foods', 'en:fermented-milk-products', 'en:cheeses', 'en:italian-cheeses', 'en:cream-cheeses', 'en:mascarpone']",1,[],['en:e330'],375.0,38.0,25.8,4.3,0.0,3.9,0.08
Fromage de chèvre frais rond 12 % Mat. Gr.,3564700486818,"['en:dairies', 'en:fermented-foods', 'en:fermented-milk-products', 'en:cheeses', 'en:pasteurised-products', 'en:goat-cheeses', 'en:fresh-goat-cheese', 'en:pasteurized-cheeses', 'en:cream-cheeses']",0,[],[],160.0,12.0,8.0,3.0,0.5,10.0,1.1
Croque Monsieur fondant (23 % MG) 10 tranches,20008697,"['en:dairies', 'en:fermented-foods', 'en:fermented-milk-products', 'en:cheeses', 'en:cow-cheeses', 'en:fresh-foods', 'en:sliced-cheeses', 'en:industrial-cheese', 'en:melted-cheese']",1,[],['en:e330'],263.0,19.3,12.7,5.4,,16.3,1.6
Ovale fleur d'ange lp 300g,3250390012351,"['en:dairies', 'en:fermented-foods', 'en:fermented-milk-products', 'en:cheeses', 'en:soft-cheeses', 'en:cow-cheeses', 'en:soft-cheeses-with-bloomy-rind', 'en:pasteurised-products', 'en:pasteurized-cheeses', 'fr:autre-fromage-ou-specialite-fromagere-a-pate-molle-de-vache', 'fr:fromage-a-pate-molle-double-creme']",0,[],[],332.0,31.0,23.0,0.0,0.0,15.0,1.2
Le Camembert - Fromage à patte molle au lait pasteurisé,3270190020165,"['en:dairies', 'en:fermented-foods', 'en:fermented-milk-products', 'en:cheeses', 'en:soft-cheeses', 'en:cow-cheeses', 'en:fresh-foods', 'en:soft-cheeses-with-bloomy-rind', 'en:camemberts', 'en:cow-camemberts', 'en:french-cheeses', 'en:pasteurized-cheeses', 'en:camemberts-from-pasteurized-cow-milk', 'en:industrial-cheese']",0,[],[],265.0,21.0,15.0,0.0,,19.0,1.3
HAMBURGER CHEDDAR Fromage Fondu au Cheddar,3560070907045,"['en:dairies', 'en:fermented-foods', 'en:fermented-milk-products', 'en:cheeses', 'en:cow-cheeses', 'en:sandwiches', 'en:melted-cheese']",3,[],"['en:e160b', 'en:e160bii', 'en:e330', 'en:e331']",259.0,17.0,11.0,4.9,0.0,19.0,2.8
Emmental français au lait pasteurisé 29% de matière grasse portionde250g,3256224332237,"['en:dairies', 'en:fermented-foods', 'en:fermented-milk-products', 'en:cheeses', 'en:cow-cheeses', 'en:fresh-foods', 'en:hard-cheeses', 'en:emmentaler', 'en:french-cheeses', 'en:french-emmentaler', 'en:pasteurized-cheeses', 'en:industrial-cheese']",0,[],[],371.0,29.0,20.0,0.5,0.0,27.0,0.6
Emmental français râpé au lait cru,3270190025474,"['en:dairies', 'en:fermented-foods', 'en:fermented-milk-products', 'en:cheeses', 'en:fresh-foods', 'en:cow-cheeses', 'en:hard-cheeses', 'en:unpasteurised-products', 'en:emmentaler', 'en:french-cheeses', 'en:unpasteurised-cheeses', 'en:french-emmentaler', 'en:grated-cheese', 'en:grated-emmentaler', 'en:emmentals-francais', 'en:emmentals-rapes', 'en:fromages-bio', 'en:fromages-rapes', 'en:fromages-a-pate-pressee-cuite', 'en:produits-fermentes', 'en:produits-laitiers-fermentes']",0,[],[],391.0,30.0,19.0,0.0,1.1,29.0,0.5
Fromage Ail et fines herbes,26065977,"['en:dairies', 'en:fermented-foods', 'en:fermented-milk-products', 'en:cheeses', 'en:spreads', 'en:salted-spreads', 'en:cheese-spreads', 'en:cream-cheeses']",0,[],[],314.0,31.0,21.0,2.2,0.0,6.1,1.1
Petit fromage frais,3560070778126,"['en:dairies', 'en:fermented-foods', 'en:fermented-milk-products', 'en:cheeses', 'en:desserts', 'en:dairy-desserts', 'en:fermented-dairy-desserts', 'en:fromages-blancs-petit-suisses-and-skyr', 'en:petits-suisses', 'en:plain-fermented-dairy-desserts', 'en:plain-petit-suisse', 'en:plain-petit-suisse-around-4-fat']",1,[],['en:e202'],87.0,3.8,2.6,4.1,0.0,9.0,0.13
Emmental râpé,3450970024686,"['en:dairies', 'en:fermented-foods', 'en:fermented-milk-products', 'en:cheeses', 'en:cow-cheeses', 'en:hard-cheeses', 'en:pasteurised-products', 'en:emmentaler', 'en:pasteurized-cheeses', 'en:grated-cheese', 'en:grated-emmentaler']",0,[],[],388.0,30.0,21.0,0.5,0.0,27.0,0.64
Frischkäse Französische Kräuter,40193083,"['en:dairies', 'en:fermented-foods', 'en:fermented-milk-products', 'en:cheeses', 'en:cream-cheeses', 'de:frischkäsezubereitungen']",2,[],"['en:e412', 'en:e941']",243.0,23.0,16.1,3.0,,5.5,1.3
Bleu crémeux,3560070370344,"['en:dairies', 'en:fermented-foods', 'en:fermented-milk-products', 'en:cheeses', 'en:cow-cheeses', 'en:blue-veined-cheeses', 'en:french-blue-veined-cheeses', 'en:pasteurized-cheeses', 'fr:bleus-de-laqueuille']",0,[],[],365.0,33.0,23.0,0.0,,16.0,1.5
Fromage à tartiner Philadelphia,7622210955487,"['en:dairies', 'en:fermented-foods', 'en:fermented-milk-products', 'en:cheeses', 'en:spreads', 'en:salted-spreads', 'en:cheese-spreads', 'en:cream-cheeses', 'fr:fromage-frais-light']",1,[],['en:e330'],148.0,11.0,7.1,5.2,0.4,7.4,0.7
Patros Natur,4002671151353,"['en:dairies', 'en:fermented-foods', 'en:fermented-milk-products', 'en:cheeses', 'en:cow-cheeses']",0,[],[],282.0,24.0,16.0,0.7,,15.0,2.7
Skyr nature,3560071412852,"['en:dairies', 'en:fermented-foods', 'en:fermented-milk-products', 'en:cheeses', 'en:desserts', 'en:dairy-desserts', 'en:frozen-foods', 'en:fermented-dairy-desserts', 'en:fromages-blancs-petit-suisses-and-skyr', 'en:plain-fermented-dairy-desserts', 'en:skyrs', 'en:cream-cheeses', 'en:plain-skyrs']",0,[],[],52.0,0.0,0.0,3.6,0.0,8.9,0.11
Ricotta Santa Lucia,8000430194227,"['en:dairies', 'en:fermented-foods', 'en:fermented-milk-products', 'en:cheeses', 'en:cow-cheeses', 'en:italian-cheeses', 'en:ricotta']",0,[],[],146.0,10.0,6.6,4.3,,8.0,0.15
P'TITS CREMEUX 12 PORTIONS 216G - P'tits Prods,3250393026256,"['en:dairies', 'en:fermented-foods', 'en:fermented-milk-products', 'en:cheeses', 'en:laitier', 'fr:fromages-frais-nature-non-sucres-classiques']",1,[],['en:e331'],299.0,28.0,18.0,2.0,0.0,8.9,1.4
Извара 4.2%,20223281,"['en:dairies', 'en:fermented-foods', 'en:fermented-milk-products', 'en:cheeses', 'en:spreads', 'en:salted-spreads', 'en:fresh-cheeses', 'en:cheese-spreads', 'en:cottage-cheeses']",0,[],[],119.0,4.2,2.8,3.0,,17.0,0.1
Gouda a fette,20092665,"['en:dairies', 'en:fermented-foods', 'en:fermented-milk-products', 'en:cheeses', 'en:cow-cheeses', 'en:uncooked-pressed-cheeses', 'en:cheeses-of-the-netherlands', 'en:gouda']",0,[],[],358.0,29.0,20.0,0.1,,23.0,1.77
Emmental,8480000235626,"['en:dairies', 'en:fermented-foods', 'en:fermented-milk-products', 'en:cheeses', 'en:cow-cheeses', 'en:hard-cheeses', 'en:emmentaler', 'en:french-cheeses']",0,[],[],369.0,29.0,21.0,0.5,0.1,27.0,0.83
Queso,4056489339625,"['en:dairies', 'en:fermented-foods', 'en:fermented-milk-products', 'en:cheeses', 'en:cow-cheeses', 'en:brined-cheeses', 'en:feta-type-cheese', 'en:feta-type-cheese-from-cow-s-milk']",0,[],[],232.0,18.0,12.9,1.8,,15.0,2.0
jobnaty nature,6111246721056,"['en:dairies', 'en:fermented-foods', 'en:fermented-milk-products', 'en:cheeses', 'en:cream-cheeses']",0,[],[],220.0,20.0,0.0,4.0,0.0,6.0,0.4
Essential Waitrose natural cottage cheese,5000169167236,"['en:dairies', 'en:fermented-foods', 'en:fermented-milk-products', 'en:cheeses', 'en:fresh-cheeses', 'en:cottage-cheeses']",0,[],[],102.0,5.33,3.17,2.83,0.0,10.3,0.375
Mozzarella grated,4056489927129,"['en:dairies', 'en:fermented-foods', 'en:fermented-milk-products', 'en:cheeses', 'en:italian-cheeses', 'en:stretched-curd-cheeses', 'en:mozzarella', 'en:a']",0,[],[],331.0,24.5,15.9,0.1,,25.0,1.28
L'Ortolan Familial,3272320012231,"['en:dairies', 'en:fermented-foods', 'en:fermented-milk-products', 'en:cheeses', 'en:fresh-foods', 'en:soft-cheeses', 'en:cow-cheeses', 'en:soft-cheeses-with-bloomy-rind', 'en:pasteurised-products', 'en:french-cheeses', 'en:pasteurized-cheeses', 'en:cheeses-perishable', 'en:industrial-cheese']",0,[],[],341.0,28.0,18.9,0.1,,18.7,1.2
Carré Frais - format familial,3480341000780,"['en:dairies', 'en:fermented-foods', 'en:fermented-milk-products', 'en:cheeses', 'en:spreads', 'en:salted-spreads', 'en:soft-cheeses', 'en:cow-cheeses', 'en:soft-cheeses-with-bloomy-rind', 'en:carre-de-l-est', 'en:cheese-spreads', 'en:cream-cheeses', 'fr:cube-de-fromage']",0,[],[],193.0,15.0,11.0,2.5,,12.0,1.3
Danonino aux fruits fraise framboise abricot 100 g x 6,3033491225222,"['en:dairies', 'en:fermented-foods', 'en:fermented-milk-products', 'en:cheeses', 'en:desserts', 'en:dairy-desserts', 'en:fermented-dairy-desserts', 'en:yogurts', 'en:quarks', 'fr:fromages-blancs', 'en:cream-cheeses']",3,[],"['en:e1442', 'en:e14xx', 'en:e412']",93.0,2.5,1.8,10.6,,6.3,0.08
Bûche de chèvre,3560071093716,"['en:dairies', 'en:fermented-foods', 'en:fermented-milk-products', 'en:cheeses', 'en:goat-cheeses', 'es:rulo-de-cabra']",0,[],[],281.0,23.0,16.0,0.5,0.5,18.0,1.6
PRESIDENT CAMEMBERT 8PORTIONS 240g,3228020481464,"['en:dairies', 'en:fermented-foods', 'en:fermented-milk-products', 'en:cheeses', 'en:soft-cheeses', 'en:cow-cheeses', 'en:soft-cheeses-with-bloomy-rind', 'en:camemberts', 'en:cow-camemberts', 'en:pasteurized-cheeses', 'en:camemberts-from-pasteurized-cow-milk']",0,[],[],256.0,20.0,14.0,0.0,,19.0,1.3
Fromage blanc,3184670001110,"['en:dairies', 'en:fermented-foods', 'en:fermented-milk-products', 'en:cheeses', 'en:desserts', 'en:dairy-desserts', 'en:fermented-dairy-desserts', 'en:fermented-dairy-desserts-with-fruits', 'fr:fromages-blancs', 'en:fromages-blancs-with-fruits']",0,[],[],83.0,5.5,2.3,4.0,0.0,4.5,0.1
Port salut,3073780868747,"['en:dairies', 'en:fermented-foods', 'en:fermented-milk-products', 'en:cheeses', 'en:cow-cheeses', 'en:fresh-foods', 'en:french-cheeses', 'en:uncooked-pressed-cheeses', 'en:pasteurized-cheeses', 'en:industrial-cheese', 'fr:ports-saluts']",1,[],['en:e235'],342.0,27.5,18.5,0.5,,23.0,1.5
Mascarpone,3760056260496,"['en:dairies', 'en:fermented-foods', 'en:fermented-milk-products', 'en:cheeses', 'en:italian-cheeses', 'en:cream-cheeses', 'en:mascarpone']",1,[],['en:e330'],385.0,40.0,27.0,2.5,,3.8,0.1
Saveurs de Provence,3175333021002,"['en:dairies', 'en:fermented-foods', 'en:fermented-milk-products', 'en:cheeses', 'en:cow-cheeses', 'en:pasteurized-cheeses', 'en:processed-cheese', 'en:industrial-cheese', 'fr:fromages-aperitif']",0,[],[],327.0,31.0,22.0,3.0,,9.0,1.3
"Parmigiano Reggiano AOP râpé lait cru 30%mg,60g",3368954300940,"['en:dairies', 'en:fermented-foods', 'en:fermented-milk-products', 'en:cheeses', 'en:cow-cheeses', 'en:fresh-foods', 'en:unpasteurised-products', 'en:italian-cheeses', 'en:unpasteurised-cheeses', 'en:grated-cheese', 'en:parmigiano-reggiano', 'en:aoc-cheeses', 'en:labeled-cheeses', 'fr:produits-aoc', 'fr:produits-labellises']",0,[],[],402.0,30.0,20.0,0.0,0.0,32.0,1.6
Galbani mozzarella - tris 3x125g (375g),8000430132564,"['en:dairies', 'en:fermented-foods', 'en:fermented-milk-products', 'en:cheeses', 'en:cow-cheeses', 'en:fresh-foods', 'en:pasteurised-products', 'en:italian-cheeses', 'en:stretched-curd-cheeses', 'en:mozzarella', 'en:pasteurized-cheeses', 'en:industrial-cheese']",1,[],['en:e330'],220.0,18.0,13.0,1.0,0.0,17.0,0.7
RONDELE NOIX DE DORDOGNE 125g,3155250355084,"['en:dairies', 'en:fermented-foods', 'en:fermented-milk-products', 'en:cheeses', 'en:spreads', 'en:salted-spreads', 'en:cow-cheeses', 'en:fresh-foods', 'en:french-cheeses', 'en:fresh-cheeses', 'en:pasteurized-cheeses', 'en:cheese-spreads', 'en:cheeses-with-walnuts', 'en:cream-cheeses', 'en:industrial-cheese']",0,[],[],315.0,30.0,19.0,2.0,0.0,6.5,0.9
Chèvre frais,3245414229228,"['en:dairies', 'en:fermented-foods', 'en:fermented-milk-products', 'en:cheeses', 'en:goat-cheeses', 'en:fresh-cheeses', 'en:fresh-goat-cheese']",0,[],[],160.0,12.0,8.0,3.0,,10.0,1.1
Kiri chevre doux - 8b,3073781035438,"['en:dairies', 'en:fermented-foods', 'en:fermented-milk-products', 'en:cheeses', 'en:spreads', 'en:salted-spreads', 'en:cheese-spreads', 'en:melted-cheese', 'fr:gouter']",1,[],['en:e452'],341.0,33.0,22.0,2.0,0.0,9.0,1.5
Mimolette,3564700341308,"['en:dairies', 'en:fermented-foods', 'en:fermented-milk-products', 'en:cheeses', 'en:cow-cheeses', 'en:french-cheeses', 'en:uncooked-pressed-cheeses', 'en:cheeses-of-the-netherlands', 'en:mimolette-cheese', 'en:pasteurized-cheeses', 'en:sliced-cheeses', 'fr:fromages-du-nord-pas-de-calais']",1,[],['en:e160b'],320.0,24.0,17.0,0.5,0.0,25.0,2.0
Boursin® Echalote & Ciboulette,3073781074994,"['en:dairies', 'en:fermented-foods', 'en:fermented-milk-products', 'en:cheeses', 'en:spreads', 'en:salted-spreads', 'en:pasteurised-products', 'en:pasteurized-cheeses', 'en:cheese-spreads', 'en:cheeses-perishable']",1,[],['en:e202'],401.0,40.0,27.0,2.5,,8.0,1.2
Cancoillotte IGP - Pays Gourmand,26065571,"['en:dairies', 'en:fermented-foods', 'en:fermented-milk-products', 'en:cheeses', 'en:spreads', 'en:frozen-foods', 'en:salted-spreads', 'en:french-cheeses', 'en:processed-cheese', 'en:cancoillottes', 'en:cheese-spreads']",1,[],"['en:e331', 'en:e331iii']",155.0,11.0,7.7,0.5,0.0,14.0,1.6
Cheddar,3564700768259,"['en:dairies', 'en:fermented-foods', 'en:fermented-milk-products', 'en:cheeses', 'en:cow-cheeses', 'en:cheeses-from-the-united-kingdom', 'en:cheeses-from-england', 'en:sliced-cheeses', 'en:cheddar-cheese', 'en:cheddar-slices']",1,[],['en:e160b'],392.0,35.0,22.0,0.5,0.0,26.0,1.9
Printendre Ail & Fines Herbes,3250390253105,"['en:dairies', 'en:fermented-foods', 'en:fermented-milk-products', 'en:cheeses', 'en:spreads', 'en:salted-spreads', 'en:pasteurized-cheeses', 'en:cheese-spreads']",0,[],[],241.0,22.5,14.9,2.6,1.0,5.8,1.16
Dattes séchées dénoyautées,8718734820598,"['en:plant-based-foods-and-beverages', 'en:dairies', 'en:fermented-foods', 'en:plant-based-foods', 'en:fermented-milk-products', 'en:fruits-and-vegetables-based-foods', 'en:cheeses', 'en:fruits-based-foods', 'en:dried-products', 'en:fruits', 'en:dried-plant-based-foods', 'en:dried-fruits', 'en:dates', 'en:deglet-noor-dates']",1,[],['en:e420'],296.0,0.5,0.1,48.0,0.0,2.5,0.01
Queso en dados,5760466815635,"['en:dairies', 'en:fermented-foods', 'en:fermented-milk-products', 'en:cheeses']",0,[],[],219.0,17.0,11.0,0.5,0.0,15.0,2.8
Ail & fines herbes,4056489137566,"['en:dairies', 'en:fermented-foods', 'en:fermented-milk-products', 'en:cheeses', 'en:spreads', 'en:salted-spreads', 'en:cheese-spreads']",0,[],[],404.0,40.0,27.0,2.5,,8.0,1.3
Cottage Cheese,4056489187813,"['en:dairies', 'en:fermented-foods', 'en:fermented-milk-products', 'en:cheeses', 'en:spreads', 'en:salted-spreads', 'en:cow-cheeses', 'en:fresh-cheeses', 'en:cheese-spreads', 'en:cottage-cheeses']",0,[],[],105.0,4.5,3.0,3.5,0.0,13.0,0.8
Appetisi,3330410001838,"['en:dairies', 'en:fermented-foods', 'en:fermented-milk-products', 'en:cheeses', 'en:cow-cheeses', 'en:cheeses-from-the-united-kingdom', 'en:cheeses-from-england', 'en:sliced-cheeses', 'en:cheddar-cheese', 'en:cheddar-slices']",1,[],['en:e160b'],390.0,32.0,21.0,0.5,,26.0,1.7
,5941194000337,"['en:dairies', 'en:fermented-foods', 'en:fermented-milk-products', 'en:snacks', 'en:cheeses', 'en:sweet-snacks', 'en:biscuits-and-cakes', 'en:biscuits-and-crackers', 'en:biscuits', 'ro:alimente']",0,[],[],403.0,8.2,3.9,1.3,,10.1,3.8
French goats' cheese,40873954,"['en:dairies', 'en:fermented-foods', 'en:fermented-milk-products', 'en:cheeses', 'en:goat-cheeses']",1,[],['en:e202'],248.0,19.0,12.0,2.0,,17.0,1.475
"Fat free quark, Tesco",5054268932646,"['en:dairies', 'en:fermented-foods', 'en:fermented-milk-products', 'en:cheeses', 'en:desserts', 'en:dairy-desserts', 'en:fermented-dairy-desserts', 'en:plain-fermented-dairy-desserts', 'en:quarks', 'en:cream-cheeses', 'en:plain-quarks']",0,[],[],65.0,0.3,0.2,3.7,0.5,11.6,0.225
Perly,6111242105973,"['en:dairies', 'en:fermented-foods', 'en:fermented-milk-products', 'en:cheeses']",0,[],[],101.0,6.0,0.0,0.0,,6.0,0.0
Original Cream Cheese,0068100896459,"['en:dairies', 'en:fermented-foods', 'en:fermented-milk-products', 'en:cheeses', 'en:cream-cheeses']",3,[],"['en:e202', 'en:e270', 'en:e410']",233.0,20.0,13.3,6.67,0.0,6.67,1.08
Tesco Ricotta 250G,5018374219718,"['en:dairies', 'en:fermented-foods', 'en:fermented-milk-products', 'en:cheeses', 'en:italian-cheeses', 'en:ricotta', 'en:soft-whey-cheese']",0,[],[],103.0,7.0,4.9,3.0,0.0,7.0,0.3
Greek feta,01351293,"['en:dairies', 'en:fermented-foods', 'en:fermented-milk-products', 'en:cheeses', 'en:greek-cheeses', 'en:feta']",0,[],[],276.0,23.0,17.0,0.7,,16.5,2.25
Mozzarella,4088600286808,"['en:dairies', 'en:fermented-foods', 'en:fermented-milk-products', 'en:cheeses', 'en:cow-cheeses', 'en:italian-cheeses', 'en:stretched-curd-cheeses', 'en:mozzarella', 'en:cow-mozzarella']",1,[],['en:e330'],248.0,19.0,13.0,1.5,,18.0,0.5
Schmelzkäse Original,3073781192148,"['en:dairies', 'en:fermented-foods', 'en:fermented-milk-products', 'en:cheeses', 'en:processed-cheese']",0,[],[],228.0,17.5,11.5,6.0,,11.5,1.6725
Queso Burgos desnatado 0%,8480000524096,"['en:dairies', 'en:fermented-foods', 'en:fermented-milk-products', 'en:cheeses', 'en:fresh-cheeses', 'es:queso-blanco-pasteurizado-desnatado']",0,[],[],67.0,0.4,0.1,3.9,,12.0,0.91
Emmental français pasteurisé rapé 29%MG - 3 sachets de70g,3256224332336,"['en:dairies', 'en:fermented-foods', 'en:fermented-milk-products', 'en:cheeses', 'en:cow-cheeses', 'en:fresh-foods', 'en:hard-cheeses', 'en:emmentaler', 'en:french-cheeses', 'en:french-emmentaler', 'en:pasteurized-cheeses', 'en:grated-cheese', 'en:grated-emmentaler', 'en:industrial-cheese']",0,[],[],371.0,29.0,20.0,0.5,0.0,27.0,0.7
Boursin® Figue & 3 Noix,3073781075007,"['en:dairies', 'en:fermented-foods', 'en:fermented-milk-products', 'en:cheeses', 'en:spreads', 'en:salted-spreads', 'en:cow-cheeses', 'en:pasteurised-products', 'en:pasteurized-cheeses', 'en:cheese-spreads', 'en:cheeses-perishable', 'en:cheeses-with-walnuts', 'en:industrial-cheese']",1,[],['en:e202'],411.0,38.5,26.0,5.0,,8.0,1.0
Mozzarella,3250390678885,"['en:dairies', 'en:fermented-foods', 'en:fermented-milk-products', 'en:cheeses', 'en:cow-cheeses', 'en:italian-cheeses', 'en:stretched-curd-cheeses', 'en:mozzarella', 'en:pasteurized-cheeses', 'en:cow-mozzarella']",1,[],['en:e330'],236.0,18.1,12.5,0.6,0.5,17.5,0.39
Bleu,20024796,"['en:dairies', 'en:fermented-foods', 'en:fermented-milk-products', 'en:cheeses', 'en:cow-cheeses', 'en:blue-veined-cheeses', 'en:french-blue-veined-cheeses', 'en:pasteurized-cheeses']",0,[],[],351.0,31.0,22.0,0.1,0.0,17.0,4.5
Fromage blanc 8% de matière grasse,3250390007395,"['en:dairies', 'en:fermented-foods', 'en:fermented-milk-products', 'en:cheeses', 'en:desserts', 'en:dairy-desserts', 'en:fermented-dairy-desserts', 'en:fromages-blancs-petit-suisses-and-skyr', 'en:plain-fermented-dairy-desserts', 'fr:fromages-blancs']",0,[],[],116.0,8.0,5.4,4.1,0.0,7.0,0.1
Cheddar,3560070168651,"['en:dairies', 'en:fermented-foods', 'en:fermented-milk-products', 'en:cheeses', 'en:cow-cheeses', 'en:pasteurised-products', 'en:cheeses-from-the-united-kingdom', 'en:uncooked-pressed-cheeses', 'en:cheeses-from-england', 'en:pasteurized-cheeses', 'en:sliced-cheeses', 'en:cheddar-cheese', 'en:cheddar-slices']",1,[],['en:e160'],397.0,33.0,21.0,0.0,,25.0,1.6
President emmental rape fondant 350g+30% offert,3228021170145,"['en:dairies', 'en:fermented-foods', 'en:fermented-milk-products', 'en:cheeses', 'en:cow-cheeses', 'en:hard-cheeses', 'en:emmentaler', 'en:grated-cheese', 'en:grated-emmentaler']",0,[],[],373.0,29.0,21.0,0.5,0.0,27.0,0.83
Geramont Cremig-leicht,3161710001309,"['en:dairies', 'en:fermented-foods', 'en:fermented-milk-products', 'en:cheeses', 'en:hard-cheeses', 'en:pasteurised-products', 'en:french-cheeses', 'en:pasteurized-cheeses']",2,[],"['en:e160a', 'en:e160ai', 'en:e428']",220.0,16.0,11.0,0.5,,19.0,1.3
Queso fundido,8410259101069,"['en:dairies', 'en:fermented-foods', 'en:fermented-milk-products', 'en:cheeses', 'en:spreads', 'en:salted-spreads', 'en:pasteurised-products', 'en:cheese-preparations', 'en:pasteurized-cheeses', 'en:processed-cheeses', 'en:cheese-spreads']",4,[],"['en:e330', 'en:e331', 'en:e450', 'en:e452']",179.0,12.5,8.5,5.5,0.0,11.0,1.9
Double Crème,3073781027303,"['en:dairies', 'en:fermented-foods', 'en:fermented-milk-products', 'en:cheeses', 'en:spreads', 'en:salted-spreads', 'en:processed-cheese', 'en:cheese-spreads', 'en:double-cream-cheeses', 'en:melted-cheese', 'en:processed-cheese-double-cream-around-31-fat']",3,[],"['en:e330', 'en:e339', 'en:e452']",311.0,29.0,19.5,3.5,,9.0,2.175
Ce Fromage blanc rémunère au juste prix son producteur,3184670004890,"['en:dairies', 'en:fermented-foods', 'en:fermented-milk-products', 'en:cheeses', 'en:desserts', 'en:dairy-desserts', 'en:fermented-dairy-desserts', 'en:plain-fermented-dairy-desserts', 'fr:fromages-blancs', 'en:fresh-cream-cheese-with-cow-s-milk', 'fr:fromages-blancs-natures']",0,[],[],92.0,6.8,4.5,3.6,0.5,3.8,0.1
Queso Lonchas Light By Hacendado,8480000511997,"['en:dairies', 'en:fermented-foods', 'en:fermented-milk-products', 'en:cheeses', 'en:spreads', 'en:salted-spreads', 'en:cheese-spreads', 'en:melted-cheese']",9,[],"['en:e14xx', 'en:e160a', 'en:e202', 'en:e330', 'en:e331', 'en:e339', 'en:e407', 'en:e410', 'en:e452']",177.0,8.7,6.2,5.8,,14.6,2.655
Queso lonchas sin lactosa,8480000501394,"['en:dairies', 'en:fermented-foods', 'en:fermented-milk-products', 'en:cheeses', 'en:cow-cheeses', 'en:sliced-cheeses']",0,[],[],357.0,29.0,19.0,0.1,,24.0,1.8
Crema bel paese,8000430240108,"['en:dairies', 'en:fermented-foods', 'en:fermented-milk-products', 'en:cheeses', 'en:melted-cheese']",1,[],['en:e331'],200.0,16.0,11.0,1.0,,11.0,2.1
Twaróg wiejski,5900531004018,"['en:dairies', 'en:fermented-foods', 'en:fermented-milk-products', 'en:cheeses', 'en:quarks', 'en:cream-cheeses']",0,[],[],115.0,4.0,2.4,0.0,0.0,13.0,0.0
camembert chèvre,3523230058810,"['en:dairies', 'en:fermented-foods', 'en:fermented-milk-products', 'en:cheeses', 'en:pasteurised-products', 'en:pasteurized-cheeses', 'fr:ovale-chevre']",0,[],[],287.0,23.0,17.0,0.5,,19.0,1.5
President Cream Cheese 180G,5941192110359,"['en:dairies', 'en:fermented-foods', 'en:fermented-milk-products', 'en:cheeses']",3,[],"['en:e202', 'en:e407', 'en:e410']",250.0,24.0,15.0,2.5,,5.5,1.5
Eatlean Käse,5028482101140,"['en:dairies', 'en:fermented-foods', 'en:fermented-milk-products', 'en:cheeses', 'en:grated-cheese', 'en:geriebener-kase', 'en:kase']",0,[],[],173.0,3.0,1.33,1.67,0.33,36.3,1.97
Gouda,5057545828458,"['en:dairies', 'en:fermented-foods', 'en:fermented-milk-products', 'en:cheeses', 'en:cow-cheeses', 'en:uncooked-pressed-cheeses', 'en:cheeses-of-the-netherlands', 'en:gouda', 'en:sliced-cheeses']",0,[],[],362.0,29.9,20.7,0.0,0.0,23.3,1.3475
Young Gouda,4056489028772,"['en:dairies', 'en:fermented-foods', 'en:fermented-milk-products', 'en:cheeses', 'en:cow-cheeses', 'en:uncooked-pressed-cheeses', 'en:cheeses-of-the-netherlands', 'en:gouda', 'en:young-goudas']",0,[],[],368.0,30.0,21.0,0.0,0.0,23.0,1.6
Grated Mozzarella,01099096,"['en:dairies', 'en:fermented-foods', 'en:fermented-milk-products', 'en:cheeses', 'en:italian-cheeses', 'en:stretched-curd-cheeses', 'en:mozzarella', 'en:grated-cheese', 'en:grated-mozzarella']",0,[],[],317.0,22.3,14.7,2.0,0.5,21.3,1.44
Gouda Slices,01222685,"['en:dairies', 'en:fermented-foods', 'en:fermented-milk-products', 'en:cheeses', 'en:cow-cheeses', 'en:uncooked-pressed-cheeses', 'en:cheeses-of-the-netherlands', 'en:gouda']",0,[],[],347.0,27.9,19.4,0.5,0.5,23.9,1.3775
Grated Mozzarella,5054070275641,"['en:dairies', 'en:fermented-foods', 'en:fermented-milk-products', 'en:cheeses', 'en:italian-cheeses', 'en:stretched-curd-cheeses', 'en:mozzarella', 'en:grated-cheese', 'en:grated-mozzarella']",0,[],[],294.0,20.0,12.0,1.1,0.0,23.0,0.9825
British matured grated cheddar,4088600046785,"['en:dairies', 'en:fermented-foods', 'en:fermented-milk-products', 'en:cheeses', 'en:cow-cheeses', 'en:cheeses-from-the-united-kingdom', 'en:cheeses-from-england', 'en:cheddar-cheese', 'en:grated-cheese']",0,[],[],415.0,34.3,21.4,0.1,,25.0,1.75
Cottage Cheese,0073420516406,"['en:dairies', 'en:fermented-foods', 'en:fermented-milk-products', 'en:cheeses', 'en:cottage-cheeses']",0,[],[],86.1,3.92,2.35,3.13,0.0,10.2,0.724
mozarella,5059697680106,"['en:dairies', 'en:fermented-foods', 'en:fermented-milk-products', 'en:cheeses', 'en:italian-cheeses', 'en:stretched-curd-cheeses', 'en:mozzarella']",1,[],['en:e330'],236.0,18.0,12.7,0.6,0.0,18.0,0.4
Ricotta,3760056266276,"['en:dairies', 'en:fermented-foods', 'en:fermented-milk-products', 'en:cheeses', 'en:frozen-foods', 'en:italian-cheeses', 'en:ricotta']",1,[],['en:e330'],95.0,5.0,3.59999990463257,2.90000009536743,,8.5,0.23
Sainte-Maure,3523230063951,"['en:dairies', 'en:fermented-foods', 'en:fermented-milk-products', 'en:cheeses', 'en:goat-cheeses', 'es:rulo-de-cabra']",0,[],[],291.0,23.0,16.0,1.0,0.0,20.0,1.5
Roquefort AOP (part dégustation),3023260028697,"['en:dairies', 'en:fermented-foods', 'en:fermented-milk-products', 'en:cheeses', 'en:fresh-foods', 'en:blue-veined-cheeses', 'en:french-cheeses', 'en:unpasteurised-cheeses', 'en:french-blue-veined-cheeses', 'en:sheep-s-milk-cheeses', 'en:industrial-cheese', 'en:roquefort-cheeses', 'en:aoc-cheeses', 'en:labeled-cheeses', 'fr:produits-aoc', 'fr:produits-labellises']",0,[],[],358.0,31.7,22.5,0.0,,19.0,3.7
Le Mi-chèvre,3394230023104,"['en:dairies', 'en:fermented-foods', 'en:fermented-milk-products', 'en:cheeses', 'en:pasteurized-cheeses', 'fr:fromages-mi-chevre']",0,[],[],270.0,22.0,15.0,1.0,,17.0,1.6
Mozzarella les croisés,3564700015278,"['en:dairies', 'en:fermented-foods', 'en:fermented-milk-products', 'en:cheeses', 'en:cow-cheeses', 'en:italian-cheeses', 'en:stretched-curd-cheeses', 'en:mozzarella', 'en:cow-mozzarella', 'fr:acheter-tous-cette-mozza', 'fr:best-mozzarella', 'fr:meilleur-de-france', 'fr:on-adore-cette-mozzarella']",1,[],['en:e330'],235.0,17.0,12.0,1.0,0.0,17.0,0.38
Cancoillotte nature,20024864,"['en:dairies', 'en:fermented-foods', 'en:fermented-milk-products', 'en:cheeses', 'en:french-cheeses', 'en:processed-cheese', 'en:cancoillottes', 'en:melted-cheese']",3,[],"['en:e450', 'en:e451', 'en:e452']",155.0,11.0,8.0,0.0,0.0,14.0,1.88
Mini Mozzarella,20851750,"['en:dairies', 'en:fermented-foods', 'en:fermented-milk-products', 'en:cheeses', 'en:cow-cheeses', 'en:italian-cheeses', 'en:stretched-curd-cheeses', 'en:mozzarella', 'en:cow-mozzarella']",1,[],['en:e330'],248.0,19.0,12.9,1.5,0.0,17.5,0.5
CROCCANTE ALLA MOZZARELLA GALBANI 150G X6 (6 paletsx25g),3228023170105,"['en:dairies', 'en:fermented-foods', 'en:fermented-milk-products', 'en:snacks', 'en:cheeses', 'en:salty-snacks', 'en:meat-alternatives', 'en:breaded-products', 'en:breaded-cheeses', 'en:cheese-croquettes']",2,[],"['en:e202', 'en:e415']",272.0,16.0,9.0,1.3,,12.0,1.2
Queso fresco,8413100611175,"['en:dairies', 'en:fermented-foods', 'en:fermented-milk-products', 'en:cheeses', 'en:fresh-cheeses', 'es:juego-de-arias']",0,[],[],164.0,12.0,8.4,3.0,,11.0,0.875
Fromage Blanc au Lait de Brebis,3273220141014,"['en:dairies', 'en:fermented-foods', 'en:fermented-milk-products', 'en:cheeses', 'en:desserts', 'en:dairy-desserts', 'en:fermented-dairy-desserts', 'fr:fromages-blancs', 'fr:fromages-blancs-au-lait-de-brebis']",0,[],[],96.0,6.3,4.3,4.5,,5.3,0.11
Emmental râpé fondant,26065366,"['en:dairies', 'en:fermented-foods', 'en:fermented-milk-products', 'en:cheeses', 'en:cow-cheeses', 'en:fresh-foods', 'en:hard-cheeses', 'en:emmentaler', 'en:french-cheeses', 'en:french-emmentaler', 'en:grated-cheese', 'en:grated-emmentaler', 'en:industrial-cheese']",0,[],[],369.0,29.0,19.0,0.0,0.0,27.0,0.7
Camembert de Normandie AOP au lait cru,3245390026002,"['en:dairies', 'en:fermented-foods', 'en:fermented-milk-products', 'en:cheeses', 'en:soft-cheeses', 'en:cow-cheeses', 'en:soft-cheeses-with-bloomy-rind', 'en:camemberts', 'en:unpasteurised-products', 'en:cow-camemberts', 'en:french-cheeses', 'en:unpasteurised-cheeses', 'en:camemberts-from-raw-cow-milk', 'en:camemberts-de-normandie']",0,[],[],288.0,22.0,16.0,0.0,,22.0,1.6
Fromage Frais,3245413442420,"['en:dairies', 'en:fermented-foods', 'en:fermented-milk-products', 'en:cheeses', 'en:desserts', 'en:dairy-desserts', 'en:fermented-dairy-desserts', 'en:fromages-blancs-petit-suisses-and-skyr', 'en:petits-suisses', 'en:plain-fermented-dairy-desserts', 'en:plain-petit-suisse', 'fr:fromages-blancs', 'en:plain-petit-suisse-around-4-fat']",0,[],[],75.0,3.2,2.1,4.3,0.0,7.2,0.09
"Petits suisses nature 9,2% 6x60g",3250390010623,"['en:dairies', 'en:fermented-foods', 'en:fermented-milk-products', 'en:cheeses', 'en:desserts', 'en:dairy-desserts', 'en:fermented-dairy-desserts', 'en:fromages-blancs-petit-suisses-and-skyr', 'en:petits-suisses', 'en:plain-fermented-dairy-desserts', 'en:plain-petit-suisse', 'en:cream-cheeses', 'fr:fromages-frais-nature-non-sucres-gourmands']",1,[],['en:e202'],132.0,9.2,6.5,3.4,0.0,9.0,0.09
Galbani mozzarella cucina 400g,8000430132014,"['en:dairies', 'en:fermented-foods', 'en:fermented-milk-products', 'en:cheeses', 'en:italian-cheeses', 'en:stretched-curd-cheeses', 'en:mozzarella']",1,[],['en:e330'],260.0,19.0,13.0,1.6,,20.0,0.9
Crottin de chevre,20024925,"['en:dairies', 'en:fermented-foods', 'en:fermented-milk-products', 'en:cheeses', 'en:pasteurised-products', 'en:goat-cheeses', 'en:pasteurized-cheeses', 'en:crottin-cheese-from-goat-s-milk']",0,[],[],309.0,25.0,18.0,0.5,,21.0,1.48
Queso fresco batido 0%,8480000510211,"['en:dairies', 'en:fermented-foods', 'en:fermented-milk-products', 'en:cheeses', 'en:fresh-cheeses']",0,[],[],46.0,0.1,0.1,3.5,0.0,8.0,0.1
Cancoillotte nature au lait pasteurisé IGP 11% de MG - 250g,3256224311027,"['en:dairies', 'en:fermented-foods', 'en:fermented-milk-products', 'en:cheeses', 'en:french-cheeses', 'en:processed-cheese', 'en:cancoillottes', 'fr:cancoillotte-nature']",1,[],['en:e331'],159.0,11.0,7.8,0.5,0.5,14.0,1.5
Pointe de Brie,3560070046478,"['en:dairies', 'en:fermented-foods', 'en:fermented-milk-products', 'en:cheeses', 'en:soft-cheeses', 'en:cow-cheeses', 'en:soft-cheeses-with-bloomy-rind', 'en:french-cheeses', 'en:bries', 'en:pasteurized-cheeses']",0,[],[],358.0,32.0,22.0,0.0,0.0,17.0,1.3
Chêne d'argent,20024697,"['en:dairies', 'en:fermented-foods', 'en:fermented-milk-products', 'en:cheeses', 'en:soft-cheeses', 'en:cow-cheeses', 'en:soft-cheeses-with-bloomy-rind', 'en:french-cheeses', 'en:pasteurized-cheeses', 'en:coulommiers']",0,[],[],283.0,2e-05,16.1,0.5,0.5,18.0,1.5
Cancoillotte IGP à l'ail au lait pasteurisé 11% de MG - 250g,3256224311034,"['en:dairies', 'en:fermented-foods', 'en:fermented-milk-products', 'en:cheeses', 'en:french-cheeses', 'en:processed-cheese', 'en:cancoillottes']",1,[],['en:e331'],161.0,11.0,7.7,0.5,0.5,14.0,1.5
Yaourts nature au lait entier,3523230052856,"['en:dairies', 'en:fermented-foods', 'en:fermented-milk-products', 'en:cheeses', 'en:desserts', 'en:dairy-desserts', 'en:fermented-dairy-desserts', 'en:yogurts', 'en:plain-fermented-dairy-desserts', 'en:plain-yogurts', 'en:whole-milk-yogurts']",0,[],[],62.0,3.4,2.1,4.1,,3.7,0.1
Frischkäse mit Joghurt,4019300005154,"['en:dairies', 'en:fermented-foods', 'en:fermented-milk-products', 'en:cheeses', 'en:cream-cheeses']",0,[],[],155.0,13.0,9.1,3.1,,6.5,0.65
"Exquisa Frischkäse Fitline 0,2% Kräuter",4019300005260,"['en:dairies', 'en:fermented-foods', 'en:fermented-milk-products', 'en:cheeses', 'en:spreads', 'en:salted-spreads', 'en:fresh-cheeses', 'en:cream-cheeses', 'en:kase', 'en:streichkase']",2,[],"['en:e407', 'en:e412']",66.0,0.2,0.1,4.3,0.0,10.5,1.25
Philadelphia,7622210579270,"['en:dairies', 'en:fermented-foods', 'en:fermented-milk-products', 'en:cheeses', 'en:fats', 'en:spreads', 'en:salted-spreads', 'en:spreadable-fats', 'en:animal-fats', 'en:dairy-spreads', 'en:milkfat', 'en:butters', 'en:cheese-spreads', 'en:cream-cheeses']",1,[],['en:e330'],212.0,19.0,13.0,4.4,0.4,5.2,2.5
Bio-Skyr Natur,4104060030772,"['en:dairies', 'en:fermented-foods', 'en:fermented-milk-products', 'en:cheeses', 'en:desserts', 'en:dairy-desserts', 'en:fermented-dairy-desserts', 'en:fromages-blancs-petit-suisses-and-skyr', 'en:plain-fermented-dairy-desserts', 'en:skyrs', 'fr:fromages-blancs', 'fr:fromages-blancs-natures']",0,[],[],60.0,0.2,0.1,3.5,,11.0,0.0975
Cheese Spread herbs,20010300,"['en:dairies', 'en:fermented-foods', 'en:fermented-milk-products', 'en:cheeses', 'en:spreads', 'en:salted-spreads', 'en:cheese-spreads', 'en:cream-cheeses']",0,[],[],241.0,23.0,14.7,0.0,3.0,4.5,0.0
sottilette le originali,8001590927366,"['en:dairies', 'en:fermented-foods', 'en:fermented-milk-products', 'en:cheeses']",2,[],"['en:e270', 'en:e331']",224.0,14.0,9.44,4.55,3.15,16.4,3.1
Bio-Feta,4061458005548,"['en:dairies', 'en:fermented-foods', 'en:fermented-milk-products', 'en:cheeses', 'en:goat-cheeses', 'en:greek-cheeses', 'en:sheep-s-milk-cheeses', 'en:feta', 'en:feta-blocs', 'pt:queijos-gregos-para-saladas']",0,[],[],276.0,23.0,16.0,0.7,,16.5,2.5
Käse Gouda jung,20011581,"['en:dairies', 'en:fermented-foods', 'en:fermented-milk-products', 'en:cheeses', 'en:cow-cheeses', 'en:uncooked-pressed-cheeses', 'en:cheeses-of-the-netherlands', 'en:gouda', 'en:gouda-holland', 'en:fermentierte-lebensmittel', 'en:fermentierte-milch', 'en:hollandischer-kase', 'en:kuhmilchkase', 'en:kase', 'en:milchprodukte', 'en:ungekochter-gepresster-kase']",2,[],"['en:e160b', 'en:e235']",372.0,30.4,21.8,0.0,0.0,23.5,1.78
edelblu Classic,4006402010100,"['en:dairies', 'en:fermented-foods', 'en:fermented-milk-products', 'en:cheeses', 'en:cow-cheeses', 'en:blue-veined-cheeses']",0,[],[],331.0,28.0,18.0,0.5,,19.0,3.5
Serek Wiejski wysokobiałkowy,5900531007019,"['en:dairies', 'en:fermented-foods', 'en:fermented-milk-products', 'en:cheeses', 'en:spreads', 'en:salted-spreads', 'en:fresh-cheeses', 'en:cheese-spreads', 'en:cottage-cheeses']",0,[],[],93.0,3.0,2.0,2.0,,14.0,0.6
Le moelleux,8721800401515,"['en:dairies', 'en:fermented-foods', 'en:fermented-milk-products', 'en:cheeses', 'en:cow-cheeses', 'en:pasteurised-products', 'en:pasteurized-cheeses']",0,[],[],352.0,29.5,20.0,0.1,,21.5,1.7
Fat Free Natural Cottage Cheese,5010578008068,"['en:dairies', 'en:fermented-foods', 'en:fermented-milk-products', 'en:cheeses', 'en:desserts', 'en:dairy-desserts', 'en:fermented-dairy-desserts', 'en:plain-fermented-dairy-desserts', 'en:fresh-cheeses', 'en:cottage-cheeses', 'en:plain-cottage-cheeses']",0,[],[],63.0,0.30000001192093,0.20000000298023,2.9000000953674,,10.800000190735,0.8
Emmental Francés,8480000607102,"['en:dairies', 'en:fermented-foods', 'en:fermented-milk-products', 'en:cheeses', 'en:cow-cheeses', 'en:hard-cheeses', 'en:emmentaler']",0,[],[],369.0,29.0,21.0,0.5,,27.0,0.83
ALDI Brunch Brotaufstrich Paprika & Peperoni Aus der Kühlung 1.99€ 185g Packung 1kg 10.76€,4045357011350,"['en:dairies', 'en:fermented-foods', 'en:fermented-milk-products', 'en:cheeses', 'en:fats', 'en:spreads', 'en:salted-spreads', 'en:spreadable-fats', 'en:animal-fats', 'en:dairy-spreads', 'en:milkfat', 'en:cheese-spreads', 'en:cream-cheeses']",3,[],"['en:e160a', 'en:e406', 'en:e440']",216.0,20.0,16.0,3.3,,4.0,1.4
körniger Frischkäse,20917975,"['en:dairies', 'en:fermented-foods', 'en:fermented-milk-products', 'en:cheeses', 'en:spreads', 'en:salted-spreads', 'en:cow-cheeses', 'en:cheese-spreads', 'en:cream-cheeses']",0,[],[],98.0,4.5,3.0,2.8,,11.5,0.53
Edam Slices,5057545828434,"['en:dairies', 'en:fermented-foods', 'en:fermented-milk-products', 'en:cheeses', 'en:cheeses-of-the-netherlands', 'en:edam']",0,[],[],311.0,23.1,15.7,0.1,0.0,25.6,1.6
Fromage Fondu Pour Tartine Président 16 portions,6191513501031,"['en:dairies', 'en:fermented-foods', 'en:fermented-milk-products', 'en:cheeses', 'en:spreads', 'en:salted-spreads', 'en:cheese-spreads', 'en:melted-cheese']",4,[],"['en:e331', 'en:e339', 'en:e450', 'en:e452']",261.4,22.6,0.0,0.0,,9.5,0.0
Le chebra,4056489416388,"['en:dairies', 'en:fermented-foods', 'en:fermented-milk-products', 'en:cheeses', 'en:frozen-foods']",0,[],[],276.0,22.0,15.0,0.5,0.0,19.0,1.5
Duchy Organic Soft Cheese,5000169252086,"['en:dairies', 'en:fermented-foods', 'en:fermented-milk-products', 'en:cheeses', 'en:fats', 'en:spreads', 'en:spreadable-fats', 'en:animal-fats', 'en:dairy-spreads', 'en:milkfat', 'en:butters']",0,[],[],281.0,27.4,18.4,3.1,0.0,5.0,0.45
,20575304,"['en:dairies', 'en:fermented-foods', 'en:fermented-milk-products', 'en:cheeses', 'en:cow-cheeses', 'en:cheeses-from-the-united-kingdom', 'en:cheeses-from-england', 'en:cheddar-cheese']",1,[],['en:e160a'],416.0,34.9,21.7,0.1,,25.4,1.81
Organic Feta,5051140455750,"['en:dairies', 'en:fermented-foods', 'en:fermented-milk-products', 'en:cheeses', 'en:greek-cheeses', 'en:sheep-s-milk-cheeses', 'en:feta']",0,[],[],273.0,22.4,15.2,0.0,0.0,17.0,2.2
Chive Almond cheese,5060298881045,"['en:plant-based-foods-and-beverages', 'en:dairies', 'en:fermented-foods', 'en:plant-based-foods', 'en:fermented-milk-products', 'en:cheeses', 'en:dairy-substitutes', 'en:cheese-substitutes']",1,[],['en:e410'],209.0,17.0,1.6,1.4,,6.9,1.0825
Pilos Telemea de vaca,4056489083061,"['en:dairies', 'en:fermented-foods', 'en:fermented-milk-products', 'en:cheeses', 'ro:brânză-telemea']",0,[],[],261.0,22.0,15.4,0.7,,15.0,2.2
16 Dutch Edam Cheese Slices,4088600048277,"['en:dairies', 'en:fermented-foods', 'en:fermented-milk-products', 'en:cheeses', 'en:cheeses-of-the-netherlands', 'en:edam']",0,[],[],318.0,23.0,16.0,0.5,0.5,26.0,1.5725
Cathedral vegan cheese,5000295157422,"['en:dairies', 'en:fermented-foods', 'en:fermented-milk-products', 'en:cheeses', 'en:cow-cheeses']",3,[],"['en:e160a', 'en:e270', 'en:e406']",328.0,25.7,22.2,0.4,6.0,0.2,2.2
Philadelphia Chives,7622201693831,"['en:dairies', 'en:fermented-foods', 'en:fermented-milk-products', 'en:cheeses', 'en:spreads', 'en:salted-spreads', 'en:soft-cheeses', 'en:cheese-spreads']",3,[],"['en:e330', 'en:e407', 'en:e412']",147.0,10.3,7.0,5.0,0.667,7.33,0.967
,5051790297861,"['en:dairies', 'en:fermented-foods', 'en:fermented-milk-products', 'en:cheeses', 'en:cow-cheeses']",0,[],[],416.0,34.9,21.7,0.1,,25.4,1.8
LA VACHE QUI RIT SANDWICH,3073780450386,"['en:dairies', 'en:fermented-foods', 'en:fermented-milk-products', 'en:cheeses', 'en:processed-cheese', 'en:melted-cheese', 'en:processed-cheese-in-slices']",3,[],"['en:e330', 'en:e340', 'en:e451']",257.0,19.0,12.5,6.0,0.0,15.5,1.675
salad cheese,5057545828946,"['en:dairies', 'en:fermented-foods', 'en:fermented-milk-products', 'en:cheeses', 'en:fresh-cheeses']",0,[],[],204.0,15.0,2.9,0.7,,13.0,0.6
Skyr,0034361270864,"['en:dairies', 'en:fermented-foods', 'en:fermented-milk-products', 'en:cheeses', 'en:desserts', 'en:dairy-desserts', 'en:fermented-dairy-desserts', 'en:fromages-blancs-petit-suisses-and-skyr', 'en:plain-fermented-dairy-desserts', 'en:skyrs', 'en:plain-skyrs']",0,[],[],57.0,0.2,0.1,3.9,,10.0,0.09
Fromage frais Nature Malo 20% *Matières grasses sur extrait sec soit 3% de matières grasses sur produit fini,3278691190011,"['en:dairies', 'en:fermented-foods', 'en:fermented-milk-products', 'en:cheeses', 'en:desserts', 'en:dairy-desserts', 'en:fermented-dairy-desserts', 'en:plain-fermented-dairy-desserts', 'fr:fromages-blancs', 'fr:fromages-blancs-natures', 'fr:yaourts-fromages-blancs']",0,[],[],66.0,2.8,1.9,3.3,0.0,6.2,0.08
LES 2 VACHES P'TIT MIAM FRUITS 50GX12,3661344382930,"['en:dairies', 'en:fermented-foods', 'en:fermented-milk-products', 'en:cheeses', 'en:desserts', 'en:dairy-desserts', 'en:fermented-dairy-desserts', 'en:fermented-dairy-desserts-with-fruits', 'en:fromages-blancs-petit-suisses-and-skyr', 'en:yogurts', 'en:fruit-yogurts', 'en:flavoured-fermented-dairy-desserts', 'en:quarks', 'fr:fromages-blancs', 'en:cream-cheeses', 'en:fromages-blancs-with-fruits', 'fr:fromages-blancs-aromatises']",1,[],['en:e440'],94.0,2.6,1.8,10.5,,6.8,0.08
Mini Caprice,3161716090116,"['en:dairies', 'en:fermented-foods', 'en:fermented-milk-products', 'en:cheeses', 'en:soft-cheeses', 'en:cow-cheeses', 'en:soft-cheeses-with-bloomy-rind', 'en:pasteurised-products', 'en:french-cheeses', 'en:pasteurized-cheeses', 'en:industrial-cheese']",0,[],[],347.0,31.0,22.0,0.1,,16.0,1.4
camembert,3560070451685,"['en:dairies', 'en:fermented-foods', 'en:fermented-milk-products', 'en:cheeses', 'en:soft-cheeses', 'en:cow-cheeses', 'en:fresh-foods', 'en:soft-cheeses-with-bloomy-rind', 'en:camemberts', 'en:pasteurised-products', 'en:cow-camemberts', 'en:french-cheeses', 'en:pasteurized-cheeses', 'en:camemberts-from-pasteurized-cow-milk']",0,[],[],265.0,21.0,14.0,0.5,0.0,19.0,1.3
Fromage de chèvre,3564700338179,"['en:dairies', 'en:fermented-foods', 'en:fermented-milk-products', 'en:cheeses', 'en:goat-cheeses']",0,[],[],197.0,17.0,12.0,1.0,0.0,10.0,1.2
Raw Milk Camembert,3267031060657,"['en:dairies', 'en:fermented-foods', 'en:fermented-milk-products', 'en:cheeses', 'en:soft-cheeses', 'en:cow-cheeses', 'en:fresh-foods', 'en:soft-cheeses-with-bloomy-rind', 'en:camemberts', 'en:cow-camemberts', 'en:french-cheeses', 'en:unpasteurised-cheeses', 'en:camemberts-from-raw-cow-milk', 'en:pasteurized-cheeses']",0,[],[],280.0,22.0,15.0,0.5,,20.0,1.6
Apéricube Cocktail 48C,3073781110890,"['en:dairies', 'en:fermented-foods', 'en:fermented-milk-products', 'en:cheeses', 'en:processed-cheese', 'en:cheeses-perishable', 'fr:fromages-aperitif', 'fr:fromages-degustations']",2,[],"['en:e330', 'en:e452']",244.0,19.5,13.0,5.0,,12.1,2.0
Fromage râpé italien Grana Padano AOP - 100g,3256224311096,"['en:dairies', 'en:fermented-foods', 'en:fermented-milk-products', 'en:cheeses', 'en:cow-cheeses', 'en:fresh-foods', 'en:hard-cheeses', 'en:italian-cheeses', 'en:grana-padano', 'en:grated-cheese', 'en:fromages-aoc', 'en:fromages-labellises', 'en:aoc-products', 'en:labeled-products']",1,[],['en:e1105'],398.0,29.0,18.0,0.0,0.0,33.0,1.5
"Spécial burger Cheddar, 10 Tranches",3564700568743,"['en:dairies', 'en:fermented-foods', 'en:fermented-milk-products', 'en:cheeses', 'en:cow-cheeses', 'en:fresh-foods', 'en:sliced-cheeses', 'en:melted-cheese', 'fr:fromages-fondus-au-cheddar']",5,[],"['en:e160b', 'en:e160bii', 'en:e202', 'en:e330', 'en:e407', 'en:e452']",235.0,17.0,12.0,6.0,0.0,13.0,2.7
Queso fresco original 0%,8413100611182,"['en:dairies', 'en:fermented-foods', 'en:fermented-milk-products', 'en:cheeses', 'en:desserts', 'en:dairy-desserts', 'en:fermented-dairy-desserts', 'en:fromages-blancs-petit-suisses-and-skyr', 'en:pasteurised-products', 'en:pasteurized-cheeses', 'fr:fromages-blancs', 'en:fat-free-plain-fresh-cream-cheese', 'en:fresh-cream-cheese-with-cow-s-milk']",0,[],[],58.3333333333333,0.0,0.0,0.0,0.0,10.9722222222222,0.0
Fromage de chèvre au lait pasteurisé,26065441,"['en:dairies', 'en:fermented-foods', 'en:fermented-milk-products', 'en:cheeses', 'en:goat-cheeses', 'en:pasteurized-cheeses']",0,[],[],279.0,25.0,18.0,0.5,,18.0,1.8
Petit camembert,3228020481808,"['en:dairies', 'en:fermented-foods', 'en:fermented-milk-products', 'en:cheeses', 'en:soft-cheeses', 'en:cow-cheeses', 'en:soft-cheeses-with-bloomy-rind', 'en:camemberts', 'en:cow-camemberts', 'en:french-cheeses', 'en:pasteurized-cheeses', 'en:camemberts-from-pasteurized-cow-milk', 'en:industrial-cheese']",0,[],[],268.0,20.0,14.0,0.5,,22.0,1.2775
Bergbauern mild nussig Käse,4006402046192,"['en:dairies', 'en:fermented-foods', 'en:fermented-milk-products', 'en:cheeses', 'en:sliced-cheeses']",0,[],[],344.0,26.9,17.9,0.1,,25.3,1.2
"Petits suisses nature 9,2% 12x60g",3250390011569,"['en:dairies', 'en:fermented-foods', 'en:fermented-milk-products', 'en:cheeses', 'en:desserts', 'en:dairy-desserts', 'en:fermented-dairy-desserts', 'en:fromages-blancs-petit-suisses-and-skyr', 'en:petits-suisses', 'en:plain-fermented-dairy-desserts', 'en:plain-petit-suisse', 'en:cream-cheeses', 'fr:fromages-frais-nature-non-sucres-gourmands']",1,[],['en:e202'],132.0,9.2,6.5,3.4,0.0,9.0,0.09
Meule fruitée,20929121,"['en:dairies', 'en:fermented-foods', 'en:fermented-milk-products', 'en:cheeses', 'en:hard-cheeses']",0,[],[],428.0,35.0,24.0,0.5,,27.0,1.1
Müritzer original,4036300005311,"['en:dairies', 'en:fermented-foods', 'en:fermented-milk-products', 'en:cheeses', 'en:cow-cheeses', 'en:sliced-cheeses']",2,[],"['en:e160a', 'en:e160b']",386.0,33.0,22.8,0.1,,21.0,1.8
Comté,3564706598430,"['en:dairies', 'en:fermented-foods', 'en:fermented-milk-products', 'en:cheeses', 'en:hard-cheeses', 'en:french-cheeses', 'en:comte']",0,[],[],427.0,35.0,23.0,1.0,0.0,27.0,0.80000001192093
Mini Mozzarella,20098988,"['en:dairies', 'en:fermented-foods', 'en:fermented-milk-products', 'en:cheeses', 'en:cow-cheeses', 'en:italian-cheeses', 'en:stretched-curd-cheeses', 'en:mozzarella', 'en:cow-mozzarella']",1,[],['en:e330'],245.0,18.5,13.0,1.5,,18.0,0.4
Mousse de queso con ajo y finas hierbas,8480000511676,"['en:dairies', 'en:fermented-foods', 'en:fermented-milk-products', 'en:cheeses', 'en:spreads', 'en:salted-spreads', 'en:cheese-spreads']",1,[],['en:e410'],208.0,19.0,14.0,3.9,,3.8,1.5
Palitosu,3073780810661,"['en:dairies', 'en:fermented-foods', 'en:fermented-milk-products', 'en:snacks', 'en:cheeses', 'en:fats', 'en:spreads', 'en:spreadable-fats', 'en:animal-fats', 'en:dairy-spreads', 'en:milkfat']",2,[],"['en:e341', 'en:e452']",261.0,13.1,7.43,15.7,,10.6,1.33
Queijo Fundido Fatias,20008734,"['en:dairies', 'en:fermented-foods', 'en:fermented-milk-products', 'en:cheeses', 'en:pasteurized-cheeses', 'en:sliced-cheeses']",0,[],[],235.0,15.9,10.6,5.2,0.0,14.6,2.7525
körniger Frischkäse,4311596044573,"['en:dairies', 'en:fermented-foods', 'en:fermented-milk-products', 'en:cheeses', 'en:fresh-cheeses', 'en:cream-cheeses']",0,[],[],97.0,4.5,2.9,3.0,,11.0,0.7
Körniger Frischkäse - Magerstufe,4061458047708,"['en:dairies', 'en:fermented-foods', 'en:fermented-milk-products', 'en:cheeses', 'en:desserts', 'en:dairy-desserts', 'en:cream-cheeses', 'de:frischkäsezubereitungen']",0,[],[],58.0,0.4,0.3,1.9,,11.0,0.53
Mozzarella râpée,3250391546534,"['en:dairies', 'en:fermented-foods', 'en:fermented-milk-products', 'en:cheeses', 'en:italian-cheeses', 'en:stretched-curd-cheeses', 'en:mozzarella', 'en:grated-cheese', 'en:grated-mozzarella']",0,[],[],314.0,24.0,18.0,1.0,0.5,21.0,1.0
Svježi krem sir,3859888858008,"['en:dairies', 'en:fermented-foods', 'en:fermented-milk-products', 'en:cheeses', 'en:spreads', 'en:salted-spreads', 'en:cheese-spreads', 'en:cream-cheeses']",0,[],[],234.0,22.0,15.9,3.0,,6.1,0.75
Ser królewski,5901753000628,"['en:dairies', 'en:fermented-foods', 'en:fermented-milk-products', 'en:cheeses', 'en:polish-cheeses']",2,[],"['en:e160b', 'en:e509']",352.0,27.0,18.0,0.0,,26.0,1.4
KLASSISCH DOPPELRANMSTUFE Laktosefreï,7622210230416,"['en:dairies', 'en:fermented-foods', 'en:fermented-milk-products', 'en:cheeses', 'en:spreads', 'en:salted-spreads', 'en:cheese-spreads', 'en:brotaufstriche', 'en:fermentierte-lebensmittel', 'en:fermentierte-milch', 'en:gesalzene-aufstriche', 'en:kase', 'en:milchprodukte', 'en:streichkase']",1,[],['en:e412'],221.0,21.0,4.2,0.96,0.06,5.4,0.255
British Extra Mature Cheddar,4088600048451,"['en:dairies', 'en:fermented-foods', 'en:fermented-milk-products', 'en:cheeses', 'en:cow-cheeses', 'en:cheeses-from-the-united-kingdom', 'en:cheeses-from-england', 'en:cheddar-cheese', 'en:extra-mature-cheddar']",0,[],[],416.0,35.0,22.0,0.5,0.5,25.0,1.8
Râpé saveur Emmental,5202390024221,"['en:plant-based-foods-and-beverages', 'en:dairies', 'en:fermented-foods', 'en:plant-based-foods', 'en:fermented-milk-products', 'en:cheeses', 'en:dairy-substitutes', 'en:vegan-products', 'en:cow-cheeses', 'en:hard-cheeses', 'en:emmentaler', 'en:cheese-substitutes', 'en:grated-cheese', 'en:grated-emmentaler', 'en:shredded-cheese-substitutes']",3,[],"['en:e1404', 'en:e14xx', 'en:e160a', 'en:e160ai']",307.0,24.0,21.0,0.667,,0.0,1.97
Cheese In Brine From Cow's Milk,4056489203193,"['en:dairies', 'en:fermented-foods', 'en:fermented-milk-products', 'en:cheeses']",0,[],[],248.0,21.5,15.2,0.6,,13.0,2.4
Łaciaty serek śmietankowy,5900820011468,"['en:dairies', 'en:fermented-foods', 'en:fermented-milk-products', 'en:cheeses', 'en:spreads', 'en:salted-spreads', 'en:cheese-spreads', 'pl:ser-śmietankowy']",0,[],[],249.0,23.0,16.0,3.7,,5.8,0.7
Classic,0028400090858,"['en:plant-based-foods-and-beverages', 'en:dairies', 'en:fermented-foods', 'en:plant-based-foods', 'en:fermented-milk-products', 'en:snacks', 'en:cereals-and-potatoes', 'en:cheeses', 'en:salty-snacks', 'en:appetizers', 'en:chips-and-fries', 'en:crisps', 'en:potato-crisps']",0,[],[],565.0,35.3,5.3,3.53,3.53,7.07,1.24
French Camembert,4056489203551,"['en:dairies', 'en:fermented-foods', 'en:fermented-milk-products', 'en:cheeses', 'en:soft-cheeses', 'en:cow-cheeses', 'en:soft-cheeses-with-bloomy-rind', 'en:camemberts', 'en:pasteurised-products', 'en:pasteurized-cheeses']",0,[],[],267.0,21.0,15.0,0.5,0.0,19.0,1.4
Serek homogenizowany waniliowy,5900531011016,"['en:dairies', 'en:fermented-foods', 'en:fermented-milk-products', 'en:cheeses', 'en:desserts', 'en:dairy-desserts', 'en:fermented-dairy-desserts', 'en:fresh-cheeses', 'en:cream-cheeses', 'pl:serek-homogenizowany']",0,[],[],138.0,6.3,4.4,13.0,,7.2,0.1
Kräuterquark,4061458014793,"['en:dairies', 'en:fermented-foods', 'en:fermented-milk-products', 'en:cheeses', 'en:desserts', 'en:dairy-desserts', 'en:quarks', 'en:herb-quarks']",0,[],[],140.0,10.0,6.5,3.7,,8.5,0.93
Crema de Queso Viejo Tostado,8480000227805,"['en:dairies', 'en:fermented-foods', 'en:fermented-milk-products', 'en:cheeses', 'en:spreads', 'en:salted-spreads', 'en:cow-cheeses', 'en:pasteurised-products', 'en:pasteurized-cheeses', 'en:cheese-spreads', 'en:melted-cheese']",4,[],"['en:e202', 'en:e339', 'en:e415', 'en:e452']",249.0,20.0,15.0,2.2,,13.0,1.8
Organic Full Fat Soft Cheese,29053247,"['en:dairies', 'en:fermented-foods', 'en:fermented-milk-products', 'en:cheeses', 'en:cream-cheeses']",0,[],[],263.0,24.7,15.3,3.3,0.5,4.7,0.325
Philadelphia Plantaardig,7622201735470,"['en:plant-based-foods-and-beverages', 'en:dairies', 'en:fermented-foods', 'en:plant-based-foods', 'en:fermented-milk-products', 'en:cheeses', 'en:spreads', 'en:plant-based-spreads', 'en:salted-spreads', 'en:cheese-spreads-substitutes']",0,[],[],218.0,21.0,17.0,1.2,1.5,3.3,0.76
Mascarpone 250g araai,6111246720462,"['en:dairies', 'en:fermented-foods', 'en:fermented-milk-products', 'en:cheeses', 'en:italian-cheeses', 'en:cream-cheeses', 'en:mascarpone']",0,[],[],412.0,41.5,0.0,1.0,0.5,4.8,0.5
Grated cheddar,20802264,"['en:dairies', 'en:fermented-foods', 'en:fermented-milk-products', 'en:cheeses', 'en:cow-cheeses', 'en:cheeses-from-the-united-kingdom', 'en:cheeses-from-england', 'en:cheddar-cheese', 'en:grated-cheese']",0,[],[],417.0,34.4,34.4,0.1,0.1,25.0,1.75
Grated Parmigiano Reggiano DOP,00492539,"['en:dairies', 'en:fermented-foods', 'en:fermented-milk-products', 'en:cheeses', 'en:italian-cheeses', 'en:parmigiano-reggiano']",0,[],[],402.0,29.7,19.6,0.5,0.5,32.4,1.4
ZIEGENKÄSE  Käse,3272770003148,"['en:dairies', 'en:fermented-foods', 'en:fermented-milk-products', 'en:cheeses', 'en:fresh-foods', 'en:pasteurised-products', 'en:french-cheeses', 'en:goat-cheeses', 'en:fresh-goat-cheese', 'en:pasteurized-cheeses', 'en:cream-cheeses', 'en:industrial-cheese', 'en:spreadable-goat-cheese']",0,[],[],153.0,12.0,9.0,2.5,0.0,8.7,1.0
Leerdam portion,8721800082417,"['en:dairies', 'en:fermented-foods', 'en:fermented-milk-products', 'en:cheeses', 'en:cow-cheeses', 'en:pasteurized-cheeses']",1,[],['en:e235'],356.0,27.5,18.5,0.1,,27.0,1.5
Leerdam portion,8721800082110,"['en:dairies', 'en:fermented-foods', 'en:fermented-milk-products', 'en:cheeses', 'en:pasteurized-cheeses']",1,[],['en:e235'],356.0,27.5,18.5,0.1,0.0,27.0,1.5
Parmesan gerieben  Käse,20706845,"['en:dairies', 'en:fermented-foods', 'en:fermented-milk-products', 'en:cheeses', 'en:italian-cheeses', 'en:grana-padano', 'en:grated-cheese']",1,[],['en:e1105'],398.0,29.0,18.0,0.1,0.5,33.0,1.5
President petit brie 500g,3228021950051,"['en:dairies', 'en:fermented-foods', 'en:fermented-milk-products', 'en:cheeses', 'en:fresh-foods', 'en:soft-cheeses', 'en:cow-cheeses', 'en:soft-cheeses-with-bloomy-rind', 'en:french-cheeses', 'en:bries', 'en:industrial-cheese']",0,[],[],343.0,31.0,22.0,0.5,0.0,16.0,1.3
Fromage de Chevre Le Saínte-Maure,3250390012450,"['en:dairies', 'en:fermented-foods', 'en:fermented-milk-products', 'en:cheeses', 'en:soft-cheeses', 'en:french-cheeses', 'en:goat-cheeses', 'en:soft-cheese-with-a-natural-rind', 'en:sainte-maure-de-touraine', 'es:rulo-de-cabra', 'pt:chevre', 'pt:queijos-em-rolo']",0,[],[],256.0,19.0,13.0,0.8,0.5,19.0,1.4
comte bio 6,3542864052018,"['en:dairies', 'en:fermented-foods', 'en:fermented-milk-products', 'en:cheeses', 'en:hard-cheeses', 'en:french-cheeses', 'en:comte']",0,[],[],418.0,35.0,23.0,0.0,,27.0,0.9
Fromage de brebis tranche 22% Mat. Gr.,3564700332856,"['en:dairies', 'en:fermented-foods', 'en:fermented-milk-products', 'en:cheeses', 'en:pasteurized-cheeses', 'en:sheep-s-milk-cheeses']",0,[],[],274.0,23.0,16.0,0.8,0.0,16.0,2.8
L'Ortolan Bio 250g marque,3272320012286,"['en:dairies', 'en:fermented-foods', 'en:fermented-milk-products', 'en:cheeses', 'en:soft-cheeses', 'en:cow-cheeses', 'en:soft-cheeses-with-bloomy-rind', 'en:pasteurised-products', 'en:french-cheeses', 'en:pasteurized-cheeses', 'en:cheeses-perishable', 'en:industrial-cheese']",0,[],[],328.0,28.0,20.0,0.5,,18.0,1.3
10 Crêpes Jambon Emmental,3270160470556,"['en:dairies', 'en:fermented-foods', 'en:fermented-milk-products', 'en:cheeses', 'en:frozen-foods', 'en:meals', 'en:crepes-and-galettes', 'en:crepes', 'en:filled-crepes', 'en:frozen-ready-made-meals', 'en:savoury-filled-crepes', 'en:crepe-filled-with-cheese', 'fr:crepes-au-jambon']",1,[],['en:e428'],127.0,2.8,1.8,2.6,1.6,6.8,0.8
Philadelphia Light,7622210103406,"['en:dairies', 'en:fermented-foods', 'en:fermented-milk-products', 'en:cheeses', 'en:spreads', 'en:salted-spreads', 'en:cheese-spreads']",3,[],"['en:e202', 'en:e407', 'en:e410']",154.0,12.0,8.1000003814697,4.0,,5.9000000953674,1.14
Camembert Cremig-Würzig,3047670000692,"['en:dairies', 'en:fermented-foods', 'en:fermented-milk-products', 'en:cheeses', 'en:soft-cheeses', 'en:soft-cheeses-with-bloomy-rind', 'en:fermentierte-lebensmittel', 'en:fermentierte-milch', 'en:kuhmilchkase', 'en:kase', 'en:milchprodukte', 'en:weichkase']",0,[],[],320.0,28.0,20.0,0.5,,17.0,1.2
Käse würzig-nussig,4006402049193,"['en:dairies', 'en:fermented-foods', 'en:fermented-milk-products', 'en:cheeses', 'en:sliced-cheeses']",0,[],[],344.0,26.9,17.9,0.1,,25.3,1.2
Buko - Gartenkräuter,5711953103797,"['en:dairies', 'en:fermented-foods', 'en:fermented-milk-products', 'en:cheeses', 'en:spreads', 'en:salted-spreads', 'en:fresh-cheeses', 'en:cheese-spreads', 'en:cream-cheeses']",0,[],[],201.0,17.0,11.0,3.5,,7.3,0.91
Fromage frais fouetté échalotte et ciboulette,3292070009961,"['en:dairies', 'en:fermented-foods', 'en:fermented-milk-products', 'en:cheeses', 'en:spreads', 'en:salted-spreads', 'en:cheese-spreads', 'en:cream-cheeses', 'fr:fromage-frais-fouette']",2,[],"['en:e202', 'en:e415']",232.0,21.2,14.3,2.8,,5.6,0.88
"Caprice des Dieux, Offre gourmande (30 % MG)",3161716052008,"['en:dairies', 'en:fermented-foods', 'en:fermented-milk-products', 'en:cheeses', 'en:soft-cheeses', 'en:cow-cheeses', 'en:fresh-foods', 'en:soft-cheeses-with-bloomy-rind', 'en:pasteurised-products', 'en:french-cheeses', 'en:pasteurized-cheeses', 'en:double-cream-cheeses', 'en:industrial-cheese']",0,[],[],333.0,30.0,21.0,0.1,,15.0,1.4
Edamer,20046835,"['en:dairies', 'en:fermented-foods', 'en:fermented-milk-products', 'en:cheeses', 'en:cheeses-of-the-netherlands', 'en:edam', 'en:edamer', 'en:scheibenkase']",0,[],[],312.0,24.0,17.0,0.0,,24.0,2.0
Frischkäse Natur,4104420182080,"['en:dairies', 'en:fermented-foods', 'en:fermented-milk-products', 'en:cheeses', 'en:fresh-cheeses', 'en:cream-cheeses']",0,[],[],285.0,27.0,17.0,3.0,0.5,7.4,0.47
Camembert,20024666,"['en:dairies', 'en:fermented-foods', 'en:fermented-milk-products', 'en:cheeses', 'en:soft-cheeses', 'en:cow-cheeses', 'en:soft-cheeses-with-bloomy-rind', 'en:camemberts', 'en:pasteurised-products', 'en:cow-camemberts', 'en:pasteurized-cheeses', 'en:camemberts-from-pasteurized-cow-milk']",0,[],[],273.0,21.0,14.7,0.5,0.0,20.0,1.3775
