product_name,code,categories_tags,additives_n,additives,additives_tags,energy_kcal_100g,fat_100g,saturated_fat_100g,sugars_100g,fiber_100g,proteins_100g,salt_100g
Vanilla Ice Cream,3415581101928,"['en:desserts', 'en:frozen-foods', 'en:frozen-desserts', 'en:ice-creams-and-sorbets', 'en:ice-creams', 'en:ice-cream-tubs', 'en:vanilla-ice-cream-tubs']",0,[],[],251.0,17.0,10.4,18.8,0.0,4.3,0.16
Noisetta,6111255771196,"['en:desserts', 'en:frozen-foods', 'en:frozen-desserts', 'en:ice-creams-and-sorbets', 'en:ice-creams']",9,[],"['en:e102', 'en:e132', 'en:e304', 'en:e307', 'en:e407', 'en:e410', 'en:e412', 'en:e471', 'en:e472']",542.0,32.9,7.3,57.3,,3.1,0.05
Traditional Dairy Ice Cream,5012262004011,"['en:desserts', 'en:frozen-foods', 'en:frozen-desserts', 'en:ice-creams-and-sorbets', 'en:ice-creams']",4,[],"['en:e401', 'en:e412', 'en:e422', 'en:e471']",184.0,10.3,6.4,18.2,,4.0,0.1675
Ванилов сладолед с парчета бисквити с шоколадов чипс и шоколадови парчета,8711327373105,"['en:desserts', 'en:frozen-foods', 'en:frozen-desserts', 'en:ice-creams-and-sorbets', 'en:ice-creams', 'en:ice-cream-tubs', 'en:luxury-ice-cream-in-a-cup']",2,[],"['en:e407', 'en:e412']",273.0,15.0,9.2,25.0,0.6,4.1,0.17
Nutella-Eis,8000500425183,"['en:desserts', 'en:frozen-foods', 'en:frozen-desserts', 'en:ice-creams-and-sorbets', 'en:ice-creams', 'en:ice-cream-tubs']",6,[],"['en:e322', 'en:e407', 'en:e412', 'en:e466', 'en:e471', 'en:e477']",344.0,23.0,9.7,29.0,,4.1,0.1125
Carte D'Or Les Essentiels Glace Crème Glacée Vanille 700ml,8711327615380,"['en:desserts', 'en:frozen-foods', 'en:frozen-desserts', 'en:ice-creams-and-sorbets', 'en:ice-creams', 'en:ice-cream-tubs', 'en:vanilla-ice-cream-tubs']",4,[],"['en:e160', 'en:e412', 'en:e417', 'en:e471']",96.0,4.4,2.9,9.1,0.5,1.2,0.06
Swedish Glace dairy-free smooth Vanilla,8714100590430,"['en:plant-based-foods-and-beverages', 'en:plant-based-foods', 'en:desserts', 'en:frozen-foods', 'en:frozen-desserts', 'en:ice-creams-and-sorbets', 'en:ice-creams']",5,[],"['en:e160a', 'en:e407', 'en:e410', 'en:e412', 'en:e471']",174.0,5.8,4.9,22.0,,1.0,0.11
Chocolate Fudge Brownie,8711327370708,"['en:desserts', 'en:frozen-foods', 'en:frozen-desserts', 'en:ice-creams-and-sorbets', 'en:ice-creams', 'en:ice-cream-tubs', 'en:chocolate-ice-cream-tubs']",3,[],"['en:e407', 'en:e412', 'en:e500', 'en:e500i']",218.0,11.0,6.8,23.0,1.74,3.7,0.2
Clotted Cream Ice Cream,5010238020355,"['en:desserts', 'en:frozen-foods', 'en:frozen-desserts', 'en:ice-creams-and-sorbets', 'en:ice-creams', 'en:ice-cream-tubs', 'en:ice-cream-in-a-box']",4,[],"['en:e160a', 'en:e410', 'en:e412', 'en:e471']",230.0,15.0,9.5,17.3,0.2,3.1,0.1
Magadascan Vanilla,8711327529793,"['en:desserts', 'en:frozen-foods', 'en:frozen-desserts', 'en:ice-creams-and-sorbets', 'en:ice-creams', 'en:ice-cream-tubs', 'en:vanilla-ice-cream-tubs']",5,[],"['en:e160a', 'en:e410', 'en:e412', 'en:e417', 'en:e471']",186.0,7.5,6.7,19.0,0.5,2.1,0.08
Taste the Difference vanilla ice cream,00393645,"['en:desserts', 'en:frozen-foods', 'en:frozen-desserts', 'en:ice-creams-and-sorbets', 'en:ice-creams', 'en:ice-cream-tubs']",0,[],[],221.0,14.4,10.6,17.5,1.32,3.97,0.143
Eis Mandel,4056489223368,"['en:desserts', 'en:frozen-foods', 'en:frozen-desserts', 'en:ice-creams-and-sorbets', 'en:ice-creams', 'en:ice-cream-bars', 'en:ice-cream-bars-coated-with-chocolate', 'en:vanilla-ice-cream-bars-coated-with-milk-chocolate-and-almonds']",4,[],"['en:e322', 'en:e412', 'en:e471', 'en:e476']",347.0,22.5,13.7,26.9,1.5,5.6,0.08
Organic Vanilla Ice Cream,5000169595336,"['en:desserts', 'en:frozen-foods', 'en:frozen-desserts', 'en:ice-creams-and-sorbets', 'en:ice-creams', 'en:ice-cream-tubs', 'en:vanilla-ice-cream-tubs']",0,[],[],199.0,12.3,8.1,17.8,0.5,4.0,0.13
Strawberries & Cream Ice Cream,3415581105926,"['en:desserts', 'en:frozen-foods', 'en:frozen-desserts', 'en:ice-creams-and-sorbets', 'en:ice-creams', 'en:ice-cream-tubs']",0,[],[],240.0,15.0,10.0,21.8,0.2,4.0,0.15
Glaces Amande,8711327608665,"['en:desserts', 'en:frozen-foods', 'en:frozen-desserts', 'en:ice-creams-and-sorbets', 'en:ice-creams', 'en:ice-cream-bars', 'en:ice-cream-bars-coated-with-chocolate', 'en:vanilla-ice-cream-bars-coated-with-milk-chocolate-and-almonds']",6,[],"['en:e160', 'en:e322', 'en:e407', 'en:e412', 'en:e417', 'en:e471']",249.0,15.0,9.4,21.0,,3.5,0.1
Deluxe Madagascar Vanilla Ice Cream,4056489977681,"['en:desserts', 'en:frozen-foods', 'en:frozen-desserts', 'en:ice-creams-and-sorbets', 'en:ice-creams', 'en:ice-cream-tubs']",0,[],[],249.0,16.9,10.9,19.9,0.5,4.3,0.1175
Salted Caramel Ice Cream,3415581114928,"['en:desserts', 'en:frozen-foods', 'en:frozen-desserts', 'en:ice-creams-and-sorbets', 'en:ice-creams', 'en:ice-cream-tubs']",2,[],"['en:e322', 'en:e322i', 'en:e440']",261.0,14.7,9.5,21.5,,4.0,0.49025
Belgian Chocolate Ice Cream,3415581113921,"['en:desserts', 'en:frozen-foods', 'en:frozen-desserts', 'en:ice-creams-and-sorbets', 'en:ice-creams', 'en:ice-cream-tubs', 'en:chocolate-ice-cream-tubs']",1,[],"['en:e322', 'en:e322i']",313.0,20.0,12.7,24.4,2.2,4.5,0.1275
Vanilla Ice Cream,5036589250838,"['en:desserts', 'en:frozen-foods', 'en:frozen-desserts', 'en:ice-creams-and-sorbets', 'en:ice-creams']",0,[],[],144.0,9.3,5.7,11.9,,2.9,0.1
Mini Mix Classic,4056489223351,"['en:plant-based-foods-and-beverages', 'en:dairy-substitutes', 'en:desserts', 'en:frozen-foods', 'en:vegan-products', 'en:frozen-desserts', 'en:non-dairy-desserts', 'en:ice-creams-and-sorbets', 'en:ice-creams', 'en:plant-based-ice-creams', 'en:ice-cream-bars', 'en:ice-cream-tubs', 'en:ice-cream-bars-coated-with-chocolate', 'en:vanilla-ice-cream-tubs']",4,[],"['en:e322', 'en:e412', 'en:e471', 'en:e476']",341.0,22.1,15.1,27.6,1.6,4.2,0.07
Strawberry Cheesecake Ice Cream,3415581176025,"['en:desserts', 'en:frozen-foods', 'en:frozen-desserts', 'en:ice-creams-and-sorbets', 'en:ice-creams', 'en:ice-cream-tubs']",2,[],"['en:e440', 'en:e500', 'en:e500ii']",253.0,13.6,9.3,25.7,0.4,3.6,0.7875
Ben&Jerry's Half Baked 465ml,8711327371002,"['en:dairies', 'en:desserts', 'en:dairy-desserts', 'en:frozen-foods', 'en:frozen-desserts', 'en:ice-creams-and-sorbets', 'en:ice-creams', 'en:ice-cream-tubs', 'en:luxury-ice-cream-in-a-cup']",1,[],['en:e407'],230.0,12.0,7.1,23.0,1.3,3.6,0.18
Viennetta Vanille,8000920200025,"['en:desserts', 'en:frozen-foods', 'en:frozen-desserts', 'en:ice-creams-and-sorbets', 'en:ice-creams']",5,[],"['en:e407', 'en:e412', 'en:e417', 'en:e442', 'en:e471']",117.0,6.6,5.8,9.6,0.5,1.0,0.04
Vanille,3415581101010,"['en:desserts', 'en:frozen-foods', 'en:frozen-desserts', 'en:ice-creams-and-sorbets', 'en:ice-creams', 'en:ice-cream-tubs', 'en:vanilla-ice-cream-tubs', 'de:vanilleeis']",0,[],[],250.0,16.9,11.3,19.9,0.0,4.3,0.16
Extrême original - vanille pépites de nougatine,7613034975386,"['en:desserts', 'en:frozen-foods', 'en:frozen-desserts', 'en:ice-creams-and-sorbets', 'en:ice-creams', 'en:ice-cream-cones', 'fr:creme-glace']",4,[],"['en:e160', 'en:e322', 'en:e412', 'en:e471']",296.0,14.0,10.0,29.0,0.9,3.4,0.1275
Helado proteínas plátano brownie,8480000864819,"['en:desserts', 'en:frozen-foods', 'en:frozen-desserts', 'en:ice-creams-and-sorbets', 'en:ice-creams', 'en:ice-cream-tubs']",6,[],"['en:e407', 'en:e410', 'en:e412', 'en:e471', 'en:e955', 'en:e968']",147.0,4.8,3.4,10.0,,9.3,0.2
Salted caramel & Australian macadamia,5900130030630,"['en:desserts', 'en:frozen-foods', 'en:frozen-desserts', 'en:ice-creams-and-sorbets', 'en:ice-creams', 'en:ice-cream-bars', 'en:ice-cream-bars-coated-with-chocolate']",6,[],"['en:e322', 'en:e322i', 'en:e412', 'en:e440', 'en:e471', 'en:e476']",360.0,21.0,12.0,30.0,0.8,3.8,0.28
Crème glacée Vanille gousses entières de Madagascar 450G/750ml,3760039982056,"['en:desserts', 'en:frozen-foods', 'en:frozen-desserts', 'en:ice-creams-and-sorbets', 'en:ice-creams', 'en:ice-cream-tubs', 'en:vanilla-ice-cream-tubs']",2,[],"['en:e412', 'en:e471']",172.0,10.0,5.9,18.0,,4.0,0.03
Vanilla Clotted Ice Cream,5060081113735,"['en:desserts', 'en:frozen-foods', 'en:frozen-desserts', 'en:ice-creams-and-sorbets', 'en:ice-creams', 'en:ice-cream-tubs']",2,[],"['en:e410', 'en:e412']",148.0,9.3,5.7,12.6,,2.9,0.1
Mini Almond,8711327611924,"['en:desserts', 'en:frozen-foods', 'en:frozen-desserts', 'en:ice-creams-and-sorbets', 'en:ice-creams', 'en:ice-cream-bars', 'en:ice-cream-bars-coated-with-chocolate', 'en:vanilla-ice-cream-bars-coated-with-milk-chocolate-and-almonds']",6,[],"['en:e160a', 'en:e322', 'en:e407', 'en:e412', 'en:e417', 'en:e471']",304.0,18.8,11.6,26.0,1.0,4.2,0.0003
Glace Macadamia Nut Brittle,12131900,"['en:desserts', 'en:frozen-foods', 'en:frozen-desserts', 'en:ice-creams-and-sorbets', 'en:ice-creams', 'en:ice-cream-tubs', 'en:desserts-glaces', 'en:surgeles']",0,[],[],274.0,17.3,10.6,24.2,,4.0,0.16
Solero Batonnet Glace Parfum Exotic 3x90ml,8712100889288,"['en:desserts', 'en:frozen-foods', 'en:frozen-desserts', 'en:ice-creams-and-sorbets', 'en:ice-creams', 'en:ice-cream-bars', 'en:ice-cream-bars-coated-with-fruit-sorbet']",5,[],"['en:e160', 'en:e330', 'en:e412', 'en:e417', 'en:e471']",108.0,2.3,2.1,19.0,1.5,1.3,0.06
Magnum Glace Bâtonnet Amande 8x100ml,8711327609648,"['en:desserts', 'en:frozen-foods', 'en:frozen-desserts', 'en:ice-creams-and-sorbets', 'en:ice-creams', 'en:ice-cream-bars', 'en:ice-cream-bars-coated-with-chocolate', 'en:vanilla-ice-cream-bars-coated-with-milk-chocolate-and-almonds']",6,[],"['en:e160', 'en:e322', 'en:e407', 'en:e412', 'en:e417', 'en:e471']",332.0,20.0,13.0,28.0,1.1,4.6,0.14
Magnum Glace Bâtonnet Vanille & Chocolat Classic 4x100ml,8711327606234,"['en:desserts', 'en:frozen-foods', 'en:frozen-desserts', 'en:ice-creams-and-sorbets', 'en:ice-creams', 'en:ice-cream-bars', 'en:ice-cream-bars-coated-with-chocolate', 'en:vanilla-ice-cream-bars-coated-with-milk-chocolate']",6,[],"['en:e160', 'en:e322', 'en:e407', 'en:e412', 'en:e417', 'en:e471']",231.0,14.0,9.8,20.0,,2.5,0.09
"Magnum Glace Bâtonnet Mini Classique, Amande & Chocolat Blanc 6x55ml",8711327609082,"['en:desserts', 'en:frozen-foods', 'en:frozen-desserts', 'en:ice-creams-and-sorbets', 'en:ice-creams', 'en:ice-cream-bars', 'en:ice-cream-bars-coated-with-chocolate']",6,[],"['en:e160', 'en:e322', 'en:e407', 'en:e412', 'en:e417', 'en:e471']",328.0,15.0,11.0,21.0,,2.6,0.09
Macadamia Nut Brittle Pint,3415581122015,"['en:desserts', 'en:frozen-foods', 'en:frozen-desserts', 'en:ice-creams-and-sorbets', 'en:ice-creams', 'en:ice-cream-tubs']",1,[],"['en:e500', 'en:e500ii']",264.0,16.4,10.7,25.0,0.1,3.9,0.22
Ben & Jerry's Glace en Pot Peanut Butter Cup 465ml,8711327374515,"['en:desserts', 'en:frozen-foods', 'en:frozen-desserts', 'en:ice-creams-and-sorbets', 'en:ice-creams', 'en:luxury-ice-cream-in-a-cup', 'fr:glace-au-beurre-de-cacahuetes']",3,[],"['en:e322', 'en:e322i', 'en:e407', 'en:e412']",283.0,19.0,11.0,21.0,1.2,5.9,0.4
Cookies & Cream 460 ml,3415581152920,"['en:desserts', 'en:frozen-foods', 'en:frozen-desserts', 'en:ice-creams-and-sorbets', 'en:ice-creams', 'en:ice-cream-tubs']",0,[],[],262.0,16.3,11.1,20.8,0.3,4.4,0.17
Twister Mini Pineapple Ananas,8711327576810,"['en:desserts', 'en:frozen-foods', 'en:frozen-desserts', 'en:ice-creams-and-sorbets', 'en:ice-creams', 'en:ice-pops', 'ru:lody-ananasowe']",6,[],"['en:e100', 'en:e140', 'en:e140i', 'en:e330', 'en:e412', 'en:e417', 'en:e471']",100.0,0.6,0.5,17.0,,0.5,0.03
Madagascan Vanilla Ice Cream,5000169263594,"['en:desserts', 'en:frozen-foods', 'en:frozen-desserts', 'en:ice-creams-and-sorbets', 'en:ice-creams', 'en:ice-cream-tubs']",0,[],[],242.0,16.3,10.9,19.5,0.5,4.2,0.13
Snickers Ice Cream New Recipe,5000159541374,"['en:snacks', 'en:desserts', 'en:sweet-snacks', 'en:confectioneries', 'en:frozen-foods', 'en:bars', 'en:frozen-desserts', 'en:ice-creams-and-sorbets', 'en:ice-creams', 'en:frozen-bars', 'fr:snickers-ice-cream']",4,[],"['en:e407', 'en:e410', 'en:e412', 'en:e471']",376.0,22.1,10.4,27.6,,6.51,0.265
Snickers Ice Cream x6,5000159541336,"['en:snacks', 'en:desserts', 'en:sweet-snacks', 'en:cocoa-and-its-products', 'en:confectioneries', 'en:frozen-foods', 'en:chocolate-candies', 'en:frozen-desserts', 'en:bars', 'en:ice-creams-and-sorbets', 'en:ice-creams', 'en:candy-chocolate-bars', 'en:frozen-bars', 'fr:barres-chocolatees-aux-fruits-oleagineux']",5,[],"['en:e322', 'en:e322i', 'en:e407', 'en:e410', 'en:e412', 'en:e471']",340.0,19.9,9.52,23.8,,5.96,0.238
Soft scoop,8712566291144,"['en:desserts', 'en:frozen-foods', 'en:frozen-desserts', 'en:ice-creams-and-sorbets', 'en:ice-creams', 'en:ice-cream-tubs', 'en:vanilla-ice-cream-tubs']",7,[],"['en:e100', 'en:e160b', 'en:e407', 'en:e410', 'en:e412', 'en:e417', 'en:e471']",180.0,6.3,5.7,17.0,,1.8,0.0875
Gelatelli Chocolate,4056489238614,"['en:desserts', 'en:frozen-foods', 'en:frozen-desserts', 'en:ice-creams-and-sorbets', 'en:ice-creams', 'en:ice-cream-tubs', 'en:chocolate-ice-cream-tubs']",3,[],"['en:e412', 'en:e471', 'en:e968']",41.9,1.13,0.792,3.09,3.09,3.17,0.000189
Magnum Glace Bâtonnet Deluxe Chocolat 4x85ml,8711327576865,"['en:desserts', 'en:frozen-foods', 'en:frozen-desserts', 'en:ice-creams-and-sorbets', 'en:ice-creams', 'en:ice-cream-bars', 'en:ice-cream-bars-coated-with-chocolate']",7,[],"['en:e14xx', 'en:e407', 'en:e412', 'en:e417', 'en:e442', 'en:e471', 'en:e476']",276.0,17.0,12.0,24.0,,3.3,0.07
Sorbet Le Cacao,3270160840298,"['en:desserts', 'en:frozen-foods', 'en:frozen-desserts', 'en:ice-creams-and-sorbets', 'en:ice-creams', 'en:sorbets']",0,[],[],149.0,2.5,1.6,23.0,4.0,4.0,0.05
Crème glacée vanille,3560071016661,"['en:desserts', 'en:frozen-foods', 'en:frozen-desserts', 'en:ice-creams-and-sorbets', 'en:ice-creams', 'en:ice-cream-tubs', 'en:ice-cream-in-a-box', 'en:vanilla-ice-cream-tubs']",2,[],"['en:e160', 'en:e471']",184.0,8.4,5.6,21.0,0.5,2.0,0.14
Glace Vanille Bourbon,3274664225674,"['en:desserts', 'en:frozen-foods', 'en:frozen-desserts', 'en:ice-creams-and-sorbets', 'en:ice-creams', 'en:ice-cream-tubs', 'en:vanilla-ice-cream-tubs']",3,[],"['en:e160', 'en:e412', 'en:e471']",183.0,6.0,4.0,21.0,0.5,1.4,0.14
Glace vanille pécan,3415581115017,"['en:plant-based-foods-and-beverages', 'en:dairy-substitutes', 'en:desserts', 'en:frozen-foods', 'en:frozen-desserts', 'en:ice-creams-and-sorbets', 'en:ice-creams', 'en:ice-cream-tubs', 'en:vanilla-and-pecan-ice-cream-tubs']",0,[],[],265.0,18.3,8.5,19.5,0.8,4.9,0.34
"LIDL EIS Häagen-Dazs Salted Caramel Pint400ml 3.99€ 1l 9,98€",3415581114713,"['en:snacks', 'en:desserts', 'en:frozen-foods', 'en:frozen-desserts', 'en:ice-creams-and-sorbets', 'en:ice-creams', 'en:ice-cream-tubs', 'en:cremes-glacees-en-pot', 'en:desserts-glaces', 'en:glaces', 'en:glaces-et-sorbets', 'en:snacks-sucres', 'en:surgeles']",2,[],"['en:e322', 'en:e440']",275.0,16.3,10.9,24.4,0.0,4.0,0.5
Favorite selection mini cups,12327200,"['en:desserts', 'en:frozen-foods', 'en:frozen-desserts', 'en:ice-creams-and-sorbets', 'en:ice-creams', 'en:ice-cream-tubs']",1,[],['en:e440'],252.0,16.1,10.8,20.4,0.3,4.3,0.19
Kinder Chocolate Ice Cream,8000500406427,"['en:desserts', 'en:frozen-foods', 'en:frozen-desserts', 'en:ice-creams-and-sorbets', 'en:ice-creams']",5,[],"['en:e322', 'en:e322i', 'en:e407', 'en:e412', 'en:e471']",370.0,24.2,15.2,29.7,,6.1,0.3
Häagen Dazs pralines cream,3415581153026,"['en:desserts', 'en:frozen-foods', 'en:frozen-desserts', 'en:ice-creams-and-sorbets', 'en:ice-creams', 'en:ice-cream-tubs']",1,[],['en:e440'],263.0,14.9,9.1,27.6,0.2,4.0,0.31
Honeycomb ice cream,5012262004516,"['en:desserts', 'en:frozen-foods', 'en:frozen-desserts', 'en:ice-creams-and-sorbets', 'en:ice-creams']",5,[],"['en:e401', 'en:e412', 'en:e422', 'en:e471', 'en:e500', 'en:e500ii']",201.0,10.3,6.4,22.0,,3.8,0.168
Magnum vegan chill blueberry cookie,8711327622678,"['en:desserts', 'en:frozen-foods', 'en:frozen-desserts', 'en:ice-creams-and-sorbets', 'en:ice-creams', 'en:ice-cream-bars', 'en:ice-cream-bars-coated-with-chocolate']",5,[],"['en:e322', 'en:e322i', 'en:e330', 'en:e407', 'en:e412', 'en:e500']",305.0,17.0,11.0,26.0,,1.6,0.06
Cookie Dough,8711327637696,"['en:desserts', 'en:frozen-foods', 'en:frozen-desserts', 'en:ice-creams-and-sorbets', 'en:ice-creams', 'en:ice-cream-tubs']",3,[],"['en:e322', 'en:e407', 'en:e412']",273.0,15.0,9.2,25.0,,4.1,0.17
Premium Bourbon - Dairy ice cream,40875125,"['en:desserts', 'en:frozen-foods', 'en:frozen-desserts', 'en:ice-creams-and-sorbets', 'en:ice-creams', 'en:ice-cream-tubs', 'en:vanilla-ice-cream-tubs']",3,[],"['en:e160', 'en:e412', 'en:e471']",213.0,12.5,11.4,19.6,0.2,3.0,0.05
Le Yaourt,3270160730902,"['en:desserts', 'en:frozen-foods', 'en:frozen-desserts', 'en:ice-creams-and-sorbets', 'en:ice-creams', 'en:ice-cream-tubs', 'en:frozen-yogurts']",0,[],[],193.0,10.0,7.0,15.0,0.5,4.2,0.0003
B&j vanille pecan 465ml,8711327374256,"['en:desserts', 'en:frozen-foods', 'en:frozen-desserts', 'en:ice-creams-and-sorbets', 'en:ice-creams', 'en:ice-cream-tubs', 'en:vanilla-and-pecan-ice-cream-tubs']",5,[],"['en:e330', 'en:e407', 'en:e412', 'en:e440', 'en:e500', 'en:e500ii']",236.0,14.0,7.9,22.0,0.5,3.6,0.32
Glaces chocolat blanc et caramel pécan,5900130034980,"['en:desserts', 'en:frozen-foods', 'en:specific-products', 'en:frozen-desserts', 'en:products-for-specific-diets', 'en:ice-creams-and-sorbets', 'en:products-without-gluten', 'en:ice-creams', 'en:ice-cream-bars', 'en:ice-cream-tubs', 'en:ice-cream-bars-coated-with-chocolate', 'fr:glaces-au-caramel']",7,[],"['en:e14xx', 'en:e322', 'en:e322i', 'en:e412', 'en:e415', 'en:e440', 'en:e471', 'en:e476']",247.0,15.0,8.1,19.0,0.5,3.4,0.26
Traditional Real Dairy Ice Cream,5012262004028,"['en:desserts', 'en:frozen-foods', 'en:frozen-desserts', 'en:ice-creams-and-sorbets', 'en:ice-creams', 'en:ice-cream-tubs']",3,[],"['en:e400', 'en:e422', 'en:e471']",184.0,10.3,6.4,18.3,,4.0,0.138
Ferrero Rocher classic,8000500363539,"['en:snacks', 'en:desserts', 'en:frozen-foods', 'en:sweet-snacks', 'en:cocoa-and-its-products', 'en:confectioneries', 'en:frozen-desserts', 'en:chocolate-candies', 'en:ice-creams-and-sorbets', 'en:bonbons', 'en:ice-creams']",3,[],"['en:e322', 'en:e412', 'en:e471']",390.0,27.8,14.0,26.2,0.0,5.0,0.177
Magnum double gold caramel billionaire,8711327483729,"['en:desserts', 'en:frozen-foods', 'en:frozen-desserts', 'en:ice-creams-and-sorbets', 'en:ice-creams', 'en:ice-cream-bars', 'en:ice-cream-bars-coated-with-chocolate']",8,[],"['en:e322', 'en:e407', 'en:e410', 'en:e412', 'en:e417', 'en:e471', 'en:e476', 'en:e500']",278.0,14.0,9.7,25.0,0.5,3.7,0.29
Caramel collection,12137700,"['en:desserts', 'en:frozen-foods', 'en:frozen-desserts', 'en:ice-creams-and-sorbets', 'en:ice-creams', 'en:ice-cream-tubs', 'en:cremes-glacees-en-pot']",3,[],"['en:e322', 'en:e322i', 'en:e440', 'en:e500', 'en:e500ii']",267.0,15.6,10.0,24.7,0.256,4.23,0.202
Blueberries & cream,12137000,"['en:desserts', 'en:frozen-foods', 'en:frozen-desserts', 'en:ice-creams-and-sorbets', 'en:ice-creams']",0,[],[],245.0,16.1,9.9,18.5,,4.0,0.17
Viennetta Dessert Glacé Caramel Salé 7 parts,8711327591011,"['en:desserts', 'en:frozen-foods', 'en:frozen-desserts', 'en:ice-creams-and-sorbets', 'en:ice-creams']",6,[],"['en:e322', 'en:e407', 'en:e412', 'en:e417', 'en:e471', 'en:e472c']",125.0,7.5,6.5,9.9,0.5,1.0,0.17
Glace Café Arabica de Colombie,8711327615090,"['en:desserts', 'en:frozen-foods', 'en:frozen-desserts', 'en:ice-creams-and-sorbets', 'en:ice-creams', 'en:luxury-ice-cream-in-a-box']",3,[],"['en:e412', 'en:e417', 'en:e471']",117.0,4.7,3.2,13.0,0.5,1.7,0.07
Magnum Ice Cream Lolly ALMOND 110 ML,8711327609341,"['en:desserts', 'en:frozen-foods', 'en:frozen-desserts', 'en:ice-creams-and-sorbets', 'en:ice-creams', 'en:ice-cream-bars']",6,[],"['en:e160a', 'en:e322', 'en:e407', 'en:e412', 'en:e417', 'en:e471']",276.0,17.0,9.96,23.24,,3.9,0.00029
,5057967164523,"['en:desserts', 'en:frozen-foods', 'en:frozen-desserts', 'en:ice-creams-and-sorbets', 'en:ice-creams', 'en:ice-cream-tubs', 'en:vanilla-ice-cream-tubs']",1,[],['en:e410'],231.0,16.0,10.7,15.9,0.3,4.2,0.04
Push up haribo,8712566344321,"['en:desserts', 'en:frozen-foods', 'en:frozen-desserts', 'en:ice-creams-and-sorbets', 'en:ice-creams']",8,[],"['en:e330', 'en:e401', 'en:e407', 'en:e412', 'en:e428', 'en:e471', 'en:e901', 'en:e903']",107.0,2.2,2.0,14.0,,1.3,0.09
Mars ice cream x6,5000159541459,"['en:snacks', 'en:desserts', 'en:sweet-snacks', 'en:frozen-foods', 'en:bars', 'en:frozen-desserts', 'en:ice-creams-and-sorbets', 'en:ice-creams', 'en:frozen-bars']",5,[],"['en:e322', 'en:e322i', 'en:e407', 'en:e410', 'en:e412', 'en:e471']",266.0,14.0,8.5,24.0,,3.1,0.1775
Phish food,8711327373013,"['en:desserts', 'en:frozen-foods', 'en:frozen-desserts', 'en:ice-creams-and-sorbets', 'en:ice-creams', 'en:ice-cream-tubs', 'en:luxury-ice-cream-in-a-cup']",3,[],"['en:e322', 'en:e322i', 'en:e412', 'en:e440']",273.0,13.0,8.9,27.0,,3.6,0.17
Magnum Glace Bâtonnet Citron Euphoria 3x90ml,8711327623057,"['en:desserts', 'en:frozen-foods', 'en:frozen-desserts', 'en:ice-creams-and-sorbets', 'en:ice-creams', 'en:ice-cream-bars', 'en:ice-cream-bars-coated-with-chocolate']",8,[],"['en:e163', 'en:e290', 'en:e322', 'en:e330', 'en:e407', 'en:e412', 'en:e417', 'en:e471']",240.0,14.0,9.1,22.0,0.5,2.9,0.11
Bounty Ice cream,5000159483063,"['en:snacks', 'en:desserts', 'en:sweet-snacks', 'en:cocoa-and-its-products', 'en:confectioneries', 'en:frozen-foods', 'en:chocolate-candies', 'en:frozen-desserts', 'en:bars', 'en:ice-creams-and-sorbets', 'en:ice-creams', 'en:frozen-bars']",5,[],"['en:e407', 'en:e410', 'en:e412', 'en:e471', 'en:e500']",269.0,16.0,11.0,22.0,,3.2,0.117
Mars Ice Cream x7,5000159541435,"['en:snacks', 'en:desserts', 'en:sweet-snacks', 'en:cocoa-and-its-products', 'en:confectioneries', 'en:frozen-foods', 'en:chocolate-candies', 'en:frozen-desserts', 'en:bars', 'en:ice-creams-and-sorbets', 'en:ice-creams', 'en:candy-chocolate-bars', 'en:caramel-chocolate-bars', 'en:frozen-bars']",4,[],"['en:e322', 'en:e322i', 'en:e407', 'en:e410', 'en:e412']",330.0,17.5,8.5,24.0,,3.75,0.19
Ben & Jerry's Glace en Pot Sundae Cookie Vermont-ster 427ml,8711327539624,"['en:desserts', 'en:frozen-foods', 'en:frozen-desserts', 'en:ice-creams-and-sorbets', 'en:ice-creams', 'en:ice-cream-tubs', 'en:luxury-ice-cream-in-a-cup']",5,[],"['en:e322', 'en:e407', 'en:e412', 'en:e500', 'en:e500ii', 'en:e503']",226.0,13.0,6.4,21.0,2.0,3.1,0.17
Carte D'Or Les Essentiels Glace Crème Glacée Crème de Vanille 700ml,8711327615229,"['en:desserts', 'en:frozen-foods', 'en:frozen-desserts', 'en:ice-creams-and-sorbets', 'en:ice-creams', 'en:ice-cream-tubs', 'en:vanilla-ice-cream-tubs']",3,[],"['en:e412', 'en:e417', 'en:e471']",104.0,4.4,3.0,11.0,0.5,1.3,0.07
Mr. Freeze Big Pop,5060191280105,"['en:desserts', 'en:frozen-foods', 'en:frozen-desserts', 'en:ice-creams-and-sorbets', 'en:ice-creams', 'en:ice-pops']",4,[],"['en:e202', 'en:e330', 'en:e422', 'en:e466']",47.0,0.0,0.0,11.2,0.0,0.1,0.03
Bourbon Vanilla,20810382,"['en:desserts', 'en:frozen-foods', 'en:frozen-desserts', 'en:ice-creams-and-sorbets', 'en:ice-creams', 'en:ice-cream-tubs', 'en:vanilla-ice-cream-tubs']",2,[],"['en:e160', 'en:e412']",219.0,11.8,10.8,21.3,0.2,2.6,0.05
"Fruit collection 4 pots, 3 x 81 g + 1 x 83 g",3415581520712,"['en:snacks', 'en:desserts', 'en:sweet-snacks', 'en:confectioneries', 'en:frozen-foods', 'en:frozen-desserts', 'en:ice-creams-and-sorbets', 'en:ice-creams', 'en:ice-cream-tubs', 'en:surgeles']",1,[],['en:e440'],224.0,13.6,9.0,20.8,0.8,3.6,0.12
Magnum Glace Bâtonnet Deluxe Caramel 4x85ml,8711327577619,"['en:desserts', 'en:frozen-foods', 'en:frozen-desserts', 'en:ice-creams-and-sorbets', 'en:ice-creams', 'en:ice-cream-bars', 'en:ice-cream-bars-coated-with-chocolate']",7,[],"['en:e160', 'en:e407', 'en:e412', 'en:e417', 'en:e442', 'en:e471', 'en:e476']",290.0,17.0,12.0,26.0,1.4,2.9,0.19
Glace,6111180003775,"['en:desserts', 'en:frozen-foods', 'en:frozen-desserts', 'en:ice-creams-and-sorbets', 'en:ice-creams', 'en:ice-cream-tubs']",4,[],"['en:e102', 'en:e110', 'en:e415', 'en:e472a']",513.0,23.0,23.0,64.0,0.4,2.3,0.0
Magnum Glace Bâtonnet Mini Vanille & Chocolat Classic 6x55ml,8711327608207,"['en:desserts', 'en:frozen-foods', 'en:frozen-desserts', 'en:ice-creams-and-sorbets', 'en:ice-creams', 'en:ice-cream-bars', 'en:ice-cream-bars-coated-with-chocolate', 'en:vanilla-ice-cream-bars-coated-with-milk-chocolate']",6,[],"['en:e160', 'en:e322', 'en:e407', 'en:e412', 'en:e417', 'en:e471']",248.0,15.0,11.0,21.0,,2.6,0.09
La vanille de Madagascar - Pure Sélection,3270160840205,"['en:desserts', 'en:frozen-foods', 'en:frozen-desserts', 'en:ice-creams-and-sorbets', 'en:ice-creams', 'en:ice-cream-tubs', 'en:vanilla-ice-cream-tubs']",0,[],[],193.0,11.0,7.2,19.0,0.5,4.5,0.12
Glace vanille chocolat & noisettes 4 x 65 g,3274664142452,"['en:desserts', 'en:frozen-foods', 'en:frozen-desserts', 'en:ice-creams-and-sorbets', 'en:ice-creams', 'en:ice-cream-bars', 'en:ice-cream-bars-coated-with-chocolate']",3,[],"['en:e322', 'en:e322i', 'en:e471', 'en:e476']",361.0,23.0,13.0,30.0,1.9,4.5,0.15
Bac crème glacée vanille 500G,3256224110545,"['en:desserts', 'en:frozen-foods', 'en:frozen-desserts', 'en:ice-creams-and-sorbets', 'en:ice-creams', 'en:ice-cream-tubs', 'en:vanilla-ice-cream-tubs']",2,[],"['en:e412', 'en:e471']",183.0,8.2,5.6,21.0,0.5,2.0,0.12
Magnum Batonnet Gold Caramel Billion 85ml,8711327480537,"['en:desserts', 'en:frozen-foods', 'en:frozen-desserts', 'en:ice-creams-and-sorbets', 'en:ice-creams', 'en:ice-cream-bars']",8,[],"['en:e150b', 'en:e322', 'en:e407', 'en:e410', 'en:e412', 'en:e471', 'en:e476', 'en:e500']",325.0,14.0,9.6,25.0,,3.7,0.27
Mini Almond,4056489375135,"['en:snacks', 'en:desserts', 'en:frozen-foods', 'en:sweet-snacks', 'en:cocoa-and-its-products', 'en:frozen-desserts', 'en:ice-creams-and-sorbets', 'en:ice-creams', 'en:ice-cream-bars', 'en:ice-cream-bars-coated-with-chocolate', 'en:vanilla-ice-cream-bars-coated-with-milk-chocolate-and-almonds']",4,[],"['en:e322', 'en:e412', 'en:e471', 'en:e476']",346.0,21.7,13.5,29.5,,5.3,0.08
Proteïne ijs bar Lidl,4056489411703,"['en:desserts', 'en:frozen-foods', 'en:frozen-desserts', 'en:ice-creams-and-sorbets', 'en:ice-creams', 'en:ice-cream-bars', 'en:ice-cream-bars-coated-with-chocolate']",11,[],"['en:e1200', 'en:e322', 'en:e407', 'en:e410', 'en:e412', 'en:e471', 'en:e476', 'en:e500', 'en:e503', 'en:e960a', 'en:e967']",286.0,15.2,8.8,20.2,3.6,10.0,0.24
Twister Mini,8711327576957,"['en:plant-based-foods-and-beverages', 'en:dairy-substitutes', 'en:desserts', 'en:frozen-foods', 'en:frozen-desserts', 'en:ice-creams-and-sorbets', 'en:ice-creams', 'en:plant-based-ice-creams']",7,[],"['en:e100', 'en:e140', 'en:e140i', 'en:e330', 'en:e410', 'en:e412', 'en:e417', 'en:e471']",78.0,0.5,0.4,13.0,,0.5,0.02
Glace en Pot Caramel Salé Sundae Dulce De-lish 427ml,8711327589360,"['en:desserts', 'en:frozen-foods', 'en:frozen-desserts', 'en:ice-creams-and-sorbets', 'en:ice-creams', 'en:ice-cream-tubs', 'en:luxury-ice-cream-in-a-cup', 'en:sundae-ice-cream']",5,[],"['en:e14xx', 'en:e322', 'en:e330', 'en:e407', 'en:e412']",216.0,11.0,7.9,21.0,0.6,2.7,0.32
Fruit Collection,3415581520927,"['en:desserts', 'en:frozen-foods', 'en:frozen-desserts', 'en:ice-creams-and-sorbets', 'en:ice-creams', 'en:ice-cream-tubs']",1,[],['en:e440'],223.0,13.6,9.01,20.7,0.494,3.58,0.133
Magnum Glace Bâtonnet Amande 6x100ml,8711327608887,"['en:desserts', 'en:frozen-foods', 'en:frozen-desserts', 'en:ice-creams-and-sorbets', 'en:ice-creams', 'en:ice-cream-bars', 'en:ice-cream-tubs', 'en:ice-cream-bars-coated-with-chocolate', 'en:vanilla-ice-cream-bars-coated-with-milk-chocolate-and-almonds', 'en:vanilla-ice-cream-tubs']",6,[],"['en:e160', 'en:e322', 'en:e407', 'en:e412', 'en:e417', 'en:e471']",249.0,15.0,9.4,21.0,,3.5,0.1
Ice Cream Gooey Brownie,5056285800151,"['en:desserts', 'en:frozen-foods', 'en:frozen-desserts', 'en:ice-creams-and-sorbets', 'en:ice-creams']",10,[],"['en:e1200', 'en:e322', 'en:e410', 'en:e412', 'en:e422', 'en:e450', 'en:e471', 'en:e500', 'en:e960a', 'en:e965']",130.0,3.62,2.17,11.0,,4.5,0.56
Favorite Selection Mini Cups,3415581571110,"['en:desserts', 'en:frozen-foods', 'en:frozen-desserts', 'en:ice-creams-and-sorbets', 'en:ice-creams', 'en:ice-cream-tubs', 'en:cremes-glacees-en-pot', 'en:desserts-glaces', 'en:surgeles']",3,[],"['en:e322', 'en:e322i', 'en:e440', 'en:e500', 'en:e500ii']",258.0,14.7,10.1,26.8,0.0,4.4,0.25
Berry Crunch Flavour Bar,07370793,"['en:snacks', 'en:desserts', 'en:sweet-snacks', 'en:frozen-foods', 'en:frozen-desserts', 'en:bars', 'en:ice-creams-and-sorbets', 'en:ice-creams', 'en:ice-cream-tubs', 'en:coffee-ice-cream-tubs']",0,[],[],349.0,11.2,5.54,11.5,,32.0,1.56
,4056489238607,"['en:snacks', 'en:desserts', 'en:sweet-snacks', 'en:frozen-foods', 'en:frozen-desserts', 'en:ice-creams-and-sorbets', 'en:ice-creams']",5,[],"['en:e412', 'en:e471', 'en:e500', 'en:e960', 'en:e968']",132.0,3.3,2.3,11.9,2.7,7.1,0.4225
Glace,12131200,"['en:desserts', 'en:frozen-foods', 'en:frozen-desserts', 'en:ice-creams-and-sorbets', 'en:ice-creams', 'en:ice-cream-tubs']",0,[],[],240.0,14.9,10.0,21.9,0.247,4.07,0.145
Peanut Butter,4056489424765,"['en:desserts', 'en:frozen-foods', 'en:frozen-desserts', 'en:ice-creams-and-sorbets', 'en:ice-creams', 'en:ice-cream-tubs']",1,[],['en:e960'],61.7,3.13,0.57,3.18,1.21,3.4,0.0
Magnum Glace Bâtonnet parfum Popcorn Double Starchaser 4x85ml,8711327582897,"['en:desserts', 'en:frozen-foods', 'en:frozen-desserts', 'en:ice-creams-and-sorbets', 'en:ice-creams', 'en:ice-cream-bars', 'en:ice-cream-bars-coated-with-chocolate']",8,[],"['en:e322', 'en:e407', 'en:e410', 'en:e412', 'en:e417', 'en:e442', 'en:e471', 'en:e476']",276.0,14.0,9.5,26.0,1.2,3.0,0.26
Madagascan Vanilla Ice Cream,5010251725022,"['en:desserts', 'en:frozen-foods', 'en:frozen-desserts', 'en:ice-creams-and-sorbets', 'en:ice-creams', 'en:ice-cream-tubs', 'en:vanilla-ice-cream-tubs']",0,[],[],167.0,12.1,8.4,11.8,0.5,2.4,0.12
Magnum Glace Bâtonnet Classic 6x100ml,8711327532359,"['en:desserts', 'en:frozen-foods', 'en:frozen-desserts', 'en:ice-creams-and-sorbets', 'en:ice-creams', 'en:ice-cream-bars', 'en:batonnets-glaces', 'en:batonnets-glaces-enrobes-de-chocolat', 'en:batonnets-glaces-vanille-enrobes-de-chocolat-au-lait', 'en:desserts-glaces', 'en:glaces', 'en:glaces-et-sorbets', 'en:glaces-a-la-vanille', 'en:surgeles']",6,[],"['en:e160', 'en:e322', 'en:e407', 'en:e412', 'en:e417', 'en:e471']",231.0,14.0,9.8,20.0,,2.5,0.09
Ben & Jerry's Glace en Pot Spectacu-love 465ml,8711327629394,"['en:desserts', 'en:frozen-foods', 'en:frozen-desserts', 'en:ice-creams-and-sorbets', 'en:ice-creams', 'en:luxury-ice-cream-in-a-cup']",4,[],"['en:e322', 'en:e322i', 'en:e407', 'en:e412', 'en:e500', 'en:e500ii']",247.0,16.0,8.9,18.0,0.5,3.2,0.19
Sorbet plein fruit Framboise 500G/750ml,3760039981028,"['en:desserts', 'en:frozen-foods', 'en:frozen-desserts', 'en:ice-creams-and-sorbets', 'en:ice-creams', 'en:sorbets', 'en:raspberry-sorbets']",1,[],['en:e440'],125.0,0.5,0.1,25.0,7.5,0.8,0.01
Crème glacée vanille de madagascar,3250390600671,"['en:desserts', 'en:frozen-foods', 'en:frozen-desserts', 'en:ice-creams-and-sorbets', 'en:ice-creams', 'en:ice-cream-tubs', 'en:vanilla-ice-cream-tubs']",4,[],"['en:e160', 'en:e407', 'en:e412', 'en:e471']",203.0,10.2,7.2,21.8,0.7,2.2,0.21
Raffaello ice cream,8000500363492,"['en:snacks', 'en:desserts', 'en:sweet-snacks', 'en:confectioneries', 'en:frozen-foods', 'en:frozen-desserts', 'en:ice-creams-and-sorbets', 'en:ice-creams', 'en:ice-cream-bars']",5,[],"['en:e322', 'en:e407', 'en:e410', 'en:e412', 'en:e471']",362.0,24.8,20.4,26.9,,5.2,0.198
Pirulo mix,3274667005341,"['en:desserts', 'en:frozen-foods', 'en:frozen-desserts', 'en:ice-creams-and-sorbets', 'en:ice-creams', 'en:sorbets', 'en:multifruit-sorbets']",3,[],"['en:e160', 'en:e330', 'en:e412']",68.0,0.0,0.0,17.0,0.0,0.0,0.0
Schoko-Vanille,20294571,"['en:desserts', 'en:frozen-foods', 'en:frozen-desserts', 'en:ice-creams-and-sorbets', 'en:ice-creams', 'en:ice-cream-cones', 'en:chocolate-vanilla-ice-cream-cones']",4,[],"['en:e14xx', 'en:e322', 'en:e412', 'en:e471']",285.0,12.6,9.5,25.7,,3.9,0.09
Glace au chocolat,3274664142469,"['en:snacks', 'en:desserts', 'en:sweet-snacks', 'en:frozen-foods', 'en:frozen-desserts', 'en:ice-creams-and-sorbets', 'en:ice-creams', 'en:ice-cream-bars', 'en:ice-cream-bars-coated-with-chocolate']",1,[],['en:e471'],365.0,23.0,13.0,29.0,2.8,4.8,0.15
Glace,6111180003782,"['en:snacks', 'en:desserts', 'en:sweet-snacks', 'en:confectioneries', 'en:frozen-foods', 'en:frozen-desserts', 'en:ice-creams-and-sorbets', 'en:ice-creams', 'en:ice-cream-tubs', 'en:ice-cream-mix']",0,[],[],475.0,19.7,19.2,56.0,4.93,4.8,0.351
Glace chocolat La Laitière,3274664225681,"['en:desserts', 'en:frozen-foods', 'en:frozen-desserts', 'en:ice-creams-and-sorbets', 'en:ice-creams', 'en:ice-cream-tubs', 'en:chocolate-ice-cream-tubs']",5,[],"['en:e322', 'en:e322i', 'en:e412', 'en:e471', 'en:e476']",198.0,8.1,5.3,23.0,2.5,3.2,0.14
Ben & Jerry's Glace en Pot Banane & Caramel Sundae Banoffee Pie 427ml,8711327539396,"['en:desserts', 'en:frozen-foods', 'en:frozen-desserts', 'en:ice-creams-and-sorbets', 'en:ice-creams', 'en:ice-cream-tubs', 'en:luxury-ice-cream-in-a-cup', 'en:sundae-ice-cream']",4,[],"['en:e322', 'en:e407', 'en:e412', 'en:e500', 'en:e500ii']",246.0,13.0,7.8,24.0,,2.6,0.27
Ice cream mint choc chip,5036589252399,"['en:desserts', 'en:frozen-foods', 'en:frozen-desserts', 'en:ice-creams-and-sorbets', 'en:ice-creams']",1,[],"['en:e322', 'en:e322i']",146.0,9.5,5.8,12.1,,2.8,0.1
Chocolat blanc,8711327606081,"['en:desserts', 'en:frozen-foods', 'en:frozen-desserts', 'en:ice-creams-and-sorbets', 'en:ice-creams', 'en:ice-cream-bars', 'en:ice-cream-bars-coated-with-chocolate', 'en:vanilla-ice-cream-bars-coated-with-white-chocolate']",6,[],"['en:e160', 'en:e322', 'en:e407', 'en:e412', 'en:e417', 'en:e471']",230.0,14.0,9.7,20.0,,3.1,0.12
Magnum Ice Cream Lolly 110 ML,8711327612372,"['en:desserts', 'en:frozen-foods', 'en:frozen-desserts', 'en:ice-creams-and-sorbets', 'en:ice-creams']",6,[],"['en:e160', 'en:e322', 'en:e407', 'en:e412', 'en:e417', 'en:e471']",225.0,13.0,9.5,20.0,0.0,2.4,0.09
Extrême Chocolat,7613034975416,"['en:desserts', 'en:frozen-foods', 'en:frozen-desserts', 'en:ice-creams-and-sorbets', 'en:ice-creams', 'en:ice-cream-cones', 'fr:cones-au-chocolat']",6,[],"['en:e14xx', 'en:e150a', 'en:e322', 'en:e407a', 'en:e412', 'en:e471']",292.0,13.0,9.2,28.0,2.5,3.7,0.1375
Creme glacée vanille,3270160841165,"['en:desserts', 'en:frozen-foods', 'en:frozen-desserts', 'en:ice-creams-and-sorbets', 'en:ice-creams', 'en:ice-cream-tubs', 'en:vanilla-ice-cream-tubs']",4,[],"['en:e160', 'en:e407', 'en:e412', 'en:e471']",192.0,10.0,7.0,19.0,0.4,3.6,0.11
Netflix & Chill'd Peanut Butter Ice Cream,8711327386334,"['en:desserts', 'en:frozen-foods', 'en:frozen-desserts', 'en:ice-creams-and-sorbets', 'en:ice-creams', 'en:ice-cream-tubs', 'en:luxury-ice-cream-in-a-cup', 'en:diepvries']",2,[],"['en:e322', 'en:e412']",276.0,16.0,7.1,23.0,,4.9,0.7
Bac vanille de Madagascar (CG) - BIO - 900mL,3250392452094,"['en:desserts', 'en:frozen-foods', 'en:frozen-desserts', 'en:ice-creams-and-sorbets', 'en:ice-creams', 'en:ice-cream-tubs', 'en:vanilla-ice-cream-tubs', 'fr:vrac-glace']",1,[],['en:e412'],179.0,6.6,4.0,22.5,1.3,3.9,8.0
Vrac crème glacée vanille,3564700014417,"['en:desserts', 'en:frozen-foods', 'en:frozen-desserts', 'en:ice-creams-and-sorbets', 'en:ice-creams', 'en:ice-cream-tubs', 'en:vanilla-ice-cream-tubs']",3,[],"['en:e160', 'en:e412', 'en:e471']",184.0,8.4,5.6,22.0,0.5,2.0,0.1
B&J 100ml CookieDough CL3 X12x375EB,8711200564149,"['en:desserts', 'en:frozen-foods', 'en:frozen-desserts', 'en:ice-creams-and-sorbets', 'en:ice-creams', 'en:ice-cream-tubs', 'en:luxury-ice-cream-in-a-cup']",3,[],"['en:e322', 'en:e322i', 'en:e407', 'en:e412']",198.0,11.0,7.1,18.0,4.02777777777778,2.9,0.11
Mini pots crème glacée caramel collection,3415581545715,"['en:desserts', 'en:frozen-foods', 'en:frozen-desserts', 'en:ice-creams-and-sorbets', 'en:ice-creams', 'en:ice-cream-tubs']",2,[],"['en:e322', 'en:e322i', 'en:e440']",278.0,17.4,11.5,19.9,0.1,4.5,0.355
glace vanille fraise pingouin,6111178000786,"['en:desserts', 'en:frozen-foods', 'en:frozen-desserts', 'en:ice-creams-and-sorbets', 'en:ice-creams']",0,[],[],95.6,40.0,25.0,12.0,,1.5,0.0
Magnum CAW 8x 100ml,8711327621176,"['en:desserts', 'en:frozen-foods', 'en:frozen-desserts', 'en:ice-creams-and-sorbets', 'en:ice-creams', 'en:ice-cream-bars', 'en:ice-cream-bars-coated-with-chocolate']",6,[],"['en:e160', 'en:e322', 'en:e407', 'en:e412', 'en:e417', 'en:e471']",236.0,14.0,10.0,21.0,0.0,3.2,0.13
Magnum Amande,8712566328208,"['en:desserts', 'en:frozen-foods', 'en:frozen-desserts', 'en:ice-creams-and-sorbets', 'en:ice-creams', 'en:ice-cream-bars', 'en:ice-cream-tubs', 'en:ice-cream-bars-coated-with-chocolate', 'en:vanilla-ice-cream-bars-coated-with-milk-chocolate-and-almonds', 'en:vanilla-ice-cream-tubs']",3,[],"['en:e442', 'en:e471', 'en:e476']",245.0,15.0,9.2,21.0,0.0,3.6,0.1
Bac Crème glacée à la vanille de Madagascar - 471g,3256221116045,"['en:desserts', 'en:frozen-foods', 'en:frozen-desserts', 'en:ice-creams-and-sorbets', 'en:ice-creams', 'en:ice-cream-tubs', 'en:vanilla-ice-cream-tubs']",1,[],['en:e414'],172.0,8.3,5.0,20.0,0.5,2.4,0.12
Helados mini sin azúcar,8480000641021,"['en:desserts', 'en:frozen-foods', 'en:frozen-desserts', 'en:ice-creams-and-sorbets', 'en:ice-creams', 'en:ice-cream-bars', 'en:ice-cream-bars-coated-with-chocolate']",11,[],"['en:e160b', 'en:e322', 'en:e322i', 'en:e407', 'en:e410', 'en:e415', 'en:e471', 'en:e950', 'en:e951', 'en:e965', 'en:e966']",295.0,19.7,13.2,7.0,0.5,6.0,0.18
Ben & Jerry's Glace en Pot Caramel Brownie Party 465ml,8711327374324,"['en:desserts', 'en:frozen-foods', 'en:frozen-desserts', 'en:ice-creams-and-sorbets', 'en:ice-creams', 'en:ice-cream-tubs']",5,[],"['en:e330', 'en:e407', 'en:e412', 'en:e440', 'en:e500']",228.0,12.0,7.4,23.0,0.49,3.5,0.39
Crème glacée Café 450G/750ml,3760039982018,"['en:desserts', 'en:frozen-foods', 'en:frozen-desserts', 'en:ice-creams-and-sorbets', 'en:ice-creams', 'en:ice-cream-tubs', 'en:coffee-ice-cream-tubs']",2,[],"['en:e412', 'en:e471']",194.0,8.4,5.6,21.0,,3.8,0.01
Glace Manguo &raspberry,12136500,"['en:desserts', 'en:frozen-foods', 'en:frozen-desserts', 'en:ice-creams-and-sorbets', 'en:ice-creams', 'en:ice-cream-tubs']",0,[],[],239.0,12.5,8.3,27.5,0.6,3.3,0.0
Ben & Jerry's Ice Cream Dessert CHOCOLATEY LOVE A-FAIR 465 ML,8711327572836,"['en:desserts', 'en:frozen-foods', 'en:frozen-desserts', 'en:ice-creams-and-sorbets', 'en:ice-creams', 'en:ice-cream-tubs', 'en:luxury-ice-cream-in-a-cup']",5,[],"['en:e322', 'en:e407', 'en:e412', 'en:e440', 'en:e500']",233.0,14.0,9.5,22.0,,3.6,0.35
Clotted Cream Ice Cream,4088600165530,"['en:desserts', 'en:frozen-foods', 'en:frozen-desserts', 'en:ice-creams-and-sorbets', 'en:ice-creams', 'en:ice-cream-tubs', 'en:vanilla-ice-cream-tubs']",5,[],"['en:e100', 'en:e160b', 'en:e160bii', 'en:e410', 'en:e412', 'en:e471']",215.0,12.0,8.3,21.0,,3.6,0.11
Madagascan vanilla luxury ice cream,29141593,"['en:desserts', 'en:frozen-foods', 'en:frozen-desserts', 'en:ice-creams-and-sorbets', 'en:ice-creams', 'en:ice-cream-in-a-box']",0,[],[],228.0,15.2,9.58,15.8,0.704,4.37,0.113
fair,6111250473118,"['en:desserts', 'en:frozen-foods', 'en:frozen-desserts', 'en:ice-creams-and-sorbets', 'en:ice-creams']",0,[],[],157.0,4.0,3.0,24.0,0.0,4.0,0.0
Magnum Glace Bâtonnet Vanille & Chocolat Classic 8x100ml,8711327607163,"['en:desserts', 'en:frozen-foods', 'en:frozen-desserts', 'en:ice-creams-and-sorbets', 'en:ice-creams', 'en:ice-cream-bars', 'en:ice-cream-bars-coated-with-chocolate', 'en:vanilla-ice-cream-bars-coated-with-milk-chocolate']",6,[],"['en:e160', 'en:e322', 'en:e407', 'en:e412', 'en:e417', 'en:e471']",231.0,14.0,9.8,20.0,,2.5,0.09
Glace Rhum raisin,8711327615199,"['en:desserts', 'en:frozen-foods', 'en:frozen-desserts', 'en:ice-creams-and-sorbets', 'en:ice-creams', 'en:ice-cream-tubs']",4,[],"['en:e412', 'en:e415', 'en:e417', 'en:e471']",25.0,7.5,5.1,18.0,,2.5,0.12
Chocolate Chip Cookie Dough,5056285800175,"['en:desserts', 'en:frozen-foods', 'en:frozen-desserts', 'en:ice-creams-and-sorbets', 'en:ice-creams', 'en:ice-cream-tubs', 'en:ice-cream-in-a-box']",7,[],"['en:e1200', 'en:e322', 'en:e410', 'en:e412', 'en:e471', 'en:e960a', 'en:e968']",141.0,4.18,2.78,16.0,0.0,4.18,0.247
,5060381940215,"['en:desserts', 'en:frozen-foods', 'en:frozen-desserts', 'en:ice-creams-and-sorbets', 'en:ice-creams', 'en:variety-packs', 'en:ice-cream-bars', 'en:ice-cream-bar-variety-packs']",0,[],[],119.0,5.0,3.46,12.3,6.92,2.69,0.0769
Salted caramel premium ice cream,20707330,"['en:desserts', 'en:frozen-foods', 'en:frozen-desserts', 'en:ice-creams-and-sorbets', 'en:ice-creams', 'en:ice-cream-tubs', 'fr:glaces-au-caramel']",4,[],"['en:e410', 'en:e412', 'en:e420', 'en:e420ii', 'en:e471']",219.0,10.5,9.3,23.6,0.2,3.1,0.59
Vanille,3596710386291,"['en:desserts', 'en:frozen-foods', 'en:frozen-desserts', 'en:ice-creams-and-sorbets', 'en:ice-creams', 'en:ice-cream-tubs', 'en:vanilla-ice-cream-tubs']",4,[],"['en:e160', 'en:e412', 'en:e471', 'en:e472b']",166.0,6.2,5.5,20.0,0.5,1.9,0.06
Cônes Extrême Vanille,7613031608188,"['en:desserts', 'en:frozen-foods', 'en:frozen-desserts', 'en:ice-creams-and-sorbets', 'en:ice-creams', 'en:ice-cream-cones']",5,[],"['en:e101', 'en:e101i', 'en:e160', 'en:e322', 'en:e407a', 'en:e412']",298.0,14.0,10.0,29.0,1.3,3.2,0.15
,3560071438340,"['en:desserts', 'en:frozen-foods', 'en:frozen-desserts', 'en:ice-creams-and-sorbets', 'en:ice-creams', 'en:ice-cream-tubs', 'en:vanilla-ice-cream-tubs']",3,[],"['en:e322', 'en:e410', 'en:e412']",171.0,6.7,3.9,21.0,0.5,4.2,0.00045
Bueno Ice Cone White 4-pack,8000500384718,"['en:snacks', 'en:desserts', 'en:sweet-snacks', 'en:frozen-foods', 'en:frozen-desserts', 'en:ice-creams-and-sorbets', 'en:ice-creams', 'en:ice-cream-cones']",6,[],"['en:e322', 'en:e322i', 'en:e407', 'en:e412', 'en:e471', 'en:e503', 'en:e503ii']",242.0,13.8,6.89,18.7,,4.44,0.228
EDEKA EIS Häagen-Dazs  Belgian Chocolate 460ml 4.44€ 1l 9.65€,3415581113716,"['en:desserts', 'en:frozen-foods', 'en:frozen-desserts', 'en:ice-creams-and-sorbets', 'en:ice-creams', 'en:ice-cream-tubs']",0,[],[],314.0,20.7,12.7,24.4,2.4,4.5,0.13
Solero - Red Berries,8711327326750,"['en:desserts', 'en:frozen-foods', 'en:frozen-desserts', 'en:ice-creams-and-sorbets', 'en:ice-creams', 'en:ice-cream-bars', 'en:ice-cream-bars-coated-with-fruit-sorbet']",4,[],"['en:e163', 'en:e410', 'en:e412', 'en:e471']",143.0,3.09,2.79,17.6,2.06,1.62,0.0794
Vagla Ice Cream,5052910791283,"['en:desserts', 'en:frozen-foods', 'en:frozen-desserts', 'en:ice-creams-and-sorbets', 'en:ice-creams']",6,[],"['en:e100', 'en:e160a', 'en:e160aiv', 'en:e162', 'en:e410', 'en:e412', 'en:e471']",174.0,9.3,7.4,19.0,0.8,2.8,0.25
Carte D'Or Les Essentiels Glace Crème Glacée Chocolat Noir 700ml,8711327615045,"['en:desserts', 'en:frozen-foods', 'en:frozen-desserts', 'en:ice-creams-and-sorbets', 'en:ice-creams', 'en:ice-cream-tubs', 'en:chocolate-ice-cream-tubs']",4,[],"['en:e322', 'en:e412', 'en:e417', 'en:e471']",118.0,5.6,3.7,12.0,1.7,2.0,0.08
Helado Biscuit,8402001018978,"['en:desserts', 'en:frozen-foods', 'en:frozen-desserts', 'en:ice-creams-and-sorbets', 'en:ice-creams', 'en:ice-cream-tubs']",9,[],"['en:e150', 'en:e322', 'en:e330', 'en:e407', 'en:e410', 'en:e412', 'en:e471', 'en:e500', 'en:e503']",315.0,19.0,8.7,20.0,,2.8,0.255
CARTE D'OR Glace Crème Glacée Vanille de Madagascar 900ml,8711327385603,"['en:desserts', 'en:frozen-foods', 'en:frozen-desserts', 'en:ice-creams-and-sorbets', 'en:ice-creams', 'en:ice-cream-tubs', 'en:vanilla-ice-cream-tubs']",3,[],"['en:e160', 'en:e412', 'en:e471']",96.0,4.4,2.9,9.0,0.17,1.2,0.06
White chocolate & Scandinavian mountain cranberries,5900130031118,"['en:desserts', 'en:frozen-foods', 'en:frozen-desserts', 'en:ice-creams-and-sorbets', 'en:ice-creams', 'en:ice-cream-bars', 'en:ice-cream-bars-coated-with-chocolate']",4,[],"['en:e14xx', 'en:e330', 'en:e412', 'en:e570']",341.0,19.0,12.0,31.0,0.5,4.8,0.26
Twix glacé x6,5000159484695,"['en:snacks', 'en:desserts', 'en:sweet-snacks', 'en:frozen-foods', 'en:frozen-desserts', 'en:bars', 'en:ice-creams-and-sorbets', 'en:ice-creams', 'en:frozen-bars']",8,[],"['en:e150a', 'en:e322', 'en:e322i', 'en:e407', 'en:e410', 'en:e412', 'en:e471', 'en:e492', 'en:e503']",281.0,14.6,9.05,25.5,,2.78,0.255
Le chocolat,3270160840229,"['en:desserts', 'en:frozen-foods', 'en:frozen-desserts', 'en:ice-creams-and-sorbets', 'en:ice-creams', 'en:ice-cream-tubs', 'en:chocolate-ice-cream-tubs', 'en:ice-cream-in-a-box']",0,[],[],227.0,11.0,6.8,24.0,2.0,5.0,0.09
Macadamia nut brittle mini cups,3415581569117,"['en:desserts', 'en:frozen-foods', 'en:frozen-desserts', 'en:ice-creams-and-sorbets', 'en:ice-creams', 'en:ice-cream-tubs']",1,[],"['en:e500', 'en:e500ii']",264.0,16.4,10.7,24.2,0.123,3.95,0.219
salted caramel,12131400,"['en:desserts', 'en:frozen-foods', 'en:frozen-desserts', 'en:ice-creams-and-sorbets', 'en:ice-creams', 'en:ice-cream-tubs']",0,[],[],250.0,17.2,10.8,23.5,,4.1,0.6
Walnut Bon Gelati,20086091,"['en:desserts', 'en:frozen-foods', 'en:frozen-desserts', 'en:ice-creams-and-sorbets', 'en:ice-creams']",2,[],"['en:e410', 'en:e412']",255.0,16.2,10.3,19.9,0.6,4.3,0.06
Mochis,5027324001181,"['en:desserts', 'en:frozen-foods', 'en:frozen-desserts', 'en:ice-creams-and-sorbets', 'en:ice-creams', 'en:mochi-ice-cream']",4,[],"['en:e407', 'en:e412', 'en:e466', 'en:e471']",214.0,6.6,4.2,24.0,0.0,3.0,0.13
Macaron strawberry raspberry,3415583001714,"['en:desserts', 'en:frozen-foods', 'en:frozen-desserts', 'en:ice-creams-and-sorbets', 'en:ice-creams', 'en:ice-cream-tubs']",1,[],['en:e440'],257.0,14.9,8.8,25.4,0.8,4.0,0.13
Magnum Glace Bâtonnet Mangue et parfum Coco Double Sunlover 4x85ml,8711327582842,"['en:desserts', 'en:frozen-foods', 'en:frozen-desserts', 'en:ice-creams-and-sorbets', 'en:ice-creams', 'en:ice-cream-bars', 'en:ice-cream-bars-coated-with-chocolate']",11,[],"['en:e14xx', 'en:e160a', 'en:e322', 'en:e330', 'en:e331', 'en:e407', 'en:e410', 'en:e412', 'en:e417', 'en:e440', 'en:e471']",280.0,16.0,11.0,24.0,0.8,3.5,0.17
Ferrero Rondnoir Gelato,8000500405598,"['en:desserts', 'en:frozen-foods', 'en:frozen-desserts', 'en:ice-creams-and-sorbets', 'en:ice-creams', 'en:ice-cream-bars']",5,[],"['en:e322', 'en:e407', 'en:e412', 'en:e471', 'en:e503', 'en:e503ii']",360.0,24.0,15.0,26.0,,4.8,0.215
Crème glacée au chocolat,3560071438357,"['en:desserts', 'en:frozen-foods', 'en:frozen-desserts', 'en:ice-creams-and-sorbets', 'en:ice-creams', 'en:ice-cream-tubs', 'en:chocolate-ice-cream-tubs']",1,[],['en:e322'],196.0,8.8,5.3,23.0,2.5,3.7,0.11
Frozen kefir strawberry,5036589253419,"['en:desserts', 'en:frozen-foods', 'en:frozen-desserts', 'en:ice-creams-and-sorbets', 'en:ice-creams']",3,[],"['en:e407', 'en:e410', 'en:e412']",76.0,1.3,0.8,13.0,,3.1,0.1075
Vanilla Bean Ice Cream,0072830081146,"['en:desserts', 'en:frozen-foods', 'en:frozen-desserts', 'en:ice-creams-and-sorbets', 'en:ice-creams']",2,[],"['en:e412', 'en:e417']",221.0,13.7,8.42,22.1,,4.21,0.145
magnum double caramel,8683130003794,"['en:desserts', 'en:frozen-foods', 'en:frozen-desserts', 'en:ice-creams-and-sorbets', 'en:ice-creams', 'en:ice-cream-bars', 'en:chocolate-ice-cream-bars']",0,[],[],261.0,16.0,11.0,25.0,0.0,2.7,0.0
Carte D'Or Les Essentiels Glace Crème Glacée Caramel Fleur Sel 700ml,8711327615144,"['en:desserts', 'en:frozen-foods', 'en:frozen-desserts', 'en:ice-creams-and-sorbets', 'en:ice-creams', 'en:luxury-ice-cream-in-a-box']",4,[],"['en:e412', 'en:e417', 'en:e420', 'en:e471']",203.0,8.3,5.7,17.0,0.5,2.9,0.6
Glace Citron de Sicile,8711327615274,"['en:desserts', 'en:frozen-foods', 'en:frozen-desserts', 'en:ice-creams-and-sorbets', 'en:ice-creams', 'en:sorbets']",3,[],"['en:e412', 'en:e417', 'en:e440']",83.0,0.5,0.1,16.0,0.5,0.5,0.02
Magnum Glace Bâtonnet Wonder Chocolat Blanc Caramélisé 3x90ml,8711327622708,"['en:desserts', 'en:frozen-foods', 'en:frozen-desserts', 'en:ice-creams-and-sorbets', 'en:ice-creams', 'en:ice-cream-bars', 'en:ice-cream-bars-coated-with-chocolate']",7,[],"['en:e160', 'en:e322', 'en:e407', 'en:e412', 'en:e417', 'en:e471', 'en:e476']",244.0,15.0,9.2,20.0,0.5,3.4,0.15
Ben & Jerry's Glace en Pot Sundae Marshmallow & S'more 427ml,8711327626638,"['en:desserts', 'en:frozen-foods', 'en:frozen-desserts', 'en:ice-creams-and-sorbets', 'en:ice-creams', 'en:ice-cream-tubs', 'en:luxury-ice-cream-in-a-cup']",9,[],"['en:e14xx', 'en:e170', 'en:e170i', 'en:e290', 'en:e296', 'en:e322', 'en:e407', 'en:e412', 'en:e440', 'en:e500', 'en:e500ii']",188.0,8.7,5.9,19.0,,2.8,0.19
Twister mini Tropical,8711327626997,"['en:desserts', 'en:frozen-foods', 'en:frozen-desserts', 'en:ice-creams-and-sorbets', 'en:ice-creams', 'en:ice-cream-bars', 'en:ice-pops']",6,[],"['en:e100', 'en:e160a', 'en:e330', 'en:e412', 'en:e417', 'en:e471']",103.0,0.8,0.5,17.0,1.0,0.5,0.02
Euphoria,8711327622289,"['en:desserts', 'en:frozen-foods', 'en:frozen-desserts', 'en:ice-creams-and-sorbets', 'en:ice-creams', 'en:ice-cream-bars']",9,[],"['en:e163', 'en:e290', 'en:e322', 'en:e330', 'en:e407', 'en:e410', 'en:e412', 'en:e417', 'en:e471']",309.0,17.3,11.7,28.8,,3.74,0.14
L'ensoleillée mangue ananas coco,3270160739066,"['en:desserts', 'en:frozen-foods', 'en:frozen-desserts', 'en:ice-creams-and-sorbets', 'en:ice-creams', 'en:ice-cream-bars', 'en:sorbets', 'en:multifruit-sorbets']",1,[],['en:e412'],90.0,1.2,1.0,18.0,1.0,0.5,0.1
Peanut butter & Canadian maple syrup,5900130031279,"['en:desserts', 'en:frozen-foods', 'en:frozen-desserts', 'en:ice-creams-and-sorbets', 'en:ice-creams', 'en:ice-cream-bars', 'en:ice-cream-bars-coated-with-chocolate']",7,[],"['en:e14xx', 'en:e330', 'en:e339', 'en:e412', 'en:e415', 'en:e471', 'en:e476']",365.0,22.0,12.0,31.0,1.0,4.7,0.26
Extrême Menthe Chocolat Pépites de chocolat 6 x 71 g,7613035892811,"['en:desserts', 'en:frozen-foods', 'en:frozen-desserts', 'en:ice-creams-and-sorbets', 'en:ice-creams', 'en:ice-cream-cones']",5,[],"['en:e14xx', 'en:e322', 'en:e322i', 'en:e412', 'en:e471']",287.0,13.0,7.9,28.0,2.0,2.9,0.15
Bueno Eis-Waffel Classic 4er-Pack,8000500384664,"['en:desserts', 'en:frozen-foods', 'en:frozen-desserts', 'en:ice-creams-and-sorbets', 'en:ice-creams', 'en:ice-cream-cones']",5,[],"['en:e322', 'en:e322i', 'en:e412', 'en:e471', 'en:e503', 'en:e503ii']",353.0,20.3,10.3,26.3,,6.61,0.334
Magnum vegan,8714100658420,"['en:plant-based-foods-and-beverages', 'en:dairy-substitutes', 'en:desserts', 'en:frozen-foods', 'en:frozen-desserts', 'en:ice-creams-and-sorbets', 'en:ice-creams', 'en:ice-cream-bars', 'en:plant-based-ice-creams', 'en:plant-based-ice-cream-bars']",6,[],"['en:e160a', 'en:e322', 'en:e322i', 'en:e407', 'en:e410', 'en:e412', 'en:e471']",224.0,13.6,9.2,18.5,,1.2,0.0875
Biscoff Ice Cream Schoko,5410126017007,"['en:snacks', 'en:desserts', 'en:sweet-snacks', 'en:frozen-foods', 'en:frozen-desserts', 'en:bars', 'en:ice-creams-and-sorbets', 'en:ice-creams', 'en:frozen-bars', 'en:tiefkuhl-desserts', 'en:tiefkuhlprodukte']",6,[],"['en:e322', 'en:e322i', 'en:e330', 'en:e412', 'en:e471', 'en:e476', 'en:e500', 'en:e500ii']",440.0,29.0,13.0,33.0,0.7,3.4,0.375
Protein Ice Bar Choco Crisp,4056489411697,"['en:snacks', 'en:desserts', 'en:frozen-foods', 'en:sweet-snacks', 'en:frozen-desserts', 'en:ice-creams-and-sorbets', 'en:bars', 'en:ice-creams', 'en:ice-cream-candy-chocolate-bars']",10,[],"['en:e1200', 'en:e322', 'en:e407', 'en:e410', 'en:e412', 'en:e440', 'en:e471', 'en:e476', 'en:e960a', 'en:e967']",290.0,14.4,8.6,22.4,2.8,10.0,0.26
Сладолед с вкус на пъпеш,20128197,"['en:desserts', 'en:frozen-foods', 'en:frozen-desserts', 'en:ice-creams-and-sorbets', 'en:ice-creams']",6,[],"['en:e14xx', 'en:e202', 'en:e330', 'en:e410', 'en:e412', 'en:e471']",182.0,8.3,7.2,23.0,0.0,2.3,0.1
Cool & Zero,8606018614998,"['en:snacks', 'en:desserts', 'en:sweet-snacks', 'en:frozen-foods', 'en:bars', 'en:frozen-desserts', 'en:ice-creams-and-sorbets', 'en:ice-creams', 'en:chocolate-coated-ice-cream']",6,[],"['en:e322', 'en:e410', 'en:e412', 'en:e420', 'en:e471', 'en:e965']",249.0,22.0,14.0,6.3,9.7,3.9,0.88
Glace vanille de Madagascar,26016757,"['en:desserts', 'en:frozen-foods', 'en:frozen-desserts', 'en:ice-creams-and-sorbets', 'en:ice-creams', 'en:ice-cream-tubs', 'en:vanilla-ice-cream-tubs']",2,[],"['en:e412', 'en:e471']",175.0,7.4,4.9,22.0,2.8,3.4,0.2
Waffle cone,4088600389615,"['en:desserts', 'en:frozen-foods', 'en:frozen-desserts', 'en:ice-creams-and-sorbets', 'en:ice-creams', 'en:ice-cream-cones']",2,[],"['en:e322', 'en:e504']",406.0,5.2,3.8,29.5,4.8,6.9,0.18
RASPBERRIES IN WHITE & MILK CHOCOLATE,8437020396011,"['en:snacks', 'en:desserts', 'en:frozen-foods', 'en:sweet-snacks', 'en:cocoa-and-its-products', 'en:confectioneries', 'en:frozen-desserts', 'en:chocolate-candies', 'en:ice-creams-and-sorbets', 'en:bonbons', 'en:fruit-confectioneries', 'en:chocolate-coated-fruits', 'en:ice-creams']",1,[],['en:e322'],360.0,21.6,0.0,33.6,1.2,5.2,0.0
Chocolate Salted Caramel,5060002043981,"['en:desserts', 'en:frozen-foods', 'en:frozen-desserts', 'en:ice-creams-and-sorbets', 'en:ice-creams', 'en:ice-cream-tubs']",0,[],[],165.0,6.3,1.3,21.0,,3.3,0.23
Delightful raspberry,8714100083529,"['en:plant-based-foods-and-beverages', 'en:dairy-substitutes', 'en:desserts', 'en:frozen-foods', 'en:vegan-products', 'en:frozen-desserts', 'en:non-dairy-desserts', 'en:ice-creams-and-sorbets', 'en:ice-creams', 'en:plant-based-ice-creams', 'en:ice-cream-tubs', 'en:berries-ice-cream-tubs']",6,[],"['en:e330', 'en:e407', 'en:e410', 'en:e412', 'en:e440', 'en:e471']",179.0,5.0,4.2,26.0,,0.9,0.18
Zero added sugar,4770175483156,"['en:desserts', 'en:frozen-foods', 'en:frozen-desserts', 'en:ice-creams-and-sorbets', 'en:ice-creams']",0,[],[],372.0,26.2,13.9,4.43,8.35,7.97,0.253
Cornetto,8711327591370,"['en:desserts', 'en:frozen-foods', 'en:frozen-desserts', 'en:ice-creams-and-sorbets', 'en:ice-creams']",0,[],[],326.0,20.0,14.0,23.0,,3.7,0.27
Haagen Dazs Vanilla Ice Cream,0074570004003,"['en:desserts', 'en:frozen-foods', 'en:frozen-desserts', 'en:ice-creams-and-sorbets', 'en:ice-creams', 'en:ice-cream-tubs', 'en:vanilla-ice-cream-tubs']",0,[],[],248.0,16.3,10.1,19.4,0.0,6.98,0.145
Quality Smoothie Mango 3 x (270ml),5010693601236,"['en:desserts', 'en:frozen-foods', 'en:frozen-desserts', 'en:ice-creams-and-sorbets', 'en:ice-creams']",9,[],"['en:e100', 'en:e160b', 'en:e330', 'en:e401', 'en:e410', 'en:e412', 'en:e440', 'en:e461', 'en:e466']",114.0,0.0,0.01,22.0,0.7,0.2,0.03
Sorbet Cacao intense 500G/750ml,3760039981226,"['en:desserts', 'en:frozen-foods', 'en:frozen-desserts', 'en:ice-creams-and-sorbets', 'en:ice-creams', 'en:sorbets']",1,[],['en:e440'],175.0,4.8,2.9,25.0,,3.6,0.01
Ice cream Almond & Java Vanilla,5900130030982,"['en:desserts', 'en:frozen-foods', 'en:frozen-desserts', 'en:ice-creams-and-sorbets', 'en:ice-creams', 'en:ice-cream-bars', 'en:ice-cream-bars-coated-with-chocolate', 'en:vanilla-ice-cream-bars-coated-with-milk-chocolate-and-almonds']",5,[],"['en:e322', 'en:e322i', 'en:e412', 'en:e471', 'en:e476']",370.0,23.0,13.0,29.0,1.3,5.3,0.17
Mini cônes vanille nougatine & chocolat nougatine,7613035468535,"['en:desserts', 'en:frozen-foods', 'en:frozen-desserts', 'en:ice-creams-and-sorbets', 'en:ice-creams', 'en:ice-cream-cones']",7,[],"['en:e101', 'en:e101i', 'en:e160', 'en:e322', 'en:e322i', 'en:e407a', 'en:e412', 'en:e471']",327.5,16.0,13.5,30.5,1.75,3.75,0.11
Extrême - Chocolat Pistache,7613035892866,"['en:desserts', 'en:frozen-foods', 'en:frozen-desserts', 'en:ice-creams-and-sorbets', 'en:ice-creams', 'en:ice-cream-cones', 'en:chocolate-pistachio-ice-cream-cones', 'fr:icecream']",8,[],"['en:e100', 'en:e141', 'en:e141i', 'en:e141ii', 'en:e150a', 'en:e322', 'en:e412', 'en:e471', 'en:e476']",281.0,13.0,9.3,27.0,1.4,3.3,0.1275
Ben & Jerry's Glace Mini Pots The Fan-Favourites Cool-lection 4x100ml,8711327318144,"['en:desserts', 'en:frozen-foods', 'en:frozen-desserts', 'en:ice-creams-and-sorbets', 'en:ice-creams', 'en:ice-cream-tubs', 'en:luxury-ice-cream-in-a-cup']",3,[],"['en:e322', 'en:e322i', 'en:e407', 'en:e412']",329.0,23.0,9.9,28.0,,6.8,0.39
Speculoos caramel biscuits & cream,3415581117011,"['en:desserts', 'en:frozen-foods', 'en:frozen-desserts', 'en:ice-creams-and-sorbets', 'en:ice-creams', 'en:ice-cream-tubs']",2,[],"['en:e322', 'en:e322i', 'en:e500', 'en:e500ii']",278.0,17.4,11.5,19.9,0.1,4.5,0.36
Crème glacée cookie dough chip,3415581154719,"['en:desserts', 'en:frozen-foods', 'en:frozen-desserts', 'en:ice-creams-and-sorbets', 'en:ice-creams', 'en:ice-cream-tubs']",2,[],"['en:e322', 'en:e322i', 'en:e500', 'en:e500ii']",293.0,18.7,11.7,21.7,0.4,4.2,0.25
Le Mystère,7613035009301,"['en:desserts', 'en:frozen-foods', 'en:frozen-desserts', 'en:ice-creams-and-sorbets', 'en:ice-creams', 'en:frozen-dessert-ice-cream-with-meringue']",7,[],"['en:e101', 'en:e101i', 'en:e1400', 'en:e160', 'en:e407a', 'en:e412', 'en:e415', 'en:e471']",254.0,12.0,6.3,29.0,2.9,3.3,0.12
Helado Almendrado,8480000640000,"['en:desserts', 'en:frozen-foods', 'en:frozen-desserts', 'en:ice-creams-and-sorbets', 'en:ice-creams', 'en:ice-cream-bars']",1,[],['en:e476'],324.0,19.3,11.3,30.9,,4.7,0.11
Sandwich de nata sin azúcares,8480000641472,"['en:desserts', 'en:frozen-foods', 'en:frozen-desserts', 'en:ice-creams-and-sorbets', 'en:ice-creams', 'en:ice-cream-sandwiches', 'en:sandwich-de-nata', 'en:sandwiches-de-helado']",11,[],"['en:e101', 'en:e101i', 'en:e1200', 'en:e322', 'en:e410', 'en:e428', 'en:e500', 'en:e503', 'en:e944', 'en:e955', 'en:e965', 'en:e968']",216.0,6.4,4.0,5.0,6.1,5.3,0.38
Cornetto Eis,8711327318373,"['en:desserts', 'en:frozen-foods', 'en:frozen-desserts', 'en:ice-creams-and-sorbets', 'en:ice-creams', 'en:ice-cream-cones', 'en:vanilla-ice-cream-cones']",6,[],"['en:e322', 'en:e407', 'en:e410', 'en:e412', 'en:e442', 'en:e471']",272.0,15.5,12.0,16.7,,2.67,0.146
Belgian Chocolate Ice Cream,20091972,"['en:desserts', 'en:frozen-foods', 'en:frozen-desserts', 'en:ice-creams-and-sorbets', 'en:ice-creams', 'en:ice-cream-tubs']",0,[],[],284.0,18.3,12.1,24.1,,4.2,0.00025
Super Twister,8000920402801,"['en:desserts', 'en:frozen-foods', 'en:frozen-desserts', 'en:ice-creams-and-sorbets', 'en:ice-creams', 'en:ice-pops']",4,[],"['en:e100', 'en:e160', 'en:e330', 'en:e412']",95.0,0.5,0.1,17.0,0.34,0.5,0.01
Vanilla Collection,3415581586718,"['en:desserts', 'en:frozen-foods', 'en:frozen-desserts', 'en:ice-creams-and-sorbets', 'en:ice-creams', 'en:ice-cream-tubs']",1,[],"['en:e500', 'en:e500ii']",251.0,17.0,10.4,18.8,0.1,4.3,0.46
Snickers Ice Cream,5000159460880,"['en:snacks', 'en:desserts', 'en:sweet-snacks', 'en:confectioneries', 'en:frozen-foods', 'en:frozen-desserts', 'en:bars', 'en:ice-creams-and-sorbets', 'en:ice-creams', 'en:ice-cream-candy-chocolate-bars']",5,[],"['en:e407', 'en:e410', 'en:e412', 'en:e471', 'en:e477']",341.0,20.0,9.5,25.0,,6.0,0.225
Maple Walnuts Eis,7613036170819,"['en:desserts', 'en:frozen-foods', 'en:frozen-desserts', 'en:ice-creams-and-sorbets', 'en:ice-creams', 'en:ice-cream-tubs']",2,[],"['en:e412', 'en:e471']",267.0,15.0,9.0,26.0,0.5,3.9,0.1
New York Cookies Cream,5900130036298,"['en:desserts', 'en:frozen-foods', 'en:frozen-desserts', 'en:ice-creams-and-sorbets', 'en:ice-creams', 'en:ice-cream-bars', 'en:ice-cream-bars-coated-with-chocolate']",6,[],"['en:e322', 'en:e322i', 'en:e412', 'en:e471', 'en:e476', 'en:e500']",366.0,21.0,12.0,29.0,1.8,5.1,0.4
Chocolat noir avec copeaux,3560071016685,"['en:desserts', 'en:frozen-foods', 'en:frozen-desserts', 'en:ice-creams-and-sorbets', 'en:ice-creams', 'en:ice-cream-tubs', 'en:chocolate-ice-cream-tubs']",3,[],"['en:e322', 'en:e322i', 'en:e412', 'en:e471']",224.0,11.0,7.1,23.0,2.5,4.0,0.14
Helado de vainilla tarrina,3560070461127,"['en:desserts', 'en:frozen-foods', 'en:frozen-desserts', 'en:ice-creams-and-sorbets', 'en:ice-creams', 'en:ice-cream-tubs', 'en:ice-cream-in-a-box', 'en:vanilla-ice-cream-tubs']",4,[],"['en:e160', 'en:e410', 'en:e412', 'en:e471']",180.0,8.0,7.2,22.0,0.5,2.6,0.17
Ice Cream (Classic),4056489375067,"['en:desserts', 'en:frozen-foods', 'en:frozen-desserts', 'en:ice-creams-and-sorbets', 'en:ice-creams', 'en:ice-cream-bars', 'en:ice-cream-bars-coated-with-chocolate', 'en:vanilla-ice-cream-bars-coated-with-milk-chocolate']",5,[],"['en:e322', 'en:e410', 'en:e412', 'en:e471', 'en:e476']",319.0,20.4,14.7,26.2,1.5,3.6,0.06
Ben & Jerry's Ice Cream STRAWBERRY_CHEESECAKE 465 ML,8711327374126,"['en:desserts', 'en:frozen-foods', 'en:frozen-desserts', 'en:ice-creams-and-sorbets', 'en:ice-creams', 'en:ice-cream-tubs', 'en:luxury-ice-cream-in-a-cup', 'en:strawberry-ice-cream-tubs']",6,[],"['en:e270', 'en:e322', 'en:e322i', 'en:e407', 'en:e412', 'en:e440', 'en:e500', 'en:e500ii']",217.0,12.0,6.6,21.0,0.5,2.9,0.25
gelatelli strawberry flavour-vanilla,20847425,"['en:desserts', 'en:frozen-foods', 'en:frozen-desserts', 'en:ice-creams-and-sorbets', 'en:ice-creams', 'en:ice-cream-cones', 'en:strawberry-vanilla-ice-cream-cones']",0,[],[],258.0,9.6,7.9,27.1,,3.2,0.09
Pralines & cream,12135300,"['en:desserts', 'en:frozen-foods', 'en:frozen-desserts', 'en:ice-creams-and-sorbets', 'en:ice-creams', 'en:ice-cream-tubs', 'en:luxury-ice-cream-in-a-cup']",0,[],[],263.0,15.0,9.1,27.5,0.2,4.0,0.3
Glace vanilla,12131100,"['en:desserts', 'en:frozen-foods', 'en:frozen-desserts', 'en:ice-creams-and-sorbets', 'en:ice-creams']",0,[],[],251.0,17.0,10.4,18.8,,4.3,0.18
Ben&Jerry's Karamel Sutra Core 465ml,8711327374171,"['en:desserts', 'en:frozen-foods', 'en:frozen-desserts', 'en:ice-creams-and-sorbets', 'en:ice-creams', 'en:luxury-ice-cream-in-a-cup', 'en:efterratter', 'en:fryst-mat', 'en:frysta-efterratter', 'en:glass', 'en:glass-och-sorbet']",4,[],"['en:e330', 'en:e407', 'en:e412', 'en:e440']",256.0,14.0,9.7,26.0,,4.1,0.1875
Dairy Vanilla,5026646020702,"['en:desserts', 'en:frozen-foods', 'en:frozen-desserts', 'en:ice-creams-and-sorbets', 'en:ice-creams', 'en:ice-cream-in-a-box']",4,[],"['en:e160a', 'en:e410', 'en:e412', 'en:e471']",212.0,11.9,7.7,18.5,0.5,6.9,0.07
Double chocolate ganache,3415583000922,"['en:desserts', 'en:frozen-foods', 'en:frozen-desserts', 'en:ice-creams-and-sorbets', 'en:ice-creams', 'en:ice-cream-tubs']",1,[],['en:e322'],286.0,18.3,10.8,24.8,1.5,4.2,0.15
Cookies & Cream,4056489792567,"['en:desserts', 'en:frozen-foods', 'en:frozen-desserts', 'en:ice-creams-and-sorbets', 'en:ice-creams']",1,[],['en:e503'],264.0,16.7,11.0,22.5,,4.0,0.34
"Magnum Glace Bâtonnet Mini Classic, Amande & Chocolat Blanc 10x55ml",8711327609464,"['en:desserts', 'en:frozen-foods', 'en:frozen-desserts', 'en:ice-creams-and-sorbets', 'en:ice-creams', 'en:ice-cream-bars', 'en:ice-cream-bars-coated-with-chocolate']",6,[],"['en:e160', 'en:e322', 'en:e407', 'en:e412', 'en:e417', 'en:e471']",343.0,21.0,13.0,29.0,1.1,4.8,0.1375
Magnum White Chocolate,8711327612945,"['en:desserts', 'en:frozen-foods', 'en:frozen-desserts', 'en:ice-creams-and-sorbets', 'en:ice-creams', 'en:ice-cream-bars', 'en:ice-cream-bars-coated-with-chocolate']",6,[],"['en:e160a', 'en:e322', 'en:e322i', 'en:e407', 'en:e412', 'en:e417', 'en:e471']",310.0,19.0,13.0,28.0,,4.2,0.1675
Bac crème glacée chocolat noir,20348977,"['en:desserts', 'en:frozen-foods', 'en:frozen-desserts', 'en:ice-creams-and-sorbets', 'en:ice-creams', 'en:ice-cream-tubs', 'en:chocolate-ice-cream-tubs', 'sl:dairy-ice-cream']",3,[],"['en:e322', 'en:e412', 'en:e471']",223.0,11.0,9.1,22.5,3.0,4.4,0.03
Eisbecher,3415581187717,"['en:desserts', 'en:frozen-foods', 'en:frozen-desserts', 'en:ice-creams-and-sorbets', 'en:ice-creams', 'en:ice-cream-tubs']",0,[],[],267.0,15.7,10.1,24.8,0.3,4.3,0.2
Cookies and Cream,20091934,"['en:desserts', 'en:frozen-foods', 'en:frozen-desserts', 'en:ice-creams-and-sorbets', 'en:ice-creams', 'en:ice-cream-tubs']",2,[],"['en:e500', 'en:e503', 'en:e503i']",263.0,17.5,11.3,20.2,,4.0,0.16
Crème glacée Rhum raisins,3270160276455,"['en:desserts', 'en:frozen-foods', 'en:frozen-desserts', 'en:ice-creams-and-sorbets', 'en:ice-creams', 'en:ice-cream-tubs', 'en:rum-and-raisins-ice-cream-tubs']",3,[],"['en:e412', 'en:e415', 'en:e471']",181.0,6.0,4.3,22.0,1.0,2.6,0.1
Vanille Eis,8711327486485,"['en:desserts', 'en:frozen-foods', 'en:frozen-desserts', 'en:ice-creams-and-sorbets', 'en:ice-creams', 'en:ice-cream-tubs', 'en:vanilla-ice-cream-tubs']",3,[],"['en:e160a', 'en:e412', 'en:e471']",184.0,7.4,6.7,19.0,,2.0,0.11
Calippo parfum cola,8000920461235,"['en:desserts', 'en:frozen-foods', 'en:frozen-desserts', 'en:ice-creams-and-sorbets', 'en:ice-creams', 'en:ice-pops']",4,[],"['en:e150', 'en:e330', 'en:e334', 'en:e417']",83.0,0.5,0.1,17.0,0.0,0.5,0.01
Triple taste ice cream,20107338,"['en:desserts', 'en:frozen-foods', 'en:frozen-desserts', 'en:ice-creams-and-sorbets', 'en:ice-creams', 'en:ice-cream-tubs']",4,[],"['en:e160', 'en:e330', 'en:e412', 'en:e471']",172.0,7.0,6.4,19.7,,1.6,0.03
"Crème glacée Vanille
A la vanille de Madagascar",3222477082014,"['en:desserts', 'en:frozen-foods', 'en:frozen-desserts', 'en:ice-creams-and-sorbets', 'en:ice-creams', 'en:ice-cream-tubs', 'en:vanilla-ice-cream-tubs']",3,[],"['en:e160', 'en:e412', 'en:e471']",184.0,8.4,5.6,21.0,0.0,2.0,0.14
High protein cookies & cream,4056489238621,"['en:desserts', 'en:frozen-foods', 'en:frozen-desserts', 'en:ice-creams-and-sorbets', 'en:ice-creams', 'en:ice-cream-tubs']",4,[],"['en:e410', 'en:e412', 'en:e471', 'en:e960']",124.0,3.7,2.7,9.3,2.8,7.2,0.225
Cocos,8480000641663,"['en:desserts', 'en:frozen-foods', 'en:frozen-desserts', 'en:ice-creams-and-sorbets', 'en:ice-creams']",4,[],"['en:e407', 'en:e410', 'en:e412', 'en:e471']",214.0,12.0,9.3,21.2,0.7,3.3,0.1
Crème de Vanille,3250391997688,"['en:plant-based-foods-and-beverages', 'en:plant-based-foods', 'en:condiments', 'en:desserts', 'en:frozen-foods', 'en:frozen-desserts', 'en:spices', 'en:ice-creams-and-sorbets', 'en:ice-creams', 'en:ice-cream-tubs', 'en:vanilla', 'en:vanilla-ice-cream-tubs', 'fr:cremes-glaces']",4,[],"['en:e160a', 'en:e407', 'en:e412', 'en:e471']",200.0,10.3,8.0,21.3,0.5,2.9,0.16
cônes pistache et chocolat,20459703,"['en:desserts', 'en:frozen-foods', 'en:frozen-desserts', 'en:ice-creams-and-sorbets', 'en:ice-creams', 'en:ice-cream-cones', 'en:chocolate-pistachio-ice-cream-cones']",3,[],"['en:e322', 'en:e322i', 'en:e412', 'en:e471']",285.0,12.7,9.7,28.2,,4.0,0.1
Magnum Bâtonnets de Glace ALMOND 90 ML,8714100658277,"['en:plant-based-foods-and-beverages', 'en:dairy-substitutes', 'en:desserts', 'en:frozen-foods', 'en:frozen-desserts', 'en:ice-creams-and-sorbets', 'en:ice-creams', 'en:ice-cream-bars', 'en:plant-based-ice-creams', 'en:plant-based-ice-cream-bars']",2,[],"['en:e322', 'en:e322i', 'en:e412']",238.0,15.1,8.9,17.8,,2.0,0.075
Pistache - Crème glacée Fou,3270160342242,"['en:desserts', 'en:frozen-foods', 'en:frozen-desserts', 'en:ice-creams-and-sorbets', 'en:ice-creams', 'en:ice-cream-tubs', 'en:pistachio-ice-cream-tubs']",2,[],"['en:e412', 'en:e471']",187.0,11.0,5.7,18.0,0.7,4.3,0.13
Premium Minze,20348953,"['en:desserts', 'en:frozen-foods', 'en:frozen-desserts', 'en:ice-creams-and-sorbets', 'en:ice-creams']",5,[],"['en:e141', 'en:e141i', 'en:e322', 'en:e322i', 'en:e412', 'en:e471']",220.0,10.1,6.7,25.5,,3.3,0.06
Helados de mango,8480000642202,"['en:desserts', 'en:frozen-foods', 'en:frozen-desserts', 'en:ice-creams-and-sorbets', 'en:ice-creams', 'en:ice-pops']",4,[],"['en:e100', 'en:e330', 'en:e407', 'en:e412']",100.0,0.0,0.0,18.2,,0.0,0.026
Nata choco,8480000707116,"['en:desserts', 'en:frozen-foods', 'en:frozen-desserts', 'en:ice-creams-and-sorbets', 'en:ice-creams', 'es:alimentos-congelados', 'es:gelado', 'es:gelados-e-sorvetes', 'es:sobremesas', 'es:sobremesas-congeladas']",4,[],"['en:e322', 'en:e322i', 'en:e407', 'en:e412']",251.0,14.9,11.9,25.0,0.8,3.2,0.12
,5410126577006,"['en:snacks', 'en:desserts', 'en:sweet-snacks', 'en:frozen-foods', 'en:frozen-desserts', 'en:ice-creams-and-sorbets', 'en:ice-creams', 'en:ice-cream-bars', 'fr:cones-et-batonnets-surgeles']",0,[],[],436.0,29.0,13.0,33.0,0.3,3.3,0.41
Glace Ice Cream Adventure Milk chocolate & italian roasted hazelnut x 4,5900130038674,"['en:desserts', 'en:frozen-foods', 'en:frozen-desserts', 'en:ice-creams-and-sorbets', 'en:ice-creams', 'en:ice-cream-bars', 'en:ice-cream-bars-coated-with-chocolate']",5,[],"['en:e14xx', 'en:e322', 'en:e322i', 'en:e412', 'en:e471', 'en:e476']",366.0,23.0,12.0,27.0,2.0,4.8,0.14
Magnum,8711327574991,"['en:desserts', 'en:frozen-foods', 'en:frozen-desserts', 'en:ice-creams-and-sorbets', 'en:ice-creams', 'en:ice-cream-bars']",7,[],"['en:e160a', 'en:e322', 'en:e407', 'en:e410', 'en:e412', 'en:e471', 'en:e476']",231.0,14.0,9.8,20.0,,2.5,4.925
Glace macaron chocolat,3415583000717,"['en:desserts', 'en:frozen-foods', 'en:frozen-desserts', 'en:ice-creams-and-sorbets', 'en:ice-creams', 'en:ice-cream-tubs']",2,[],"['en:e322', 'en:e322i']",286.0,18.0,10.8,25.1,1.5,4.5,0.17
Mini double chocolate,8711327578340,"['en:desserts', 'en:frozen-foods', 'en:frozen-desserts', 'en:ice-creams-and-sorbets', 'en:ice-creams', 'en:ice-cream-bars', 'en:ice-cream-bars-coated-with-chocolate']",7,[],"['en:e14xx', 'en:e407', 'en:e412', 'en:e417', 'en:e442', 'en:e471', 'en:e476']",338.0,18.0,12.0,25.0,,3.4,0.08
Magnum Glace Bâtonnet Caramel Salé & Amandes Caramélisées 3x90ml,8711327391475,"['en:desserts', 'en:frozen-foods', 'en:frozen-desserts', 'en:ice-creams-and-sorbets', 'en:ice-creams', 'en:ice-cream-bars', 'en:icecream']",5,[],"['en:e322', 'en:e407', 'en:e412', 'en:e417', 'en:e471']",266.0,16.0,11.0,21.0,0.0,3.0,0.33
Honeycomb Crunch,5026646000452,"['en:desserts', 'en:frozen-foods', 'en:frozen-desserts', 'en:ice-creams-and-sorbets', 'en:ice-creams']",0,[],[],229.0,11.0,7.2,22.1,0.3,3.4,0.1775
Twister Monstaahh 4er-Pack,8711327579576,"['en:desserts', 'en:frozen-foods', 'en:frozen-desserts', 'en:ice-creams-and-sorbets', 'en:ice-creams', 'en:ice-cream-bars', 'en:ice-pops', 'de:fruchteis']",0,[],[],91.0,0.5,0.1,16.0,1.0,0.5,0.01
Almond proteín ice cream,4056489576273,"['en:desserts', 'en:frozen-foods', 'en:frozen-desserts', 'en:ice-creams-and-sorbets', 'en:ice-creams', 'en:ice-cream-bars', 'en:ice-cream-bars-coated-with-chocolate']",10,[],"['en:e1200', 'en:e160b', 'en:e322', 'en:e407', 'en:e410', 'en:e412', 'en:e471', 'en:e960', 'en:e965', 'en:e968']",326.0,20.0,12.0,25.0,1.1,10.0,0.1475
Ben & Jerry's Glace en Pot Sundae Choco-lotta Cheesecake 427ml,8711327590434,"['en:desserts', 'en:frozen-foods', 'en:frozen-desserts', 'en:ice-creams-and-sorbets', 'en:ice-creams', 'en:luxury-ice-cream-in-a-cup', 'en:sundae-ice-cream']",7,[],"['en:e270', 'en:e322', 'en:e407', 'en:e412', 'en:e440', 'en:e500', 'en:e500ii', 'en:e503', 'en:e503ii']",225.0,13.0,7.8,22.0,,3.2,0.18
Nuii Salted Caramel & Australian Macadamia Ice Cream,5900130030692,"['en:snacks', 'en:desserts', 'en:frozen-foods', 'en:sweet-snacks', 'en:frozen-desserts', 'en:ice-creams-and-sorbets', 'en:ice-creams', 'en:ice-cream-bars', 'en:ice-cream-bars-coated-with-chocolate']",7,[],"['en:e322', 'en:e410', 'en:e412', 'en:e415', 'en:e440', 'en:e471', 'en:e476']",360.0,21.0,12.0,31.0,0.8,3.8,0.28
"Eis, Snickers",5000159548496,"['en:snacks', 'en:desserts', 'en:sweet-snacks', 'en:cocoa-and-its-products', 'en:confectioneries', 'en:frozen-foods', 'en:chocolate-candies', 'en:frozen-desserts', 'en:bars', 'en:ice-creams-and-sorbets', 'en:ice-creams', 'en:ice-cream-bars', 'en:frozen-bars']",4,[],"['en:e401', 'en:e407', 'en:e412', 'en:e471']",382.0,22.7,11.6,27.3,,6.71,0.26
Rich salted caramel,8711327535138,"['en:desserts', 'en:frozen-foods', 'en:frozen-desserts', 'en:ice-creams-and-sorbets', 'en:ice-creams', 'en:ice-cream-in-a-box']",5,[],"['en:e150b', 'en:e410', 'en:e412', 'en:e420', 'en:e471']",198.0,7.3,6.6,22.0,,3.0,0.57
chocolate ice cream,0074570014002,"['en:desserts', 'en:frozen-foods', 'en:frozen-desserts', 'en:ice-creams-and-sorbets', 'en:ice-creams', 'en:ice-cream-tubs', 'en:chocolate-ice-cream-tubs']",0,[],[],240.0,16.3,10.1,19.4,0.775,4.65,0.126
Madagascan Vanilla,5060081116255,"['en:desserts', 'en:frozen-foods', 'en:frozen-desserts', 'en:ice-creams-and-sorbets', 'en:ice-creams', 'en:ice-cream-tubs']",3,[],"['en:e410', 'en:e412', 'en:e471']",117.0,5.3,4.8,0.0095,,0.7,0.08
,4056489792475,"['en:desserts', 'en:frozen-foods', 'en:frozen-desserts', 'en:ice-creams-and-sorbets', 'en:ice-creams', 'en:ice-cream-bars']",4,[],"['en:e101', 'en:e101i', 'en:e160', 'en:e330', 'en:e412']",88.0,0.0,0.0,21.5,0.1,0.1,0.0
Ben & Jerry's Glace en Pot Citron Miel Caramel Sunny Honey Home 465ml,8711327613812,"['en:desserts', 'en:frozen-foods', 'en:frozen-desserts', 'en:ice-creams-and-sorbets', 'en:ice-creams', 'en:ice-cream-tubs', 'en:luxury-ice-cream-in-a-cup']",4,[],"['en:e322', 'en:e407', 'en:e412', 'en:e500', 'en:e500ii']",217.0,12.0,8.2,19.0,,3.3,0.18
Vanilla bean ice cream,0072609741851,"['en:desserts', 'en:frozen-foods', 'en:frozen-desserts', 'en:ice-creams-and-sorbets', 'en:ice-creams', 'en:ice-cream-tubs']",4,[],"['en:e322', 'en:e322i', 'en:e410', 'en:e412', 'en:e415']",225.0,13.5,8.99,21.3,,3.37,0.112
,5903021301734,"['en:desserts', 'en:frozen-foods', 'en:frozen-desserts', 'en:ice-creams-and-sorbets', 'en:ice-creams']",6,[],"['en:e150c', 'en:e153', 'en:e322', 'en:e410', 'en:e412', 'en:e471']",196.0,8.4,6.0,17.0,2.5,3.2,0.0975
Swirly Pistachi-oh!,8053178940045,"['en:desserts', 'en:frozen-foods', 'en:frozen-desserts', 'en:ice-creams-and-sorbets', 'en:ice-creams']",11,[],"['en:e1200', 'en:e141', 'en:e141ii', 'en:e14xx', 'en:e322', 'en:e401', 'en:e410', 'en:e412', 'en:e471', 'en:e570', 'en:e960a', 'en:e968']",148.0,4.7,2.6,15.0,11.0,4.0,0.29
Eis Bourbon Vanille,8711327631229,"['en:desserts', 'en:frozen-foods', 'en:frozen-desserts', 'en:ice-creams-and-sorbets', 'en:ice-creams']",4,[],"['en:e160a', 'en:e412', 'en:e417', 'en:e471']",184.0,7.4,6.7,19.0,,2.0,0.11
Twister cosmixx,8711327628007,"['en:desserts', 'en:frozen-foods', 'en:frozen-desserts', 'en:ice-creams-and-sorbets', 'en:ice-creams', 'en:sorbets']",0,[],[],97.0,0.5,0.1,16.0,1.4,0.5,0.02
bonbon. Gold Caramel Billionaire,8711327639942,"['en:desserts', 'en:frozen-foods', 'en:frozen-desserts', 'en:ice-creams-and-sorbets', 'en:ice-creams']",6,[],"['en:e407', 'en:e410', 'en:e412', 'en:e417', 'en:e471', 'en:e476']",356.0,20.0,12.0,33.0,,5.2,0.4425
Mars glacé caramel au beurre salé x6,5000159443753,"['en:snacks', 'en:desserts', 'en:sweet-snacks', 'en:frozen-foods', 'en:bars', 'en:frozen-desserts', 'en:ice-creams-and-sorbets', 'en:ice-creams', 'en:frozen-bars', 'en:frozen-candy-chocolate-bars']",6,[],"['en:e150a', 'en:e322', 'en:e322i', 'en:e407', 'en:e410', 'en:e412', 'en:e471']",265.0,14.0,8.5,25.0,,3.1,0.36
Crème glacée Caramel beurre salé 450G/750ml,3760039982087,"['en:desserts', 'en:frozen-foods', 'en:frozen-desserts', 'en:ice-creams-and-sorbets', 'en:ice-creams', 'en:ice-cream-tubs', 'fr:glaces-au-caramel']",2,[],"['en:e412', 'en:e471']",190.0,8.8,6.0,19.0,,3.3,0.13
Nanuk,20212933,"['en:plant-based-foods-and-beverages', 'en:dairy-substitutes', 'en:desserts', 'en:frozen-foods', 'en:frozen-desserts', 'en:ice-creams-and-sorbets', 'en:ice-creams', 'en:ice-cream-bars', 'en:plant-based-ice-creams', 'en:plant-based-ice-cream-bars']",4,[],"['en:e160', 'en:e330', 'en:e407', 'en:e412']",73.0,0.0,0.0,17.5,,0.0,0.03
Magnum Glace Bâtonnet Mini Double Gold Caramel Billionaire 6x55ml,8711327485082,"['en:desserts', 'en:frozen-foods', 'en:frozen-desserts', 'en:ice-creams-and-sorbets', 'en:ice-creams', 'en:ice-cream-bars', 'en:ice-cream-bars-coated-with-chocolate']",8,[],"['en:e322', 'en:e407', 'en:e410', 'en:e412', 'en:e417', 'en:e471', 'en:e476', 'en:e500']",293.0,16.0,11.0,26.0,0.5,4.0,0.27
Erdbeer-Vanille Hörnchen,20294564,"['en:desserts', 'en:frozen-foods', 'en:frozen-desserts', 'en:ice-creams-and-sorbets', 'en:ice-creams', 'en:ice-cream-cones']",6,[],"['en:e322', 'en:e322i', 'en:e330', 'en:e401', 'en:e412', 'en:e440', 'en:e471']",310.0,17.0,12.3,29.9,0.0,3.4,0.0875
,8000920401187,"['en:desserts', 'en:frozen-foods', 'en:frozen-desserts', 'en:ice-creams-and-sorbets', 'en:ice-creams', 'en:ice-pops']",4,[],"['en:e100', 'en:e141', 'en:e141ii', 'en:e330', 'en:e417']",85.0,0.5,0.5,16.0,,0.5,0.013
Snickers Ice Cream Bar,5000159343961,"['en:snacks', 'en:desserts', 'en:sweet-snacks', 'en:frozen-foods', 'en:frozen-desserts', 'en:bars', 'en:ice-creams-and-sorbets', 'en:ice-creams', 'en:frozen-bars', 'en:ice-cream-candy-chocolate-bars']",5,[],"['en:e407', 'en:e410', 'en:e412', 'en:e471', 'en:e477']",341.0,19.0,10.0,26.0,,5.0,0.22
LOTUS BISCOFF Glace Bâtonnets - Speculoos Chocolat au lait - 284g (4x90ml),5410126037005,"['en:dairies', 'en:desserts', 'en:frozen-foods', 'en:creams', 'en:frozen-desserts', 'en:ice-creams-and-sorbets', 'en:ice-creams', 'en:ice-cream-bars', 'en:frozen-creams', 'fr:cones-et-batonnets-surgeles']",7,[],"['en:e322', 'en:e322i', 'en:e330', 'en:e412', 'en:e471', 'en:e476', 'en:e500', 'en:e500ii']",440.0,29.0,13.0,33.0,0.7,3.4,0.37
Fusées aux fruits,3270160731176,"['en:desserts', 'en:frozen-foods', 'en:frozen-desserts', 'en:ice-creams-and-sorbets', 'en:ice-creams']",1,[],['en:e412'],79.0,0.5,0.1,18.0,0.5,0.5,0.0
Nougat glacés,3270160585151,"['en:snacks', 'en:desserts', 'en:sweet-snacks', 'en:confectioneries', 'en:frozen-foods', 'en:frozen-desserts', 'en:ice-creams-and-sorbets', 'en:ice-creams', 'en:ice-cream-tubs', 'en:iced-nougat', 'en:nougat-ice-cream-tubs']",2,[],"['en:e330', 'en:e406']",345.0,21.7,11.6,28.0,2.8,6.2,0.1
Cornetto Glace à l'Italienne Vanille & Cacao 4x140ml,8711327489448,"['en:desserts', 'en:frozen-foods', 'en:frozen-desserts', 'en:ice-creams-and-sorbets', 'en:ice-creams', 'en:ice-cream-cones']",6,[],"['en:e322', 'en:e407', 'en:e412', 'en:e417', 'en:e442', 'en:e471']",155.0,6.7,5.7,15.0,1.8,1.8,0.12
"Fusées goûts citron, orange et framboise",3596710314454,"['en:desserts', 'en:frozen-foods', 'en:frozen-desserts', 'en:ice-creams-and-sorbets', 'en:ice-creams', 'en:ice-pops']",2,[],"['en:e100', 'en:e412']",78.0,0.5,0.1,19.0,0.5,0.5,0.01
Glace pistache chocolat & amandes,3274664208110,"['en:desserts', 'en:frozen-foods', 'en:frozen-desserts', 'en:ice-creams-and-sorbets', 'en:ice-creams', 'en:ice-cream-bars', 'en:ice-cream-tubs', 'en:ice-cream-bars-coated-with-chocolate', 'en:pistachio-ice-cream-tubs', 'fr:esquimau']",3,[],"['en:e322', 'en:e322i', 'en:e412', 'en:e471']",355.0,22.0,13.0,29.0,2.1,4.9,0.22
Glace Parfum Vanille,3450970001977,"['en:desserts', 'en:frozen-foods', 'en:frozen-desserts', 'en:ice-creams-and-sorbets', 'en:ice-creams', 'en:ice-cream-tubs', 'en:vanilla-ice-cream-tubs']",0,[],[],163.0,7.5,6.7,22.0,,1.9,1.0
Helado Turrón,8480000644459,"['en:desserts', 'en:frozen-foods', 'en:frozen-desserts', 'en:ice-creams-and-sorbets', 'en:ice-creams', 'en:ice-cream-tubs']",5,[],"['en:e150', 'en:e407', 'en:e410', 'en:e412', 'en:e471']",282.0,16.0,6.2,27.0,,6.2,0.2
Oasis sorbet fraise citron framboise,3274664206352,"['en:desserts', 'en:frozen-foods', 'en:frozen-desserts', 'en:ice-creams-and-sorbets', 'en:ice-creams', 'en:sorbets', 'en:raspberry-sorbets']",2,[],"['en:e415', 'en:e461']",114.0,0.5,0.1,21.0,0.5,0.5,0.05
Sorbets-lollies mini,3760124195613,"['en:desserts', 'en:frozen-foods', 'en:frozen-desserts', 'en:ice-creams-and-sorbets', 'en:ice-creams', 'en:ice-cream-bars', 'en:sorbets']",0,[],[],95.0,0.5,0.0,22.0,,0.5,0.01
Magnum Glace Bâtonnet Deluxe Framboise 4x85ml,8711327579644,"['en:desserts', 'en:frozen-foods', 'en:frozen-desserts', 'en:ice-creams-and-sorbets', 'en:ice-creams', 'en:ice-cream-bars', 'en:ice-cream-bars-coated-with-chocolate']",10,[],"['en:e14xx', 'en:e330', 'en:e331', 'en:e407', 'en:e412', 'en:e417', 'en:e440', 'en:e442', 'en:e471', 'en:e476']",271.0,16.0,11.0,22.0,,2.6,0.11
Helado de Vainilla de Madagascar,8711327544772,"['en:desserts', 'en:frozen-foods', 'en:frozen-desserts', 'en:ice-creams-and-sorbets', 'en:ice-creams', 'en:ice-cream-tubs', 'en:vanilla-ice-cream-tubs']",4,[],"['en:e410', 'en:e412', 'en:e417', 'en:e471']",195.0,7.5,6.7,22.0,,2.1,0.11
idéal glace,6111180003768,"['en:desserts', 'en:frozen-foods', 'en:frozen-desserts', 'en:ice-creams-and-sorbets', 'en:ice-creams']",0,[],[],511.0,22.87,22.87,63.3,,2.25,0.0
Little Jude's milk lollies,5060081112639,"['en:desserts', 'en:frozen-foods', 'en:frozen-desserts', 'en:ice-creams-and-sorbets', 'en:ice-creams', 'en:variety-packs', 'en:ice-cream-bars', 'en:frozen-yogurts', 'en:ice-cream-bar-variety-packs']",3,[],"['en:e410', 'en:e412', 'en:e440']",108.0,2.5,1.8,9.9,,2.4,0.12
Giannis Real Diary Ice Cream Traditional,4088600007304,"['en:desserts', 'en:frozen-foods', 'en:frozen-desserts', 'en:ice-creams-and-sorbets', 'en:ice-creams']",4,[],"['en:e407', 'en:e410', 'en:e412', 'en:e471']",171.0,7.5,4.6,20.0,0.5,3.5,0.14
Vanilla Bean Ice Cream,0074570650576,"['en:desserts', 'en:frozen-foods', 'en:frozen-desserts', 'en:ice-creams-and-sorbets', 'en:ice-creams', 'en:ice-cream-tubs']",0,[],[],271.0,17.8,10.9,21.7,,3.88,0.126
Cornish Dairy Ice Cream,00333047,"['en:desserts', 'en:frozen-foods', 'en:frozen-desserts', 'en:ice-creams-and-sorbets', 'en:ice-creams', 'en:ice-cream-in-a-box']",4,[],"['en:e160a', 'en:e410', 'en:e412', 'en:e471']",166.0,7.7,5.5,16.4,0.5,3.5,0.15
Bio organic ice cream hazelnut,4056489471219,"['en:desserts', 'en:frozen-foods', 'en:frozen-desserts', 'en:ice-creams-and-sorbets', 'en:ice-creams', 'en:ice-cream-tubs', 'en:hazelnut-ice-cream-tubs']",0,[],[],212.0,11.0,7.6,24.0,,4.0,0.15
Haagen Dazs Strawberry Ice Cream 14 oz,0074570024001,"['en:desserts', 'en:frozen-foods', 'en:frozen-desserts', 'en:ice-creams-and-sorbets', 'en:ice-creams', 'en:ice-cream-tubs', 'en:strawberry-ice-cream-tubs']",0,[],[],226.0,14.3,9.02,21.1,0.752,3.76,0.113
Schokoladeneis,4056489657149,"['en:desserts', 'en:frozen-foods', 'en:frozen-desserts', 'en:ice-creams-and-sorbets', 'en:ice-creams', 'en:ice-cream-tubs', 'en:chocolate-ice-cream-tubs']",3,[],"['en:e322', 'en:e412', 'en:e471']",243.0,13.9,11.6,21.2,2.4,3.7,0.06
Panna e pistacchi dell’Anatolia,5900130036335,"['en:desserts', 'en:frozen-foods', 'en:frozen-desserts', 'en:ice-creams-and-sorbets', 'en:ice-creams', 'en:ice-cream-bars', 'en:ice-cream-bars-coated-with-chocolate']",5,[],"['en:e322', 'en:e410', 'en:e412', 'en:e471', 'en:e476']",344.0,19.7,10.7,28.2,0.704,5.63,0.345
Chocolat blanc fraise,8711327608153,"['en:desserts', 'en:frozen-foods', 'en:frozen-desserts', 'en:ice-creams-and-sorbets', 'en:ice-creams', 'en:ice-cream-bars', 'en:ice-cream-bars-coated-with-chocolate']",6,[],"['en:e322', 'en:e330', 'en:e407', 'en:e412', 'en:e417', 'en:e471']",233.0,13.0,9.2,21.0,,3.1,0.11
Bourbon Vanille,8711327630895,"['en:desserts', 'en:frozen-foods', 'en:frozen-desserts', 'en:ice-creams-and-sorbets', 'en:ice-creams', 'en:ice-cream-tubs', 'en:vanilla-ice-cream-tubs']",4,[],"['en:e160a', 'en:e412', 'en:e417', 'en:e471']",186.0,7.5,6.7,19.0,,2.0,0.11
Magnum Glace Bâtonnet Mini Citron Euphoria 6x55ml,8711327622210,"['en:desserts', 'en:frozen-foods', 'en:frozen-desserts', 'en:ice-creams-and-sorbets', 'en:ice-creams', 'en:ice-cream-bars', 'en:ice-cream-bars-coated-with-chocolate']",8,[],"['en:e163', 'en:e290', 'en:e322', 'en:e330', 'en:e407', 'en:e412', 'en:e417', 'en:e471']",251.0,14.0,9.6,23.0,0.5,3.1,0.12
After Dinner,8711327624917,"['en:desserts', 'en:frozen-foods', 'en:frozen-desserts', 'en:ice-creams-and-sorbets', 'en:ice-creams', 'en:ice-cream-bars']",5,[],"['en:e160a', 'en:e322', 'en:e407', 'en:e410', 'en:e471']",347.0,23.0,16.0,28.0,,4.0,0.1375
Collection Pistachio,8711327610620,"['en:desserts', 'en:frozen-foods', 'en:frozen-desserts', 'en:ice-creams-and-sorbets', 'en:ice-creams', 'en:ice-cream-bars', 'en:ice-cream-bars-coated-with-chocolate']",8,[],"['en:e100', 'en:e141', 'en:e322', 'en:e407', 'en:e410', 'en:e412', 'en:e417', 'en:e471']",324.0,20.0,13.0,26.0,1.9,4.2,0.17
Nanuk s borůvkovými cookies,8711327622869,"['en:desserts', 'en:frozen-foods', 'en:frozen-desserts', 'en:ice-creams-and-sorbets', 'en:ice-creams']",6,[],"['en:e322', 'en:e330', 'en:e407', 'en:e410', 'en:e412', 'en:e500']",304.0,24.3,15.7,37.1,,2.29,0.0857
Vanilla caramel brownie,4056489792598,"['en:desserts', 'en:frozen-foods', 'en:frozen-desserts', 'en:ice-creams-and-sorbets', 'en:ice-creams', 'en:ice-cream-tubs']",2,[],"['en:e322', 'en:e500']",273.0,16.8,10.7,24.5,,3.9,0.22
Vanilla Collection,3415581586923,"['en:desserts', 'en:frozen-foods', 'en:frozen-desserts', 'en:ice-creams-and-sorbets', 'en:ice-creams', 'en:ice-cream-tubs']",0,[],[],263.0,16.4,0.0,0.0,0.1,4.0,0.2
Sticky Toffee Pudding Ice Cream,5060540310682,"['en:desserts', 'en:frozen-foods', 'en:frozen-desserts', 'en:ice-creams-and-sorbets', 'en:ice-creams', 'en:ice-cream-tubs']",0,[],[],173.0,6.6,4.9,18.0,,3.0,0.305
Magnum Glace Bâtonnet Mini Classic x6 330ml,8714100635674,"['en:desserts', 'en:frozen-foods', 'en:frozen-desserts', 'en:ice-creams-and-sorbets', 'en:ice-creams', 'en:ice-cream-bars', 'en:ice-cream-bars-coated-with-chocolate', 'en:vanilla-ice-cream-bars-coated-with-milk-chocolate']",7,[],"['en:e160a', 'en:e322', 'en:e322i', 'en:e407', 'en:e410', 'en:e412', 'en:e471', 'en:e476']",261.0,16.0,11.0,22.0,,2.7,0.1
Cônes Sorbets Citrons et Framboises,7613035452930,"['en:desserts', 'en:frozen-foods', 'en:frozen-desserts', 'en:ice-creams-and-sorbets', 'en:ice-creams', 'en:ice-cream-cones', 'en:sorbets', 'en:lemon-sorbets', 'en:raspberry-sorbets', 'fr:cones-et-batonnets-surgeles']",6,[],"['en:e322', 'en:e322i', 'en:e330', 'en:e415', 'en:e417', 'en:e440']",204.0,4.8,2.8,27.0,1.4,1.7,0.09
extrême Fraise-Vanille sauce aux fruits rouges x6,7613035888265,"['en:desserts', 'en:frozen-foods', 'en:frozen-desserts', 'en:ice-creams-and-sorbets', 'en:ice-creams', 'fr:triman']",11,[],"['en:e101', 'en:e101i', 'en:e14xx', 'en:e160', 'en:e322', 'en:e330', 'en:e331', 'en:e407a', 'en:e412', 'en:e422', 'en:e440', 'en:e471']",264.0,11.4,7.8,26.1,1.1,2.8,0.2
Cookies & Idaho valley mint,5900130031194,"['en:desserts', 'en:frozen-foods', 'en:frozen-desserts', 'en:ice-creams-and-sorbets', 'en:ice-creams', 'en:ice-cream-bars', 'fr:cones-et-batonnets-surgeles']",9,[],"['en:e322', 'en:e322i', 'en:e412', 'en:e471', 'en:e476', 'en:e500', 'en:e501', 'en:e503', 'en:e525']",380.0,22.0,13.0,32.0,1.1,4.2,0.22
"Cônes glacés, café et pépites au café 6 x 71 g",7613035892781,"['en:desserts', 'en:frozen-foods', 'en:frozen-desserts', 'en:ice-creams-and-sorbets', 'en:ice-creams', 'en:ice-cream-cones']",7,[],"['en:e322', 'en:e322i', 'en:e330', 'en:e412', 'en:e414', 'en:e440', 'en:e471']",276.0,11.0,8.2,29.0,1.2,3.2,0.14
Mandelstieleis,20348557,"['en:desserts', 'en:frozen-foods', 'en:frozen-desserts', 'en:ice-creams-and-sorbets', 'en:ice-creams', 'en:ice-cream-bars', 'en:ice-cream-bars-coated-with-chocolate', 'en:vanilla-ice-cream-bars-coated-with-milk-chocolate-and-almonds']",2,[],"['en:e412', 'en:e476']",347.0,22.5,13.7,26.9,1.5,5.6,0.0775
Helados mini nata sin azúcares,8480000642479,"['en:desserts', 'en:frozen-foods', 'en:frozen-desserts', 'en:ice-creams-and-sorbets', 'en:ice-creams', 'en:ice-cream-cones']",10,[],"['en:e322', 'en:e322i', 'en:e407', 'en:e471', 'en:e950', 'en:e951', 'en:e965', 'en:e965i', 'en:e965ii', 'en:e966']",314.0,17.6,10.5,3.6,,5.6,0.1
Magnum Glace Bâtonnet Chocolat Blanc 1x110ml,8000920500217,"['en:desserts', 'en:frozen-foods', 'en:frozen-desserts', 'en:ice-creams-and-sorbets', 'en:ice-creams', 'en:ice-cream-bars', 'en:ice-cream-tubs', 'en:ice-cream-bars-coated-with-chocolate', 'en:vanilla-ice-cream-tubs']",5,[],"['en:e160', 'en:e322', 'en:e322i', 'en:e407', 'en:e412', 'en:e471']",216.0,13.0,9.1,19.0,0.0,3.0,0.12
Crème Glacée de Chocolat,3270160840557,"['en:desserts', 'en:frozen-foods', 'en:frozen-desserts', 'en:ice-creams-and-sorbets', 'en:ice-creams', 'en:ice-cream-tubs', 'en:chocolate-ice-cream-tubs']",3,[],"['en:e322', 'en:e322i', 'en:e412', 'en:e471']",213.0,8.2,5.5,18.0,3.3,3.9,0.11
"2 Mini-pots Crème Glacée Lait D'amandes Et Griottes, 200ml",3270160450657,"['en:desserts', 'en:frozen-foods', 'en:frozen-desserts', 'en:ice-creams-and-sorbets', 'en:ice-creams', 'en:ice-cream-tubs']",1,[],['en:e412'],242.0,9.5,6.1,32.0,1.0,4.2,0.1
Helado de chocolate trocitos,8480000644008,"['en:desserts', 'en:frozen-foods', 'en:frozen-desserts', 'en:ice-creams-and-sorbets', 'en:ice-creams', 'en:ice-cream-tubs', 'en:chocolate-ice-cream-tubs']",6,[],"['en:e322', 'en:e322i', 'en:e401', 'en:e407', 'en:e410', 'en:e412', 'en:e471']",292.0,17.0,12.0,27.0,2.2,4.6,0.19
Crème glacée à la pistache,3270160846467,"['en:desserts', 'en:frozen-foods', 'en:frozen-desserts', 'en:ice-creams-and-sorbets', 'en:ice-creams', 'en:ice-cream-tubs', 'en:pistachio-ice-cream-tubs']",1,[],['en:e471'],194.0,8.6,4.3,25.2,0.7,3.2,0.17
Bon Gelati Eiscreme mit Schlagsahne,20001407,"['en:dairies', 'en:desserts', 'en:dairy-desserts', 'en:frozen-foods', 'en:frozen-desserts', 'en:ice-creams-and-sorbets', 'en:chocolate-desserts', 'en:ice-creams', 'en:ice-cream-tubs', 'en:chocolate-ice-cream-tubs']",3,[],"['en:e322', 'en:e412', 'en:e471']",247.0,13.2,8.9,23.3,,4.2,0.07
Pralines & Cream,3415581153019,"['en:desserts', 'en:frozen-foods', 'en:frozen-desserts', 'en:ice-creams-and-sorbets', 'en:ice-creams', 'en:ice-cream-tubs']",1,[],['en:e440'],263.0,14.9,9.1,27.6,0.2,4.0,0.34
"Eis, Bourbon-Vanille",7613036107365,"['en:desserts', 'en:frozen-foods', 'en:frozen-desserts', 'en:ice-creams-and-sorbets', 'en:ice-creams', 'en:ice-cream-tubs', 'en:vanilla-ice-cream-tubs']",3,[],"['en:e160a', 'en:e412', 'en:e471']",208.0,10.3,8.0,21.9,0.1,2.1,0.17
Nocciolata,20106911,"['en:desserts', 'en:frozen-foods', 'en:frozen-desserts', 'en:ice-creams-and-sorbets', 'en:ice-creams', 'en:ice-cream-tubs']",0,[],[],217.0,9.9,6.5,24.8,,3.1,0.04
Speculos caramel biscuit & cream,12131700,"['en:desserts', 'en:frozen-foods', 'en:frozen-desserts', 'en:ice-creams-and-sorbets', 'en:ice-creams', 'en:ice-cream-tubs']",0,[],[],303.0,18.0,11.8,29.3,1.5,4.0,1.0
Glace vanille 100% bio,3770015307001,"['en:desserts', 'en:frozen-foods', 'en:frozen-desserts', 'en:ice-creams-and-sorbets', 'en:ice-creams', 'en:ice-cream-tubs', 'en:vanilla-ice-cream-tubs']",0,[],[],159.2,5.0,3.3,18.9,0.7,3.6,0.1
Bac de glace Mascarpone,20106904,"['en:desserts', 'en:frozen-foods', 'en:frozen-desserts', 'en:ice-creams-and-sorbets', 'en:ice-creams', 'en:ice-cream-tubs']",4,[],"['en:e163', 'en:e330', 'en:e410', 'en:e412']",196.0,7.61,6.52,25.0,0.435,2.17,0.0951
,20649517,"['en:desserts', 'en:frozen-foods', 'en:frozen-desserts', 'en:ice-creams-and-sorbets', 'en:ice-creams', 'en:ice-cream-cones', 'en:vanilla-ice-cream-cones']",4,[],"['en:e322', 'en:e410', 'en:e412', 'en:e471']",301.0,14.8,10.7,25.2,1.0,4.0,0.225
Snickers ICE CREAM,5000159541312,"['en:snacks', 'en:desserts', 'en:sweet-snacks', 'en:cocoa-and-its-products', 'en:confectioneries', 'en:frozen-foods', 'en:chocolate-candies', 'en:frozen-desserts', 'en:bars', 'en:ice-creams-and-sorbets', 'en:ice-creams', 'en:frozen-bars', 'en:ice-cream-candy-chocolate-bars']",5,[],"['en:e322', 'en:e322i', 'en:e407', 'en:e410', 'en:e412', 'en:e471']",340.0,19.9,9.54,23.9,,5.96,0.234
glace,3274664225728,"['en:desserts', 'en:frozen-foods', 'en:frozen-desserts', 'en:ice-creams-and-sorbets', 'en:ice-creams']",0,[],[],212.0,6.1,3.6,26.0,0.5,1.8,0.17
Magnum Glace Bâtonnet Mini Deluxe Caramel 6x55ml,8711327578517,"['en:desserts', 'en:frozen-foods', 'en:frozen-desserts', 'en:ice-creams-and-sorbets', 'en:ice-creams', 'en:ice-cream-bars', 'en:ice-cream-bars-coated-with-chocolate']",7,[],"['en:e160', 'en:e407', 'en:e412', 'en:e417', 'en:e442', 'en:e471', 'en:e476']",303.0,18.0,13.0,26.0,1.5,3.1,0.19
Choco Brownie,20559694,"['en:desserts', 'en:frozen-foods', 'en:frozen-desserts', 'en:ice-creams-and-sorbets', 'en:ice-creams', 'en:ice-cream-tubs', 'en:chocolate-ice-cream-tubs']",3,[],"['en:e407', 'en:e412', 'en:e471']",246.0,13.0,7.9,20.0,1.6,4.7,0.1
Gelato Ferrero Rocher white,8000500396438,"['en:snacks', 'en:desserts', 'en:sweet-snacks', 'en:confectioneries', 'en:frozen-foods', 'en:frozen-desserts', 'en:ice-creams-and-sorbets', 'en:ice-creams']",5,[],"['en:e322', 'en:e407', 'en:e410', 'en:e412', 'en:e471']",386.0,26.5,13.9,28.5,,5.7,0.225
,8480000229960,"['en:desserts', 'en:frozen-foods', 'en:frozen-desserts', 'en:ice-creams-and-sorbets', 'en:ice-creams', 'en:ice-cream-tubs']",3,[],"['en:e322', 'en:e471', 'en:e500']",275.0,16.0,11.0,27.0,0.0,3.8,0.4
salted caramel supreme,4056489375227,"['en:dairies', 'en:desserts', 'en:dairy-desserts', 'en:frozen-foods', 'en:frozen-desserts', 'en:ice-creams-and-sorbets', 'en:ice-creams', 'en:ice-cream-bars']",7,[],"['en:e14xx', 'en:e270', 'en:e322', 'en:e331', 'en:e407', 'en:e412', 'en:e471']",275.0,10.9,8.9,28.4,0.9,3.5,0.43
High Protein Eis Vanille Salted Caramel,4337256111423,"['en:desserts', 'en:frozen-foods', 'en:frozen-desserts', 'en:ice-creams-and-sorbets', 'en:ice-creams', 'en:ice-cream-tubs']",5,[],"['en:e412', 'en:e440', 'en:e471', 'en:e960a', 'en:e968']",136.0,2.9,2.2,14.6,,10.0,0.33
Magnum Glace Bâtonnet Mini Double Caramel Chocolat 6x55ml,8711327578463,"['en:desserts', 'en:frozen-foods', 'en:frozen-desserts', 'en:ice-creams-and-sorbets', 'en:ice-creams', 'en:ice-cream-bars', 'en:ice-cream-bars-coated-with-chocolate']",7,[],"['en:e14xx', 'en:e407', 'en:e412', 'en:e417', 'en:e442', 'en:e471', 'en:e476']",303.0,18.0,13.0,26.0,,3.4,0.19
Crème pistache,2006050059331,"['en:desserts', 'en:frozen-foods', 'en:frozen-desserts', 'en:ice-creams-and-sorbets', 'en:ice-creams', 'en:ice-cream-tubs', 'en:pistachio-ice-cream-tubs']",0,[],[],181.0,7.4,4.1,22.0,0.6,2.5,0.15
Caramel Collection,3415581545920,"['en:desserts', 'en:frozen-foods', 'en:frozen-desserts', 'en:ice-creams-and-sorbets', 'en:ice-creams', 'en:ice-cream-in-individual-cup']",3,[],"['en:e322', 'en:e440', 'en:e500', 'en:e500ii']",267.0,15.6,10.0,24.7,0.256,4.23,0.202
Bon gelati chocolate crisp,4056489375104,"['en:desserts', 'en:frozen-foods', 'en:frozen-desserts', 'en:ice-creams-and-sorbets', 'en:ice-creams', 'en:ice-cream-bars', 'en:ice-cream-tubs', 'en:chocolate-ice-cream-tubs', 'en:ice-cream-bars-coated-with-chocolate']",4,[],"['en:e322', 'en:e412', 'en:e471', 'en:e476']",328.0,20.5,14.2,28.4,,4.29,0.104
High Protein Eis Cookies & Cream,4337256342100,"['en:desserts', 'en:frozen-foods', 'en:frozen-desserts', 'en:ice-creams-and-sorbets', 'en:ice-creams', 'en:ice-cream-tubs']",6,[],"['en:e412', 'en:e471', 'en:e500', 'en:e500ii', 'en:e503', 'en:e503ii', 'en:e960a', 'en:e968']",142.0,3.5,2.2,11.4,,10.5,0.23
Magnum Intense Dark 70% Cocoa,8714100691069,"['en:desserts', 'en:frozen-foods', 'en:frozen-desserts', 'en:ice-creams-and-sorbets', 'en:ice-creams', 'en:batonnets-glaces', 'en:batonnets-glaces-au-chocolat', 'en:desserts-glaces', 'en:surgeles', 'es:batonnets-glaces', 'es:desserts-glaces', 'es:glaces', 'es:glaces-et-sorbets', 'es:surgeles']",5,[],"['en:e322', 'en:e407', 'en:e410', 'en:e442', 'en:e471']",240.0,16.0,11.0,16.0,,3.3,0.04
Chocolate Peanut Butter Ice Cream,0074570950157,"['en:desserts', 'en:frozen-foods', 'en:frozen-desserts', 'en:ice-creams-and-sorbets', 'en:ice-creams', 'en:ice-cream-tubs']",0,[],[],312.0,21.0,8.7,22.5,2.17,7.25,0.199
Soft scoop vanilla icecream,5057545473788,"['en:desserts', 'en:frozen-foods', 'en:frozen-desserts', 'en:ice-creams-and-sorbets', 'en:ice-creams']",4,[],"['en:e160a', 'en:e401', 'en:e412', 'en:e471']",146.0,4.7,2.9,17.0,0.6,2.5,0.3
Crème glacée,5900130040110,"['en:desserts', 'en:frozen-foods', 'en:frozen-desserts', 'en:ice-creams-and-sorbets', 'en:ice-creams']",7,[],"['en:e14xx', 'en:e150a', 'en:e322', 'en:e322i', 'en:e412', 'en:e471', 'en:e476']",368.0,22.0,12.0,32.0,0.9,4.6,0.29
,20519773,"['en:desserts', 'en:frozen-foods', 'en:frozen-desserts', 'en:ice-creams-and-sorbets', 'en:ice-creams', 'ro:înghețată-de-vanilie-în-vafă']",0,[],[],104.0,4.1,3.5,10.3,0.2,1.3,8.17
Cônes Extrême choco caramel x 6,3274664241438,"['en:desserts', 'en:frozen-foods', 'en:frozen-desserts', 'en:ice-creams-and-sorbets', 'en:ice-creams']",9,[],"['en:e150a', 'en:e322', 'en:e322i', 'en:e330', 'en:e412', 'en:e440', 'en:e471', 'en:e476', 'en:e500']",293.0,12.0,8.4,30.0,0.9,3.4,0.28
Peanut Caramel Tango,8053178940038,"['en:desserts', 'en:frozen-foods', 'en:frozen-desserts', 'en:ice-creams-and-sorbets', 'en:ice-creams']",12,[],"['en:e1200', 'en:e150', 'en:e150a', 'en:e202', 'en:e331', 'en:e410', 'en:e412', 'en:e440', 'en:e471', 'en:e570', 'en:e960a', 'en:e968']",134.0,5.2,2.5,14.0,9.0,5.0,0.49
Ванилов сладолед с карамелен сироп и млечен шоколад,8051369004903,"['en:desserts', 'en:frozen-foods', 'en:frozen-desserts', 'en:ice-creams-and-sorbets', 'en:ice-creams']",8,[],"['en:e14xx', 'en:e322', 'en:e410', 'en:e412', 'en:e415', 'en:e440', 'en:e471', 'en:e476']",360.0,21.0,13.0,30.0,0.9,3.9,0.275
ice cream almond,8711327611757,"['en:desserts', 'en:frozen-foods', 'en:frozen-desserts', 'en:ice-creams-and-sorbets', 'en:ice-creams', 'en:ice-cream-bars', 'en:ice-cream-bars-coated-with-chocolate', 'en:vanilla-ice-cream-bars-coated-with-milk-chocolate-and-almonds']",7,[],"['en:e160a', 'en:e322', 'en:e407', 'en:e410', 'en:e412', 'en:e417', 'en:e471']",327.0,20.0,13.0,26.0,,4.6,0.11
Helado Cookie Dough,8402001020865,"['en:desserts', 'en:frozen-foods', 'en:frozen-desserts', 'en:ice-creams-and-sorbets', 'en:ice-creams']",6,[],"['en:e322', 'en:e410', 'en:e412', 'en:e440', 'en:e471', 'en:e500']",275.0,14.0,9.0,28.7,0.0,3.4,0.28
Tiramisu Ice Cream,8711327616455,"['en:desserts', 'en:frozen-foods', 'en:frozen-desserts', 'en:ice-creams-and-sorbets', 'en:ice-creams']",0,[],[],196.0,6.2,5.5,23.0,0.7,2.3,0.0875
Halo Top Peanut butter cup ice cream,5056285800182,"['en:desserts', 'en:frozen-foods', 'en:frozen-desserts', 'en:ice-creams-and-sorbets', 'en:ice-creams']",6,[],"['en:e150a', 'en:e410', 'en:e412', 'en:e471', 'en:e960a', 'en:e968']",131.0,4.8,2.1,13.0,5.9,4.8,0.4625
Extrême Original Cône Vanille Praliné,7613034077943,"['en:desserts', 'en:frozen-foods', 'en:frozen-desserts', 'en:ice-creams-and-sorbets', 'en:ice-creams', 'en:ice-cream-cones', 'en:vanilla-ice-cream-cones']",3,[],"['en:e322', 'en:e412', 'en:e471']",295.0,15.0,8.5,26.0,1.0,3.2,0.13
Crème glacée vanille,3270160840793,"['en:desserts', 'en:frozen-foods', 'en:frozen-desserts', 'en:ice-creams-and-sorbets', 'en:ice-creams', 'en:ice-cream-tubs', 'en:vanilla-ice-cream-tubs']",2,[],"['en:e412', 'en:e414']",183.0,8.6,5.7,21.0,3.0,5.2,0.1
4 Chocolat 70% de cacao,3270160453207,"['en:desserts', 'en:frozen-foods', 'en:frozen-desserts', 'en:ice-creams-and-sorbets', 'en:ice-creams', 'en:ice-cream-bars', 'en:ice-cream-bars-coated-with-chocolate']",4,[],"['en:e322', 'en:e322i', 'en:e412', 'en:e471', 'en:e476']",340.0,23.0,14.0,25.0,4.3,3.9,0.14
Magnum Crème Glacée en Pot Amande 440ml,8714100289983,"['en:desserts', 'en:frozen-foods', 'en:frozen-desserts', 'en:ice-creams-and-sorbets', 'en:ice-creams', 'en:ice-cream-tubs', 'en:luxury-ice-cream-in-a-cup', 'fr:glace-pot']",6,[],"['en:e160', 'en:e322', 'en:e407', 'en:e412', 'en:e417', 'en:e471']",218.0,13.0,7.3,19.0,0.81,3.1,0.08
Extrême Rhum Raisin,3033210003858,"['en:desserts', 'en:frozen-foods', 'en:frozen-desserts', 'en:ice-creams-and-sorbets', 'en:ice-creams', 'en:ice-cream-cones']",14,[],"['en:e101', 'en:e101i', 'en:e14xx', 'en:e150a', 'en:e160', 'en:e322', 'en:e322i', 'en:e330', 'en:e407', 'en:e407a', 'en:e412', 'en:e414', 'en:e415', 'en:e471', 'en:e904']",276.0,12.0,8.6,2.0,1.5,3.2,0.14
macadamia nut brittle,3415587621017,"['en:desserts', 'en:frozen-foods', 'en:frozen-desserts', 'en:ice-creams-and-sorbets', 'en:ice-creams', 'en:ice-cream-bars', 'en:ice-cream-tubs', 'en:ice-cream-bars-coated-with-chocolate', 'en:vanilla-ice-cream-tubs']",2,[],"['en:e322', 'en:e500', 'en:e500ii']",356.0,24.1,15.3,28.3,0.7,4.3,0.25
"Les Clasiques - 6 Cônes Vanille, Boîte",3270160266081,"['en:desserts', 'en:frozen-foods', 'en:frozen-desserts', 'en:ice-creams-and-sorbets', 'en:ice-creams', 'en:ice-cream-cones', 'en:vanilla-ice-cream-cones']",3,[],"['en:e322', 'en:e322i', 'en:e412', 'en:e471']",271.0,13.0,9.8,21.0,3.9,4.2,0.1
Glace Vanille Bourbon,3292590526078,"['en:desserts', 'en:frozen-foods', 'en:frozen-desserts', 'en:ice-creams-and-sorbets', 'en:ice-creams', 'en:ice-cream-tubs', 'en:vanilla-ice-cream-tubs']",3,[],"['en:e160', 'en:e412', 'en:e471']",210.0,10.0,8.7,21.0,0.0,3.6,0.13
Bac chocolat (CG) - BIO - 900mL,3250392584375,"['en:desserts', 'en:frozen-foods', 'en:frozen-desserts', 'en:ice-creams-and-sorbets', 'en:ice-creams']",3,[],"['en:e322', 'en:e322i', 'en:e412']",194.0,8.7,5.6,19.0,3.0,5.8,0.13
Helado Vainilla,8480000645180,"['en:desserts', 'en:frozen-foods', 'en:frozen-desserts', 'en:ice-creams-and-sorbets', 'en:ice-creams']",3,[],"['en:e401', 'en:e412', 'en:e471']",218.0,12.0,10.0,20.0,,2.8,0.11
Caramel fleur de sel,3560070822584,"['en:desserts', 'en:frozen-foods', 'en:frozen-desserts', 'en:ice-creams-and-sorbets', 'en:ice-creams', 'en:ice-cream-tubs', 'en:ice-cream-in-a-box', 'en:luxury-ice-cream-in-a-box', 'fr:glaces-au-caramel']",4,[],"['en:e150a', 'en:e322', 'en:e322i', 'en:e407', 'en:e412']",207.0,7.6,5.0,30.0,0.5,3.1,0.48
Bounty Ice Cream,5000159483025,"['en:snacks', 'en:desserts', 'en:frozen-foods', 'en:sweet-snacks', 'en:frozen-desserts', 'en:ice-creams-and-sorbets', 'en:bars', 'en:ice-creams', 'ru:мороженое-в-виде-батончика', 'ru:мороженое-молочное-с-нежной-мякотью-кокоса-кокосовым-молоком-и-кусочками-печенья-покрытое-глазурью']",6,[],"['en:e322', 'en:e322i', 'en:e407', 'en:e410', 'en:e412', 'en:e471', 'en:e500']",346.0,21.3,11.5,23.1,,4.1,0.11
Mini cups - fruit collection,12138100,"['en:desserts', 'en:frozen-foods', 'en:frozen-desserts', 'en:ice-creams-and-sorbets', 'en:ice-creams', 'en:ice-cream-tubs']",0,[],[],247.8,15.25,9.35,22.45,0.55,4.55,0.14
Fou de Chocolat-Noisette,3270160841622,"['en:desserts', 'en:frozen-foods', 'en:frozen-desserts', 'en:ice-creams-and-sorbets', 'en:ice-creams']",3,[],"['en:e322', 'en:e322i', 'en:e412', 'en:e471']",279.0,17.0,4.9,24.0,2.1,3.9,0.13
Helado de menta y chocolate tarrina,3560071249656,"['en:desserts', 'en:frozen-foods', 'en:frozen-desserts', 'en:ice-creams-and-sorbets', 'en:ice-creams', 'en:ice-cream-tubs', 'es:helado-de-menta']",4,[],"['en:e141', 'en:e322', 'en:e322i', 'en:e410', 'en:e412']",211.0,10.0,6.8,23.0,0.8,2.1,0.1
Favorite selection mini cup,3415581571813,"['en:desserts', 'en:frozen-foods', 'en:frozen-desserts', 'en:ice-creams-and-sorbets', 'en:ice-creams', 'en:ice-cream-tubs']",0,[],[],274.0,17.3,10.6,24.2,0.1,4.0,0.2
Peanut & cookies,4056489238584,"['en:desserts', 'en:frozen-foods', 'en:frozen-desserts', 'en:ice-creams-and-sorbets', 'en:ice-creams']",0,[],[],258.0,14.0,8.0,22.4,,3.0,0.2
Nogger Choc,8722700209973,"['en:desserts', 'en:frozen-foods', 'en:frozen-desserts', 'en:ice-creams-and-sorbets', 'en:ice-creams', 'en:ice-cream-bars']",5,[],"['en:e322', 'en:e412', 'en:e417', 'en:e471', 'en:e503', 'en:e503i']",358.0,22.0,13.0,28.0,,3.4,0.18
Ben & Jerry's Dessert Glacé NETFLIX & CHILL'D ND 465 ML,8711327458659,"['en:plant-based-foods-and-beverages', 'en:dairy-substitutes', 'en:desserts', 'en:frozen-foods', 'en:frozen-desserts', 'en:ice-creams-and-sorbets', 'en:ice-creams', 'en:plant-based-ice-creams', 'en:luxury-ice-cream-in-a-cup']",4,[],"['en:e322', 'en:e412', 'en:e500', 'en:e500ii', 'en:e524']",274.0,15.0,7.0,17.0,,3.2,0.31
Belgian Chocolate & Hazelnut,5027324002928,"['en:desserts', 'en:frozen-foods', 'en:frozen-desserts', 'en:ice-creams-and-sorbets', 'en:ice-creams', 'en:mochi-ice-cream']",5,[],"['en:e322', 'en:e322i', 'en:e407', 'en:e410', 'en:e412', 'en:e471']",256.0,9.06,4.69,23.1,,2.5,0.125
Vanille et Macadamia Caramélisée,3245412194825,"['en:desserts', 'en:frozen-foods', 'en:frozen-desserts', 'en:ice-creams-and-sorbets', 'en:ice-creams', 'en:ice-cream-tubs', 'en:vanilla-and-macadamia-ice-cream-tubs']",5,[],"['en:e150a', 'en:e160', 'en:e412', 'en:e440', 'en:e471']",209.0,8.0,4.8,24.0,0.5,2.7,0.17
Ice cream Dragon Fruit,20104375,"['en:desserts', 'en:frozen-foods', 'en:frozen-desserts', 'en:ice-creams-and-sorbets', 'en:ice-creams']",6,[],"['en:e322', 'en:e330', 'en:e331', 'en:e412', 'en:e415', 'en:e471']",178.0,5.8,5.0,26.6,0.6,1.6,0.08
Plein fruit Sorbet Fraiseavec morceaux,3596710461653,"['en:desserts', 'en:frozen-foods', 'en:frozen-desserts', 'en:ice-creams-and-sorbets', 'en:ice-creams', 'en:sorbets', 'en:strawberry-sorbets', 'en:surgeles']",3,[],"['en:e330', 'en:e412', 'en:e440']",124.0,0.5,0.1,30.0,0.9,0.6,0.02
Hagen dazs,3415587522024,"['en:desserts', 'en:frozen-foods', 'en:frozen-desserts', 'en:ice-creams-and-sorbets', 'en:ice-creams', 'en:ice-cream-bars']",3,[],"['en:e322', 'en:e322i', 'en:e440', 'en:e500', 'en:e500ii']",350.0,24.1,15.0,24.8,0.6,4.8,0.4
Ben & Jerry's Glace Pot Caramel Chew Chew 465ml,8711327373969,"['en:desserts', 'en:frozen-foods', 'en:frozen-desserts', 'en:ice-creams-and-sorbets', 'en:ice-creams', 'en:ice-cream-tubs']",4,[],"['en:e322', 'en:e322i', 'en:e330', 'en:e407', 'en:e412']",242.0,14.0,9.5,23.0,,3.2,0.16
"Almond chocolat au lait et amandes, cœur vanille",3560071251499,"['en:desserts', 'en:frozen-foods', 'en:frozen-desserts', 'en:ice-creams-and-sorbets', 'en:ice-creams', 'en:ice-cream-bars', 'en:ice-cream-bars-coated-with-chocolate', 'en:vanilla-ice-cream-bars-coated-with-milk-chocolate-and-almonds']",2,[],"['en:e322', 'en:e322i', 'en:e471']",344.0,22.0,13.0,29.0,1.2,5.0,0.19
Mini White almond,4056489375142,"['en:desserts', 'en:frozen-foods', 'en:frozen-desserts', 'en:ice-creams-and-sorbets', 'en:ice-creams', 'en:ice-cream-bars', 'en:ice-cream-bars-coated-with-chocolate', 'en:vanilla-ice-cream-bars-coated-with-white-chocolate-and-almonds']",5,[],"['en:e322', 'en:e322i', 'en:e412', 'en:e471', 'en:e476']",352.0,22.8,14.5,28.8,,4.9,0.0975
Creme al pistacchio,20219895,"['en:desserts', 'en:frozen-foods', 'en:frozen-desserts', 'en:ice-creams-and-sorbets', 'en:ice-creams']",4,[],"['en:e322', 'en:e401', 'en:e471', 'en:e476']",328.0,20.5,14.2,28.4,2.9,4.3,0.1075
Snickers ice cream,5000159515481,"['en:snacks', 'en:desserts', 'en:sweet-snacks', 'en:cocoa-and-its-products', 'en:confectioneries', 'en:frozen-foods', 'en:chocolate-candies', 'en:frozen-desserts', 'en:bars', 'en:ice-creams-and-sorbets', 'en:ice-creams', 'en:candy-chocolate-bars']",2,[],"['en:e410', 'en:e412']",273.0,17.0,9.1,23.0,,4.3,0.15
Gelato Affogato Amarena,8006040280138,"['en:plant-based-foods-and-beverages', 'en:plant-based-foods', 'en:desserts', 'en:frozen-foods', 'en:frozen-desserts', 'en:ice-creams-and-sorbets', 'en:ice-creams']",8,[],"['en:e162', 'en:e330', 'en:e401', 'en:e410', 'en:e412', 'en:e440', 'en:e471', 'en:e473']",178.0,5.1,3.4,30.0,0.1,1.9,0.05
Barrita helado coco,8480000228376,"['en:desserts', 'en:frozen-foods', 'en:frozen-desserts', 'en:ice-creams-and-sorbets', 'en:ice-creams']",0,[],[],358.0,23.0,12.0,28.0,2.5,4.5,0.15
white chocolate almond,4056489375081,"['en:desserts', 'en:frozen-foods', 'en:frozen-desserts', 'en:ice-creams-and-sorbets', 'en:ice-creams', 'en:ice-cream-bars']",3,[],"['en:e322', 'en:e412', 'en:e476']",342.0,21.7,13.3,29.1,,5.1,0.09
Magnum Glace Bâtonnet Mini Caramel Amande & Gold Caramel Billionaire 6x55ml,8711327585782,"['en:desserts', 'en:frozen-foods', 'en:frozen-desserts', 'en:ice-creams-and-sorbets', 'en:ice-creams', 'en:ice-cream-bars', 'en:ice-cream-bars-coated-with-chocolate']",7,[],"['en:e322', 'en:e407', 'en:e410', 'en:e412', 'en:e471', 'en:e476', 'en:e500']",293.0,16.0,11.0,27.0,,4.0,0.27
Colombian coffee ice cream,5000169263587,"['en:desserts', 'en:frozen-foods', 'en:frozen-desserts', 'en:ice-creams-and-sorbets', 'en:ice-creams', 'en:ice-cream-tubs']",1,[],['en:e270'],243.0,13.2,8.4,27.0,,3.8,0.13
Ice Lolly,5060081114039,"['en:desserts', 'en:frozen-foods', 'en:frozen-desserts', 'en:ice-creams-and-sorbets', 'en:ice-creams']",2,[],"['en:e330', 'en:e410']",44.0,0.0,0.0,9.9,,0.2,0.0
Vanilla flavour ice cream,20017279,"['en:desserts', 'en:frozen-foods', 'en:frozen-desserts', 'en:ice-creams-and-sorbets', 'en:ice-creams']",5,[],"['en:e160a', 'en:e162', 'en:e410', 'en:e412', 'en:e471']",74.0,3.0,1.8,9.0,,1.4,0.04
Less & Tasty - Salted Caramel,4061462582035,"['en:desserts', 'en:frozen-foods', 'en:frozen-desserts', 'en:ice-creams-and-sorbets', 'en:ice-creams', 'en:ice-cream-tubs']",10,[],"['en:e1200', 'en:e331', 'en:e407', 'en:e412', 'en:e420', 'en:e440', 'en:e471', 'en:e955', 'en:e965', 'en:e968']",109.0,3.2,2.2,5.0,,2.9,0.6
Flutschfinger 8er-Pack,8711327578418,"['en:desserts', 'en:frozen-foods', 'en:frozen-desserts', 'en:ice-creams-and-sorbets', 'en:ice-creams', 'en:ice-cream-bars']",5,[],"['en:e100', 'en:e140', 'en:e140i', 'en:e330', 'en:e412', 'en:e417']",84.0,0.5,0.1,18.0,,0.5,0.01
White Chocolat,4056489375074,"['en:snacks', 'en:desserts', 'en:sweet-snacks', 'en:cocoa-and-its-products', 'en:frozen-foods', 'en:frozen-desserts', 'en:ice-creams-and-sorbets', 'en:ice-creams']",0,[],[],316.0,19.0,13.6,30.0,,3.8,0.1
Gelato,5060198645716,"['en:desserts', 'en:frozen-foods', 'en:frozen-desserts', 'en:ice-creams-and-sorbets', 'en:ice-creams']",6,[],"['en:e14xx', 'en:e163', 'en:e330', 'en:e331', 'en:e406', 'en:e471']",156.0,7.7,6.0,19.0,,1.8,0.0
Ice cream,6111255520800,"['en:desserts', 'en:frozen-foods', 'en:frozen-desserts', 'en:ice-creams-and-sorbets', 'en:ice-creams']",0,[],[],366.0,20.0,0.0,0.0,,4.0,0.0
Pistachio and almond tartufi,5060198645365,"['en:desserts', 'en:frozen-foods', 'en:frozen-desserts', 'en:ice-creams-and-sorbets', 'en:ice-creams']",0,[],[],227.0,12.0,7.7,23.0,0.8,3.5,0.0975
Pop Corn Mochi,5027324003697,"['en:desserts', 'en:frozen-foods', 'en:frozen-desserts', 'en:ice-creams-and-sorbets', 'en:ice-creams', 'en:mochi-ice-cream']",10,[],"['en:e100', 'en:e160b', 'en:e160bii', 'en:e322', 'en:e322i', 'en:e407', 'en:e410', 'en:e412', 'en:e415', 'en:e466', 'en:e471', 'en:e500', 'en:e500ii']",234.0,6.88,4.38,23.1,,2.5,0.305
Vanilla dairy ice cream,5000169125007,"['en:desserts', 'en:frozen-foods', 'en:frozen-desserts', 'en:ice-creams-and-sorbets', 'en:ice-creams']",0,[],[],799.0,10.8,6.8,17.9,0.25,4.5,0.16
Vanillove,8053178940007,"['en:desserts', 'en:frozen-foods', 'en:frozen-desserts', 'en:ice-creams-and-sorbets', 'en:ice-creams']",7,[],"['en:e1200', 'en:e410', 'en:e412', 'en:e471', 'en:e570', 'en:e960a', 'en:e968']",130.0,3.5,2.1,14.0,11.0,5.1,0.11
Helado Cacahuete,8402001018787,"['en:desserts', 'en:frozen-foods', 'en:frozen-desserts', 'en:ice-creams-and-sorbets', 'en:ice-creams']",10,[],"['en:e14xx', 'en:e160a', 'en:e322', 'en:e407', 'en:e410', 'en:e412', 'en:e415', 'en:e440', 'en:e471', 'en:e476']",354.0,20.8,11.0,29.2,1.67,6.46,0.354
Vanilla ice cream,8901262173490,"['en:desserts', 'en:frozen-foods', 'en:frozen-desserts', 'en:ice-creams-and-sorbets', 'en:ice-creams', 'en:ice-cream-in-a-box']",5,[],"['en:e407', 'en:e412', 'en:e415', 'en:e466', 'en:e471']",215.0,13.0,7.8,20.8,,3.7,0.13
Frozen kefir yogurt,29221134,"['en:beverages-and-beverages-preparations', 'en:beverages', 'en:dairies', 'en:fermented-foods', 'en:fermented-milk-products', 'en:desserts', 'en:frozen-foods', 'en:dairy-drinks', 'en:frozen-desserts', 'en:fermented-drinks', 'en:ice-creams-and-sorbets', 'en:fermented-milk-drinks', 'en:ice-creams', 'en:ice-cream-tubs', 'en:kefir']",3,[],"['en:e407', 'en:e410', 'en:e412']",115.0,1.7,1.0,17.7,0.5,4.7,0.1
Extrême sorbets fruits rouges x  6 cônes,3033210003339,"['en:desserts', 'en:frozen-foods', 'en:frozen-desserts', 'en:ice-creams-and-sorbets', 'en:ice-creams', 'en:ice-cream-cones']",7,[],"['en:e160', 'en:e322', 'en:e322i', 'en:e330', 'en:e415', 'en:e417', 'en:e440']",201.0,4.9,2.9,26.0,1.8,1.8,0.09
Snickers glacé white x6,5000159509633,"['en:snacks', 'en:desserts', 'en:sweet-snacks', 'en:frozen-foods', 'en:frozen-desserts', 'en:bars', 'en:ice-creams-and-sorbets', 'en:ice-creams', 'en:frozen-bars', 'en:ice-cream-candy-chocolate-bars']",5,[],"['en:e322', 'en:e322i', 'en:e407', 'en:e410', 'en:e412', 'en:e471']",351.0,21.0,10.0,25.0,,6.2,0.235
Coconut & Indian Mango,5903021303882,"['en:desserts', 'en:frozen-foods', 'en:frozen-desserts', 'en:ice-creams-and-sorbets', 'en:ice-creams', 'en:ice-cream-bars', 'en:ice-cream-bars-coated-with-chocolate']",2,[],"['en:e412', 'en:e476']",335.0,20.0,13.0,29.0,0.5,3.8,0.23
Pure sélection - Crème glacée Le café,3270160840236,"['en:desserts', 'en:frozen-foods', 'en:frozen-desserts', 'en:ice-creams-and-sorbets', 'en:ice-creams', 'en:ice-cream-tubs', 'en:coffee-ice-cream-tubs']",0,[],[],219.0,12.0,7.9,20.4,1.0,5.2,0.14
Macadamia nut brittle,3415580501019,"['en:desserts', 'en:frozen-foods', 'en:frozen-desserts', 'en:ice-creams-and-sorbets', 'en:ice-creams', 'en:ice-cream-tubs']",0,[],[],274.0,16.3,10.6,24.2,0.1,3.9,0.16
Pure Sélection - Crème Glacée - Le Caramel au Beurre Salé,3270160840212,"['en:desserts', 'en:frozen-foods', 'en:frozen-desserts', 'en:ice-creams-and-sorbets', 'en:ice-creams', 'en:ice-cream-tubs']",0,[],[],231.0,13.7,8.2,20.1,1.0,4.4,0.21
Peanut butter crunch,3415587128011,"['en:dairies', 'en:desserts', 'en:frozen-foods', 'en:dairy-desserts', 'en:frozen-desserts', 'en:ice-creams-and-sorbets', 'en:ice-creams', 'en:ice-cream-tubs']",0,[],[],328.0,22.8,9.5,18.0,1.7,8.5,0.25
Crème glacée Chocolat 450G/750ml,3760039982049,"['en:desserts', 'en:frozen-foods', 'en:frozen-desserts', 'en:ice-creams-and-sorbets', 'en:ice-creams', 'en:ice-cream-tubs', 'en:chocolate-ice-cream-tubs']",2,[],"['en:e412', 'en:e471']",205.0,9.4,6.1,21.0,0.0,4.4,0.02
Exträa plaisir- Speculoos,3415580500012,"['en:desserts', 'en:frozen-foods', 'en:frozen-desserts', 'en:ice-creams-and-sorbets', 'en:ice-creams']",0,[],[],278.0,17.4,11.5,19.9,0.1,4.5,0.36
4 Pralin's glacés,3270160356454,"['en:snacks', 'en:desserts', 'en:sweet-snacks', 'en:frozen-foods', 'en:frozen-desserts', 'en:ice-creams-and-sorbets', 'en:ice-creams']",1,[],['en:e412'],269.0,13.0,4.6,30.0,1.7,5.5,0.12
Choco Crisp Eis,20134112,"['en:desserts', 'en:frozen-foods', 'en:frozen-desserts', 'en:ice-creams-and-sorbets', 'en:ice-creams', 'en:ice-cream-bars', 'en:ice-cream-bars-coated-with-chocolate']",3,[],"['en:e401', 'en:e412', 'en:e471']",333.0,20.0,14.2,30.8,2.6,4.3,0.2
Chocolate Fudge Brownie,8711200562718,"['en:desserts', 'en:frozen-foods', 'en:frozen-desserts', 'en:ice-creams-and-sorbets', 'en:ice-creams', 'en:ice-cream-tubs']",2,[],"['en:e407', 'en:e412']",255.0,12.0,3.9,15.1,,4.3,0.13675
"Almond Chocolat au lait et amandes, cœur vanille",3560070774425,"['en:desserts', 'en:frozen-foods', 'en:frozen-desserts', 'en:ice-creams-and-sorbets', 'en:ice-creams', 'en:ice-cream-bars', 'en:ice-cream-bars-coated-with-chocolate', 'en:vanilla-ice-cream-bars-coated-with-milk-chocolate-and-almonds']",4,[],"['en:e160', 'en:e322', 'en:e322i', 'en:e471', 'en:e476']",318.0,20.0,12.0,27.0,1.0,3.8,0.17
Café,3560070105038,"['en:plant-based-foods-and-beverages', 'en:plant-based-foods', 'en:desserts', 'en:frozen-foods', 'en:frozen-desserts', 'en:ice-creams-and-sorbets', 'en:ice-creams', 'en:ice-cream-tubs', 'en:coffee-ice-cream-tubs']",4,[],"['en:e150a', 'en:e407', 'en:e412', 'en:e471']",227.0,9.3,5.7,29.0,0.6,3.5,0.17
Extrême l'Original parfum Crème Brûlée & Éclats Caramélisés,3033210813815,"['en:desserts', 'en:frozen-foods', 'en:frozen-desserts', 'en:ice-creams-and-sorbets', 'en:ice-creams', 'en:ice-cream-cones']",7,[],"['en:e160', 'en:e322', 'en:e322i', 'en:e330', 'en:e412', 'en:e440', 'en:e471']",273.0,11.0,7.8,29.0,0.8,2.8,0.14
Stracciatella Premium Eis,20001360,"['en:desserts', 'en:frozen-foods', 'en:frozen-desserts', 'en:ice-creams-and-sorbets', 'en:ice-creams', 'en:ice-cream-tubs', 'en:stracciatella-ice-cream-tubs']",3,[],"['en:e322', 'en:e412', 'en:e471']",231.0,13.2,11.6,22.3,,3.1,0.05
Crème glacée Rhum-raisins 500G/750ml,3760039982063,"['en:desserts', 'en:frozen-foods', 'en:frozen-desserts', 'en:ice-creams-and-sorbets', 'en:ice-creams', 'en:ice-cream-tubs', 'en:rum-and-raisins-ice-cream-tubs']",2,[],"['en:e412', 'en:e471']",218.0,8.5,4.8,20.0,,3.8,0.03
Salted Caramel,3415581509717,"['en:desserts', 'en:frozen-foods', 'en:frozen-desserts', 'en:ice-creams-and-sorbets', 'en:ice-creams', 'en:ice-cream-tubs']",0,[],[],283.0,17.2,10.9,24.4,0.0,4.0,0.49
Pralinato Classico,7613032777821,"['en:snacks', 'en:desserts', 'en:sweet-snacks', 'en:cocoa-and-its-products', 'en:confectioneries', 'en:frozen-foods', 'en:chocolate-candies', 'en:frozen-desserts', 'en:ice-creams-and-sorbets', 'en:ice-creams', 'en:ice-cream-bars', 'en:chocolate-ice-cream-bars']",2,[],"['en:e322', 'en:e322i', 'en:e412']",247.2,19.8,9.0,13.2,1.02,2.34,0.06
Bac caramel fleur de sel de Guérande (CG) - 1L,3250391997718,"['en:desserts', 'en:frozen-foods', 'en:frozen-desserts', 'en:ice-creams-and-sorbets', 'en:ice-creams', 'en:ice-cream-tubs', 'fr:glaces-au-caramel', 'fr:vrac-glace-gourmand']",6,[],"['en:e150c', 'en:e160', 'en:e407', 'en:e412', 'en:e420', 'en:e471']",187.0,7.3,5.1,22.2,0.7,1.6,0.005
Coeur fondant-noisette,3274664141318,"['en:desserts', 'en:frozen-foods', 'en:frozen-desserts', 'en:ice-creams-and-sorbets', 'en:ice-creams', 'en:ice-cream-cones']",7,[],"['en:e150a', 'en:e322', 'en:e322i', 'en:e412', 'en:e440', 'en:e471', 'en:e476']",199.0,9.0,5.822,19.17,1.349,2.627,0.0852
Vanilla,4056489223337,"['en:desserts', 'en:frozen-foods', 'en:frozen-desserts', 'en:ice-creams-and-sorbets', 'en:ice-creams', 'en:ice-cream-cones']",3,[],"['en:e322', 'en:e412', 'en:e471']",278.0,13.7,11.2,24.5,,3.2,0.08
Helado Choco Cookies,8480000644244,"['en:snacks', 'en:desserts', 'en:frozen-foods', 'en:sweet-snacks', 'en:biscuits-and-cakes', 'en:biscuits-and-crackers', 'en:frozen-desserts', 'en:biscuits', 'en:ice-creams-and-sorbets', 'en:drop-cookies', 'en:ice-creams', 'en:ice-cream-tubs']",0,[],[],298.0,16.0,10.0,28.0,2.0,5.5,0.27
Helado Choco Nata,8480000642516,"['en:desserts', 'en:frozen-foods', 'en:frozen-desserts', 'en:ice-creams-and-sorbets', 'en:ice-creams', 'en:ice-cream-cones']",2,[],"['en:e412', 'en:e471']",319.0,15.0,11.0,30.0,2.2,4.0,0.11
crème glacée,3291334291999,"['en:desserts', 'en:frozen-foods', 'en:frozen-desserts', 'en:ice-creams-and-sorbets', 'en:ice-creams', 'en:ice-cream-tubs']",0,[],[],222.0,11.0,6.2,23.0,,4.4,0.11
Glace caramel - Chocolat & Amandes pointe de sel,3274664174880,"['en:desserts', 'en:frozen-foods', 'en:frozen-desserts', 'en:ice-creams-and-sorbets', 'en:ice-creams', 'en:ice-cream-bars', 'en:ice-cream-bars-coated-with-chocolate']",5,[],"['en:e322', 'en:e322i', 'en:e330', 'en:e412', 'en:e471', 'en:e476']",359.0,22.0,13.0,31.0,1.9,5.1999998092651,0.24
Vanille Eis,20046453,"['en:desserts', 'en:frozen-foods', 'en:frozen-desserts', 'en:ice-creams-and-sorbets', 'en:ice-creams', 'en:ice-cream-tubs', 'en:vanilla-ice-cream-tubs']",2,[],"['en:e412', 'en:e471']",220.0,11.9,10.8,21.4,0.2,2.7,0.05
Crème Glacée Artisanale Vanille Bourbon,3350033553668,"['en:desserts', 'en:frozen-foods', 'en:frozen-desserts', 'en:ice-creams-and-sorbets', 'en:ice-creams', 'en:ice-cream-tubs', 'en:vanilla-ice-cream-tubs']",0,[],[],178.0,7.4,4.6,19.0,2.4,3.9,0.11
Cône vanille (G) nougatine x6 - 120mL,3250390618935,"['en:desserts', 'en:frozen-foods', 'en:frozen-desserts', 'en:ice-creams-and-sorbets', 'en:ice-creams', 'en:ice-cream-cones', 'fr:glace-cone-ou-80ml']",6,[],"['en:e150a', 'en:e160a', 'en:e322', 'en:e322i', 'en:e412', 'en:e504']",275.0,13.5,11.0,25.7,0.9,2.2,0.12
Bac crème glacée menthe choco - 500g,3256224110705,"['en:desserts', 'en:frozen-foods', 'en:frozen-desserts', 'en:ice-creams-and-sorbets', 'en:ice-creams', 'en:ice-cream-tubs', 'fr:cremes-glacees-menthe-avec-morceaux-chocolat-noir']",3,[],"['en:e322', 'en:e322i', 'en:e412', 'en:e471']",201.0,7.9,5.1,22.0,0.8,2.0,0.1
Macadamia nut brittle,3415581122930,"['en:desserts', 'en:frozen-foods', 'en:frozen-desserts', 'en:ice-creams-and-sorbets', 'en:ice-creams', 'en:ice-cream-tubs']",1,[],['en:e500'],264.0,16.3,10.7,24.2,0.1,3.9,0.217
Glace Erdbeer Strawberry ice cream premium,20059903,"['en:desserts', 'en:frozen-foods', 'en:frozen-desserts', 'en:ice-creams-and-sorbets', 'en:ice-creams', 'en:ice-cream-tubs', 'en:strawberry-ice-cream-tubs']",1,[],['en:e471'],192.0,7.6,5.2,24.1,,2.7,0.07
Ice Cream Sandwich cocoa & vanilla,20192303,"['en:desserts', 'en:frozen-foods', 'en:frozen-desserts', 'en:ice-creams-and-sorbets', 'en:ice-creams', 'en:ice-cream-sandwiches']",3,[],"['en:e412', 'en:e471', 'en:e503']",286.0,9.8,6.8,21.7,0.0,5.6,0.2
Glace Douceur de vanille,3564700879573,"['en:desserts', 'en:frozen-foods', 'en:frozen-desserts', 'en:ice-creams-and-sorbets', 'en:ice-creams', 'en:ice-cream-tubs', 'en:vanilla-ice-cream-tubs']",4,[],"['en:e100', 'en:e160b', 'en:e412', 'en:e471']",194.0,8.9,5.9,22.0,0.5,2.4,0.1
Extrême mini vanille,8436575295794,"['en:desserts', 'en:frozen-foods', 'en:frozen-desserts', 'en:ice-creams-and-sorbets', 'en:ice-creams', 'en:ice-cream-cones', 'en:vanilla-ice-cream-cones']",4,[],"['en:e160', 'en:e322', 'en:e412', 'en:e471']",329.0,16.0,14.0,30.0,1.2,3.6,0.11
Kaktus 4 Friends,8000300312546,"['en:desserts', 'en:frozen-foods', 'en:frozen-desserts', 'en:ice-creams-and-sorbets', 'en:ice-creams', 'en:ice-cream-bars']",5,[],"['en:e290', 'en:e322', 'en:e330', 'en:e407', 'en:e412']",297.0,19.0,14.0,30.0,0.6,0.5,0.01
Capri,4056100012135,"['en:desserts', 'en:frozen-foods', 'en:frozen-desserts', 'en:ice-creams-and-sorbets', 'en:ice-creams', 'en:ice-pops']",4,[],"['en:e160a', 'en:e330', 'en:e412', 'en:e417']",93.0,0.49,0.09,21.0,,0.49,0.009
Plombir original,4032549000759,"['en:desserts', 'en:frozen-foods', 'en:frozen-desserts', 'en:ice-creams-and-sorbets', 'en:ice-creams']",4,[],"['en:e322', 'en:e407', 'en:e412', 'en:e471']",219.0,12.0,7.7,19.0,0.07,3.2,0.19
Pistache,3254563259420,"['en:desserts', 'en:frozen-foods', 'en:frozen-desserts', 'en:ice-creams-and-sorbets', 'en:ice-creams', 'en:ice-cream-tubs', 'en:pistachio-ice-cream-tubs']",4,[],"['en:e100', 'en:e141', 'en:e141i', 'en:e412', 'en:e471']",204.0,9.5,6.8,24.0,0.6,2.2,0.15
Glace chocolat copeaux de chocolat,3596710328208,"['en:desserts', 'en:frozen-foods', 'en:frozen-desserts', 'en:ice-creams-and-sorbets', 'en:ice-creams', 'en:ice-cream-tubs', 'en:chocolate-ice-cream-tubs']",3,[],"['en:e322', 'en:e322i', 'en:e412', 'en:e471']",204.0,11.0,8.5,21.0,2.7,3.2,0.23
LOTUS BISCOFF Glace Bâtonnets - Speculoos Chocolat Blanc - 284g (4x90ml),5410126297003,"['en:dairies', 'en:desserts', 'en:frozen-foods', 'en:creams', 'en:frozen-desserts', 'en:ice-creams-and-sorbets', 'en:ice-creams', 'en:frozen-creams', 'fr:glaces-au-speculoos']",6,[],"['en:e322', 'en:e322i', 'en:e330', 'en:e412', 'en:e471', 'en:e476', 'en:e500', 'en:e500ii']",436.0,29.0,13.0,33.0,0.3,3.3,0.41
,8711327581562,"['en:desserts', 'en:frozen-foods', 'en:frozen-desserts', 'en:ice-creams-and-sorbets', 'en:ice-creams']",11,[],"['en:e14xx', 'en:e160a', 'en:e322', 'en:e330', 'en:e331', 'en:e407', 'en:e410', 'en:e412', 'en:e417', 'en:e440', 'en:e471']",318.0,18.0,12.0,27.0,,4.0,0.19
Pretty peanut butter,4056489220305,"['en:plant-based-foods-and-beverages', 'en:plant-based-foods', 'en:fruits-and-vegetables-based-foods', 'en:desserts', 'en:vegetables-based-foods', 'en:frozen-foods', 'en:frozen-desserts', 'en:ice-creams-and-sorbets', 'en:ice-creams', 'en:ice-cream-tubs']",4,[],"['en:e322', 'en:e322i', 'en:e407', 'en:e412']",258.0,13.5,7.7,25.7,1.2,7.1,1.75
Cônes parfum vanille,3560070774265,"['en:desserts', 'en:frozen-foods', 'en:frozen-desserts', 'en:ice-creams-and-sorbets', 'en:ice-creams', 'en:ice-cream-cones', 'en:vanilla-ice-cream-cones']",3,[],"['en:e160', 'en:e322', 'en:e471']",280.0,12.0,10.0,26.0,0.8,3.5,0.15
Pirulo Kaktus,7613035493780,"['en:desserts', 'en:frozen-foods', 'en:frozen-desserts', 'en:ice-creams-and-sorbets', 'en:ice-creams', 'en:ice-cream-bars', 'en:desserts-glaces', 'en:surgeles']",7,[],"['en:e140', 'en:e162', 'en:e290', 'en:e322', 'en:e330', 'en:e412', 'en:e422']",124.0,2.6,2.3,18.0,,0.5,0.01
Calippo Orange,8000920401170,"['en:desserts', 'en:frozen-foods', 'en:frozen-desserts', 'en:ice-creams-and-sorbets', 'en:ice-creams']",4,[],"['en:e100', 'en:e160c', 'en:e410', 'en:e417']",99.0,0.0,0.0,16.2,,0.476,0.0
BEN & JERRY'S Glace en Pot Sundae Hazel-nutin' but Chocolate 427ml,8711327539877,"['en:desserts', 'en:frozen-foods', 'en:frozen-desserts', 'en:ice-creams-and-sorbets', 'en:ice-creams', 'en:ice-cream-tubs', 'en:chocolate-ice-cream-tubs', 'en:luxury-ice-cream-in-a-cup', 'fr:glaces-aux-noisettes']",4,[],"['en:e322', 'en:e322i', 'en:e407', 'en:e412', 'en:e500', 'en:e500ii']",237.0,14.0,6.3,22.0,,3.5,0.17
Almond remix,8711327539259,"['en:desserts', 'en:frozen-foods', 'en:frozen-desserts', 'en:ice-creams-and-sorbets', 'en:ice-creams', 'en:ice-cream-bars']",8,[],"['en:e160a', 'en:e322', 'en:e407', 'en:e410', 'en:e412', 'en:e442', 'en:e471', 'en:e476']",348.0,22.0,14.0,27.0,,5.1,0.16
Strawberry Push Up Lollies,4056489542759,"['en:desserts', 'en:frozen-foods', 'en:frozen-desserts', 'en:ice-creams-and-sorbets', 'en:ice-creams']",3,[],"['en:e330', 'en:e410', 'en:e412']",71.0,0.0,0.0,16.8,0.3,0.1,0.0
Magnum Almond,8851932295789,"['en:snacks', 'en:desserts', 'en:sweet-snacks', 'en:frozen-foods', 'en:frozen-desserts', 'en:ice-creams-and-sorbets', 'en:ice-creams', 'en:ice-cream-bars']",4,[],"['en:e407', 'en:e410', 'en:e412', 'en:e471']",357.0,21.4,14.3,28.6,1.43,5.71,0.000127
Gruvi Pistacchio,8005840008928,"['en:snacks', 'en:desserts', 'en:sweet-snacks', 'en:confectioneries', 'en:frozen-foods', 'en:frozen-desserts', 'en:ice-creams-and-sorbets', 'en:ice-creams']",5,[],"['en:e163', 'en:e401', 'en:e471', 'en:e500', 'en:e503']",408.0,28.0,9.5,32.0,,5.1,0.34
Double Starchaser,8711327583023,"['en:desserts', 'en:frozen-foods', 'en:frozen-desserts', 'en:ice-creams-and-sorbets', 'en:ice-creams', 'en:ice-cream-bars', 'en:ice-cream-bars-coated-with-chocolate']",8,[],"['en:e322', 'en:e407', 'en:e410', 'en:e412', 'en:e417', 'en:e442', 'en:e471', 'en:e476']",324.0,17.0,11.0,31.0,,3.5,0.28
Glace Milka,3274664224974,"['en:desserts', 'en:frozen-foods', 'en:frozen-desserts', 'en:ice-creams-and-sorbets', 'en:ice-creams', 'en:ice-cream-bars', 'en:ice-cream-bars-coated-with-chocolate']",2,[],"['en:e322', 'en:e322i', 'en:e471']",361.0,23.0,16.0,30.0,0.9,4.0,0.19
Classic Cones with Sweetener,5029728010004,"['en:desserts', 'en:frozen-foods', 'en:frozen-desserts', 'en:ice-creams-and-sorbets', 'en:ice-creams', 'en:ice-cream-cones']",3,[],"['en:e160b', 'en:e500', 'en:e500ii', 'en:e954']",386.0,2.3,0.5,0.5,,10.0,0.4625
High Protein Eis Double Chocolate,4337256105941,"['en:desserts', 'en:frozen-foods', 'en:frozen-desserts', 'en:ice-creams-and-sorbets', 'en:ice-creams', 'en:ice-cream-tubs']",5,[],"['en:e407', 'en:e412', 'en:e471', 'en:e960a', 'en:e968']",132.0,2.7,1.8,11.7,,9.4,0.2
Les bâtonnets gourmands MINI,3270160842278,"['en:desserts', 'en:frozen-foods', 'en:frozen-desserts', 'en:ice-creams-and-sorbets', 'en:ice-creams', 'en:ice-cream-bars']",4,[],"['en:e322', 'en:e322i', 'en:e412', 'en:e440', 'en:e471']",362.0,23.0,13.0,27.0,5.8,5.4,0.18
Vegan mini almond,8711327535268,"['en:desserts', 'en:frozen-foods', 'en:frozen-desserts', 'en:ice-creams-and-sorbets', 'en:ice-creams']",3,[],"['en:e322', 'en:e322i', 'en:e410', 'en:e412']",317.0,19.0,13.0,26.0,,2.6,0.11
Suprême Cônes vanille x 6,4056489665700,"['en:desserts', 'en:frozen-foods', 'en:frozen-desserts', 'en:ice-creams-and-sorbets', 'en:ice-creams']",3,[],"['en:e160', 'en:e322', 'en:e471']",300.0,14.2,11.0,26.7,1.4,3.7,0.08
Magnum,8711327577978,"['en:desserts', 'en:frozen-foods', 'en:frozen-desserts', 'en:ice-creams-and-sorbets', 'en:ice-creams', 'en:ice-cream-bars', 'en:ice-cream-bars-coated-with-chocolate', 'en:vanilla-ice-cream-bars-coated-with-milk-chocolate-and-almonds']",7,[],"['en:e14xx', 'en:e407', 'en:e412', 'en:e417', 'en:e442', 'en:e471', 'en:e476']",276.0,17.0,12.0,24.0,0.0,3.3,0.07
Strawberry Crisp mansikkajäätelö,20219901,"['en:desserts', 'en:frozen-foods', 'en:frozen-desserts', 'en:ice-creams-and-sorbets', 'en:ice-creams', 'fi:mansikkajäätelöt']",8,[],"['en:e14xx', 'en:e322', 'en:e330', 'en:e331', 'en:e401', 'en:e440', 'en:e471', 'en:e476']",301.0,16.3,11.6,32.5,0.2,2.8,0.22
Crème glacée chocolat,3270160843510,"['en:desserts', 'en:frozen-foods', 'en:frozen-desserts', 'en:ice-creams-and-sorbets', 'en:ice-creams', 'en:ice-cream-tubs']",1,[],['en:e412'],195.0,8.8,5.6,22.0,2.0,4.7,0.08
,5900130030890,"['en:desserts', 'en:frozen-foods', 'en:frozen-desserts', 'en:ice-creams-and-sorbets', 'en:ice-creams', 'en:ice-cream-bars', 'en:ice-cream-tubs', 'en:chocolate-ice-cream-tubs']",7,[],"['en:e14xx', 'en:e322', 'en:e330', 'en:e331', 'en:e412', 'en:e471', 'en:e476']",358.0,23.0,14.0,26.0,3.2,3.8,0.16
Remeo gelato Pistacchio Siciliano,5060392490075,"['en:desserts', 'en:frozen-foods', 'en:frozen-desserts', 'en:ice-creams-and-sorbets', 'en:ice-creams', 'en:ice-cream-tubs']",1,[],['en:e410'],132.0,5.6,2.3,13.0,0.5,2.8,0.1975
Waffle Cones,00738668,"['en:desserts', 'en:frozen-foods', 'en:frozen-desserts', 'en:ice-creams-and-sorbets', 'en:ice-creams', 'en:ice-cream-cones']",2,[],"['en:e322', 'en:e322i', 'en:e500', 'en:e500ii']",410.0,5.6,3.9,24.7,0.0036,6.6,0.25
Glace stracciatella,3270160842926,"['en:desserts', 'en:frozen-foods', 'en:frozen-desserts', 'en:ice-creams-and-sorbets', 'en:ice-creams', 'en:ice-cream-tubs', 'fr:glaces-a-la-stracciatella']",3,[],"['en:e322', 'en:e322i', 'en:e412', 'en:e471']",209.0,11.0,7.2,23.0,0.5,2.4,0.14
Ice cream,5060392490006,"['en:desserts', 'en:frozen-foods', 'en:frozen-desserts', 'en:ice-creams-and-sorbets', 'en:ice-creams']",1,[],['en:e322'],127.0,4.8,3.2,13.0,,2.8,0.1
Roasted Pistachio Ice Cream,5059697752025,"['en:desserts', 'en:frozen-foods', 'en:frozen-desserts', 'en:ice-creams-and-sorbets', 'en:ice-creams']",0,[],[],191.0,10.5,4.38,15.9,0.625,6.09,0.168
Coffee Ice Cream,0074570034000,"['en:desserts', 'en:frozen-foods', 'en:frozen-desserts', 'en:ice-creams-and-sorbets', 'en:ice-creams']",0,[],[],248.0,16.3,10.1,19.4,0.0,4.65,0.126
Strawberry,4008211002086,"['en:desserts', 'en:frozen-foods', 'en:frozen-desserts', 'en:ice-creams-and-sorbets', 'en:ice-creams', 'en:ice-cream-tubs', 'en:strawberry-ice-cream-tubs']",4,[],"['en:e330', 'en:e412', 'en:e440', 'en:e471']",187.0,6.8,6.1,27.0,0.4,1.1,0.05
Vienneta,8711327589209,"['en:desserts', 'en:frozen-foods', 'en:frozen-desserts', 'en:ice-creams-and-sorbets', 'en:ice-creams']",6,[],"['en:e322', 'en:e322i', 'en:e407', 'en:e412', 'en:e442', 'en:e471', 'en:e501', 'en:e501i']",121.0,7.2,6.1,10.0,0.6,0.9,0.02
Glace façon cappuccino,3270160842933,"['en:desserts', 'en:frozen-foods', 'en:frozen-desserts', 'en:ice-creams-and-sorbets', 'en:ice-creams', 'en:ice-cream-tubs', 'en:ice-cream-in-a-box']",4,[],"['en:e150a', 'en:e412', 'en:e440', 'en:e471']",157.0,5.5,3.7,20.0,0.5,2.0,0.12
Helado Sabor Galleta y Crema,0074570274000,"['en:desserts', 'en:frozen-foods', 'en:frozen-desserts', 'en:ice-creams-and-sorbets', 'en:ice-creams', 'en:ice-cream-tubs']",1,[],"['en:e500', 'en:e500ii']",250.0,15.6,9.38,20.3,0.0,3.91,0.254
OREGON DARK CHERRY ICE CREAM,0072830081238,"['en:desserts', 'en:frozen-foods', 'en:frozen-desserts', 'en:ice-creams-and-sorbets', 'en:ice-creams', 'en:ice-cream-tubs']",3,[],"['en:e330', 'en:e412', 'en:e417']",221.0,12.6,7.37,23.2,0.0,3.16,0.132
Helado de leche merengada,4056489634812,"['en:desserts', 'en:frozen-foods', 'en:frozen-desserts', 'en:ice-creams-and-sorbets', 'en:ice-creams']",0,[],[],231.0,11.4,8.2,25.8,,2.7,0.18
Cônes choco pistache,2006050067244,"['en:desserts', 'en:frozen-foods', 'en:frozen-desserts', 'en:ice-creams-and-sorbets', 'en:ice-creams', 'en:ice-cream-cones', 'en:chocolate-pistachio-ice-cream-cones']",6,[],"['en:e141', 'en:e141i', 'en:e141ii', 'en:e161b', 'en:e322', 'en:e412', 'en:e471']",298.0,15.0,12.0,22.0,1.4,3.9,0.16
Amul Chocochips Icecream,8901262172493,"['en:desserts', 'en:frozen-foods', 'en:frozen-desserts', 'en:ice-creams-and-sorbets', 'en:ice-creams']",0,[],[],246.0,13.5,8.4,24.5,,4.4,0.115
Mars Ice Cream,5000159548519,"['en:snacks', 'en:desserts', 'en:sweet-snacks', 'en:frozen-foods', 'en:frozen-desserts', 'en:bars', 'en:ice-creams-and-sorbets', 'en:ice-creams', 'en:ice-cream-tubs', 'en:frozen-bars', 'fr:glaces-au-caramel', 'de:milcheis']",4,[],"['en:e407', 'en:e410', 'en:e412', 'en:e471']",332.0,17.8,10.6,29.7,,3.84,0.223
ice cream with oreo cookie pieces,8436575298764,"['en:desserts', 'en:frozen-foods', 'en:frozen-desserts', 'en:ice-creams-and-sorbets', 'en:ice-creams']",7,[],"['en:e322', 'en:e322i', 'en:e410', 'en:e412', 'en:e471', 'en:e476', 'en:e503', 'en:e524']",339.0,20.0,13.0,26.0,0.9,3.5,0.29
Magnum Ice Cream Lolly 440 ML,8711327610880,"['en:desserts', 'en:frozen-foods', 'en:frozen-desserts', 'en:ice-creams-and-sorbets', 'en:ice-creams', 'en:ice-cream-bars']",0,[],[],328.0,20.0,14.0,28.0,1.5,3.4,0.1175
Magnum Glace Bâtonnet Chocolat Blanc 8x100ml,8711327608504,"['en:desserts', 'en:frozen-foods', 'en:frozen-desserts', 'en:ice-creams-and-sorbets', 'en:ice-creams', 'en:ice-cream-bars', 'en:ice-cream-tubs', 'en:ice-cream-bars-coated-with-chocolate', 'en:vanilla-ice-cream-bars-coated-with-white-chocolate', 'en:vanilla-ice-cream-tubs']",6,[],"['en:e160', 'en:e322', 'en:e407', 'en:e412', 'en:e417', 'en:e471']",230.0,14.0,9.7,20.0,,3.1,0.12
Magnum Ice Cream Lolly 330 ML,8711327609716,"['en:desserts', 'en:frozen-foods', 'en:frozen-desserts', 'en:ice-creams-and-sorbets', 'en:ice-creams', 'en:ice-cream-bars', 'en:ice-cream-bars-coated-with-chocolate']",6,[],"['en:e160', 'en:e322', 'en:e407', 'en:e412', 'en:e417', 'en:e471']",282.0,18.0,11.0,22.0,,4.3,0.13
Cookie Dough (Special Edition),5060002044001,"['en:plant-based-foods-and-beverages', 'en:dairy-substitutes', 'en:desserts', 'en:frozen-foods', 'en:frozen-desserts', 'en:ice-creams-and-sorbets', 'en:ice-creams', 'en:plant-based-ice-creams', 'en:vegan']",0,[],[],186.0,7.2,2.4,23.0,,2.8,0.1175
Eiscreme Haselnuss,4337256375849,"['en:desserts', 'en:frozen-foods', 'en:frozen-desserts', 'en:ice-creams-and-sorbets', 'en:ice-creams', 'en:ice-cream-tubs']",0,[],[],234.0,14.8,7.9,20.5,,4.4,0.1
"Magnum Glace Bâtonnet Mini Classic, Amande & Chocolat Blanc 6x55ml",8711327621107,"['en:desserts', 'en:frozen-foods', 'en:frozen-desserts', 'en:ice-creams-and-sorbets', 'en:ice-creams', 'en:ice-cream-bars', 'en:ice-cream-tubs', 'en:ice-cream-bars-coated-with-chocolate', 'en:vanilla-ice-cream-tubs']",6,[],"['en:e160', 'en:e322', 'en:e407', 'en:e412', 'en:e417', 'en:e471']",316.0,19.0,13.0,28.0,,3.3,0.13
Classic coconut,7623186191565,"['en:plant-based-foods-and-beverages', 'en:fermented-foods', 'en:dairy-substitutes', 'en:desserts', 'en:vegan-products', 'en:frozen-foods', 'en:non-dairy-desserts', 'en:non-dairy-fermented-foods', 'en:frozen-desserts', 'en:non-dairy-yogurts', 'en:ice-creams-and-sorbets', 'en:ice-creams', 'en:ice-cream-tubs', 'en:coconut-ice-cream-tubs']",0,[],[],68.0,6.0,5.73,0.333,0.333,0.6,0.0533
Chocolate Crunch,8053178940021,"['en:desserts', 'en:frozen-foods', 'en:frozen-desserts', 'en:ice-creams-and-sorbets', 'en:ice-creams']",7,[],"['en:e1200', 'en:e322', 'en:e410', 'en:e412', 'en:e471', 'en:e960a', 'en:e968']",130.0,4.1,2.9,12.0,9.8,5.0,0.1
Bourbon Vanille Eis vegan,8711327618671,"['en:plant-based-foods-and-beverages', 'en:dairy-substitutes', 'en:desserts', 'en:frozen-foods', 'en:frozen-desserts', 'en:ice-creams-and-sorbets', 'en:ice-creams', 'en:plant-based-ice-creams', 'en:plant-based-ice-cream-tubs']",4,[],"['en:e160a', 'en:e407', 'en:e412', 'en:e471']",175.0,5.8,4.9,22.0,,1.0,0.21
Macaron yuzu lemon ice cream,3415583002926,"['en:desserts', 'en:frozen-foods', 'en:frozen-desserts', 'en:ice-creams-and-sorbets', 'en:ice-creams', 'en:ice-cream-tubs']",0,[],[],262.0,15.2,9.0,25.7,0.4,4.0,0.14
Vanilla macadamia,3560071484750,"['en:desserts', 'en:frozen-foods', 'en:frozen-desserts', 'en:ice-creams-and-sorbets', 'en:ice-creams', 'en:ice-cream-bars', 'en:ice-cream-bars-coated-with-chocolate']",7,[],"['en:e160', 'en:e322', 'en:e322i', 'en:e412', 'en:e440', 'en:e471', 'en:e500']",359.0,22.0,13.0,31.0,1.0,3.1,0.19
Pirulo Tropical 4 x,5010238022786,"['en:desserts', 'en:frozen-foods', 'en:frozen-desserts', 'en:ice-creams-and-sorbets', 'en:ice-creams', 'en:ice-pops']",0,[],[],72.0,0.5,0.1,15.0,0.5,0.5,0.01
Salted Caramel Ice Cream,4056489977674,"['en:desserts', 'en:frozen-foods', 'en:frozen-desserts', 'en:ice-creams-and-sorbets', 'en:ice-creams', 'en:ice-cream-tubs']",4,[],"['en:e322', 'en:e407', 'en:e471', 'en:e500']",290.0,18.3,12.5,25.5,0.5,3.8,0.45
Batonnet Glace Mini Classic Amande Chocolat Blanc x 6 330 ml,8714100635698,"['en:desserts', 'en:frozen-foods', 'en:frozen-desserts', 'en:ice-creams-and-sorbets', 'en:ice-creams', 'en:ice-cream-bars', 'en:ice-cream-tubs', 'en:ice-cream-bars-coated-with-chocolate', 'en:vanilla-ice-cream-tubs']",6,[],"['en:e160', 'en:e407', 'en:e412', 'en:e442', 'en:e471', 'en:e476']",282.0,17.0,11.0,24.0,0.0,3.9,0.13
mini Almond,8714100635650,"['en:desserts', 'en:frozen-foods', 'en:frozen-desserts', 'en:ice-creams-and-sorbets', 'en:ice-creams', 'en:ice-cream-bars', 'en:ice-cream-bars-coated-with-chocolate', 'en:vanilla-ice-cream-bars-coated-with-milk-chocolate-and-almonds']",7,[],"['en:e160a', 'en:e407', 'en:e410', 'en:e412', 'en:e442', 'en:e471', 'en:e476']",282.0,17.0,11.0,24.0,,3.9,0.11
Magnum Classic,8712566340279,"['en:desserts', 'en:frozen-foods', 'en:frozen-desserts', 'en:ice-creams-and-sorbets', 'en:ice-creams', 'en:ice-cream-bars', 'en:ice-cream-tubs', 'en:ice-cream-bars-coated-with-chocolate', 'en:vanilla-ice-cream-bars-coated-with-milk-chocolate', 'en:vanilla-ice-cream-tubs', 'en:vanilla-ice-cream-bars']",6,[],"['en:e160', 'en:e322', 'en:e322i', 'en:e407', 'en:e412', 'en:e471', 'en:e476']",217.0,13.0,9.2,19.0,0.99,2.3,0.09
Glace à l'italienne - citron façon Limoncello,3270160844067,"['en:desserts', 'en:frozen-foods', 'en:frozen-desserts', 'en:ice-creams-and-sorbets', 'en:ice-creams', 'en:ice-cream-tubs', 'en:lemon-ice-cream-tubs']",3,[],"['en:e330', 'en:e440', 'en:e471']",136.0,2.7,2.7,25.0,1.1,0.8,0.08
Gelatelli vanilla,20046408,"['en:desserts', 'en:frozen-foods', 'en:frozen-desserts', 'en:ice-creams-and-sorbets', 'en:ice-creams', 'en:ice-cream-cones']",4,[],"['en:e160', 'en:e322', 'en:e322i', 'en:e412', 'en:e471']",279.0,12.3,10.3,22.5,0.8,3.5,0.1375
4 vanille macadamia crème glacée,3270160730414,"['en:desserts', 'en:frozen-foods', 'en:frozen-desserts', 'en:ice-creams-and-sorbets', 'en:ice-creams', 'en:ice-cream-bars', 'en:ice-cream-tubs', 'en:ice-cream-bars-coated-with-chocolate', 'en:vanilla-ice-cream-tubs']",4,[],"['en:e322', 'en:e322i', 'en:e417', 'en:e471', 'en:e500']",343.0,22.0,14.0,28.0,2.5,5.1,0.13
,1230000022040,"['en:desserts', 'en:frozen-foods', 'en:frozen-desserts', 'en:ice-creams-and-sorbets', 'en:ice-creams', 'en:ice-cream-tubs']",12,[],"['en:e1400', 'en:e14xx', 'en:e150a', 'en:e160', 'en:e331', 'en:e405', 'en:e407', 'en:e412', 'en:e422', 'en:e471', 'en:e960', 'en:e968']",116.0,3.1,2.0,13.0,6.6,4.2,0.325
glaces,3270160265473,"['en:desserts', 'en:frozen-foods', 'en:frozen-desserts', 'en:ice-creams-and-sorbets', 'en:ice-creams', 'en:ice-cream-cones', 'en:chocolate-pistachio-ice-cream-cones']",3,[],"['en:e322', 'en:e322i', 'en:e412', 'en:e471']",263.0,12.0,8.7,22.0,5.0,4.7,0.1
Rhum Raisins,3270190023401,"['en:beverages-and-beverages-preparations', 'en:beverages', 'en:desserts', 'en:frozen-foods', 'en:frozen-desserts', 'en:ice-creams-and-sorbets', 'en:ice-creams', 'en:ice-cream-tubs', 'en:ice-cream-in-a-box', 'en:luxury-ice-cream-in-a-box', 'en:rum-and-raisins-ice-cream-tubs']",3,[],"['en:e150a', 'en:e415', 'en:e471']",194.0,4.9,3.2,23.0,0.5,3.0,0.16
Vanille Glace,7613030871811,"['en:desserts', 'en:frozen-foods', 'en:frozen-desserts', 'en:ice-creams-and-sorbets', 'en:ice-creams', 'en:ice-cream-tubs', 'en:vanilla-ice-cream-tubs']",0,[],[],256.0,14.8,8.2,21.8,0.3,3.7,0.15
Les Classique - 6 Cônes chocolat,3270160736812,"['en:desserts', 'en:frozen-foods', 'en:frozen-desserts', 'en:ice-creams-and-sorbets', 'en:ice-creams']",3,[],"['en:e322', 'en:e322i', 'en:e412', 'en:e471']",289.0,13.0,9.6,25.0,3.3,4.3,0.17
Extrême chocolat,7613034965899,"['en:desserts', 'en:frozen-foods', 'en:frozen-desserts', 'en:ice-creams-and-sorbets', 'en:ice-creams', 'en:ice-cream-cones']",0,[],[],294.0,14.0,9.5,28.0,2.9,3.5,0.12999999523163
Cono de nata,8480000641960,"['en:desserts', 'en:frozen-foods', 'en:frozen-desserts', 'en:ice-creams-and-sorbets', 'en:ice-creams', 'en:ice-cream-cones']",5,[],"['en:e322', 'en:e322i', 'en:e407', 'en:e410', 'en:e412', 'en:e471']",299.0,15.0,12.0,28.0,,3.9,0.15
Glace café (noblissima) 1litre,20348960,"['en:desserts', 'en:frozen-foods', 'en:frozen-desserts', 'en:ice-creams-and-sorbets', 'en:ice-creams', 'sl:dairy-ice-cream']",1,[],['en:e412'],217.0,9.9,6.7,24.4,0.0,3.5,0.1
Ecorino red fruit,20800864,"['en:desserts', 'en:frozen-foods', 'en:frozen-desserts', 'en:ice-creams-and-sorbets', 'en:ice-creams', 'en:ice-cream-cones']",8,[],"['en:e14xx', 'en:e322', 'en:e322i', 'en:e330', 'en:e331', 'en:e410', 'en:e412', 'en:e440', 'en:e471']",160.0,3.0,2.3,21.6,1.0,1.4,0.07
Oasis Bat Vanil Trop X10,3274661106716,"['en:desserts', 'en:frozen-foods', 'en:frozen-desserts', 'en:ice-creams-and-sorbets', 'en:ice-creams']",7,[],"['en:e160', 'en:e160b', 'en:e330', 'en:e401', 'en:e407', 'en:e412', 'en:e471']",118.0,2.2,1.9,22.3,0.3,0.7,0.05
Glace Pistache,8711327385894,"['en:desserts', 'en:frozen-foods', 'en:frozen-desserts', 'en:ice-creams-and-sorbets', 'en:ice-creams', 'en:ice-cream-tubs', 'en:pistachio-ice-cream-tubs']",4,[],"['en:e100', 'en:e412', 'en:e417', 'en:e471']",105.0,4.0,2.1,8.9,0.5,1.8,0.06
Haagen dazs strawberries,3415581105711,"['en:desserts', 'en:frozen-foods', 'en:frozen-desserts', 'en:ice-creams-and-sorbets', 'en:ice-creams', 'en:ice-cream-tubs']",0,[],[],240.0,15.0,10.0,21.8,0.2,4.0,0.15
Sorbete Limón,8480000645098,"['en:desserts', 'en:frozen-foods', 'en:frozen-desserts', 'en:ice-creams-and-sorbets', 'en:sorbets', 'en:ice-creams', 'en:lemon-sorbets']",4,[],"['en:e407', 'en:e410', 'en:e412', 'en:e471']",131.0,0.8,0.5,23.0,,0.7,0.07
Crème glacée pistache,3250390600657,"['en:desserts', 'en:frozen-foods', 'en:frozen-desserts', 'en:ice-creams-and-sorbets', 'en:ice-creams', 'en:ice-cream-tubs', 'en:pistachio-ice-cream-tubs']",4,[],"['en:e100', 'en:e141', 'en:e412', 'en:e471']",208.0,10.2,5.6,22.0,1.4,2.9,0.19
Extrême Café intense x 6,7613035887909,"['en:desserts', 'en:frozen-foods', 'en:frozen-desserts', 'en:ice-creams-and-sorbets', 'en:ice-creams', 'en:ice-cream-tubs', 'en:coffee-ice-cream-tubs']",8,[],"['en:e322', 'en:e322i', 'en:e330', 'en:e412', 'en:e414', 'en:e440', 'en:e471', 'en:e904']",276.0,11.0,8.4,28.0,1.2,3.3,0.14
Cookie cone,8436575295671,"['en:desserts', 'en:frozen-foods', 'en:frozen-desserts', 'en:ice-creams-and-sorbets', 'en:ice-creams', 'en:ice-cream-cones', 'fr:glace-en-cornet']",6,[],"['en:e160', 'en:e322', 'en:e412', 'en:e440', 'en:e471', 'en:e500']",326.0,16.0,11.0,27.0,1.1,3.2,0.32
Helados de Limón,8480000640130,"['en:desserts', 'en:frozen-foods', 'en:frozen-desserts', 'en:ice-creams-and-sorbets', 'en:ice-creams', 'en:ice-pops']",3,[],"['en:e100', 'en:e407', 'en:e412']",71.0,0.0,0.0,15.0,,0.0,0.05
Mini Nata,8480000642462,"['en:desserts', 'en:frozen-foods', 'en:frozen-desserts', 'en:ice-creams-and-sorbets', 'en:ice-creams', 'en:ice-cream-cones']",5,[],"['en:e322', 'en:e322i', 'en:e407', 'en:e410', 'en:e471']",352.0,18.6,11.1,25.4,2.1,4.7,0.07
Crème glacée Noix de coco,3564700574515,"['en:desserts', 'en:frozen-foods', 'en:frozen-desserts', 'en:ice-creams-and-sorbets', 'en:ice-creams', 'en:ice-cream-tubs', 'en:coconut-ice-cream-tubs']",2,[],"['en:e412', 'en:e471']",199.0,7.5,6.6,24.0,1.6,2.5,0.2
Ben & Jerry's Crème Glacée en Pot Chunky Monkey 465ml,8711327372955,"['en:desserts', 'en:frozen-foods', 'en:frozen-desserts', 'en:ice-creams-and-sorbets', 'en:ice-creams', 'en:ice-cream-tubs']",3,[],"['en:e322', 'en:e322i', 'en:e407', 'en:e412']",250.0,15.0,8.7,24.0,,3.7,0.12
Almond,20012137,"['en:snacks', 'en:desserts', 'en:sweet-snacks', 'en:frozen-foods', 'en:frozen-desserts', 'en:ice-creams-and-sorbets', 'en:ice-creams']",4,[],"['en:e322', 'en:e412', 'en:e471', 'en:e476']",346.0,22.0,13.7,26.5,,4.8,0.1675
Bac café (CG) - 1L,3250390601050,"['en:desserts', 'en:frozen-foods', 'en:frozen-desserts', 'en:ice-creams-and-sorbets', 'en:ice-creams', 'en:ice-cream-tubs', 'en:coffee-ice-cream-tubs', 'fr:vrac-glace']",3,[],"['en:e407', 'en:e412', 'en:e471']",208.0,8.1,6.6,25.0,0.6,2.2,0.16
Haagen-Dazs,3415581569810,"['en:snacks', 'en:desserts', 'en:sweet-snacks', 'en:frozen-foods', 'en:biscuits-and-cakes', 'en:biscuits-and-crackers', 'en:frozen-desserts', 'en:biscuits', 'en:ice-creams-and-sorbets', 'en:ice-creams', 'en:ice-cream-tubs', 'en:strawberry-biscuits', 'fr:lunettes-a-la-fraise']",0,[],[],274.0,17.3,10.6,24.2,0.1,4.0,0.2
Fresa Nata,8480000642219,"['en:desserts', 'en:frozen-foods', 'en:frozen-desserts', 'en:ice-creams-and-sorbets', 'en:ice-creams', 'en:ice-cream-cones']",9,[],"['en:e1422', 'en:e160a', 'en:e163', 'en:e270', 'en:e330', 'en:e412', 'en:e415', 'en:e440', 'en:e471']",270.0,12.0,9.3,28.0,,3.6,0.15
Eis Cream Tiramisu,20169954,"['en:desserts', 'en:frozen-foods', 'en:frozen-desserts', 'en:ice-creams-and-sorbets', 'en:ice-creams', 'en:ice-cream-tubs']",0,[],[],208.0,8.4,7.2,27.2,,2.7,0.09
Cookie dough,3560071249106,"['en:desserts', 'en:frozen-foods', 'en:frozen-desserts', 'en:ice-creams-and-sorbets', 'en:ice-creams', 'en:ice-cream-tubs']",2,[],"['en:e322', 'en:e322i', 'en:e500', 'en:e500ii']",263.0,14.0,9.0,25.0,0.6,3.5,0.25
Magnum Double Gold Caramel Billionaire,8711327483071,"['en:desserts', 'en:frozen-foods', 'en:frozen-desserts', 'en:ice-creams-and-sorbets', 'en:ice-creams', 'en:ice-cream-bars', 'en:ice-cream-bars-coated-with-chocolate']",8,[],"['en:e322', 'en:e407', 'en:e410', 'en:e412', 'en:e417', 'en:e471', 'en:e476', 'en:e500']",333.0,17.0,12.0,30.0,,4.5,0.35
Cookie Dough,20396176,"['en:desserts', 'en:frozen-foods', 'en:frozen-desserts', 'en:ice-creams-and-sorbets', 'en:ice-creams', 'en:ice-cream-tubs']",2,[],"['en:e407', 'en:e412']",252.0,14.2,9.0,22.2,,4.6,0.0004
Frisco iced coffee,7613033080517,"['en:plant-based-foods-and-beverages', 'en:plant-based-foods', 'en:desserts', 'en:frozen-foods', 'en:frozen-desserts', 'en:ice-creams-and-sorbets', 'en:coffees', 'en:ice-creams', 'en:ice-cream-tubs', 'en:coffee-ice-cream-tubs', 'en:ice-cream-in-a-box']",1,[],['en:e412'],201.0,11.0,5.6,21.0,,3.2,0.13
Ben & Jerry's Glace en Pot The Cookie Cool-loction 4x100ml,8711327321724,"['en:desserts', 'en:frozen-foods', 'en:frozen-desserts', 'en:ice-creams-and-sorbets', 'en:ice-creams', 'en:luxury-ice-cream-in-a-cup']",3,[],"['en:e322', 'en:e322i', 'en:e407', 'en:e412']",276.0,16.0,9.9,25.0,,4.0,0.14
Sandwich de nata,8480000641465,"['en:desserts', 'en:frozen-foods', 'en:frozen-desserts', 'en:ice-creams-and-sorbets', 'en:ice-creams', 'en:ice-cream-sandwiches']",8,[],"['en:e150c', 'en:e223', 'en:e322', 'en:e407', 'en:e412', 'en:e500', 'en:e503', 'en:e570']",276.0,10.0,6.5,23.0,,4.1,0.4325
Helados de horchata,8480000641793,"['en:desserts', 'en:frozen-foods', 'en:frozen-desserts', 'en:ice-creams-and-sorbets', 'en:ice-creams', 'en:ice-pops']",0,[],[],106.410256410256,1.79487179487179,0.641025641025641,20.5128205128205,0.0,0.641025641025641,0.0
Eis Nuii Salted Caramel & Australian Macadamia,5900130030678,"['en:desserts', 'en:frozen-foods', 'en:frozen-desserts', 'en:ice-creams-and-sorbets', 'en:ice-creams', 'en:ice-cream-bars']",5,[],"['en:e322', 'en:e412', 'en:e440', 'en:e471', 'en:e476']",360.0,21.0,12.0,31.0,0.8,3.8,0.28
Fraise,3560071016678,"['en:desserts', 'en:frozen-foods', 'en:frozen-desserts', 'en:ice-creams-and-sorbets', 'en:ice-creams', 'en:ice-cream-tubs', 'en:strawberry-ice-cream-tubs']",5,[],"['en:e330', 'en:e412', 'en:e415', 'en:e440', 'en:e471']",163.0,5.2,3.5,23.0,0.5,1.8,0.14
Crème glacé chocolat noir,3256228125446,"['en:desserts', 'en:frozen-foods', 'en:frozen-desserts', 'en:ice-creams-and-sorbets', 'en:ice-creams', 'en:ice-cream-tubs', 'en:chocolate-ice-cream-tubs']",1,[],['en:e412'],195.0,8.8,5.3,23.0,2.5,3.7,0.14
Extrême chocolat pistache x 8 cônes,7613031608034,"['en:desserts', 'en:frozen-foods', 'en:frozen-desserts', 'en:ice-creams-and-sorbets', 'en:ice-creams', 'en:ice-cream-cones', 'en:chocolate-pistachio-ice-cream-cones']",9,[],"['en:e100', 'en:e141', 'en:e141i', 'en:e141ii', 'en:e150a', 'en:e322', 'en:e322i', 'en:e412', 'en:e471', 'en:e476']",281.0,13.0,9.3,27.0,1.4,3.3,0.13
Extrême sundae caramel cacahuètes caramélisées,3274664173340,"['en:desserts', 'en:frozen-foods', 'en:frozen-desserts', 'en:ice-creams-and-sorbets', 'en:ice-creams', 'en:ice-cream-cones']",5,[],"['en:e150a', 'en:e322', 'en:e412', 'en:e440', 'en:e471']",279.0,12.0,8.5,29.0,0.9,3.4,0.22
Chocolat avec sauce au chocolat,3560070335879,"['en:desserts', 'en:frozen-foods', 'en:frozen-desserts', 'en:ice-creams-and-sorbets', 'en:ice-creams', 'en:ice-cream-cones', 'en:chocolate-vanilla-ice-cream-cones']",5,[],"['en:e14xx', 'en:e322', 'en:e322i', 'en:e471', 'en:e501']",310.0,14.0,11.0,28.0,2.4,3.9,0.19
Helado de chocolate negro,8480000642486,"['en:desserts', 'en:frozen-foods', 'en:frozen-desserts', 'en:ice-creams-and-sorbets', 'en:ice-creams', 'en:ice-cream-bars', 'en:ice-cream-bars-coated-with-chocolate', 'en:vanilla-ice-cream-bars-coated-with-dark-chocolate']",0,[],[],307.0,20.10000038147,13.5,26.39999961853,,3.5,0.0
Nougat Glacé Framboise 650ml,3270160655403,"['en:desserts', 'en:frozen-foods', 'en:frozen-desserts', 'en:ice-creams-and-sorbets', 'en:ice-creams', 'en:ice-cream-tubs', 'en:nougat-ice-cream-tubs']",5,[],"['en:e407', 'en:e412', 'en:e414', 'en:e440', 'en:e471']",194.0,8.2,2.7,20.0,2.1,3.9,0.07
"Ferrero Rocher Eis, Triple Experience, Caramel",8000500406267,"['en:desserts', 'en:frozen-foods', 'en:frozen-desserts', 'en:ice-creams-and-sorbets', 'en:ice-creams', 'en:ice-cream-bars', 'en:ice-cream-bars-coated-with-chocolate']",4,[],"['en:e14xx', 'en:e322', 'en:e407', 'en:e412']",402.0,27.6,14.3,30.2,0.0,5.0,0.257
Helado Biscoff,5410126137002,"['en:desserts', 'en:frozen-foods', 'en:frozen-desserts', 'en:ice-creams-and-sorbets', 'en:ice-creams', 'en:ice-cream-bars']",7,[],"['en:e322', 'en:e330', 'en:e410', 'en:e412', 'en:e471', 'en:e476', 'en:e500', 'en:e500ii']",434.0,28.7,13.0,32.4,0.704,3.24,0.366
"White Chocolate Chocolat blanc, cœur vanille",3560070774456,"['en:desserts', 'en:frozen-foods', 'en:frozen-desserts', 'en:ice-creams-and-sorbets', 'en:ice-creams', 'en:ice-cream-bars', 'en:ice-cream-bars-coated-with-chocolate', 'en:vanilla-ice-cream-bars-coated-with-white-chocolate']",3,[],"['en:e160', 'en:e322', 'en:e322i', 'en:e471']",285.0,16.0,11.0,29.0,0.5,2.4,0.2
Pistache,3560071449315,"['en:plant-based-foods-and-beverages', 'en:plant-based-foods', 'en:desserts', 'en:frozen-foods', 'en:nuts-and-their-products', 'en:frozen-desserts', 'en:nuts', 'en:ice-creams-and-sorbets', 'en:ice-creams', 'en:pistachios', 'en:ice-cream-tubs', 'en:pistachio-ice-cream-tubs']",3,[],"['en:e100', 'en:e412', 'en:e471']",179.0,7.5,4.0,21.0,0.6,2.2,0.15
Glace à l'italienne Vanille & Fraise,8711327489349,"['en:desserts', 'en:frozen-foods', 'en:frozen-desserts', 'en:ice-creams-and-sorbets', 'en:ice-creams', 'en:ice-cream-cones']",6,[],"['en:e322', 'en:e330', 'en:e412', 'en:e417', 'en:e442', 'en:e471']",264.0,11.0,9.5,27.0,2.8,2.7,0.2
Flake cones,5010693308449,"['en:desserts', 'en:frozen-foods', 'en:frozen-desserts', 'en:ice-creams-and-sorbets', 'en:ice-creams']",7,[],"['en:e160a', 'en:e322', 'en:e322i', 'en:e410', 'en:e412', 'en:e442', 'en:e471', 'en:e476']",196.0,10.2,7.4,16.6,0.3,2.5,0.04
La Laitière (Glace) Caramel Beurre salé,3274664225711,"['en:desserts', 'en:frozen-foods', 'en:frozen-desserts', 'en:ice-creams-and-sorbets', 'en:ice-creams', 'en:ice-cream-tubs', 'fr:glaces-au-caramel']",8,[],"['en:e150a', 'en:e322', 'en:e322i', 'en:e330', 'en:e412', 'en:e440', 'en:e471', 'en:e500']",188.0,6.2,4.1,19.0,0.5,1.8,0.2
Schwarzwälder Kirsch,4008210184806,"['en:desserts', 'en:frozen-foods', 'en:frozen-desserts', 'en:ice-creams-and-sorbets', 'en:ice-creams', 'en:ice-cream-tubs']",5,[],"['en:e322', 'en:e330', 'en:e412', 'en:e440', 'en:e471']",200.0,7.2,6.4,26.0,1.0,2.0,0.07
Glace,3596710471331,"['en:desserts', 'en:frozen-foods', 'en:frozen-desserts', 'en:ice-creams-and-sorbets', 'en:ice-creams', 'en:ice-cream-cones', 'en:strawberry-vanilla-ice-cream-cones', 'en:cones-glaces', 'en:cones-vanille-fraise', 'en:desserts-glaces', 'en:surgeles']",7,[],"['en:e160', 'en:e162', 'en:e163', 'en:e322', 'en:e322i', 'en:e330', 'en:e412', 'en:e504']",237.0,8.9,7.4,30.0,0.7,1.8,0.1
Salted Caramel,3415581114935,"['en:desserts', 'en:frozen-foods', 'en:frozen-desserts', 'en:ice-creams-and-sorbets', 'en:ice-creams']",3,[],"['en:e322', 'en:e322i', 'en:e440', 'en:e500', 'en:e500ii']",275.0,16.4,10.0,25.0,0.0,4.0,0.58
LOTUS BISCOFF Glace Mini Bâtonnets - Speculoos Chocolat au lait - 276g (6x60ml),5410126007701,"['en:dairies', 'en:desserts', 'en:frozen-foods', 'en:creams', 'en:frozen-desserts', 'en:ice-creams-and-sorbets', 'en:ice-creams', 'en:ice-cream-bars', 'en:frozen-creams', 'en:ice-cream-bars-coated-with-chocolate']",6,[],"['en:e322', 'en:e330', 'en:e412', 'en:e471', 'en:e476', 'en:e500', 'en:e500ii']",436.0,29.0,13.0,34.0,0.7,3.4,0.36
classic protein Ice cream,4056489576266,"['en:desserts', 'en:frozen-foods', 'en:frozen-desserts', 'en:ice-creams-and-sorbets', 'en:ice-creams', 'en:protein-ice-cream']",8,[],"['en:e160b', 'en:e160bii', 'en:e407', 'en:e410', 'en:e412', 'en:e476', 'en:e960a', 'en:e965', 'en:e968']",315.0,19.0,12.0,25.0,1.32,9.4,0.154
Mini caramel,3270160842605,"['en:desserts', 'en:frozen-foods', 'en:frozen-desserts', 'en:ice-creams-and-sorbets', 'en:ice-creams', 'en:ice-cream-bars']",4,[],"['en:e322', 'en:e322i', 'en:e412', 'en:e440', 'en:e471']",367.0,23.0,14.0,26.0,2.5,3.9,1.0
Eis Stracciatella,8711327478961,"['en:desserts', 'en:frozen-foods', 'en:frozen-desserts', 'en:ice-creams-and-sorbets', 'en:ice-creams', 'en:ice-cream-tubs', 'en:stracciatella-ice-cream-tubs']",3,[],"['en:e412', 'en:e442', 'en:e471']",198.0,8.4,6.8,20.0,,2.8,0.09
Huracan Pak 7 Stuks (gelatelli),20396954,"['en:desserts', 'en:frozen-foods', 'en:frozen-desserts', 'en:ice-creams-and-sorbets', 'en:ice-creams', 'en:desserts-glaces', 'en:surgeles']",8,[],"['en:e100', 'en:e140', 'en:e330', 'en:e407', 'en:e410', 'en:e412', 'en:e440', 'en:e471']",106.0,1.7,1.4,20.6,0.2,0.7,0.04
Nogger das original,40561219,"['en:desserts', 'en:frozen-foods', 'en:frozen-desserts', 'en:ice-creams-and-sorbets', 'en:ice-creams', 'en:ice-cream-bars']",5,[],"['en:e407', 'en:e412', 'en:e442', 'en:e471', 'en:e503', 'en:e503i']",314.0,21.0,17.0,22.0,,3.6,0.14
Snickers peanut butter,5000159543378,"['en:snacks', 'en:desserts', 'en:sweet-snacks', 'en:confectioneries', 'en:frozen-foods', 'en:frozen-desserts', 'en:bars', 'en:ice-creams-and-sorbets', 'en:ice-creams', 'en:ice-cream-candy-chocolate-bars']",5,[],"['en:e322', 'en:e322i', 'en:e407', 'en:e410', 'en:e412', 'en:e471']",349.0,21.0,9.8,28.0,,5.7,0.3
Saveur crème brûlée,3596710442164,"['en:desserts', 'en:frozen-foods', 'en:frozen-desserts', 'en:ice-creams-and-sorbets', 'en:ice-creams']",4,[],"['en:e160', 'en:e412', 'en:e440', 'en:e471']",191.0,7.9,7.0,23.0,0.5,1.8,0.13
,8005840096581,"['en:desserts', 'en:frozen-foods', 'en:frozen-desserts', 'en:ice-creams-and-sorbets', 'en:ice-creams', 'en:ice-cream-tubs']",3,[],"['en:e322', 'en:e322i', 'en:e401', 'en:e471']",262.0,15.0,9.4,24.0,,3.4,0.16
Mango 7613036211802 Mangoeis mit Fruchtzubereitung mit Mangostückchen,7613036211802,"['en:desserts', 'en:frozen-foods', 'en:frozen-desserts', 'en:ice-creams-and-sorbets', 'en:ice-creams', 'en:ice-cream-tubs']",5,[],"['en:e160a', 'en:e330', 'en:e412', 'en:e440', 'en:e471']",180.0,6.8,6.1,25.0,,0.8,0.06
Bum Bum,7613035050655,"['en:desserts', 'en:frozen-foods', 'en:frozen-desserts', 'en:ice-creams-and-sorbets', 'en:ice-creams', 'en:sorbets']",12,[],"['en:e160a', 'en:e296', 'en:e322', 'en:e330', 'en:e412', 'en:e420', 'en:e422', 'en:e471', 'en:e953', 'en:e960a', 'en:e965', 'en:e967']",257.0,13.0,10.0,25.0,0.5,0.6,0.03
Vanilla Ice Cream,20544249,"['en:desserts', 'en:frozen-foods', 'en:frozen-desserts', 'en:ice-creams-and-sorbets', 'en:ice-creams', 'en:ice-cream-tubs', 'en:vanilla-ice-cream-tubs']",3,[],"['en:e160b', 'en:e412', 'en:e471']",166.0,8.1,7.3,20.4,,1.8,0.06
Cottee's Ice Magic Chocolate 220G,9300657173418,"['en:snacks', 'en:desserts', 'en:sweet-snacks', 'en:frozen-foods', 'en:bars', 'en:frozen-desserts', 'en:ice-creams-and-sorbets', 'en:ice-creams', 'en:chocolate-coated-ice-cream']",2,[],"['en:e319', 'en:e471']",581.0,42.3,19.5,46.4,,4.09,0.0341
Gelato alla vaniglia variegato al cacao e nocciola,8005840004708,"['en:desserts', 'en:frozen-foods', 'en:frozen-desserts', 'en:ice-creams-and-sorbets', 'en:ice-creams']",5,[],"['en:e322', 'en:e401', 'en:e407', 'en:e440', 'en:e471']",245.0,14.0,9.6,22.0,,1.0,0.05
"Double Sunlover White Chocolate, Mango, Coconut",8711327582408,"['en:desserts', 'en:frozen-foods', 'en:frozen-desserts', 'en:ice-creams-and-sorbets', 'en:ice-creams', 'en:ice-cream-bars']",11,[],"['en:e14xx', 'en:e160a', 'en:e322', 'en:e330', 'en:e331', 'en:e407', 'en:e410', 'en:e412', 'en:e417', 'en:e440', 'en:e471']",318.0,17.3,12.1,26.7,,4.0,0.00035
Lighten Up Chocolate Cookie Dough,8711327590311,"['en:desserts', 'en:frozen-foods', 'en:frozen-desserts', 'en:ice-creams-and-sorbets', 'en:ice-creams', 'en:ice-cream-tubs']",3,[],"['en:e322', 'en:e410', 'en:e412']",208.0,6.7,3.6,24.0,,4.7,0.15
Magnum Glace Bâtonnet Mini parfum Popcorn Double Starchaser 6x55ml,8711327580725,"['en:desserts', 'en:frozen-foods', 'en:frozen-desserts', 'en:ice-creams-and-sorbets', 'en:ice-creams', 'en:ice-cream-bars', 'en:ice-cream-bars-coated-with-chocolate']",8,[],"['en:e322', 'en:e407', 'en:e410', 'en:e412', 'en:e417', 'en:e442', 'en:e471', 'en:e476']",293.0,16.0,10.0,27.0,0.0,3.1,0.22
Colombian Coffee icecream,5057753907372,"['en:desserts', 'en:frozen-foods', 'en:frozen-desserts', 'en:ice-creams-and-sorbets', 'en:ice-creams', 'en:ice-cream-tubs', 'en:coffee-ice-cream-tubs']",0,[],[],224.0,13.3,8.9,19.9,0.5,3.8,0.07
Vanilla Ice Cream Without Sugar,8711327547070,"['en:desserts', 'en:frozen-foods', 'en:frozen-desserts', 'en:ice-creams-and-sorbets', 'en:ice-creams']",0,[],[],138.0,5.7,5.1,6.7,5.6,4.0,0.158
Vanille Amandes,3596710470327,"['en:desserts', 'en:frozen-foods', 'en:frozen-desserts', 'en:ice-creams-and-sorbets', 'en:ice-creams', 'en:ice-cream-bars', 'en:ice-cream-tubs', 'en:ice-cream-bars-coated-with-chocolate', 'en:vanilla-ice-cream-bars-coated-with-milk-chocolate-and-almonds', 'en:vanilla-ice-cream-tubs']",5,[],"['en:e160', 'en:e322', 'en:e322i', 'en:e412', 'en:e471', 'en:e476']",319.0,20.0,12.0,27.0,1.0,3.8,0.17
Amando biscotto gelato con frutti di bosco,8005840006092,"['en:desserts', 'en:frozen-foods', 'en:frozen-desserts', 'en:ice-creams-and-sorbets', 'en:ice-creams']",8,[],"['en:e330', 'en:e401', 'en:e407', 'en:e412', 'en:e440', 'en:e471', 'en:e500', 'en:e503']",314.0,12.0,9.0,26.0,,2.5,0.39
Pecan Pie Ice Cream,0071899835486,"['en:desserts', 'en:frozen-foods', 'en:frozen-desserts', 'en:ice-creams-and-sorbets', 'en:ice-creams', 'en:ice-cream-tubs']",0,[],[],195.0,7.96,5.31,27.4,0.0,3.54,0.122
"Crème glacée Amande, fleur d’oranger, makrout",3270160841769,"['en:desserts', 'en:frozen-foods', 'en:frozen-desserts', 'en:ice-creams-and-sorbets', 'en:ice-creams', 'en:ice-cream-tubs']",2,[],"['en:e440', 'en:e471']",217.0,8.9,5.7,25.0,0.5,4.6,0.09
Gelato allo yogurt variegato ai frutti di bosco,8017596043955,"['en:desserts', 'en:frozen-foods', 'en:frozen-desserts', 'en:ice-creams-and-sorbets', 'en:ice-creams']",2,[],"['en:e330', 'en:e471']",186.0,8.0,7.0,24.0,0.5,2.7,0.06
Sandwich classic,4056489639725,"['en:desserts', 'en:frozen-foods', 'en:frozen-desserts', 'en:ice-creams-and-sorbets', 'en:ice-creams', 'en:ice-cream-sandwiches']",4,[],"['en:e322', 'en:e412', 'en:e471', 'en:e500']",268.0,16.6,13.6,17.3,,2.4,0.08
Glace Cookie Dough,3564706705494,"['en:desserts', 'en:frozen-foods', 'en:frozen-desserts', 'en:ice-creams-and-sorbets', 'en:ice-creams']",0,[],[],258.0,14.0,9.1,24.0,0.5,3.3,0.0
Nogger,8711327594883,"['en:desserts', 'en:frozen-foods', 'en:frozen-desserts', 'en:ice-creams-and-sorbets', 'en:ice-creams', 'en:ice-cream-bars', 'en:ice-cream-bars-coated-with-fat-reduced-cocoa']",4,[],"['en:e412', 'en:e442', 'en:e471', 'en:e503']",326.0,21.0,17.0,22.0,,3.6,0.14
High Protein Chocolate,8014914025884,"['en:desserts', 'en:frozen-foods', 'en:frozen-desserts', 'en:ice-creams-and-sorbets', 'en:ice-creams']",5,[],"['en:e412', 'en:e471', 'en:e953', 'en:e960a', 'en:e965']",157.0,4.6,4.0,8.9,5.4,8.6,0.07
Smile Parfum chocolat,8711327558502,"['en:desserts', 'en:frozen-foods', 'en:frozen-desserts', 'en:ice-creams-and-sorbets', 'en:ice-creams', 'en:ice-cream-bars']",6,[],"['en:e322', 'en:e322i', 'en:e407', 'en:e412', 'en:e417', 'en:e442', 'en:e471']",272.0,16.0,12.0,24.0,,3.3,0.13
Glace à la crème de marrons,3662487006035,"['en:desserts', 'en:frozen-foods', 'en:frozen-desserts', 'en:ice-creams-and-sorbets', 'en:ice-creams', 'en:ice-cream-tubs', 'en:chestnut-ice-cream-tubs']",0,[],[],211.0,5.2,3.2,32.0,0.7,2.3,0.05
Glace chocolat,8690637829420,"['en:desserts', 'en:frozen-foods', 'en:frozen-desserts', 'en:ice-creams-and-sorbets', 'en:ice-creams', 'en:ice-cream-tubs', 'en:chocolate-ice-cream-tubs']",0,[],[],265.0,13.3,10.4,25.0,,0.0,0.13
Ice Cream Bars,0074570650972,"['en:desserts', 'en:frozen-foods', 'en:frozen-desserts', 'en:ice-creams-and-sorbets', 'en:ice-creams', 'en:ice-cream-bars']",1,[],"['en:e322', 'en:e322i']",351.0,24.7,15.6,23.4,1.3,5.19,0.13
Haagen dazs vanilla & almond ice cream bar,0074570033102,"['en:desserts', 'en:frozen-foods', 'en:frozen-desserts', 'en:ice-creams-and-sorbets', 'en:ice-creams']",1,[],"['en:e322', 'en:e322i']",353.66,25.61,15.85,23.17,1.2,6.1,0.1239
Barattolino,8005840104088,"['en:desserts', 'en:frozen-foods', 'en:frozen-desserts', 'en:ice-creams-and-sorbets', 'en:ice-creams']",8,[],"['en:e162', 'en:e163', 'en:e202', 'en:e330', 'en:e407', 'en:e410', 'en:e440', 'en:e471']",176.0,6.3,5.8,24.0,,1.7,0.04
Salted caramel swirl,5060346411972,"['en:desserts', 'en:frozen-foods', 'en:frozen-desserts', 'en:ice-creams-and-sorbets', 'en:ice-creams', 'en:ice-cream-tubs']",0,[],[],139.0,5.9,4.2,9.5,7.6,4.3,0.393
Nordic Berry & Australian Macadamia,5900130038995,"['en:desserts', 'en:frozen-foods', 'en:frozen-desserts', 'en:ice-creams-and-sorbets', 'en:ice-creams', 'en:ice-cream-bars', 'en:chocolate-ice-cream-bars']",7,[],"['en:e322', 'en:e330', 'en:e331', 'en:e410', 'en:e412', 'en:e471', 'en:e476']",372.0,22.0,13.0,32.0,0.9,3.8,0.28
cherry vanilla ice cream,0074570534005,"['en:desserts', 'en:frozen-foods', 'en:frozen-desserts', 'en:ice-creams-and-sorbets', 'en:ice-creams', 'en:ice-cream-tubs']",1,[],['en:e440'],186.0,11.4,6.76,17.6,0.242,2.9,0.0845
Bounty Ice Cream,5000159536394,"['en:snacks', 'en:desserts', 'en:sweet-snacks', 'en:frozen-foods', 'en:frozen-desserts', 'en:bars', 'en:ice-creams-and-sorbets', 'en:ice-creams', 'en:frozen-candy-chocolate-bars']",4,[],"['en:e410', 'en:e421', 'en:e471', 'en:e500']",269.0,16.6,11.0,22.0,,3.19,0.12
Pistazien Eiscreme,4337256241519,"['en:desserts', 'en:frozen-foods', 'en:frozen-desserts', 'en:ice-creams-and-sorbets', 'en:ice-creams', 'en:ice-cream-tubs']",0,[],[],237.0,14.0,7.7,21.7,,5.5,0.1
Carte D'or Indulgent Chocolate Ice Cream,8711327534322,"['en:desserts', 'en:frozen-foods', 'en:frozen-desserts', 'en:ice-creams-and-sorbets', 'en:ice-creams', 'en:ice-cream-tubs', 'en:chocolate-ice-cream-tubs']",5,[],"['en:e410', 'en:e412', 'en:e417', 'en:e442', 'en:e471']",203.0,7.6,5.9,23.0,,3.1,0.198
Bichettes  glacées,3274664222222,"['en:desserts', 'en:frozen-foods', 'en:frozen-desserts', 'en:ice-creams-and-sorbets', 'en:ice-creams']",0,[],[],180.0,8.5,7.2,20.0,1.0,2.4,0.14
Premium Eis Cookies,4056489786092,"['en:desserts', 'en:frozen-foods', 'en:frozen-desserts', 'en:ice-creams-and-sorbets', 'en:ice-creams', 'en:ice-cream-tubs']",6,[],"['en:e14xx', 'en:e270', 'en:e322', 'en:e412', 'en:e471', 'en:e500']",220.0,8.0,6.4,26.6,1.7,3.4,0.18
Triple Choc Eis,4008211004363,"['en:desserts', 'en:frozen-foods', 'en:frozen-desserts', 'en:ice-creams-and-sorbets', 'en:ice-creams', 'en:ice-cream-tubs']",3,[],"['en:e322', 'en:e412', 'en:e471']",278.0,16.0,7.9,25.0,2.3,3.3,0.09
TO OPEN BREAK OFF TAB CREAM OF SCOTTISH EASY SCOOP,5012262009351,"['en:desserts', 'en:frozen-foods', 'en:frozen-desserts', 'en:ice-creams-and-sorbets', 'en:ice-creams', 'en:ice-cream-in-a-box']",0,[],[],172.0,7.4,4.4,20.5,,3.5,0.14
West Country Pistachio Luxury Ice Cream,29141586,"['en:desserts', 'en:frozen-foods', 'en:frozen-desserts', 'en:ice-creams-and-sorbets', 'en:ice-creams']",0,[],[],232.0,15.8,8.59,14.8,,5.92,0.222
Glace pistache de sicile,3267180390247,"['en:desserts', 'en:frozen-foods', 'en:frozen-desserts', 'en:ice-creams-and-sorbets', 'en:ice-creams', 'en:ice-cream-tubs', 'en:pistachio-ice-cream-tubs']",5,[],"['en:e322', 'en:e322i', 'en:e401', 'en:e407', 'en:e412', 'en:e471']",217.0,10.2,4.3,25.4,0.7,4.7,0.3
Gelatelli Fantastic Fish Coco V VEGETARIAN One sco,4056489145141,"['en:desserts', 'en:frozen-foods', 'en:frozen-desserts', 'en:ice-creams-and-sorbets', 'en:ice-creams', 'en:ice-cream-tubs', 'en:icecream-tub']",7,[],"['en:e322', 'en:e333', 'en:e407', 'en:e410', 'en:e412', 'en:e415', 'en:e570']",244.0,10.8,7.8,20.9,1.4,3.9,0.128
Glace artisanale Chocolat Noisette,3760192494199,"['en:desserts', 'en:frozen-foods', 'en:frozen-desserts', 'en:ice-creams-and-sorbets', 'en:ice-creams', 'en:ice-cream-tubs', 'en:chocolate-ice-cream-tubs']",0,[],[],237.0,14.0,12.0,19.0,4.6,2.1,0.02
Glace Ultra Gourmand Marron,3270160844104,"['en:desserts', 'en:frozen-foods', 'en:frozen-desserts', 'en:ice-creams-and-sorbets', 'en:ice-creams', 'en:ice-cream-tubs', 'en:chestnut-ice-creams']",0,[],[],197.0,2.8,1.9,32.0,1.3,3.4,0.09
Crème glacée Rhum Raisin,2006050128495,"['en:desserts', 'en:frozen-foods', 'en:frozen-desserts', 'en:ice-creams-and-sorbets', 'en:ice-creams', 'en:ice-cream-tubs', 'en:rum-and-raisins-ice-cream-tubs']",4,[],"['en:e150', 'en:e412', 'en:e415', 'en:e471']",175.0,5.1,3.4,20.0,0.0,3.1,0.21
Cremissimo Walnuss,8711327619722,"['en:desserts', 'en:frozen-foods', 'en:frozen-desserts', 'en:ice-creams-and-sorbets', 'en:ice-creams', 'en:ice-cream-tubs']",6,[],"['en:e100', 'en:e330', 'en:e407', 'en:e412', 'en:e417', 'en:e471']",222.0,9.2,5.0,25.0,,2.4,0.08
Mango Maracuja Joghurt,8711327616875,"['en:desserts', 'en:frozen-foods', 'en:frozen-desserts', 'en:ice-creams-and-sorbets', 'en:ice-creams', 'en:ice-cream-tubs']",7,[],"['en:e100', 'en:e330', 'en:e407', 'en:e412', 'en:e417', 'en:e440', 'en:e471']",158.0,3.5,3.0,24.0,,1.5,0.12
Cremissimo Schokolade,8711327619470,"['en:desserts', 'en:frozen-foods', 'en:frozen-desserts', 'en:ice-creams-and-sorbets', 'en:ice-creams', 'en:ice-cream-tubs', 'en:chocolate-ice-cream-tubs']",7,[],"['en:e160a', 'en:e330', 'en:e407', 'en:e412', 'en:e417', 'en:e442', 'en:e471']",211.0,8.9,6.6,24.0,,3.4,0.11
Helado Peanut Butter Cups,8402001019241,"['en:desserts', 'en:frozen-foods', 'en:frozen-desserts', 'en:ice-creams-and-sorbets', 'en:ice-creams']",3,[],"['en:e322', 'en:e322i', 'en:e410', 'en:e412']",289.0,18.0,10.0,23.0,1.4,6.0,0.65
Dairy Milk Icream Cream,5010238022564,"['en:desserts', 'en:frozen-foods', 'en:frozen-desserts', 'en:ice-creams-and-sorbets', 'en:ice-creams']",6,[],"['en:e160a', 'en:e410', 'en:e412', 'en:e442', 'en:e471', 'en:e476']",252.390057361377,17.0,12.0,20.8,0.5,2.9,0.1075
Peanut Butter chunks,4337256543866,"['en:desserts', 'en:frozen-foods', 'en:frozen-desserts', 'en:ice-creams-and-sorbets', 'en:ice-creams', 'en:ice-cream-tubs']",2,[],"['en:e322', 'en:e412']",309.0,20.4,11.3,22.6,,6.5,0.35
Crunchie Blast,5010238022502,"['en:desserts', 'en:frozen-foods', 'en:frozen-desserts', 'en:ice-creams-and-sorbets', 'en:ice-creams', 'en:ice-cream-bars', 'en:ice-cream-bars-coated-with-chocolate']",8,[],"['en:e160a', 'en:e162', 'en:e290', 'en:e410', 'en:e412', 'en:e442', 'en:e471', 'en:e476']",236.0,14.4,9.5,21.5,0.5,2.8,0.08
Ceme glace,2006050124619,"['en:desserts', 'en:frozen-foods', 'en:frozen-desserts', 'en:ice-creams-and-sorbets', 'en:ice-creams', 'en:ice-cream-tubs']",0,[],[],205.0,7.5,4.9,23.0,0.6,3.2,0.22
Familia Galaxy,8606018617746,"['en:desserts', 'en:frozen-foods', 'en:frozen-desserts', 'en:ice-creams-and-sorbets', 'en:ice-creams']",0,[],[],291.0,14.8,10.9,26.8,1.21,3.09,0.104
Madagascan Vanilla Ice Cream,4088600265148,"['en:desserts', 'en:frozen-foods', 'en:frozen-desserts', 'en:ice-creams-and-sorbets', 'en:ice-creams', 'en:ice-cream-tubs']",4,[],"['en:e407', 'en:e410', 'en:e412', 'en:e471']",208.0,12.0,8.1,19.0,0.0,4.3,0.225
Magnum Ice Cream Lolly ALMOND 120 ML,8000920500224,"['en:snacks', 'en:desserts', 'en:frozen-foods', 'en:sweet-snacks', 'en:confectioneries', 'en:frozen-desserts', 'en:ice-creams-and-sorbets', 'en:ice-creams', 'en:ice-cream-bars', 'en:ice-cream-bars-coated-with-chocolate']",7,[],"['en:e160a', 'en:e407', 'en:e410', 'en:e412', 'en:e442', 'en:e471', 'en:e476']",233.0,14.0,8.8,20.0,,3.4,0.1
Cdo 900ml vanille pecan,8712100482199,"['en:desserts', 'en:frozen-foods', 'en:frozen-desserts', 'en:ice-creams-and-sorbets', 'en:ice-creams', 'en:ice-cream-tubs', 'en:vanilla-and-pecan-ice-cream-tubs']",7,[],"['en:e14xx', 'en:e150a', 'en:e160', 'en:e332', 'en:e412', 'en:e417', 'en:e471']",133.0,5.2,3.6,17.0,0.5,1.2,0.1
Peanut Butter Cup Ice Cream,1230000022057,"['en:desserts', 'en:frozen-foods', 'en:frozen-desserts', 'en:ice-creams-and-sorbets', 'en:ice-creams', 'en:ice-cream-tubs']",4,[],"['en:e410', 'en:e412', 'en:e422', 'en:e968']",125.0,4.8,2.2,13.0,,4.9,0.4625
8 mini vanille divers enrobages,3270160739127,"['en:desserts', 'en:frozen-foods', 'en:frozen-desserts', 'en:ice-creams-and-sorbets', 'en:ice-creams', 'en:ice-cream-bars', 'en:ice-cream-tubs', 'en:vanilla-ice-cream-tubs', 'en:vanilla-ice-cream-bars']",3,[],"['en:e322', 'en:e322i', 'en:e412', 'en:e471']",315.0,18.0,12.0,25.0,2.5,4.0,0.18
Gelatelli Pistazie Eis,20548445,"['en:desserts', 'en:frozen-foods', 'en:frozen-desserts', 'en:ice-creams-and-sorbets', 'en:ice-creams']",3,[],"['en:e322', 'en:e322i', 'en:e401', 'en:e476']",328.0,18.6,11.6,33.7,,3.1,0.27
Eis &quot;After Dinner Classic&quot;,8000920576502,"['en:snacks', 'en:desserts', 'en:sweet-snacks', 'en:frozen-foods', 'en:frozen-desserts', 'en:bars', 'en:ice-creams-and-sorbets', 'en:ice-creams', 'en:ice-cream-bars', 'en:frozen-bars', 'en:vanilla-ice-cream-bars']",6,[],"['en:e160a', 'en:e322', 'en:e407', 'en:e410', 'en:e471', 'en:e476']",353.0,24.0,18.0,29.0,,4.0,0.16
Vanille & Macadamia,20091941,"['en:desserts', 'en:frozen-foods', 'en:frozen-desserts', 'en:ice-creams-and-sorbets', 'en:ice-creams', 'en:ice-cream-tubs', 'en:vanilla-and-macadamia-ice-cream-tubs']",1,[],['en:e322'],281.0,19.0,11.9,22.4,,3.6,0.2
Haagen-Dazs Vanilla pecan,3415580504010,"['en:desserts', 'en:frozen-foods', 'en:frozen-desserts', 'en:ice-creams-and-sorbets', 'en:ice-creams', 'en:ice-cream-tubs']",0,[],[],283.0,20.9,10.2,18.5,0.5,4.8,0.305
Original collection mini cups,3415581515718,"['en:desserts', 'en:frozen-foods', 'en:frozen-desserts', 'en:ice-creams-and-sorbets', 'en:ice-creams', 'en:luxury-ice-cream-in-a-cup']",0,[],[],310.0,18.7,11.8,29.5,1.3,4.0,0.35
"Crème glacée, fou de café",3270160275717,"['en:desserts', 'en:frozen-foods', 'en:frozen-desserts', 'en:ice-creams-and-sorbets', 'en:ice-creams', 'en:ice-cream-tubs', 'en:coffee-ice-cream-tubs']",2,[],"['en:e412', 'en:e471']",173.0,7.3,5.3,16.0,0.5,3.1,0.12
6 Cônes Caramel Beurre Salé,3270160737062,"['en:desserts', 'en:frozen-foods', 'en:frozen-desserts', 'en:ice-creams-and-sorbets', 'en:ice-creams', 'en:ice-cream-cones']",4,[],"['en:e322', 'en:e322i', 'en:e412', 'en:e440', 'en:e471']",262.0,10.3,8.1,25.7,5.8,2.7,0.4
Fou de menthe,3270160275380,"['en:desserts', 'en:frozen-foods', 'en:frozen-desserts', 'en:ice-creams-and-sorbets', 'en:ice-creams', 'en:ice-cream-tubs', 'fr:glaces-a-la-menthe']",3,[],"['en:e322', 'en:e322i', 'en:e417', 'en:e471']",190.0,7.8,5.3,21.0,2.2,2.3,0.1
Mr. Freeze Party,5060191281508,"['en:desserts', 'en:frozen-foods', 'en:frozen-desserts', 'en:ice-creams-and-sorbets', 'en:ice-creams', 'en:ice-pops']",4,[],"['en:e202', 'en:e330', 'en:e422', 'en:e466']",47.0,0.0,0.0,11.1,,0.1,0.03
Vanilla caramel almond,3415587623011,"['en:desserts', 'en:frozen-foods', 'en:frozen-desserts', 'en:ice-creams-and-sorbets', 'en:ice-creams', 'en:ice-cream-bars', 'en:ice-cream-tubs', 'en:ice-cream-bars-coated-with-chocolate', 'en:vanilla-ice-cream-tubs']",2,[],"['en:e322', 'en:e322i', 'en:e440']",347.0,24.4,14.3,24.9,1.3,5.5,0.28
Extrême chocolat x 8 cônes format familial,7613031608157,"['en:desserts', 'en:frozen-foods', 'en:frozen-desserts', 'en:ice-creams-and-sorbets', 'en:ice-creams', 'en:ice-cream-cones']",6,[],"['en:e14xx', 'en:e322', 'en:e322i', 'en:e412', 'en:e471', 'en:e476']",292.0,13.0,9.2,28.0,2.5,3.7,0.14
Mini Almond - Black - White - Chocolate,3560070828289,"['en:desserts', 'en:frozen-foods', 'en:frozen-desserts', 'en:ice-creams-and-sorbets', 'en:ice-creams', 'en:ice-cream-bars', 'en:ice-cream-tubs', 'en:ice-cream-bars-coated-with-chocolate', 'en:vanilla-ice-cream-tubs', 'en:vanilla-ice-cream-bars']",4,[],"['en:e160', 'en:e322', 'en:e322i', 'en:e471', 'en:e476']",305.0,18.0,12.0,28.0,1.0,2.9,0.17
Bac crème glacée chocolat+cop.choc.- 512G,3256224110569,"['en:desserts', 'en:frozen-foods', 'en:frozen-desserts', 'en:ice-creams-and-sorbets', 'en:ice-creams', 'en:ice-cream-tubs']",4,[],"['en:e322', 'en:e322i', 'en:e412', 'en:e471', 'en:e524']",223.0,11.0,6.9,23.0,2.5,3.9,0.15
"Exotic fruits fruits exotiques, coeur vanille",3560070820948,"['en:desserts', 'en:frozen-foods', 'en:frozen-desserts', 'en:ice-creams-and-sorbets', 'en:ice-creams', 'en:ice-cream-bars', 'en:ice-cream-bars-coated-with-fruit-sorbet']",4,[],"['en:e160', 'en:e330', 'en:e412', 'en:e471']",156.0,4.6,4.1,19.0,0.5,1.1,0.08
Glace menthe chocolat,3564700014370,"['en:desserts', 'en:frozen-foods', 'en:frozen-desserts', 'en:ice-creams-and-sorbets', 'en:ice-creams', 'en:ice-cream-tubs', 'fr:glaces-a-la-menthe']",5,[],"['en:e141', 'en:e322', 'en:e322i', 'en:e412', 'en:e471']",201.0,7.9,5.1,22.0,0.8,2.1,0.12
Bac crème glacée pistache - 500g,3256224110606,"['en:desserts', 'en:frozen-foods', 'en:frozen-desserts', 'en:ice-creams-and-sorbets', 'en:ice-creams', 'en:ice-cream-tubs', 'en:pistachio-ice-cream-tubs']",3,[],"['en:e412', 'en:e471', 'en:e472b']",182.0,7.7,4.3,21.0,0.6,2.2,0.14
Extrême Fraise Vanille x 8 cônes de71 g,7613031608065,"['en:desserts', 'en:frozen-foods', 'en:frozen-desserts', 'en:ice-creams-and-sorbets', 'en:ice-creams', 'en:ice-cream-cones']",6,[],"['en:e160', 'en:e322', 'en:e322i', 'en:e330', 'en:e412', 'en:e471']",266.0,11.0,8.5,28.0,0.9,3.1,0.13
Mini nocciola,8480000644992,"['en:desserts', 'en:frozen-foods', 'en:frozen-desserts', 'en:ice-creams-and-sorbets', 'en:ice-creams', 'en:ice-cream-bars', 'en:ice-cream-bars-coated-with-chocolate']",6,[],"['en:e322', 'en:e322i', 'en:e407', 'en:e410', 'en:e476', 'en:e492']",403.0,27.1,13.5,34.5,1.0,4.1,0.1075
Pot White Chocolate Cookies,8711327315600,"['en:desserts', 'en:frozen-foods', 'en:frozen-desserts', 'en:ice-creams-and-sorbets', 'en:ice-creams', 'en:ice-cream-tubs', 'en:luxury-ice-cream-in-a-cup', 'fr:glace-pot']",7,[],"['en:e322', 'en:e407', 'en:e410', 'en:e412', 'en:e417', 'en:e471', 'en:e500']",233.0,15.0,8.3,20.0,0.5,3.2,0.16
Bon Gelati Ice  Cream,20348991,"['en:desserts', 'en:frozen-foods', 'en:frozen-desserts', 'en:ice-creams-and-sorbets', 'en:ice-creams', 'en:ice-cream-tubs']",1,[],['en:e412'],195.0,7.2,4.8,26.0,,2.9,0.13
Snickers Crisp Ice Cream x6,5000159526081,"['en:snacks', 'en:desserts', 'en:sweet-snacks', 'en:frozen-foods', 'en:bars', 'en:frozen-desserts', 'en:ice-creams-and-sorbets', 'en:ice-creams', 'en:frozen-bars']",5,[],"['en:e322', 'en:e322i', 'en:e407', 'en:e410', 'en:e412', 'en:e471']",334.0,19.0,9.7,26.0,,5.2,0.255
Crème glacée Vanille,3433877510278,"['en:desserts', 'en:frozen-foods', 'en:frozen-desserts', 'en:ice-creams-and-sorbets', 'en:ice-creams', 'en:ice-cream-tubs', 'en:vanilla-ice-cream-tubs']",1,[],['en:e412'],194.0,9.11,5.33,23.15,0.16,4.68,0.12
Cône chocolat (G) sauce au chocolat et nougatine x6 - 120mL,3250390618959,"['en:desserts', 'en:frozen-foods', 'en:frozen-desserts', 'en:ice-creams-and-sorbets', 'en:ice-creams', 'en:ice-cream-cones', 'fr:glace-cone-ou-80ml']",7,[],"['en:e14xx', 'en:e150a', 'en:e322', 'en:e322i', 'en:e412', 'en:e471', 'en:e504']",204.0,12.9,10.2,25.7,2.0,3.0,0.16
Mini bâtonnets glacés envie de chocolat x8,3256224111399,"['en:desserts', 'en:frozen-foods', 'en:frozen-desserts', 'en:ice-creams-and-sorbets', 'en:ice-creams', 'en:ice-cream-bars', 'en:ice-cream-bars-coated-with-chocolate']",5,[],"['en:e160', 'en:e322', 'en:e322i', 'en:e412', 'en:e471', 'en:e476']",326.0,20.0,15.0,30.0,0.5,2.7,0.13
Crème glacée menthe avec copeaux de chocolat noir 6 Cônes,3270160737222,"['en:desserts', 'en:frozen-foods', 'en:frozen-desserts', 'en:ice-creams-and-sorbets', 'en:ice-creams', 'en:ice-cream-cones', 'en:chocolate-mint-ice-cream-cones']",4,[],"['en:e322', 'en:e322i', 'en:e412', 'en:e471']",282.0,13.0,10.0,25.0,4.2,4.3,0.19
Crème glacée réglisse,3270160615025,"['en:desserts', 'en:frozen-foods', 'en:frozen-desserts', 'en:ice-creams-and-sorbets', 'en:ice-creams', 'en:ice-cream-tubs']",1,[],['en:e412'],189.0,10.0,7.0,19.0,0.5,2.4,0.15
Cookies & Cream,3415581152715,"['en:desserts', 'en:frozen-foods', 'en:frozen-desserts', 'en:ice-creams-and-sorbets', 'en:ice-creams', 'en:ice-cream-tubs', 'en:vanilla-ice-cream-tubs', 'fr:creme-glacee-a-la-vanille-avec-morceaux-de-cookies', 'fr:creme-glacee-avec-morceaux-de-cookie']",1,[],"['en:e500', 'en:e500ii']",262.0,16.3,11.1,20.8,0.5,4.4,0.22
Crème glacée Menthe verte aux copeaux de chocolat 500G/750ml,3760039982384,"['en:desserts', 'en:frozen-foods', 'en:frozen-desserts', 'en:ice-creams-and-sorbets', 'en:ice-creams', 'en:ice-cream-tubs', 'en:glaces-a-la-menthe']",3,[],"['en:e322', 'en:e322i', 'en:e412', 'en:e471']",213.0,9.5,6.6,24.0,,3.1,0.03
Pirulo Fantasmikos,8410100189499,"['en:desserts', 'en:frozen-foods', 'en:frozen-desserts', 'en:ice-creams-and-sorbets', 'en:ice-creams']",0,[],[],223.0,10.7,5.0,25.0,,0.3,0.0
ICE JET,3560071168773,"['en:desserts', 'en:frozen-foods', 'en:frozen-desserts', 'en:ice-creams-and-sorbets', 'en:ice-creams', 'en:ice-cream-bars', 'en:ice-pops']",4,[],"['en:e160c', 'en:e330', 'en:e412', 'en:e440']",70.0,0.0,0.0,17.0,0.5,0.0,0.03
Bio Ice cream Chocolate,20759612,"['en:desserts', 'en:frozen-foods', 'en:frozen-desserts', 'en:ice-creams-and-sorbets', 'en:ice-creams', 'en:ice-cream-tubs']",0,[],[],210.0,12.0,8.1,16.8,0.0,4.5,0.14
Glace vanille bourbon,3267180090314,"['en:desserts', 'en:frozen-foods', 'en:frozen-desserts', 'en:ice-creams-and-sorbets', 'en:ice-creams', 'en:ice-cream-tubs', 'en:vanilla-ice-cream-tubs']",0,[],[],173.0,7.5,4.4,21.3,0.7,4.7,0.1
,4007993019831,"['en:desserts', 'en:frozen-foods', 'en:frozen-desserts', 'en:ice-creams-and-sorbets', 'en:ice-creams']",0,[],[],298.0,12.0,8.1,25.0,1.8,5.3,0.7675
12 mini-cônes,3270160657803,"['en:desserts', 'en:frozen-foods', 'en:frozen-desserts', 'en:ice-creams-and-sorbets', 'en:ice-creams', 'en:ice-cream-cones']",3,[],"['en:e322', 'en:e322i', 'en:e412', 'en:e471']",354.0,19.0,14.0,25.0,2.2,4.7,0.17
Supreme ice cream cones chocolate & mint flavour,20920487,"['en:desserts', 'en:frozen-foods', 'en:frozen-desserts', 'en:ice-creams-and-sorbets', 'en:ice-creams', 'en:ice-cream-cones']",4,[],"['en:e322', 'en:e407', 'en:e412', 'en:e471']",291.0,13.0,11.0,27.0,1.5,3.7,0.14
Ice colors,3560071168780,"['en:desserts', 'en:frozen-foods', 'en:frozen-desserts', 'en:ice-creams-and-sorbets', 'en:ice-creams', 'en:ice-cream-bars', 'en:ice-pops']",4,[],"['en:e160c', 'en:e330', 'en:e412', 'en:e440']",74.0,0.0,0.0,18.0,0.5,0.0,0.03
Glace Caramel Attraction,3415581545814,"['en:desserts', 'en:frozen-foods', 'en:frozen-desserts', 'en:ice-creams-and-sorbets', 'en:ice-creams', 'en:ice-cream-tubs', 'en:ice-cream-cup-for-children', 'fr:glaces-au-caramel']",2,[],"['en:e322', 'en:e322i', 'en:e440']",280.0,17.2,10.8,23.5,0.0,4.1,0.6
"Eis,  Chocolate Chips",7613036168892,"['en:desserts', 'en:frozen-foods', 'en:frozen-desserts', 'en:ice-creams-and-sorbets', 'en:ice-creams', 'en:ice-cream-tubs']",3,[],"['en:e322', 'en:e412', 'en:e471']",218.0,9.0,6.8,27.0,2.4,3.1,0.1
Gelato Al Tacao E Vaniglia,20001391,"['en:desserts', 'en:frozen-foods', 'en:frozen-desserts', 'en:ice-creams-and-sorbets', 'en:ice-creams']",0,[],[],211.0,9.2,8.2,22.5,0.3,3.1,0.0975
King Cone Vanille,5201028355508,"['en:desserts', 'en:frozen-foods', 'en:frozen-desserts', 'en:ice-creams-and-sorbets', 'en:ice-creams', 'en:ice-cream-cones', 'en:vanilla-ice-cream-cones']",5,[],"['en:e322', 'en:e322i', 'en:e407', 'en:e412', 'en:e440', 'en:e442']",269.0,14.0,12.0,25.0,,3.1,0.2
Almond & java vanilla,5900130030920,"['en:desserts', 'en:frozen-foods', 'en:frozen-desserts', 'en:ice-creams-and-sorbets', 'en:ice-creams']",5,[],"['en:e322', 'en:e410', 'en:e412', 'en:e471', 'en:e476']",371.0,23.0,13.0,29.0,1.5,5.0,0.2
Bio ice cream,20759629,"['en:desserts', 'en:frozen-foods', 'en:frozen-desserts', 'en:ice-creams-and-sorbets', 'en:ice-creams', 'en:ice-cream-in-a-box']",0,[],[],203.0,10.4,7.1,21.7,,4.3,0.17
Feuilleté fruits rouges (S/G) - 650mL,3250391612253,"['en:desserts', 'en:festive-foods', 'en:frozen-foods', 'en:christmas-foods-and-drinks', 'en:frozen-desserts', 'en:ice-creams-and-sorbets', 'en:ice-creams', 'en:ice-cream-tubs', 'en:yule-log', 'en:berries-ice-cream-tubs', 'en:ice-cream-log', 'fr:specialite-glacee-a-partager']",10,[],"['en:e160', 'en:e163', 'en:e322', 'en:e322i', 'en:e330', 'en:e412', 'en:e415', 'en:e422', 'en:e440', 'en:e471']",229.0,9.9,6.8,25.0,1.2,1.2,0.12
Helado Leche merengada,8480000644138,"['en:desserts', 'en:frozen-foods', 'en:frozen-desserts', 'en:ice-creams-and-sorbets', 'en:ice-creams']",4,[],"['en:e407', 'en:e410', 'en:e412', 'en:e471']",212.0,12.0,8.0,22.0,,2.8,0.16
Mini almendrado 0%,7613033136528,"['en:desserts', 'en:frozen-foods', 'en:frozen-desserts', 'en:ice-creams-and-sorbets', 'en:ice-creams']",0,[],[],319.0,25.0,15.0,7.5,,5.5,0.17
Caramel au beurre salé,3415587622014,"['en:desserts', 'en:frozen-foods', 'en:frozen-desserts', 'en:ice-creams-and-sorbets', 'en:ice-creams', 'en:ice-cream-bars', 'en:ice-cream-bars-coated-with-chocolate']",3,[],"['en:e322', 'en:e322i', 'en:e440', 'en:e500', 'en:e500ii']",350.0,24.1,15.0,24.8,0.6,4.8,0.4
,40896663,"['en:desserts', 'en:frozen-foods', 'en:frozen-desserts', 'en:ice-creams-and-sorbets', 'en:ice-creams', 'en:ice-cream-tubs', 'en:pistachio-ice-cream-tubs']",6,[],"['en:e14xx', 'en:e270', 'en:e322', 'en:e407', 'en:e412', 'en:e471']",210.0,8.1,6.8,27.6,,2.6,0.05
Snickers Ice Cream,5000159529549,"['en:desserts', 'en:frozen-foods', 'en:frozen-desserts', 'en:ice-creams-and-sorbets', 'en:ice-creams']",5,[],"['en:e14xx', 'en:e407', 'en:e410', 'en:e412', 'en:e471']",202.0,11.0,5.6,17.0,,3.8,0.2
Vanille pépites de nougatine,3596710471324,"['en:desserts', 'en:frozen-foods', 'en:frozen-desserts', 'en:ice-creams-and-sorbets', 'en:ice-creams', 'en:ice-cream-cones', 'en:vanilla-ice-cream-cones']",5,[],"['en:e160', 'en:e322', 'en:e322i', 'en:e412', 'en:e471', 'en:e504']",278.0,14.0,11.0,25.0,1.0,2.5,0.14
Topped Salted Caramel Brownie,8711327370753,"['en:desserts', 'en:frozen-foods', 'en:frozen-desserts', 'en:ice-creams-and-sorbets', 'en:ice-creams', 'en:ice-cream-tubs']",5,[],"['en:e322', 'en:e322i', 'en:e407', 'en:e412', 'en:e440', 'en:e500']",302.0,18.0,11.0,28.0,,4.1,0.43
Façon rocher Nocciola - chocolat & noisettes,3560071247898,"['en:desserts', 'en:frozen-foods', 'en:frozen-desserts', 'en:ice-creams-and-sorbets', 'en:ice-creams', 'en:ice-cream-tubs', 'en:chocolate-ice-cream-tubs', 'en:hazelnut-ice-cream-tubs', 'en:ice-cream-in-a-box', 'en:luxury-ice-cream-in-a-box']",4,[],"['en:e322', 'en:e322i', 'en:e412', 'en:e440', 'en:e471']",215.0,9.9,5.0,25.0,1.3,3.2,0.14
Plombir Original Vanille,4032549002067,"['en:desserts', 'en:frozen-foods', 'en:frozen-desserts', 'en:ice-creams-and-sorbets', 'en:ice-creams']",0,[],[],218.0,12.0,7.4,19.0,,3.5,0.2
Raffaello Triple Experience,8000500406298,"['en:desserts', 'en:frozen-foods', 'en:frozen-desserts', 'en:ice-creams-and-sorbets', 'en:ice-creams', 'en:ice-cream-bars']",0,[],[],367.0,22.1,15.3,33.5,0.0,5.0,0.234
Extrême trois chocolats,3274664206604,"['en:desserts', 'en:frozen-foods', 'en:frozen-desserts', 'en:ice-creams-and-sorbets', 'en:ice-creams', 'en:ice-cream-cones']",0,[],[],297.0,14.0,9.9,28.0,2.3,3.4,0.14
Feuilleté menthe (G) - 650mL,3250390730965,"['en:desserts', 'en:festive-foods', 'en:frozen-foods', 'en:christmas-foods-and-drinks', 'en:frozen-desserts', 'en:ice-creams-and-sorbets', 'en:ice-creams', 'en:yule-log', 'en:ice-cream-log', 'fr:specialite-glacee-a-partager']",4,[],"['en:e141', 'en:e322', 'en:e322i', 'en:e412', 'en:e471']",239.0,11.0,9.5,21.0,0.4,1.9,0.09
"Chef dessert, citrons givrés",3331480000073,"['en:desserts', 'en:frozen-foods', 'en:frozen-desserts', 'en:ice-creams-and-sorbets', 'en:ice-creams', 'en:sorbets', 'en:lemon-sorbets']",3,[],"['en:e412', 'en:e415', 'en:e440']",112.0,0.5,0.5,26.39999961853,,0.5,0.10000000149012
Peanut Butter Crunch,3415587624018,"['en:desserts', 'en:frozen-foods', 'en:frozen-desserts', 'en:ice-creams-and-sorbets', 'en:ice-creams']",1,[],"['en:e322', 'en:e322i']",392.0,29.3,14.2,19.4,2.0,8.5,0.23
Cremissimo Bourbon Vanilleeis,8711327539808,"['en:desserts', 'en:frozen-foods', 'en:frozen-desserts', 'en:ice-creams-and-sorbets', 'en:ice-creams', 'en:ice-cream-tubs']",3,[],"['en:e160a', 'en:e407', 'en:e412']",176.0,5.8,4.9,22.0,,1.0,0.21
Mini cup macaron duo fraise chocolat,3415581547917,"['en:snacks', 'en:desserts', 'en:sweet-snacks', 'en:frozen-foods', 'en:biscuits-and-cakes', 'en:frozen-desserts', 'en:ice-creams-and-sorbets', 'en:ice-creams', 'en:pastries', 'en:ice-cream-tubs', 'en:macarons']",1,[],['en:e440'],281.0,14.9,10.8,24.4,1.4,4.1,0.15
Bac façon tarte citron méringuée (CG) - 900mL,3250391835805,"['en:desserts', 'en:frozen-foods', 'en:frozen-desserts', 'en:ice-creams-and-sorbets', 'en:ice-creams', 'en:ice-cream-tubs', 'fr:vrac-glace-gourmand']",12,[],"['en:e101', 'en:e101i', 'en:e14xx', 'en:e150c', 'en:e160', 'en:e202', 'en:e331', 'en:e407', 'en:e412', 'en:e440', 'en:e471', 'en:e500', 'en:e503', 'en:e503i']",245.0,9.4,6.4,30.0,0.5,1.8,0.19
Feuilleté vanille (G) - 650mL,3250390730163,"['en:desserts', 'en:frozen-foods', 'en:frozen-desserts', 'en:ice-creams-and-sorbets', 'en:ice-creams', 'en:aliments-et-boissons-de-noel', 'en:buches-de-noel', 'en:buches-glacees', 'en:desserts-glaces', 'en:surgeles', 'fr:specialite-glacee-a-partager']",0,[],[],240.0,13.0,11.0,24.0,0.4,1.8,0.08
Crème glacée au chocolat,3760015740021,"['en:desserts', 'en:frozen-foods', 'en:frozen-desserts', 'en:ice-creams-and-sorbets', 'en:ice-creams', 'en:ice-cream-tubs', 'en:chocolate-ice-cream-tubs']",1,[],"['en:e322', 'en:e322i']",199.0,9.5,5.9,19.8,,4.7,0.11
Häagen-Dazs Strawberry Cheescake,3415581176711,"['en:desserts', 'en:frozen-foods', 'en:frozen-desserts', 'en:ice-creams-and-sorbets', 'en:ice-creams', 'en:ice-cream-tubs']",2,[],"['en:e440', 'en:e500', 'en:e500ii']",253.0,13.6,9.3,25.7,0.4,3.6,0.28
Fruit Collection,3415581520019,"['en:desserts', 'en:frozen-foods', 'en:frozen-desserts', 'en:ice-creams-and-sorbets', 'en:ice-creams']",0,[],[],255.0,16.0,9.8,22.6,0.8,3.0,0.11
Glace praliné chocolat et noisette,3274664225001,"['en:desserts', 'en:frozen-foods', 'en:frozen-desserts', 'en:ice-creams-and-sorbets', 'en:ice-creams', 'en:ice-cream-bars', 'en:ice-cream-bars-coated-with-chocolate']",6,[],"['en:e150a', 'en:e322', 'en:e322i', 'en:e412', 'en:e471', 'en:e472b', 'en:e476']",353.0,23.0,12.0,30.0,3.7,4.4,0.09
Waffeltüten,4001518110904,"['en:desserts', 'en:frozen-foods', 'en:frozen-desserts', 'en:ice-creams-and-sorbets', 'en:ice-creams', 'en:ice-cream-cones']",1,[],['en:e322'],377.629063038,4.7,3.3,33.0,2.1,5.7,0.1375
Fruity colors,3596710389490,"['en:desserts', 'en:frozen-foods', 'en:frozen-desserts', 'en:ice-creams-and-sorbets', 'en:ice-creams']",3,[],"['en:e160c', 'en:e330', 'en:e440']",74.0,0.5,0.1,18.0,0.5,0.5,0.03
Glace Macadamia nut brittle,08266966,"['en:desserts', 'en:frozen-foods', 'en:frozen-desserts', 'en:ice-creams-and-sorbets', 'en:ice-creams']",0,[],[],356.0,24.2,15.4,29.5,0.7,4.3,0.25
8 Cônes Parfum Vanille,3450970169202,"['en:desserts', 'en:frozen-foods', 'en:frozen-desserts', 'en:ice-creams-and-sorbets', 'en:ice-creams', 'en:ice-cream-cones', 'en:vanilla-ice-cream-cones', 'en:cones', 'en:desserts-glaces', 'en:surgeles']",0,[],[],266.0,12.0,10.0,28.0,0.5,3.5,0.21
Glace caramel au beurre salé bio,3770015307100,"['en:desserts', 'en:frozen-foods', 'en:frozen-desserts', 'en:ice-creams-and-sorbets', 'en:ice-creams', 'en:ice-cream-tubs', 'en:luxury-ice-cream-in-a-cup']",0,[],[],206.0,8.8,5.7,21.8,0.4,3.1,0.3
Le petit marchand de glaces café,3270160822454,"['en:desserts', 'en:frozen-foods', 'en:frozen-desserts', 'en:ice-creams-and-sorbets', 'en:ice-creams', 'en:ice-cream-tubs', 'en:coffee-ice-cream-tubs', 'en:ice-cream-cup-for-children']",3,[],"['en:e412', 'en:e440', 'en:e500']",207.0,8.1,5.2,22.0,0.5,5.1,0.17
Helado blanco sabor vainilla,8480000642493,"['en:desserts', 'en:frozen-foods', 'en:frozen-desserts', 'en:ice-creams-and-sorbets', 'en:ice-creams', 'en:ice-cream-bars', 'en:ice-cream-bars-coated-with-chocolate', 'en:vanilla-ice-cream-bars-coated-with-white-chocolate']",5,[],"['en:e322', 'en:e322i', 'en:e407', 'en:e410', 'en:e471']",309.0,19.0,13.0,30.0,,3.0,0.0
Chocolat blanc & cookies,8717163691496,"['en:desserts', 'en:frozen-foods', 'en:frozen-desserts', 'en:ice-creams-and-sorbets', 'en:ice-creams', 'en:ice-cream-bars']",5,[],"['en:e322', 'en:e407', 'en:e410', 'en:e412', 'en:e471']",310.0,18.0,12.0,25.0,,4.4,0.21
Salted caramel,5060081113759,"['en:desserts', 'en:frozen-foods', 'en:frozen-desserts', 'en:ice-creams-and-sorbets', 'en:ice-creams', 'en:ice-cream-tubs']",3,[],"['en:e150a', 'en:e410', 'en:e412']",123.0,3.6,2.9,13.0,1.9,4.1,0.325
Noix de coco sauce au chocolat,3270160841578,"['en:desserts', 'en:frozen-foods', 'en:frozen-desserts', 'en:ice-creams-and-sorbets', 'en:ice-creams', 'en:ice-cream-tubs']",3,[],"['en:e322', 'en:e322i', 'en:e415', 'en:e417']",219.0,12.0,11.0,22.0,2.3,1.9,0.08
BIG Sandwich,4008210103753,"['en:desserts', 'en:frozen-foods', 'en:frozen-desserts', 'en:ice-creams-and-sorbets', 'en:ice-creams', 'en:ice-cream-sandwiches']",3,[],"['en:e322', 'en:e322i', 'en:e330', 'en:e500']",200.0,7.6,6.2,21.0,1.0,3.4,0.1875
Carte D'Or Glace Triple Luxe Chocolat & Noisette 650ml,8711327584969,"['en:desserts', 'en:frozen-foods', 'en:frozen-desserts', 'en:ice-creams-and-sorbets', 'en:ice-creams', 'en:ice-cream-tubs']",6,[],"['en:e407', 'en:e412', 'en:e417', 'en:e442', 'en:e471', 'en:e500', 'en:e500i']",150.0,6.1,4.4,17.0,0.9,2.0,0.08
6 geants chocolat blanc vanille,26016863,"['en:desserts', 'en:frozen-foods', 'en:frozen-desserts', 'en:ice-creams-and-sorbets', 'en:ice-creams', 'en:ice-cream-bars', 'en:ice-cream-tubs', 'en:ice-cream-bars-coated-with-chocolate', 'en:vanilla-ice-cream-bars-coated-with-white-chocolate', 'en:vanilla-ice-cream-tubs']",5,[],"['en:e322', 'en:e322i', 'en:e412', 'en:e471', 'en:e476']",316.0,19.0,14.0,31.0,,3.3,0.27
mini glace multi gout,2006050065608,"['en:desserts', 'en:frozen-foods', 'en:frozen-desserts', 'en:ice-creams-and-sorbets', 'en:ice-creams']",0,[],[],340.0,22.0,15.0,33.0,0.5,3.4,0.33
Glace macaron yuzu & lemon,3415583002711,"['en:desserts', 'en:frozen-foods', 'en:frozen-desserts', 'en:ice-creams-and-sorbets', 'en:ice-creams', 'en:ice-cream-tubs']",1,[],['en:e440'],262.0,15.2,9.0,25.7,0.4,4.0,0.14
Tarta de Limón,8480000640468,"['en:desserts', 'en:frozen-foods', 'en:frozen-desserts', 'en:ice-creams-and-sorbets', 'en:ice-creams', 'en:ice-cream-tubs']",7,[],"['en:e161b', 'en:e322', 'en:e322i', 'en:e330', 'en:e407', 'en:e410', 'en:e471']",258.0,15.9,12.6,25.2,0.2,2.7,0.12
Cherry Garcia Cherry Ice Cream with Cherries & Fudge Flakes,0076840100156,"['en:desserts', 'en:frozen-foods', 'en:frozen-desserts', 'en:ice-creams-and-sorbets', 'en:ice-creams']",3,[],"['en:e322', 'en:e322i', 'en:e407', 'en:e412']",238.0,14.0,9.09,25.9,0.35,3.5,0.105
Crème glacée chocolat,3516459012206,"['en:desserts', 'en:frozen-foods', 'en:frozen-desserts', 'en:ice-creams-and-sorbets', 'en:chocolate-desserts', 'en:ice-creams', 'en:ice-cream-tubs', 'en:chocolate-ice-cream-tubs']",2,[],"['en:e322', 'en:e322i', 'en:e412']",193.0,9.7,2.95,15.41,,4.11,0.05
Blue Ribbon Classic Vanilla,9310016801609,"['en:dairies', 'en:desserts', 'en:frozen-foods', 'en:frozen-desserts', 'en:ice-creams-and-sorbets', 'en:ice-creams', 'en:ice-cream-tubs']",6,[],"['en:e160b', 'en:e401', 'en:e407', 'en:e410', 'en:e428', 'en:e471']",187.0,6.89,5.78,18.4,,2.0,0.0833
Gelato Caffé,20469702,"['en:desserts', 'en:frozen-foods', 'en:frozen-desserts', 'en:ice-creams-and-sorbets', 'en:ice-creams']",4,[],"['en:e401', 'en:e410', 'en:e414', 'en:e904']",208.0,9.2,7.7,25.0,,2.9,0.17
Creme glacée Vanille,3598050000240,"['en:desserts', 'en:frozen-foods', 'en:frozen-desserts', 'en:ice-creams-and-sorbets', 'en:ice-creams', 'en:ice-cream-tubs', 'en:vanilla-ice-cream-tubs']",0,[],[],209.0,10.0,6.0,21.0,,3.9,0.2
Caramel,7617400041385,"['en:desserts', 'en:frozen-foods', 'en:frozen-desserts', 'en:ice-creams-and-sorbets', 'en:ice-creams', 'en:ice-cream-tubs']",0,[],[],260.0,12.0,7.4,30.0,2.2,4.8,0.17
Mandel Eis,4061458030793,"['en:desserts', 'en:frozen-foods', 'en:frozen-desserts', 'en:ice-creams-and-sorbets', 'en:ice-creams', 'en:ice-cream-bars', 'en:ice-cream-bars-coated-with-chocolate', 'en:vanilla-ice-cream-bars-coated-with-milk-chocolate-and-almonds']",4,[],"['en:e322', 'en:e412', 'en:e471', 'en:e476']",345.0,22.0,14.0,27.0,1.2,5.2,0.5
Glace,12153300,"['en:desserts', 'en:frozen-foods', 'en:frozen-desserts', 'en:ice-creams-and-sorbets', 'en:ice-creams', 'en:ice-cream-tubs']",0,[],[],306.0,19.9,12.7,25.2,2.4,4.5,0.11
Nocciola,3270160842919,"['en:desserts', 'en:frozen-foods', 'en:frozen-desserts', 'en:ice-creams-and-sorbets', 'en:ice-creams', 'en:ice-cream-tubs', 'en:hazelnut-ice-cream-tubs']",2,[],"['en:e412', 'en:e471']",186.0,9.9,3.6,18.0,2.4,3.3,0.16
Softeis Hexenbecher Schoko-Vanille,4044564754203,"['en:desserts', 'en:frozen-foods', 'en:frozen-desserts', 'en:ice-creams-and-sorbets', 'en:ice-creams', 'en:ice-cream-tubs']",0,[],[],88.5,2.3,1.6,14.0,0.35,2.9,0.22
IJs Vanillesmaak,5400141165111,"['en:desserts', 'en:frozen-foods', 'en:frozen-desserts', 'en:ice-creams-and-sorbets', 'en:ice-creams', 'en:ice-cream-tubs']",4,[],"['en:e160a', 'en:e410', 'en:e412', 'en:e471']",163.718929254302,7.5,6.7,21.0,0.1,1.9,0.1275
Premium Haselnuss Eiscreme im Höhrnchen,4056489025108,"['en:desserts', 'en:frozen-foods', 'en:frozen-desserts', 'en:ice-creams-and-sorbets', 'en:ice-creams', 'en:ice-cream-cones']",3,[],"['en:e14xx', 'en:e322', 'en:e412']",284.0,13.0,9.0,25.6,1.6,4.1,0.0975
Creme glacee vanille bio,5400113656524,"['en:desserts', 'en:frozen-foods', 'en:frozen-desserts', 'en:ice-creams-and-sorbets', 'en:ice-creams', 'en:ice-cream-tubs', 'en:vanilla-ice-cream-tubs']",0,[],[],173.0,8.0,5.0,21.0,0.5,3.9,0.12
Cornets d'Amour,5412121001135,"['en:desserts', 'en:frozen-foods', 'en:frozen-desserts', 'en:ice-creams-and-sorbets', 'en:ice-creams']",3,[],"['en:e322', 'en:e412', 'en:e471']",301.0,15.2,9.8,25.0,,3.9,0.1
Barattolino Sammontana - Vaniglia e pistacchio,8005840002674,"['en:snacks', 'en:desserts', 'en:sweet-snacks', 'en:confectioneries', 'en:frozen-foods', 'en:frozen-desserts', 'en:ice-creams-and-sorbets', 'en:ice-creams', 'en:ice-cream-tubs']",2,[],"['en:e401', 'en:e471']",262.0,15.0,9.4,24.0,0.0,3.4,0.16
Ice cream sticks,20001278,"['en:desserts', 'en:frozen-foods', 'en:frozen-desserts', 'en:ice-creams-and-sorbets', 'en:ice-creams', 'en:ice-cream-bars']",3,[],"['en:e322', 'en:e412', 'en:e471']",301.0,22.3,19.5,20.0,0.9,2.0,0.105
Kaktus Box,5900130032986,"['en:desserts', 'en:frozen-foods', 'en:frozen-desserts', 'en:ice-creams-and-sorbets', 'en:ice-creams', 'en:ice-cream-bars']",10,[],"['en:e100', 'en:e140', 'en:e153', 'en:e160a', 'en:e162', 'en:e290', 'en:e322', 'en:e330', 'en:e407', 'en:e412']",125.0,2.71,2.29,17.7,1.04,1.04,0.0208
Auchan cone chocolat x6 445g,3596710477449,"['en:desserts', 'en:frozen-foods', 'en:frozen-desserts', 'en:ice-creams-and-sorbets', 'en:ice-creams']",4,[],"['en:e14xx', 'en:e322', 'en:e322i', 'en:e412', 'en:e471']",277.0,13.0,10.0,26.0,2.0,3.0,0.16
Caramelo Salgado com Molho de Sabor a Caramelo,5607047010136,"['en:desserts', 'en:frozen-foods', 'en:frozen-desserts', 'en:ice-creams-and-sorbets', 'en:ice-creams']",6,[],"['en:e412', 'en:e415', 'en:e466', 'en:e471', 'en:e965', 'en:e968']",137.0,5.0,4.1,3.3,12.0,11.0,0.6
Phish Food Ice Cream,0076840100989,"['en:desserts', 'en:frozen-foods', 'en:frozen-desserts', 'en:ice-creams-and-sorbets', 'en:ice-creams']",5,[],"['en:e322', 'en:e322i', 'en:e407', 'en:e412', 'en:e440', 'en:e500', 'en:e500ii']",272.0,12.9,8.97,26.2,,3.64,0.187
,20582586,"['en:desserts', 'en:frozen-foods', 'en:frozen-desserts', 'en:ice-creams-and-sorbets', 'en:ice-creams', 'en:ice-cream-tubs']",3,[],"['en:e412', 'en:e440', 'en:e471']",216.0,8.2,7.2,28.8,0.9,3.4,0.375
Crème glacée Vanille Caramel beurre salé 8 parts,3760039986375,"['en:desserts', 'en:frozen-foods', 'en:festive-foods', 'en:frozen-desserts', 'en:christmas-foods-and-drinks', 'en:ice-creams-and-sorbets', 'en:ice-creams', 'en:yule-log']",4,[],"['en:e100', 'en:e322', 'en:e322i', 'en:e412', 'en:e471']",184.0,8.4,5.9,18.0,,3.0,0.2
White chocolate & Scandinavian mountain cranberries,5900130031156,"['en:desserts', 'en:frozen-foods', 'en:frozen-desserts', 'en:ice-creams-and-sorbets', 'en:ice-creams']",0,[],[],341.0,19.0,12.0,31.0,,4.8,0.27
Crème glacée praliné noisette amende,3760039986238,"['en:desserts', 'en:frozen-foods', 'en:frozen-desserts', 'en:ice-creams-and-sorbets', 'en:ice-creams', 'en:ice-cream-tubs', 'en:surgeles']",1,[],['en:e471'],201.0,10.0,5.2,18.0,0.5,4.2,0.03
"Vanilla ice cream, vanilla",0074570007004,"['en:desserts', 'en:frozen-foods', 'en:frozen-desserts', 'en:ice-creams-and-sorbets', 'en:ice-creams', 'en:ice-cream-tubs', 'en:vanilla-ice-cream-tubs']",0,[],[],248.0,16.3,10.1,19.4,0.0,4.65,0.145
Gelado Caramelo,5601009298136,"['en:desserts', 'en:frozen-foods', 'en:frozen-desserts', 'en:ice-creams-and-sorbets', 'en:ice-creams', 'en:ice-cream-in-a-box']",6,[],"['en:e150d', 'en:e330', 'en:e412', 'en:e420', 'en:e466', 'en:e471']",219.0,10.0,8.4,26.3,0.1,2.4,0.23
Eiscreme Schokolade,4311501688199,"['en:desserts', 'en:frozen-foods', 'en:frozen-desserts', 'en:ice-creams-and-sorbets', 'en:ice-creams', 'en:ice-cream-tubs', 'en:chocolate-ice-cream-tubs']",0,[],[],214.0,12.3,7.5,15.1,,4.1,0.13
Crème glacée sésame noir,3270160842964,"['en:desserts', 'en:frozen-foods', 'en:frozen-desserts', 'en:ice-creams-and-sorbets', 'en:ice-creams', 'en:ice-cream-tubs']",0,[],[],219.0,10.0,4.4,22.0,2.0,5.9,0.12
Bâtonnets géants CHOCOLAT AU LAIT ET AMANDES,3560071496470,"['en:desserts', 'en:frozen-foods', 'en:frozen-desserts', 'en:ice-creams-and-sorbets', 'en:ice-creams', 'en:ice-cream-bars', 'en:ice-cream-tubs', 'en:ice-cream-bars-coated-with-chocolate', 'en:vanilla-ice-cream-bars-coated-with-milk-chocolate-and-almonds', 'en:vanilla-ice-cream-tubs']",3,[],"['en:e160', 'en:e322', 'en:e322i', 'en:e471']",299.0,18.0,11.0,27.0,0.9,3.4,0.18
Inghetata de fructe de padure fara zahar adaugat,8711327547032,"['en:desserts', 'en:frozen-foods', 'en:frozen-desserts', 'en:ice-creams-and-sorbets', 'en:ice-creams']",0,[],[],137.0,5.4,4.7,6.8,5.8,4.2,0.17
Pirulo Tropical Mini,8436575290836,"['en:desserts', 'en:frozen-foods', 'en:frozen-desserts', 'en:ice-creams-and-sorbets', 'en:ice-creams', 'en:ice-pops']",5,[],"['en:e160a', 'en:e162', 'en:e330', 'en:e412', 'en:e440']",64.0,0.0,0.0,13.0,0.0,0.1,0.01
Gruvi Croccantino,8005840008935,"['en:desserts', 'en:frozen-foods', 'en:frozen-desserts', 'en:ice-creams-and-sorbets', 'en:ice-creams']",5,[],"['en:e401', 'en:e440', 'en:e471', 'en:e500', 'en:e503']",392.0,25.0,11.5,31.0,,4.17,0.54
Gelato - Madagascan Vanilla Bean,0186852000389,"['en:desserts', 'en:frozen-foods', 'en:frozen-desserts', 'en:ice-creams-and-sorbets', 'en:ice-creams']",3,[],"['en:e322', 'en:e322i', 'en:e410', 'en:e412']",203.13,10.16,6.25,25.0,0.0,3.91,0.1389
Helados Mini 4 sabores,8480017122964,"['en:desserts', 'en:frozen-foods', 'en:frozen-desserts', 'en:ice-creams-and-sorbets', 'en:ice-creams', 'en:ice-cream-bars', 'en:chocolate-ice-cream-bars']",0,[],[],342.0,21.9,13.8,28.7,,3.9,0.15
TRIUM Menthe enrobage chocolat,3564706628175,"['en:desserts', 'en:frozen-foods', 'en:frozen-desserts', 'en:ice-creams-and-sorbets', 'en:ice-creams', 'en:ice-cream-bars', 'en:ice-cream-bars-coated-with-chocolate']",0,[],[],324.0,21.0,14.0,25.0,3.5,3.0,0.06
Cônes vanille caramel beurre salé,3564706661202,"['en:desserts', 'en:frozen-foods', 'en:frozen-desserts', 'en:ice-creams-and-sorbets', 'en:ice-creams', 'en:ice-cream-cones']",0,[],[],254.0,9.6,8.1,25.0,0.7,2.6,0.28
Mini Cups Vanille Fraise Vanille Chocolat,3560071464790,"['en:desserts', 'en:frozen-foods', 'en:frozen-desserts', 'en:ice-creams-and-sorbets', 'en:ice-creams', 'en:ice-cream-tubs']",1,[],['en:e471'],161.0,5.8,5.1,22.0,0.5,1.4,0.15
Gelado Morango Equilíbrio,5601312507857,"['en:desserts', 'en:frozen-foods', 'en:frozen-desserts', 'en:ice-creams-and-sorbets', 'en:ice-creams']",6,[],"['en:e100', 'en:e412', 'en:e428', 'en:e471', 'en:e955', 'en:e968']",115.0,4.9,4.4,4.9,6.8,3.4,0.12
Gelato my little pony,3830053876157,"['en:desserts', 'en:frozen-foods', 'en:frozen-desserts', 'en:ice-creams-and-sorbets', 'en:ice-creams', 'en:ice-cream-bars', 'ro:inghetata']",6,[],"['en:e100', 'en:e322', 'en:e330', 'en:e412', 'en:e471', 'en:e476']",191.0,9.3,8.3,21.0,,2.7,0.12
Dark Chocolate & Nordic Berry,5900130030913,"['en:desserts', 'en:frozen-foods', 'en:frozen-desserts', 'en:ice-creams-and-sorbets', 'en:ice-creams', 'en:ice-cream-bars', 'en:chocolate-ice-cream-bars']",0,[],[],356.0,23.0,14.0,27.0,,3.8,0.15
Gelato Italiano Caramel Buerre salé vanille,3760239140720,"['en:desserts', 'en:frozen-foods', 'en:frozen-desserts', 'en:ice-creams-and-sorbets', 'en:ice-creams', 'en:ice-cream-in-individual-cup']",6,[],"['en:e14xx', 'en:e202', 'en:e331', 'en:e412', 'en:e440', 'en:e471']",204.0,8.4,7.4,29.0,0.5,1.8,0.2
Glace PARFUM VANILLE,5400101016224,"['en:desserts', 'en:frozen-foods', 'en:frozen-desserts', 'en:ice-creams-and-sorbets', 'en:ice-creams', 'en:ice-cream-tubs', 'en:vanilla-ice-cream-tubs']",2,[],"['en:e160', 'en:e471']",180.0,8.0,7.2,22.0,0.5,2.6,0.17
mint chocolate ice cream,5053947930690,"['en:desserts', 'en:frozen-foods', 'en:frozen-desserts', 'en:ice-creams-and-sorbets', 'en:ice-creams']",7,[],"['en:e160a', 'en:e160ai', 'en:e322', 'en:e401', 'en:e410', 'en:e412', 'en:e415', 'en:e471']",236.0,11.8,9.0,23.0,0.7,2.8,0.2
Mint,8711327320710,"['en:desserts', 'en:frozen-foods', 'en:frozen-desserts', 'en:ice-creams-and-sorbets', 'en:ice-creams', 'en:ice-cream-cones', 'en:chocolate-mint-ice-cream-cones']",7,[],"['en:e140', 'en:e140i', 'en:e322', 'en:e407', 'en:e410', 'en:e412', 'en:e442', 'en:e471']",289.0,15.0,12.0,19.0,1.4,2.9,0.000525
Coconut Ice Cream,20646073,"['en:desserts', 'en:frozen-foods', 'en:frozen-desserts', 'en:ice-creams-and-sorbets', 'en:ice-creams']",0,[],[],204.0,9.7,8.6,24.3,0.1,2.9,0.17
Old-Fashioned Vanilla Ice Cream,0072830081092,"['en:desserts', 'en:frozen-foods', 'en:frozen-desserts', 'en:ice-creams-and-sorbets', 'en:ice-creams']",2,[],"['en:e412', 'en:e417']",221.0,13.7,8.42,22.1,,4.21,0.145
Barattolino Croccantino,8005840096635,"['en:desserts', 'en:frozen-foods', 'en:frozen-desserts', 'en:ice-creams-and-sorbets', 'en:ice-creams', 'en:luxury-ice-cream-in-a-cup']",6,[],"['en:e160b', 'en:e160bii', 'en:e330', 'en:e401', 'en:e410', 'en:e440', 'en:e471']",256.0,13.0,10.0,26.0,,3.3,0.34
,7350104400514,"['en:desserts', 'en:frozen-foods', 'en:frozen-desserts', 'en:ice-creams-and-sorbets', 'en:ice-creams', 'en:ice-cream-tubs']",10,[],"['en:e14xx', 'en:e150a', 'en:e160a', 'en:e160ai', 'en:e407', 'en:e412', 'en:e420', 'en:e471', 'en:e960', 'en:e967', 'en:e968']",105.0,3.7,2.8,5.0,7.3,5.9,0.0009
Double chocolat,2006050060726,"['en:desserts', 'en:frozen-foods', 'en:frozen-desserts', 'en:ice-creams-and-sorbets', 'en:ice-creams']",5,[],"['en:e322', 'en:e412', 'en:e415', 'en:e471', 'en:e476']",315.0,18.0,12.0,28.0,2.5,3.4,0.12
Glace menthe,2006050065622,"['en:desserts', 'en:frozen-foods', 'en:frozen-desserts', 'en:ice-creams-and-sorbets', 'en:ice-creams', 'en:ice-cream-tubs']",0,[],[],190.0,7.6,5.0,21.0,0.8,2.2,0.13
Magnum Crème Glacée Pot Double Sunlover 440ml,8711327585607,"['en:desserts', 'en:frozen-foods', 'en:frozen-desserts', 'en:ice-creams-and-sorbets', 'en:ice-creams', 'en:ice-cream-tubs', 'en:sorbets', 'en:luxury-ice-cream-in-a-cup']",10,[],"['en:e14xx', 'en:e322', 'en:e330', 'en:e331', 'en:e407', 'en:e410', 'en:e412', 'en:e417', 'en:e440', 'en:e471']",198.0,13.0,8.8,17.0,0.5,2.7,0.11
Selection Bourbon-Vanilleeis,4061459271300,"['en:desserts', 'en:frozen-foods', 'en:frozen-desserts', 'en:ice-creams-and-sorbets', 'en:ice-creams', 'en:ice-cream-tubs', 'en:vanilla-ice-cream-tubs']",2,[],"['en:e412', 'en:e471']",191.0,8.9,7.8,21.0,,1.5,0.09
Crème glacée noisette,3664335100797,"['en:desserts', 'en:frozen-foods', 'en:frozen-desserts', 'en:ice-creams-and-sorbets', 'en:ice-creams', 'en:ice-cream-tubs', 'fr:glaces-aux-noisettes']",0,[],[],249.0,16.0,6.5,21.0,1.1,3.8,0.08
minions ice cream,3830053878229,"['en:desserts', 'en:frozen-foods', 'en:frozen-desserts', 'en:ice-creams-and-sorbets', 'en:ice-creams', 'en:ice-cream-bars']",5,[],"['en:e100', 'en:e160', 'en:e330', 'en:e412', 'en:e471']",197.0,10.0,9.2,20.0,,2.7,0.13
Premium-Eis Erdbeer-Joghurt,4056489657170,"['en:desserts', 'en:frozen-foods', 'en:frozen-desserts', 'en:ice-creams-and-sorbets', 'en:ice-creams', 'en:ice-cream-tubs']",3,[],"['en:e330', 'en:e412', 'en:e471']",179.0,5.3,4.6,25.0,0.6,2.4,0.05
Gelatelli cônes coco,4056489375234,"['en:desserts', 'en:frozen-foods', 'en:frozen-desserts', 'en:ice-creams-and-sorbets', 'en:ice-creams', 'en:ice-cream-cones']",0,[],[],290.0,13.4,10.9,25.5,0.0,3.9,0.1
Refreshing Mint Choc Chip,8711327534377,"['en:desserts', 'en:frozen-foods', 'en:frozen-desserts', 'en:ice-creams-and-sorbets', 'en:ice-creams', 'en:ice-cream-tubs']",6,[],"['en:e141', 'en:e141ii', 'en:e410', 'en:e412', 'en:e417', 'en:e442', 'en:e471']",214.0,9.5,7.8,22.0,,2.8,0.1
Glaces Maxi Almond,7613312278321,"['en:desserts', 'en:frozen-foods', 'en:frozen-desserts', 'en:ice-creams-and-sorbets', 'en:ice-creams']",0,[],[],315.0,20.0,12.0,25.0,,4.8,0.13
Bio Ice cream- caramel salé,4056489471202,"['en:desserts', 'en:frozen-foods', 'en:frozen-desserts', 'en:ice-creams-and-sorbets', 'en:ice-creams']",0,[],[],199.0,8.2,7.4,29.0,,2.1,0.19
Gelado Baunilha,5601009969357,"['en:desserts', 'en:frozen-foods', 'en:frozen-desserts', 'en:ice-creams-and-sorbets', 'en:ice-creams', 'en:ice-cream-tubs', 'en:vanilla-ice-cream-tubs']",4,[],"['en:e160c', 'en:e407', 'en:e412', 'en:e471']",219.0,12.0,10.0,21.0,0.2,2.7,0.2
Magnum Crème Glacée Pot Double Starchaser 440ml,8711327585324,"['en:desserts', 'en:frozen-foods', 'en:frozen-desserts', 'en:ice-creams-and-sorbets', 'en:ice-creams', 'en:ice-cream-tubs', 'en:luxury-ice-cream-in-a-cup']",11,[],"['en:e14xx', 'en:e150a', 'en:e270', 'en:e322', 'en:e322i', 'en:e407', 'en:e410', 'en:e412', 'en:e415', 'en:e417', 'en:e471', 'en:e476']",209.0,12.0,7.5,18.0,,2.1,0.14
Chocolat Guanduja,3270160842841,"['en:desserts', 'en:frozen-foods', 'en:frozen-desserts', 'en:ice-creams-and-sorbets', 'en:ice-creams', 'en:luxury-ice-cream-in-a-cup']",3,[],"['en:e322', 'en:e322i', 'en:e412', 'en:e440']",240.0,14.0,6.6,18.0,1.2,4.9,0.0975
Bulla Creamy Classics Vanilla 2L,9310161001343,"['en:desserts', 'en:frozen-foods', 'en:frozen-desserts', 'en:ice-creams-and-sorbets', 'en:ice-creams', 'en:ice-cream-tubs']",4,[],"['en:e160b', 'en:e407', 'en:e412', 'en:e471']",200.0,10.4,6.96,19.8,,3.26,0.109
Big boss al cioccolato,8017596043078,"['en:snacks', 'en:desserts', 'en:sweet-snacks', 'en:confectioneries', 'en:frozen-foods', 'en:frozen-desserts', 'en:ice-creams-and-sorbets', 'en:ice-creams', 'en:ice-cream-bars', 'en:ice-cream-bars-coated-with-chocolate', 'en:vanilla-ice-cream-bars-coated-with-milk-chocolate']",2,[],"['en:e160a', 'en:e476']",312.0,19.0,14.0,28.0,,3.7,0.23
Sorbet façon Mojito 500G/750ml 2022,3760039982605,"['en:desserts', 'en:frozen-foods', 'en:frozen-desserts', 'en:ice-creams-and-sorbets', 'en:ice-creams', 'en:sorbets', 'en:lime-sorbets']",1,[],['en:e440'],127.0,0.5,0.1,25.0,,0.5,0.01
Alden's organic strawberry ice cream,0072609741844,"['en:desserts', 'en:frozen-foods', 'en:frozen-desserts', 'en:ice-creams-and-sorbets', 'en:ice-creams', 'en:ice-cream-tubs']",6,[],"['en:e322', 'en:e322i', 'en:e330', 'en:e410', 'en:e412', 'en:e415', 'en:e440']",215.05376344086,11.827956989247,7.5268817204301,21.505376344086,0.0,2.1505376344086,0.080645161290322
helados Mexico,0682082112156,"['en:desserts', 'en:frozen-foods', 'en:frozen-desserts', 'en:ice-creams-and-sorbets', 'en:ice-creams', 'en:ice-cream-bars']",2,[],"['en:e412', 'en:e417']",217.0,9.78,3.26,21.7,,4.35,0.109
Edys Dibs crunch 4 oz,0041548825533,"['en:desserts', 'en:frozen-foods', 'en:frozen-desserts', 'en:ice-creams-and-sorbets', 'en:ice-creams']",4,[],"['en:e322', 'en:e322i', 'en:e410', 'en:e412', 'en:e466']",359.0,24.3,21.4,25.2,0.971,3.88,0.0
Askeys waffle cones,5010067315790,"['en:desserts', 'en:frozen-foods', 'en:frozen-desserts', 'en:ice-creams-and-sorbets', 'en:ice-creams']",0,[],[],412.0,5.6999998092651,4.0,25.0,,6.6999998092651,0.23999999463558
Joghurt und himbeee eis,4056489375128,"['en:desserts', 'en:frozen-foods', 'en:frozen-desserts', 'en:ice-creams-and-sorbets', 'en:ice-creams', 'en:ice-cream-bars', 'en:ice-cream-bars-coated-with-chocolate']",6,[],"['en:e322', 'en:e330', 'en:e412', 'en:e440', 'en:e471', 'en:e476']",288.0,17.1,12.1,28.1,1.3,3.5,0.07
Traditional,4088600007342,"['en:dairies', 'en:desserts', 'en:frozen-foods', 'en:frozen-desserts', 'en:ice-creams-and-sorbets', 'en:ice-creams']",4,[],"['en:e407', 'en:e410', 'en:e412', 'en:e471']",171.0,7.5,4.6,20.0,0.5,3.5,0.14
Czekoladowe,5907439112029,"['en:desserts', 'en:frozen-foods', 'en:frozen-desserts', 'en:ice-creams-and-sorbets', 'en:ice-creams', 'en:ice-cream-tubs']",2,[],"['en:e412', 'en:e471']",248.0,12.3,7.6,25.2,,4.9,0.15
Vanilla Ice Cream,00415613,"['en:desserts', 'en:frozen-foods', 'en:frozen-desserts', 'en:ice-creams-and-sorbets', 'en:ice-creams', 'en:ice-cream-tubs']",5,[],"['en:e160a', 'en:e162', 'en:e410', 'en:e412', 'en:e471']",150.0,5.2,4.6,16.9,0.6,2.1,0.08
Vanille Eiscreme,4337256243803,"['en:desserts', 'en:frozen-foods', 'en:frozen-desserts', 'en:ice-creams-and-sorbets', 'en:ice-creams', 'en:ice-cream-tubs', 'en:vanilla-ice-cream-tubs']",0,[],[],218.0,11.9,7.5,22.3,,5.2,0.13
Dione zero sugar added,4770175483385,"['en:desserts', 'en:frozen-foods', 'en:frozen-desserts', 'en:ice-creams-and-sorbets', 'en:ice-creams', 'en:ice-cream-tubs']",5,[],"['en:e1200', 'en:e410', 'en:e412', 'en:e570', 'en:e968']",202.0,10.1,6.4,4.0,,5.4,0.00085
Magnum Glace Bâtonnet Mini Deluxe Framboise 6x55ml,8711327581937,"['en:desserts', 'en:frozen-foods', 'en:frozen-desserts', 'en:ice-creams-and-sorbets', 'en:ice-creams', 'en:ice-cream-bars']",10,[],"['en:e14xx', 'en:e330', 'en:e331', 'en:e407', 'en:e412', 'en:e417', 'en:e440', 'en:e442', 'en:e471', 'en:e476']",285.0,17.0,12.0,23.0,,2.8,0.11
Délice d'un instant - Bâtonnet chocolat au fleur de sel,3270160843039,"['en:desserts', 'en:frozen-foods', 'en:frozen-desserts', 'en:ice-creams-and-sorbets', 'en:ice-creams', 'en:ice-cream-bars', 'en:chocolate-ice-cream-bars']",1,[],"['en:e322', 'en:e322i']",224.0,12.0,7.9,23.0,1.4,5.3,0.16
Finest Ice Cream Salted Caramel,5057967164547,"['en:desserts', 'en:frozen-foods', 'en:frozen-desserts', 'en:ice-creams-and-sorbets', 'en:ice-creams', 'en:ice-cream-tubs']",1,[],['en:e150a'],215.0,13.4,9.1,18.2,0.8,3.1,0.7
Schokaden Eiscreme,4337256575225,"['en:desserts', 'en:frozen-foods', 'en:frozen-desserts', 'en:ice-creams-and-sorbets', 'en:ice-creams', 'en:ice-cream-tubs', 'en:chocolate-ice-cream-tubs']",0,[],[],208.0,11.9,7.0,18.0,,3.9,0.11
8 Mini ALMOND MILK CHOCOLATE DARK WHITE,3560071489441,"['en:desserts', 'en:frozen-foods', 'en:frozen-desserts', 'en:ice-creams-and-sorbets', 'en:ice-creams']",3,[],"['en:e322', 'en:e471', 'en:e476']",329.0,20.0,13.0,32.0,1.2,3.6,0.18
Coconut lime ice cream,5000169263556,"['en:desserts', 'en:frozen-foods', 'en:frozen-desserts', 'en:ice-creams-and-sorbets', 'en:ice-creams']",1,[],['en:e270'],217.0,12.5,6.6,21.9,0.5,3.9,0.1475
Mini Hold the Cone! Ice Cream Cones Chocolate Chip,00628341,"['en:desserts', 'en:frozen-foods', 'en:frozen-desserts', 'en:ice-creams-and-sorbets', 'en:ice-creams', 'en:ice-cream-cones']",5,[],"['en:e170', 'en:e170i', 'en:e322', 'en:e322i', 'en:e407', 'en:e410', 'en:e412']",333.0,15.5,9.52,26.2,2.38,4.76,0.298
Cônes saveur vanille,3660992013074,"['en:desserts', 'en:frozen-foods', 'en:frozen-desserts', 'en:ice-creams-and-sorbets', 'en:ice-creams', 'en:ice-cream-cones', 'en:vanilla-ice-cream-cones']",0,[],[],266.0,12.0,10.0,26.0,0.8,2.8,0.21
gelatelli ice cream,4056489814863,"['en:desserts', 'en:frozen-foods', 'en:frozen-desserts', 'en:ice-creams-and-sorbets', 'en:ice-creams']",9,[],"['en:e14xx', 'en:e322', 'en:e331', 'en:e407', 'en:e410', 'en:e412', 'en:e440', 'en:e471', 'en:e476']",382.0,25.2,15.5,28.0,1.82,5.45,0.29
Carte D'Or Glace Vanille Noix de Pécan Caramel Pointe de Sel 825ml,8711327618428,"['en:desserts', 'en:frozen-foods', 'en:frozen-desserts', 'en:ice-creams-and-sorbets', 'en:ice-creams', 'en:ice-cream-tubs', 'en:vanilla-and-pecan-ice-cream-tubs']",7,[],"['en:e14xx', 'en:e150a', 'en:e160', 'en:e332', 'en:e412', 'en:e417', 'en:e471']",130.0,5.6,3.3,14.0,0.5,1.0,0.1
Carte D'Or Les Essentiels Glace Crème Glacée Menthe 700ml,8711327614994,"['en:desserts', 'en:frozen-foods', 'en:frozen-desserts', 'en:ice-creams-and-sorbets', 'en:ice-creams']",5,[],"['en:e140', 'en:e140i', 'en:e322', 'en:e412', 'en:e417', 'en:e471']",112.0,5.2,3.4,11.0,0.5,1.5,0.06
Mražený krém smetanový vanilkový,8590421068915,"['en:desserts', 'en:frozen-foods', 'en:frozen-desserts', 'en:ice-creams-and-sorbets', 'en:ice-creams', 'en:ice-cream-tubs', 'en:ice-cream-in-a-box', 'en:vanilla-ice-cream-tubs']",0,[],[],193.0,10.0,6.6,22.0,,2.7,0.13
Juustokakku & mansikka mochi-jäätelö,4056489883166,"['en:desserts', 'en:frozen-foods', 'en:frozen-desserts', 'en:ice-creams-and-sorbets', 'en:ice-creams', 'en:ice-cream-in-a-box', 'fi:mochijäätelöt']",16,[],"['en:e14xx', 'en:e160', 'en:e160b', 'en:e163', 'en:e202', 'en:e270', 'en:e300', 'en:e330', 'en:e331', 'en:e407', 'en:e407a', 'en:e412', 'en:e415', 'en:e440', 'en:e466', 'en:e471']",216.0,2.9,2.2,31.0,0.0,1.4,0.11
Vanille Eiscreme,4337256572514,"['en:desserts', 'en:frozen-foods', 'en:frozen-desserts', 'en:ice-creams-and-sorbets', 'en:ice-creams', 'en:ice-cream-tubs', 'en:vanilla-ice-cream-tubs']",0,[],[],209.0,11.6,6.8,20.1,,3.7,0.000325
Cremissimo Erdbeer Joghurt,8711327615434,"['en:desserts', 'en:frozen-foods', 'en:frozen-desserts', 'en:ice-creams-and-sorbets', 'en:ice-creams', 'en:ice-cream-tubs']",5,[],"['en:e330', 'en:e407', 'en:e412', 'en:e417', 'en:e471']",172.0,3.9,3.4,29.0,,1.5,0.06
Cookies,8711327616738,"['en:desserts', 'en:frozen-foods', 'en:frozen-desserts', 'en:ice-creams-and-sorbets', 'en:ice-creams', 'en:ice-cream-tubs']",7,[],"['en:e153', 'en:e407', 'en:e412', 'en:e417', 'en:e442', 'en:e471', 'en:e503', 'en:e503ii']",204.0,7.4,6.0,23.0,,3.4,0.13
Strawberry cheesecake,8711327617940,"['en:desserts', 'en:frozen-foods', 'en:frozen-desserts', 'en:ice-creams-and-sorbets', 'en:ice-creams', 'en:ice-cream-tubs']",7,[],"['en:e14xx', 'en:e160a', 'en:e330', 'en:e407', 'en:e412', 'en:e417', 'en:e471']",195.0,6.3,5.5,24.0,,2.8,0.14
Cookie glacé chocolat,3270160844555,"['en:desserts', 'en:frozen-foods', 'en:frozen-desserts', 'en:ice-creams-and-sorbets', 'en:ice-creams', 'en:ice-cream-sandwiches']",3,[],"['en:e322', 'en:e322i', 'en:e331', 'en:e500']",390.0,22.0,13.0,33.0,1.3,5.0,0.21
Cone gourmand speculoos,3250393442469,"['en:desserts', 'en:frozen-foods', 'en:frozen-desserts', 'en:ice-creams-and-sorbets', 'en:ice-creams', 'en:ice-cream-cones', 'fr:glace-cone-ou-80ml']",4,[],"['en:e322', 'en:e322i', 'en:e412', 'en:e500']",271.0,11.0,6.8,28.0,0.4,3.0,0.24
Magnum Double Salted Caramel,8711327617353,"['en:desserts', 'en:frozen-foods', 'en:frozen-desserts', 'en:ice-creams-and-sorbets', 'en:ice-creams']",0,[],[],317.0,18.0,12.0,29.0,1.1,3.8,0.38
Snackable Chocolate Chip Cookie Dough,0076840002306,"['en:desserts', 'en:frozen-foods', 'en:frozen-desserts', 'en:ice-creams-and-sorbets', 'en:ice-creams']",1,[],"['en:e322', 'en:e322i']",429.0,14.3,7.14,39.3,,3.57,0.402
Country Cream Icecream,5000129352870,"['en:desserts', 'en:frozen-foods', 'en:frozen-desserts', 'en:ice-creams-and-sorbets', 'en:ice-creams', 'en:ice-cream-tubs', 'en:chocolate-ice-cream-tubs']",1,[],['en:e322'],273.183556405354,16.0,12.0,25.0,1.0,3.4,0.0975
Cône Artisanal Crème Glacée Chocolat coulis chocolat noisettes du Piémont,3760385230245,"['en:desserts', 'en:frozen-foods', 'en:frozen-desserts', 'en:ice-creams-and-sorbets', 'en:ice-creams']",4,[],"['en:e322', 'en:e322i', 'en:e412', 'en:e471', 'en:e500', 'en:e500ii']",358.0,21.0,10.0,25.0,,5.2,0.12
,8850387013818,"['en:desserts', 'en:frozen-foods', 'en:frozen-desserts', 'en:ice-creams-and-sorbets', 'en:ice-creams', 'th:ของกินเล่น', 'th:อาหารว่าง']",7,[],"['en:e102', 'en:e110', 'en:e407', 'en:e410', 'en:e414', 'en:e471', 'en:e500', 'en:e500i']",317.0,23.3,15.0,20.0,1.67,1.67,0.146
Greek Style Yoghurt Ice Cream with salted caramel sauce,8711327635159,"['en:desserts', 'en:frozen-foods', 'en:frozen-desserts', 'en:ice-creams-and-sorbets', 'en:ice-creams', 'en:ice-cream-bars']",7,[],"['en:e14xx', 'en:e322', 'en:e330', 'en:e407', 'en:e410', 'en:e412', 'en:e471']",155.0,5.4,3.9,17.0,,3.8,0.01
Honeycomb Crunch,5056285800144,"['en:desserts', 'en:frozen-foods', 'en:frozen-desserts', 'en:ice-creams-and-sorbets', 'en:ice-creams', 'en:ice-cream-in-individual-cup']",8,[],"['en:e1200', 'en:e150', 'en:e160a', 'en:e410', 'en:e414', 'en:e471', 'en:e500', 'en:e968']",132.0,3.9,2.5,15.0,,4.2,0.285
Glace cacao fève tonka,3270160844951,"['en:desserts', 'en:frozen-foods', 'en:frozen-desserts', 'en:ice-creams-and-sorbets', 'en:ice-creams', 'en:ice-cream-tubs']",0,[],[],198.0,9.5,6.4,20.0,2.3,5.3,0.1
Bounty Eis Cream,5000159548458,"['en:desserts', 'en:frozen-foods', 'en:frozen-desserts', 'en:ice-creams-and-sorbets', 'en:ice-creams']",0,[],[],269.0,16.0,11.0,22.0,,3.2,0.1175
Glace macaron blueberry,3415583005712,"['en:desserts', 'en:frozen-foods', 'en:frozen-desserts', 'en:ice-creams-and-sorbets', 'en:ice-creams', 'en:ice-cream-tubs', 'nl:schepijs']",0,[],[],257.0,15.6,9.4,23.7,0.6,4.2,0.14
Glace menthe chocolat,3274664257316,"['en:desserts', 'en:frozen-foods', 'en:frozen-desserts', 'en:ice-creams-and-sorbets', 'en:ice-creams', 'en:ice-cream-tubs']",0,[],[],198.0,7.7,5.0,22.0,0.8,2.0,0.12
Macademia Nut Eis,4056489792574,"['en:desserts', 'en:frozen-foods', 'en:frozen-desserts', 'en:ice-creams-and-sorbets', 'en:ice-creams']",0,[],[],283.0,18.5,11.3,24.5,,3.4,0.19
Cherry Brownie vegan,4008211005186,"['en:desserts', 'en:frozen-foods', 'en:frozen-desserts', 'en:ice-creams-and-sorbets', 'en:ice-creams']",6,[],"['en:e14xx', 'en:e322', 'en:e330', 'en:e407', 'en:e412', 'en:e471']",186.0,5.7,4.7,23.0,0.7,0.9,0.12
Sandwich Classic,4316268433518,"['en:desserts', 'en:frozen-foods', 'en:frozen-desserts', 'en:ice-creams-and-sorbets', 'en:ice-creams', 'en:ice-cream-sandwiches']",3,[],"['en:e322', 'en:e412', 'en:e471']",275.0,17.0,14.3,22.7,,2.9,0.13
Dough & brownie,4007993035107,"['en:desserts', 'en:frozen-foods', 'en:frozen-desserts', 'en:ice-creams-and-sorbets', 'en:ice-creams', 'en:ice-cream-tubs']",3,[],"['en:e322', 'en:e412', 'en:e500']",252.0,14.0,9.3,24.0,1.0,4.0,0.18
Pot Chocolat Brownies,3250393442544,"['en:desserts', 'en:frozen-foods', 'en:frozen-desserts', 'en:ice-creams-and-sorbets', 'en:ice-creams', 'en:ice-cream-tubs', 'fr:glace-pot-ou-80ml']",2,[],"['en:e412', 'en:e471']",242.0,11.0,5.8,25.0,2.2,5.8,0.23
Bourbon Vanille Eis,25854961,"['en:desserts', 'en:frozen-foods', 'en:frozen-desserts', 'en:ice-creams-and-sorbets', 'en:ice-creams', 'en:ice-cream-tubs', 'en:vanilla-ice-cream-tubs']",2,[],"['en:e412', 'en:e471']",184.0,7.9,7.2,22.2,,2.4,0.1
Double moon walker,4335619008991,"['en:desserts', 'en:frozen-foods', 'en:frozen-desserts', 'en:ice-creams-and-sorbets', 'en:ice-creams', 'en:ice-cream-bars']",5,[],"['en:e322', 'en:e407', 'en:e410', 'en:e412', 'en:e476']",315.0,17.9,12.6,29.7,1.4,2.4,0.18
Belgian chocolate frozen yogurt,5000169177273,"['en:desserts', 'en:frozen-foods', 'en:frozen-desserts', 'en:ice-creams-and-sorbets', 'en:ice-creams', 'en:frozen-yogurts', 'en:ice-cream-in-a-box']",3,[],"['en:e407', 'en:e410', 'en:e412']",130.0,2.2,1.4,19.3,0.9,6.0,0.11
Jordgubb,7312690201302,"['en:desserts', 'en:frozen-foods', 'en:frozen-desserts', 'en:ice-creams-and-sorbets', 'en:ice-creams', 'en:ice-cream-tubs', 'en:strawberry-ice-cream-tubs']",3,[],"['en:e162', 'en:e412', 'en:e440a']",200.0,9.1,5.9,24.0,,3.5,0.1
Vanilla Ice Cream By Tesco,5059697768439,"['en:desserts', 'en:frozen-foods', 'en:frozen-desserts', 'en:ice-creams-and-sorbets', 'en:ice-creams']",5,[],"['en:e160a', 'en:e160aiv', 'en:e162', 'en:e410', 'en:e412', 'en:e471']",158.0,5.7,4.2,16.9,0.3,2.3,0.0775
Coco,8402001018770,"['en:desserts', 'en:frozen-foods', 'en:frozen-desserts', 'en:ice-creams-and-sorbets', 'en:ice-creams']",6,[],"['en:e322', 'en:e407', 'en:e410', 'en:e412', 'en:e471', 'en:e476']",366.0,24.0,13.0,29.0,1.7,4.6,0.17
Gelado pistachio,5607047016664,"['en:desserts', 'en:frozen-foods', 'en:frozen-desserts', 'en:ice-creams-and-sorbets', 'en:ice-creams', 'en:ice-cream-tubs', 'en:pistachio-ice-cream-tubs']",2,[],"['en:e412', 'en:e471']",227.0,14.0,6.9,19.0,0.9,4.7,0.1
MAGNUM Glace Bâtonnet Classic 4x110ml,8712566328352,"['en:desserts', 'en:frozen-foods', 'en:frozen-desserts', 'en:ice-creams-and-sorbets', 'en:ice-creams', 'en:ice-cream-bars', 'en:ice-cream-tubs', 'en:ice-cream-bars-coated-with-chocolate', 'en:vanilla-ice-cream-bars-coated-with-milk-chocolate', 'en:vanilla-ice-cream-tubs', 'en:vanilla-ice-cream-bars']",7,[],"['en:e160a', 'en:e322', 'en:e322i', 'en:e407', 'en:e410', 'en:e412', 'en:e471', 'en:e476']",217.0,13.0,9.2,19.0,,2.3,0.09
Magnum Double Chocolate Ice Cream Bar,8712100845123,"['en:desserts', 'en:frozen-foods', 'en:frozen-desserts', 'en:ice-creams-and-sorbets', 'en:ice-creams', 'en:ice-cream-bars', 'en:ice-cream-bars-coated-with-chocolate']",6,[],"['en:e14xx', 'en:e407', 'en:e410', 'en:e442', 'en:e471', 'en:e476']",283.0,18.0,13.0,25.0,2.31,3.1,0.08
Glace Vanille Bourbon La Laitière,3274664109820,"['en:desserts', 'en:frozen-foods', 'en:frozen-desserts', 'en:ice-creams-and-sorbets', 'en:ice-creams', 'en:ice-cream-tubs', 'en:vanilla-ice-cream-tubs']",5,[],"['en:e160', 'en:e300', 'en:e330', 'en:e412', 'en:e471']",190.0,6.4,4.3,22.0,0.5,2.0,0.16
Extrême vanille de Madagascar,7613034965868,"['en:desserts', 'en:frozen-foods', 'en:frozen-desserts', 'en:ice-creams-and-sorbets', 'en:ice-creams', 'en:ice-cream-cones', 'en:vanilla-ice-cream-cones']",6,[],"['en:e101', 'en:e101i', 'en:e160', 'en:e322', 'en:e407a', 'en:e412', 'en:e471']",298.0,14.0,10.0,29.0,0.8,3.2,0.14
Batonnet Chocolat Blanc Blanc Amande,8714100636053,"['en:desserts', 'en:frozen-foods', 'en:frozen-desserts', 'en:ice-creams-and-sorbets', 'en:ice-creams', 'en:ice-cream-bars', 'en:ice-cream-tubs', 'en:ice-cream-bars-coated-with-chocolate', 'en:vanilla-ice-cream-tubs']",7,[],"['en:e160a', 'en:e407', 'en:e410', 'en:e412', 'en:e442', 'en:e471', 'en:e476']",277.0,17.0,11.0,24.0,0.61,3.6,0.12
Amarena,3270160844142,"['en:desserts', 'en:frozen-foods', 'en:frozen-desserts', 'en:ice-creams-and-sorbets', 'en:ice-creams', 'en:ice-cream-tubs']",6,[],"['en:e163', 'en:e296', 'en:e330', 'en:e401', 'en:e440', 'en:e471']",176.0,4.3,2.9,26.2,1.1,2.6,0.21
,8714100289969,"['en:desserts', 'en:frozen-foods', 'en:frozen-desserts', 'en:ice-creams-and-sorbets', 'en:ice-creams', 'en:ice-cream-tubs', 'en:luxury-ice-cream-in-a-cup', 'en:vanilla-ice-cream-tubs', 'fr:glace-pot']",7,[],"['en:e160a', 'en:e322', 'en:e322i', 'en:e407', 'en:e410', 'en:e412', 'en:e471', 'en:e476']",331.0,21.0,13.0,28.0,,3.5,0.1
Magnum White Chocolate&Cookies,8717163691618,"['en:desserts', 'en:frozen-foods', 'en:frozen-desserts', 'en:ice-creams-and-sorbets', 'en:ice-creams', 'en:ice-cream-bars', 'en:ice-cream-bars-coated-with-chocolate']",4,[],"['en:e322', 'en:e410', 'en:e412', 'en:e471']",310.0,18.0,12.0,25.0,,4.4,0.19
Mini cônes caramel & vanille,7613035468566,"['en:desserts', 'en:frozen-foods', 'en:frozen-desserts', 'en:ice-creams-and-sorbets', 'en:ice-creams', 'en:ice-cream-cones', 'en:ice-cream-tubs', 'en:mini-ice-cream-cone', 'en:vanilla-ice-cream-cones', 'fr:glaces-au-caramel']",6,[],"['en:e150a', 'en:e322', 'en:e322i', 'en:e407', 'en:e412', 'en:e471']",329.0,16.0,10.0,30.0,1.2,3.3,0.17
Crème glacée de noix de coco,3270160841042,"['en:desserts', 'en:frozen-foods', 'en:frozen-desserts', 'en:ice-creams-and-sorbets', 'en:ice-creams', 'en:ice-cream-tubs', 'en:coconut-ice-cream-tubs']",1,[],['en:e412'],195.0,9.7,7.9,21.0,2.1,2.7,0.0
Bac chocolat (CG) - 1L,3250390600718,"['en:desserts', 'en:frozen-foods', 'en:frozen-desserts', 'en:ice-creams-and-sorbets', 'en:ice-creams', 'en:ice-cream-tubs', 'en:chocolate-ice-cream-tubs', 'fr:vrac-glace']",4,[],"['en:e322', 'en:e322i', 'en:e412', 'en:e471']",223.0,8.7,5.5,21.0,4.6,3.9,0.22
Mini mix premium ice cream,20916343,"['en:desserts', 'en:frozen-foods', 'en:frozen-desserts', 'en:ice-creams-and-sorbets', 'en:ice-creams', 'en:ice-cream-bars']",4,[],"['en:e322', 'en:e412', 'en:e471', 'en:e476']",341.0,22.1,15.1,27.6,1.6,4.2,0.07
Chocolat Pistache,3270190217633,"['en:desserts', 'en:frozen-foods', 'en:frozen-desserts', 'en:ice-creams-and-sorbets', 'en:ice-creams', 'en:ice-cream-cones', 'en:chocolate-pistachio-ice-cream-cones']",4,[],"['en:e100', 'en:e153', 'en:e322', 'en:e322i', 'en:e412']",266.0,12.0,9.6,24.0,1.5,3.2,0.2
Salted Caramel,20091958,"['en:desserts', 'en:frozen-foods', 'en:frozen-desserts', 'en:ice-creams-and-sorbets', 'en:ice-creams', 'en:ice-cream-tubs']",2,[],"['en:e14xx', 'en:e471']",256.0,15.5,10.5,23.5,,4.1,0.64
Grom Pistacchio,8714100719589,"['en:desserts', 'en:frozen-foods', 'en:frozen-desserts', 'en:ice-creams-and-sorbets', 'en:ice-creams', 'en:ice-cream-tubs', 'en:pistachio-ice-cream-tubs']",0,[],[],259.0,14.0,3.9,25.0,,6.8,0.21
Ice cream Family pack,5000159399012,"['en:snacks', 'en:desserts', 'en:sweet-snacks', 'en:frozen-foods', 'en:frozen-desserts', 'en:bars', 'en:ice-creams-and-sorbets', 'en:ice-creams', 'en:frozen-bars']",6,[],"['en:e322', 'en:e322i', 'en:e407', 'en:e410', 'en:e412', 'en:e471', 'en:e477']",275.0,14.9,10.0,24.9,,3.1,0.19
Creme Glacee au yaourt,3289477020019,"['en:desserts', 'en:frozen-foods', 'en:frozen-desserts', 'en:ice-creams-and-sorbets', 'en:ice-creams', 'en:ice-cream-tubs']",1,[],['en:e412'],168.0,6.7,4.2,19.0,,4.2,0.16
Crème glacée à la vanille Bourbon de Madagascar,3760015740007,"['en:desserts', 'en:frozen-foods', 'en:frozen-desserts', 'en:ice-creams-and-sorbets', 'en:ice-creams', 'en:ice-cream-tubs', 'en:vanilla-ice-cream-tubs']",3,[],"['en:e407', 'en:e412', 'en:e471']",191.0,9.0,5.7,19.9,,3.8,0.1
4 Praliné Les Bâtonnets Gourmands,3270160730926,"['en:snacks', 'en:desserts', 'en:sweet-snacks', 'en:frozen-foods', 'en:frozen-desserts', 'en:ice-creams-and-sorbets', 'en:ice-creams', 'en:ice-cream-bars', 'en:ice-cream-bars-coated-with-chocolate']",3,[],"['en:e322', 'en:e322i', 'en:e412', 'en:e471']",327.0,20.0,12.0,27.0,2.4,4.3,0.12
Crème de marron brisures de marron glacé meringue,3270160655663,"['en:desserts', 'en:frozen-foods', 'en:frozen-desserts', 'en:ice-creams-and-sorbets', 'en:ice-creams']",1,[],['en:e440'],243.0,4.0,2.6,37.0,1.6,2.0,0.04
Crisp 'n' Cake Stracciatella,20254254,"['en:desserts', 'en:frozen-foods', 'en:frozen-desserts', 'en:ice-creams-and-sorbets', 'en:ice-creams', 'en:ice-cream-sandwiches']",3,[],"['en:e322', 'en:e412', 'en:e471']",306.0,15.5,12.4,23.7,,3.9,0.1
ice cream with honey syrup,20616779,"['en:desserts', 'en:frozen-foods', 'en:frozen-desserts', 'en:ice-creams-and-sorbets', 'en:ice-creams', 'en:ice-cream-tubs', 'en:frozen-yogurts']",3,[],"['en:e330', 'en:e407', 'en:e440']",177.0,5.2,3.1,27.0,,3.1,0.04
2 mini-pots caramel beurre salé,3270160735327,"['en:desserts', 'en:frozen-foods', 'en:frozen-desserts', 'en:ice-creams-and-sorbets', 'en:ice-creams', 'en:ice-cream-tubs', 'fr:glaces-au-caramel']",3,[],"['en:e412', 'en:e440', 'en:e500']",259.0,14.0,8.9,25.0,1.0,4.8,0.39
,5010238018123,"['en:desserts', 'en:frozen-foods', 'en:frozen-desserts', 'en:ice-creams-and-sorbets', 'en:ice-creams']",5,[],"['en:e100', 'en:e160a', 'en:e162', 'en:e330', 'en:e412']",75.0,0.0,0.0,17.6,,0.0,0.0
"Crème glacée rhum/raisins, bac 534G",3256224110613,"['en:desserts', 'en:frozen-foods', 'en:frozen-desserts', 'en:ice-creams-and-sorbets', 'en:ice-creams', 'en:ice-cream-tubs']",3,[],"['en:e412', 'en:e415', 'en:e471']",179.0,5.0,3.4,20.0,0.6,2.3,0.11
Glace vanille,5412121000114,"['en:desserts', 'en:frozen-foods', 'en:frozen-desserts', 'en:ice-creams-and-sorbets', 'en:ice-creams', 'en:ice-cream-tubs', 'en:vanilla-ice-cream-tubs']",2,[],"['en:e412', 'en:e471']",209.0,10.9,7.1,20.89999961853,0.1,2.7999999523163,0.10000000149012
Vainilla macadamia,8480000644350,"['en:desserts', 'en:frozen-foods', 'en:frozen-desserts', 'en:ice-creams-and-sorbets', 'en:ice-creams', 'en:ice-cream-tubs', 'en:vanilla-and-macadamia-ice-cream-tubs']",0,[],[],268.0,16.0,8.4,25.0,,3.8,0.14
Glace Salted Caramel & Australian Macadamia,5900130030616,"['en:desserts', 'en:frozen-foods', 'en:frozen-desserts', 'en:ice-creams-and-sorbets', 'en:ice-creams']",2,[],"['en:e440', 'en:e476']",361.0,21.0,12.0,32.0,,3.8,0.28
Eis Walnuss Glück,8712100456152,"['en:desserts', 'en:frozen-foods', 'en:frozen-desserts', 'en:ice-creams-and-sorbets', 'en:ice-creams', 'en:ice-cream-tubs', 'en:walnut-ice-cream-tubs']",5,[],"['en:e100', 'en:e330', 'en:e407', 'en:e412', 'en:e471']",221.0,9.4,5.4,25.0,,2.7,0.1
Bac vanille macadamia sauce au caramel (CG) - 900mL,3250391017515,"['en:desserts', 'en:frozen-foods', 'en:frozen-desserts', 'en:ice-creams-and-sorbets', 'en:ice-creams', 'en:ice-cream-tubs', 'en:vanilla-and-macadamia-ice-cream-tubs', 'fr:vrac-glace-gourmand']",6,[],"['en:e150a', 'en:e160', 'en:e407', 'en:e412', 'en:e415', 'en:e471']",207.0,8.2,5.3,26.8,0.0,1.7,0.24
Vanille Chocolat,3270190217640,"['en:desserts', 'en:frozen-foods', 'en:frozen-desserts', 'en:ice-creams-and-sorbets', 'en:ice-creams', 'en:ice-cream-cones', 'en:chocolate-vanilla-ice-cream-cones']",4,[],"['en:e100', 'en:e160b', 'en:e160bii', 'en:e322', 'en:e471']",305.0,14.0,12.0,28.0,1.5,3.9,0.17
Glace Trofic Trium Vanille chocolat amandes,3564700715444,"['en:desserts', 'en:frozen-foods', 'en:frozen-desserts', 'en:ice-creams-and-sorbets', 'en:ice-creams', 'en:ice-cream-bars', 'en:ice-cream-tubs', 'en:ice-cream-bars-coated-with-chocolate', 'en:vanilla-ice-cream-bars-coated-with-milk-chocolate-and-almonds', 'en:vanilla-ice-cream-tubs']",7,[],"['en:e100', 'en:e160b', 'en:e322', 'en:e322i', 'en:e412', 'en:e471', 'en:e476']",325.0,20.8,13.6,28.3,0.8,3.4,0.125
Movenpick Swiss Chocolate,7613030863434,"['en:desserts', 'en:frozen-foods', 'en:frozen-desserts', 'en:ice-creams-and-sorbets', 'en:ice-creams', 'en:ice-cream-tubs', 'en:chocolate-ice-cream-tubs']",0,[],[],291.0,17.2,8.6,23.6,2.7,4.2,0.13
Crème glacée vanille BIO,3222475950445,"['en:desserts', 'en:frozen-foods', 'en:frozen-desserts', 'en:ice-creams-and-sorbets', 'en:ice-creams']",2,[],"['en:e407', 'en:e412']",156.0,6.0,4.2,20.0,0.0,3.5,0.13
Feuilleté glacé vanille fruits rouges 370g,3256220470728,"['en:desserts', 'en:frozen-foods', 'en:frozen-desserts', 'en:ice-creams-and-sorbets', 'en:ice-creams', 'en:frozen-dessert-puff-pastry', 'en:dessert-glace-feuillete', 'en:dessert-glace-feuillete-a-partager']",12,[],"['en:e160', 'en:e162', 'en:e322', 'en:e322i', 'en:e330', 'en:e412', 'en:e415', 'en:e417', 'en:e440', 'en:e450', 'en:e471', 'en:e476', 'en:e500']",210.0,11.0,7.7,23.0,0.9,1.7,0.14
Twix Ice Cream Bar,5000159484657,"['en:desserts', 'en:frozen-foods', 'en:frozen-desserts', 'en:ice-creams-and-sorbets', 'en:ice-creams']",8,[],"['en:e150a', 'en:e322', 'en:e322i', 'en:e407', 'en:e410', 'en:e412', 'en:e471', 'en:e492', 'en:e503']",286.0,14.2,9.6,29.2,,2.8,0.3
Helado de turrón,8480000642134,"['en:snacks', 'en:desserts', 'en:frozen-foods', 'en:sweet-snacks', 'en:confectioneries', 'en:festive-foods', 'en:frozen-desserts', 'en:christmas-foods-and-drinks', 'en:ice-creams-and-sorbets', 'en:christmas-sweets', 'en:ice-creams', 'en:turron', 'en:ice-cream-tubs', 'en:nougat-ice-cream-tubs']",5,[],"['en:e150', 'en:e407', 'en:e410', 'en:e412', 'en:e471']",199.0,8.8,4.3,25.0,,3.8,0.15
Vanille,3560071249663,"['en:desserts', 'en:frozen-foods', 'en:frozen-desserts', 'en:ice-creams-and-sorbets', 'en:ice-creams', 'en:ice-cream-cones', 'en:vanilla-ice-cream-cones']",3,[],"['en:e160', 'en:e412', 'en:e471']",258.0,11.0,9.1,27.0,0.9,2.5,0.17
Crème brûlée Flavour,20920470,"['en:desserts', 'en:frozen-foods', 'en:frozen-desserts', 'en:ice-creams-and-sorbets', 'en:ice-creams', 'en:ice-cream-cones']",5,[],"['en:e322', 'en:e322i', 'en:e407', 'en:e412', 'en:e471']",286.0,12.0,10.1,31.0,,3.4,0.23
"Speculoos Eis, Spekulatius",5410126097009,"['en:desserts', 'en:frozen-foods', 'en:frozen-desserts', 'en:ice-creams-and-sorbets', 'en:ice-creams', 'en:ice-cream-tubs']",2,[],"['en:e322', 'en:e322i', 'en:e330']",296.0,18.0,8.0,23.0,0.2,3.3,0.28
Rhum Raisins,3254563259994,"['en:desserts', 'en:frozen-foods', 'en:frozen-desserts', 'en:ice-creams-and-sorbets', 'en:ice-creams', 'en:ice-cream-tubs', 'en:rum-and-raisins-ice-cream-tubs', 'en:cremes-glacees-en-pot']",5,[],"['en:e150a', 'en:e160', 'en:e412', 'en:e415', 'en:e471']",183.0,7.9,7.1,19.0,0.5,2.2,0.14
Double Caramel Au beurre salé,3560071018740,"['en:desserts', 'en:frozen-foods', 'en:frozen-desserts', 'en:ice-creams-and-sorbets', 'en:ice-creams', 'en:ice-cream-bars', 'en:ice-cream-bars-coated-with-chocolate']",5,[],"['en:e322', 'en:e322i', 'en:e412', 'en:e415', 'en:e471', 'en:e476']",307.0,17.0,11.0,32.0,0.6,2.4,0.31
Glace vanille de Madagascar,3483640000987,"['en:desserts', 'en:frozen-foods', 'en:frozen-desserts', 'en:ice-creams-and-sorbets', 'en:ice-creams', 'en:ice-cream-tubs', 'en:vanilla-ice-cream-tubs']",2,[],"['en:e410', 'en:e412']",183.0,8.5,4.6,17.0,,5.3,0.12
Crème glacée Vanille,3350033596382,"['en:desserts', 'en:frozen-foods', 'en:frozen-desserts', 'en:ice-creams-and-sorbets', 'en:ice-creams', 'en:ice-cream-tubs', 'en:vanilla-ice-cream-tubs']",3,[],"['en:e160', 'en:e412', 'en:e471']",184.0,8.4,5.6,21.0,,2.0,0.14
Mag amd remix 4x85ml,8711327539716,"['en:plant-based-foods-and-beverages', 'en:desserts', 'en:frozen-foods', 'en:frozen-desserts', 'en:ice-creams-and-sorbets', 'en:ice-creams', 'en:ice-cream-bars', 'en:ice-cream-bars-coated-with-chocolate']",5,[],"['en:e160', 'en:e407', 'en:e412', 'en:e417', 'en:e471']",270.0,17.0,11.0,21.0,,3.9,0.13
Crème glacée vanille,3760088753010,"['en:desserts', 'en:frozen-foods', 'en:frozen-desserts', 'en:ice-creams-and-sorbets', 'en:ice-creams', 'en:ice-cream-tubs', 'en:vanilla-ice-cream-tubs']",4,[],"['en:e160a', 'en:e160ai', 'en:e401', 'en:e412', 'en:e471']",173.0,8.4,5.5,18.0,,2.4,0.1
Helado 3 sabores,8480000644596,"['en:desserts', 'en:frozen-foods', 'en:frozen-desserts', 'en:ice-creams-and-sorbets', 'en:ice-creams']",9,[],"['en:e100', 'en:e160b', 'en:e162', 'en:e322', 'en:e330', 'en:e407', 'en:e410', 'en:e412', 'en:e471']",204.0,10.0,8.4,24.0,,3.2,0.18
Duo dough&brownie,4056489284567,"['en:desserts', 'en:frozen-foods', 'en:frozen-desserts', 'en:ice-creams-and-sorbets', 'en:ice-creams', 'en:ice-cream-tubs']",3,[],"['en:e322', 'en:e407', 'en:e471']",250.0,12.3,7.3,25.9,,4.3,0.2075
Sorbet fraise morceaux de fraise,3222471090947,"['en:desserts', 'en:frozen-foods', 'en:frozen-desserts', 'en:ice-creams-and-sorbets', 'en:ice-creams', 'en:sorbets', 'en:strawberry-sorbets']",8,[],"['en:e100', 'en:e14xx', 'en:e162', 'en:e330', 'en:e407', 'en:e415', 'en:e417', 'en:e440']",113.0,0.0,0.0,22.0,0.8,0.0,0.04
Dulce de Leche,3415581162714,"['en:breakfasts', 'en:desserts', 'en:frozen-foods', 'en:spreads', 'en:frozen-desserts', 'en:sweet-spreads', 'en:ice-creams-and-sorbets', 'en:ice-creams', 'en:ice-cream-tubs', 'en:milk-jams']",1,[],['en:e440'],258.0,14.7,10.1,26.8,,4.4,0.21
Kitkat,3274664178482,"['en:desserts', 'en:frozen-foods', 'en:frozen-desserts', 'en:ice-creams-and-sorbets', 'en:ice-creams', 'en:ice-cream-bars']",5,[],"['en:e322', 'en:e322i', 'en:e412', 'en:e471', 'en:e476']",351.0,22.0,15.0,31.0,0.8,3.7,0.23
Cornetto go,8714100641002,"['en:desserts', 'en:frozen-foods', 'en:frozen-desserts', 'en:ice-creams-and-sorbets', 'en:ice-creams', 'en:ice-cream-sandwiches']",0,[],[],311.0,12.0,8.3,25.0,,5.6,0.7275
Paradis Glaces Super Coco,3291330000656,"['en:desserts', 'en:frozen-foods', 'en:frozen-desserts', 'en:ice-creams-and-sorbets', 'en:ice-creams', 'en:ice-cream-tubs', 'en:coconut-ice-cream-tubs']",2,[],"['en:e407', 'en:e471']",223.0,12.0,8.7,23.0,0.0,2.4,0.08
Strawberry cheesecake,3415581176933,"['en:desserts', 'en:frozen-foods', 'en:frozen-desserts', 'en:ice-creams-and-sorbets', 'en:ice-creams', 'en:ice-cream-tubs', 'en:frozen-dessert-puff-pastry', 'en:strawberry-ice-cream-tubs']",2,[],"['en:e440', 'en:e500']",262.0,14.3,9.0,24.8,0.4,3.8,0.3
Crème glacée vanille,3596710482269,"['en:desserts', 'en:frozen-foods', 'en:frozen-desserts', 'en:ice-creams-and-sorbets', 'en:ice-creams', 'en:ice-cream-tubs', 'en:vanilla-ice-cream-tubs']",1,[],['en:e412'],181.0,7.9,5.1,23.0,0.5,4.3,0.06
Becher Double Gold Caramel Billionaire,8711327480438,"['en:desserts', 'en:frozen-foods', 'en:frozen-desserts', 'en:ice-creams-and-sorbets', 'en:ice-creams', 'en:luxury-ice-cream-in-a-cup']",10,[],"['en:e14xx', 'en:e150a', 'en:e270', 'en:e322', 'en:e407', 'en:e410', 'en:e412', 'en:e415', 'en:e471', 'en:e476']",207.0,12.0,7.2,19.0,0.21,2.6,0.17
Citron Coco Ananas,3560070258963,"['en:desserts', 'en:frozen-foods', 'en:frozen-desserts', 'en:ice-creams-and-sorbets', 'en:ice-creams', 'en:ice-cream-cones', 'en:icecream']",7,[],"['en:e140', 'en:e140i', 'en:e140ii', 'en:e322', 'en:e322i', 'en:e330', 'en:e412', 'en:e415', 'en:e440']",213.0,5.1,4.4,29.0,0.9,1.8,0.13
,4007993031192,"['en:desserts', 'en:frozen-foods', 'en:frozen-desserts', 'en:ice-creams-and-sorbets', 'en:ice-creams']",1,[],['en:e476'],261.0,14.0,12.0,26.0,0.6,3.4,0.28
Eis Schokoladentraum,8711327479111,"['en:desserts', 'en:frozen-foods', 'en:frozen-desserts', 'en:ice-creams-and-sorbets', 'en:ice-creams', 'en:tiefkuhl-desserts', 'en:tiefkuhlprodukte']",2,[],"['en:e442', 'en:e471']",216.0,9.0,7.2,24.0,,3.7,0.09
Maxibon,7613035428751,"['en:desserts', 'en:frozen-foods', 'en:frozen-desserts', 'en:ice-creams-and-sorbets', 'en:ice-creams', 'en:ice-cream-sandwiches']",7,[],"['en:e322', 'en:e407', 'en:e412', 'en:e471', 'en:e477', 'en:e500', 'en:e500ii', 'en:e502']",303.0,14.0,9.9,23.0,1.6,3.9,0.17
Viennetta,8712566397709,"['en:desserts', 'en:frozen-foods', 'en:frozen-desserts', 'en:ice-creams-and-sorbets', 'en:ice-creams', 'en:luxury-ice-cream-in-a-box']",5,[],"['en:e407', 'en:e410', 'en:e412', 'en:e442', 'en:e471']",236.0,14.0,12.0,19.0,,2.1,0.08
Chocolate brownies,3560071249120,"['en:desserts', 'en:frozen-foods', 'en:frozen-desserts', 'en:ice-creams-and-sorbets', 'en:ice-creams', 'en:ice-cream-tubs']",1,[],['en:e500'],261.0,15.0,9.6,24.0,1.8,4.3,0.21
"DOUBLE LEMON MERINGUE Citron, morceaux de meringue",3560071170226,"['en:desserts', 'en:frozen-foods', 'en:frozen-desserts', 'en:ice-creams-and-sorbets', 'en:ice-creams', 'en:ice-cream-bars']",4,[],"['en:e160', 'en:e322', 'en:e322i', 'en:e412', 'en:e471']",300.0,16.0,10.0,31.0,0.5,1.9,0.18
CocoNoix de coco râpée,3596710377930,"['en:desserts', 'en:frozen-foods', 'en:frozen-desserts', 'en:ice-creams-and-sorbets', 'en:ice-creams', 'en:ice-cream-tubs', 'en:coconut-ice-cream-tubs']",2,[],"['en:e412', 'en:e471']",193.0,7.6,6.8,22.0,1.7,3.1,0.17
Helado de fresa tarrina,3415581105933,"['en:desserts', 'en:frozen-foods', 'en:frozen-desserts', 'en:ice-creams-and-sorbets', 'en:ice-creams', 'en:ice-cream-tubs', 'en:postres-congelados-postres-helados-helados-y-sorbetes-helado']",0,[],[],244.0,15.5,9.5,21.0,0.3,3.9,0.15
Eis - Vanilla Chocolate,7613036107341,"['en:desserts', 'en:frozen-foods', 'en:frozen-desserts', 'en:ice-creams-and-sorbets', 'en:ice-creams', 'en:ice-cream-tubs']",4,[],"['en:e160a', 'en:e322', 'en:e412', 'en:e471']",265.0,16.0,10.0,24.0,,2.4,0.11
Carte D'Or Glace Façon Yaourt Smoothie Exotique 850ml,8711327593404,"['en:desserts', 'en:frozen-foods', 'en:frozen-desserts', 'en:ice-creams-and-sorbets', 'en:ice-creams', 'en:ice-cream-tubs']",8,[],"['en:e100', 'en:e160c', 'en:e330', 'en:e407', 'en:e412', 'en:e417', 'en:e440', 'en:e471']",88.0,2.0,1.7,13.0,0.0,0.9,0.07
Adelie Donatelo C.brule,3250390860129,"['en:desserts', 'en:festive-foods', 'en:frozen-foods', 'en:christmas-foods-and-drinks', 'en:frozen-desserts', 'en:ice-creams-and-sorbets', 'en:ice-creams', 'en:yule-log', 'en:ice-cream-log']",13,[],"['en:e150a', 'en:e150d', 'en:e160a', 'en:e160b', 'en:e270', 'en:e322', 'en:e322i', 'en:e407', 'en:e412', 'en:e440', 'en:e450', 'en:e471', 'en:e500']",255.0,14.8,10.9,25.5,,1.4,0.17
Maxibon pops,8000300256277,"['en:desserts', 'en:frozen-foods', 'en:frozen-desserts', 'en:ice-creams-and-sorbets', 'en:ice-creams']",0,[],[],361.0,24.0,20.0,25.0,,3.7999999523163,0.27000001072884
Helado de de crema con cookies tarrina,3415581152937,"['en:desserts', 'en:frozen-foods', 'en:frozen-desserts', 'en:ice-creams-and-sorbets', 'en:ice-creams', 'en:ice-cream-tubs']",1,[],"['en:e500', 'en:e500ii']",252.0,16.1,10.8,20.4,0.3,4.3,0.19
SIA Glass Vanilj,7312690021405,"['en:desserts', 'en:frozen-foods', 'en:frozen-desserts', 'en:ice-creams-and-sorbets', 'en:ice-creams', 'en:ice-cream-tubs', 'en:vanilla-ice-cream-tubs']",1,[],['en:e412'],210.0,10.0,6.6,24.0,,2.5,0.1
MANGUE-PASSION 100% fruits,3596710490929,"['en:desserts', 'en:frozen-foods', 'en:frozen-desserts', 'en:ice-creams-and-sorbets', 'en:ice-creams', 'en:ice-cream-bars', 'en:sorbets', 'en:sorbets-on-stick']",0,[],[],93.0,0.5,0.1,19.0,2.2,0.6,0.03
Bâtonnets glacés envie vanille amande - X4 263g,3256224112303,"['en:desserts', 'en:frozen-foods', 'en:frozen-desserts', 'en:ice-creams-and-sorbets', 'en:ice-creams', 'en:ice-cream-bars', 'en:ice-cream-tubs', 'en:ice-cream-bars-coated-with-chocolate', 'en:vanilla-ice-cream-bars-coated-with-milk-chocolate-and-almonds', 'en:vanilla-ice-cream-tubs']",5,[],"['en:e160', 'en:e322', 'en:e322i', 'en:e412', 'en:e471', 'en:e476']",344.0,22.0,14.0,28.0,1.1,3.8,0.17
Adelie Cone Coco X6,3250391017546,"['en:desserts', 'en:frozen-foods', 'en:frozen-desserts', 'en:ice-creams-and-sorbets', 'en:ice-creams']",0,[],[],288.0,14.0,12.0,25.0,,2.9,0.13
Vanille ijs,5412121000213,"['en:desserts', 'en:frozen-foods', 'en:frozen-desserts', 'en:ice-creams-and-sorbets', 'en:ice-creams', 'en:ice-cream-tubs', 'en:vanilla-ice-cream-tubs']",2,[],"['en:e412', 'en:e471']",209.0,10.89999961853,7.0999999046326,20.89999961853,,2.7999999523163,0.14000000059605
Vegan classic,4056489627838,"['en:plant-based-foods-and-beverages', 'en:dairy-substitutes', 'en:desserts', 'en:frozen-foods', 'en:frozen-desserts', 'en:ice-creams-and-sorbets', 'en:ice-creams', 'en:plant-based-ice-creams']",4,[],"['en:e322', 'en:e412', 'en:e471', 'en:e476']",335.0,21.7,15.7,26.3,1.6,2.1,0.05
Texan Pecan ICE Cream,5900130034966,"['en:desserts', 'en:frozen-foods', 'en:frozen-desserts', 'en:ice-creams-and-sorbets', 'en:ice-creams', 'en:ice-cream-bars', 'en:ice-cream-tubs', 'fr:glaces-au-caramel']",7,[],"['en:e14xx', 'en:e322', 'en:e412', 'en:e415', 'en:e440', 'en:e471', 'en:e476']",374.0,23.0,12.0,29.0,0.6,5.2,0.4
Crème glacée Cognac-raisins 500G/750ml,3760039982001,"['en:desserts', 'en:frozen-foods', 'en:frozen-desserts', 'en:ice-creams-and-sorbets', 'en:ice-creams', 'en:ice-cream-tubs', 'fr:glaces-cognac-raisin']",1,[],['en:e412'],203.0,7.9,4.7,19.0,,4.4,0.5
Glace vanille,3770010291558,"['en:desserts', 'en:frozen-foods', 'en:frozen-desserts', 'en:ice-creams-and-sorbets', 'en:ice-creams', 'en:ice-cream-tubs']",1,[],['en:e412'],191.0,8.3,4.5,20.0,0.0,4.5,0.13
Crème glacée Caramel Beurre salé,3415580502016,"['en:desserts', 'en:frozen-foods', 'en:frozen-desserts', 'en:ice-creams-and-sorbets', 'en:ice-creams', 'en:ice-cream-tubs', 'en:luxury-ice-cream-in-a-cup']",0,[],[],275.0,16.3,10.9,25.3,0.0,4.0,0.5
Colosse vanille (G) enrobage chocolat blanc x4 - 120mL,3250390695165,"['en:desserts', 'en:frozen-foods', 'en:frozen-desserts', 'en:ice-creams-and-sorbets', 'en:ice-creams', 'en:ice-cream-bars', 'en:ice-cream-tubs', 'en:ice-cream-bars-coated-with-chocolate', 'en:vanilla-ice-cream-bars-coated-with-white-chocolate', 'en:vanilla-ice-cream-tubs', 'fr:glace-batonnet-ou-80ml']",4,[],"['en:e160', 'en:e322', 'en:e322i', 'en:e412', 'en:e471']",311.0,18.7,13.3,30.5,0.0,2.2,0.18
Cornetto classico,8714100870686,"['en:desserts', 'en:frozen-foods', 'en:frozen-desserts', 'en:ice-creams-and-sorbets', 'en:ice-creams', 'en:ice-cream-cones', 'en:vanilla-ice-cream-cones']",1,[],['en:e471'],312.0,19.0,13.0,21.0,,3.1,0.3
Mini bimbón clásico y almendrado,3560070577774,"['en:desserts', 'en:frozen-foods', 'en:frozen-desserts', 'en:ice-creams-and-sorbets', 'en:ice-creams', 'en:ice-cream-bars']",9,[],"['en:e1200', 'en:e322', 'en:e407', 'en:e410', 'en:e412', 'en:e471', 'en:e950', 'en:e955', 'en:e965']",274.0,20.0,15.0,6.5,7.4,5.0,0.18
Grom Glace Pot Noisette 460ml,8714100656235,"['en:desserts', 'en:frozen-foods', 'en:frozen-desserts', 'en:ice-creams-and-sorbets', 'en:ice-creams', 'en:ice-cream-tubs', 'en:hazelnut-ice-cream-tubs']",0,[],[],249.0,15.0,3.0,22.0,,6.1,0.09
Vanille macadamia,3560071249151,"['en:desserts', 'en:frozen-foods', 'en:frozen-desserts', 'en:ice-creams-and-sorbets', 'en:ice-creams', 'en:ice-cream-tubs']",1,[],['en:e440'],221.0,11.0,5.6,25.0,1.1,3.8,0.26
Glace au caramel beurre salé,3292590526320,"['en:desserts', 'en:frozen-foods', 'en:frozen-desserts', 'en:ice-creams-and-sorbets', 'en:ice-creams', 'en:ice-cream-tubs', 'fr:glaces-au-caramel']",2,[],"['en:e412', 'en:e471']",236.0,13.0,11.0,26.0,3.7,3.7,0.33
Galaxy Ball,3800029104300,"['en:desserts', 'en:frozen-foods', 'en:frozen-desserts', 'en:ice-creams-and-sorbets', 'en:ice-creams', 'en:ice-cream-cones']",5,[],"['en:e150', 'en:e407a', 'en:e410', 'en:e412', 'en:e471']",298.0,13.0,10.0,30.0,1.8,3.4,0.11
Eis Classic,4056489375180,"['en:desserts', 'en:frozen-foods', 'en:frozen-desserts', 'en:ice-creams-and-sorbets', 'en:ice-creams', 'en:ice-cream-bars', 'en:ice-cream-bars-coated-with-chocolate', 'en:vanilla-ice-cream-bars-coated-with-milk-chocolate']",4,[],"['en:e322', 'en:e412', 'en:e471', 'en:e476']",319.0,20.4,14.7,26.2,1.5,3.6,0.06
Crème glacée pistache Pistaches hachées caramélisées,3222476656100,"['en:desserts', 'en:frozen-foods', 'en:frozen-desserts', 'en:ice-creams-and-sorbets', 'en:ice-creams', 'en:ice-cream-tubs', 'en:pistachio-ice-cream-tubs']",3,[],"['en:e412', 'en:e471', 'en:e472b']",183.0,7.6,4.2,22.0,0.6,2.3,0.15
Cônes glacés chocolat pistache x6,3256222234625,"['en:desserts', 'en:frozen-foods', 'en:frozen-desserts', 'en:ice-creams-and-sorbets', 'en:ice-creams', 'en:ice-cream-cones', 'en:chocolate-pistachio-ice-cream-cones', 'fr:cones']",4,[],"['en:e322', 'en:e322i', 'en:e412', 'en:e440', 'en:e471']",291.0,12.0,10.0,28.0,1.8,3.5,0.2
Géant Vanille chocolat au lait et amandes,3258561410159,"['en:desserts', 'en:frozen-foods', 'en:frozen-desserts', 'en:ice-creams-and-sorbets', 'en:ice-creams', 'en:ice-cream-bars', 'en:ice-cream-tubs', 'en:ice-cream-bars-coated-with-chocolate', 'en:vanilla-ice-cream-bars-coated-with-milk-chocolate-and-almonds', 'en:vanilla-ice-cream-tubs']",6,[],"['en:e160a', 'en:e322', 'en:e322i', 'en:e410', 'en:e412', 'en:e471', 'en:e476']",327.0,21.0,11.7,27.8,1.0,4.3,0.21
Panachés,3332792000515,"['en:desserts', 'en:frozen-foods', 'en:frozen-desserts', 'en:ice-creams-and-sorbets', 'en:ice-creams']",6,[],"['en:e100', 'en:e131', 'en:e150d', 'en:e160', 'en:e161b', 'en:e330']",72.0,0.5,0.5,18.0,,0.5,0.05
Chocolate Ice Cream,8712100836169,"['en:desserts', 'en:frozen-foods', 'en:frozen-desserts', 'en:ice-creams-and-sorbets', 'en:ice-creams']",2,[],"['en:e471', 'en:e476']",302.0,18.0,13.0,27.0,,3.3,0.12
Cucciolone,8710908922862,"['en:snacks', 'en:desserts', 'en:sweet-snacks', 'en:confectioneries', 'en:frozen-foods', 'en:frozen-desserts', 'en:ice-creams-and-sorbets', 'en:ice-creams', 'en:ice-cream-sandwiches']",5,[],"['en:e330', 'en:e401', 'en:e471', 'en:e500', 'en:e503']",257.0,7.4,6.2,20.0,,4.6,0.31
Cônes mangue-passion noix de coco,3270160731510,"['en:desserts', 'en:frozen-foods', 'en:frozen-desserts', 'en:ice-creams-and-sorbets', 'en:ice-creams', 'en:ice-cream-cones']",4,[],"['en:e322', 'en:e322i', 'en:e412', 'en:e415', 'en:e471']",209.0,7.3,5.9,22.0,1.4,1.5,0.05
Max Disney Glace Bâtonnet Enfant Buzz l'Éclair 6x55ml,8711327541559,"['en:desserts', 'en:frozen-foods', 'en:frozen-desserts', 'en:ice-creams-and-sorbets', 'en:ice-creams']",6,[],"['en:e160c', 'en:e290', 'en:e296', 'en:e322', 'en:e330', 'en:e412']",86.0,1.6,1.0,17.0,0.5,0.5,0.01
Magnum Glace Bâtonnet Mini Mangue et parfum Coco Double Sunlover 6x55ml,8711327580343,"['en:desserts', 'en:frozen-foods', 'en:frozen-desserts', 'en:ice-creams-and-sorbets', 'en:ice-creams', 'en:ice-cream-bars', 'en:ice-cream-bars-coated-with-chocolate']",11,[],"['en:e14xx', 'en:e160a', 'en:e322', 'en:e330', 'en:e331', 'en:e407', 'en:e410', 'en:e412', 'en:e417', 'en:e440', 'en:e471']",279.0,16.0,11.0,23.0,0.8,3.5,0.16
Low sugar ice cream,5400113627807,"['en:desserts', 'en:frozen-foods', 'en:frozen-desserts', 'en:ice-creams-and-sorbets', 'en:ice-creams', 'en:ice-cream-tubs', 'en:vanilla-ice-cream-tubs']",7,[],"['en:e1200', 'en:e322', 'en:e322i', 'en:e407', 'en:e412', 'en:e471', 'en:e953', 'en:e968']",148.0,8.3,5.3,4.4,,6.5,0.09
Crème glacée Mango & Rasberry,3415581165715,"['en:desserts', 'en:frozen-foods', 'en:frozen-desserts', 'en:ice-creams-and-sorbets', 'en:ice-creams', 'en:ice-cream-tubs']",0,[],[],248.0,13.4,8.2,26.7,0.6,3.4,0.14
Double Rasperry,4056489803645,"['en:desserts', 'en:frozen-foods', 'en:frozen-desserts', 'en:ice-creams-and-sorbets', 'en:ice-creams']",7,[],"['en:e322', 'en:e330', 'en:e401', 'en:e410', 'en:e412', 'en:e471', 'en:e476']",352.0,21.0,16.8,30.2,1.4,3.0,0.12
Pierre Hermè,12739101,"['en:desserts', 'en:frozen-foods', 'en:frozen-desserts', 'en:ice-creams-and-sorbets', 'en:ice-creams']",0,[],[],286.0,18.3,10.8,24.8,,4.2,0.15
MAGNUM Ice Cream Lolly 55 ML,8714100647813,"['en:desserts', 'en:frozen-foods', 'en:frozen-desserts', 'en:ice-creams-and-sorbets', 'en:ice-creams', 'en:ice-cream-bars', 'en:ice-cream-tubs', 'en:ice-cream-bars-coated-with-chocolate', 'en:vanilla-ice-cream-tubs']",6,[],"['en:e160', 'en:e407', 'en:e412', 'en:e442', 'en:e471', 'en:e476']",282.0,17.0,11.0,24.0,,3.9,0.11
Cornetto Glace à l'Italienne Cookie & Chocolat 4x140ml,8711327537248,"['en:desserts', 'en:frozen-foods', 'en:frozen-desserts', 'en:ice-creams-and-sorbets', 'en:ice-creams', 'en:ice-cream-cones']",6,[],"['en:e322', 'en:e407', 'en:e412', 'en:e417', 'en:e442', 'en:e471']",157.0,6.8,5.5,15.0,1.9,1.9,0.12
Vanille fraises sauce aux fruits rouges,2006050066063,"['en:desserts', 'en:frozen-foods', 'en:frozen-desserts', 'en:ice-creams-and-sorbets', 'en:ice-creams', 'en:ice-cream-cones', 'en:strawberry-vanilla-ice-cream-cones']",9,[],"['en:e100', 'en:e160b', 'en:e160bii', 'en:e162', 'en:e322', 'en:e330', 'en:e331', 'en:e412', 'en:e440', 'en:e471']",268.0,11.0,9.2,24.0,0.5,2.9,0.14
High proteine gelato alla nocciola,4056489525356,"['en:desserts', 'en:frozen-foods', 'en:frozen-desserts', 'en:ice-creams-and-sorbets', 'en:ice-creams']",7,[],"['en:e1200', 'en:e150a', 'en:e412', 'en:e471', 'en:e953', 'en:e960', 'en:e965']",148.9,4.5,3.6,8.7,3.9,8.0,0.07
Chocolatey love a fair,8711327573000,"['en:desserts', 'en:frozen-foods', 'en:frozen-desserts', 'en:ice-creams-and-sorbets', 'en:ice-creams']",5,[],"['en:e322', 'en:e407', 'en:e410', 'en:e412', 'en:e500', 'en:e500ii']",246.0,12.0,9.7,20.0,,2.4,0.35
Glace pierre Hermè,12739701,"['en:desserts', 'en:frozen-foods', 'en:frozen-desserts', 'en:ice-creams-and-sorbets', 'en:ice-creams', 'en:ice-cream-tubs']",0,[],[],239.0,10.1,8.3,22.3,0.5,2.4,0.12
Vanille caramel au beurre salé,3560071018795,"['en:desserts', 'en:frozen-foods', 'en:frozen-desserts', 'en:ice-creams-and-sorbets', 'en:ice-creams', 'en:ice-cream-cones']",4,[],"['en:e330', 'en:e412', 'en:e440', 'en:e471']",256.0,9.4,8.1,25.0,0.8,2.6,0.28
Magnum 100ML Mint,8712100864940,"['en:desserts', 'en:frozen-foods', 'en:frozen-desserts', 'en:ice-creams-and-sorbets', 'en:ice-creams']",6,[],"['en:e322', 'en:e322i', 'en:e407', 'en:e410', 'en:e412', 'en:e471', 'en:e476']",303.0,17.9,12.7,26.9,,3.08,0.000256
Nuts about Pistachios,8718444120780,"['en:desserts', 'en:frozen-foods', 'en:frozen-desserts', 'en:ice-creams-and-sorbets', 'en:ice-creams']",2,[],"['en:e410', 'en:e412']",202.0,9.6999998092651,4.5,22.200000762939,,5.9000000953674,0.14000000059605
Latte Macchiato Ice Cream,40896687,"['en:desserts', 'en:frozen-foods', 'en:frozen-desserts', 'en:ice-creams-and-sorbets', 'en:ice-creams']",6,[],"['en:e270', 'en:e322', 'en:e331', 'en:e407', 'en:e412', 'en:e570']",205.0,7.2,6.2,28.6,,2.8,0.09
Apple,24058803,"['en:desserts', 'en:frozen-foods', 'en:frozen-desserts', 'en:ice-creams-and-sorbets', 'en:ice-creams']",3,[],"['en:e322', 'en:e412', 'en:e471']",53.0,0.0,0.0,11.3,0.0,0.3,0.0
Lody śmietankowe - kostka śnieżna,5902121011765,"['en:desserts', 'en:frozen-foods', 'en:frozen-desserts', 'en:ice-creams-and-sorbets', 'en:ice-creams', 'en:ice-cream-sandwiches']",5,[],"['en:e322', 'en:e410', 'en:e412', 'en:e471', 'en:e500']",196.0,9.0,7.6,19.0,,3.7,0.2
Eis,20058739,"['en:desserts', 'en:frozen-foods', 'en:frozen-desserts', 'en:ice-creams-and-sorbets', 'en:ice-creams']",4,[],"['en:e330', 'en:e410', 'en:e412', 'en:e471']",216.0,11.3,10.2,21.8,0.6,2.8,0.05
Gelato alla vaniglia del Madacascar,8006922078228,"['en:desserts', 'en:frozen-foods', 'en:frozen-desserts', 'en:ice-creams-and-sorbets', 'en:ice-creams', 'en:ice-cream-tubs', 'en:vanilla-ice-cream-tubs']",1,[],['en:e160a'],209.0,9.4,8.0,26.0,,3.7,0.15
Vanille éclats de noisettes,3564706660762,"['en:desserts', 'en:frozen-foods', 'en:frozen-desserts', 'en:ice-creams-and-sorbets', 'en:ice-creams', 'en:ice-cream-cones']",3,[],"['en:e322', 'en:e412', 'en:e471']",288.0,12.0,8.0,26.0,,3.7,0.15
Macho čokolada nougat,3850116612621,"['en:desserts', 'en:frozen-foods', 'en:frozen-desserts', 'en:ice-creams-and-sorbets', 'en:ice-creams']",10,[],"['en:e339', 'en:e401', 'en:e407', 'en:e410', 'en:e412', 'en:e433', 'en:e442', 'en:e471', 'en:e476', 'en:e500']",395.0,26.0,12.0,33.0,,4.9,0.12
Smarties pop up,8436575295497,"['en:desserts', 'en:frozen-foods', 'en:frozen-desserts', 'en:ice-creams-and-sorbets', 'en:ice-creams']",9,[],"['en:e100', 'en:e160', 'en:e162', 'en:e322', 'en:e322i', 'en:e412', 'en:e471', 'en:e901', 'en:e903', 'en:e904']",210.0,7.8,6.1,23.0,5.4,2.7,0.1
Sorbetes de helado,8480017240057,"['en:desserts', 'en:frozen-foods', 'en:frozen-desserts', 'en:ice-creams-and-sorbets', 'en:ice-creams', 'en:sorbets']",2,[],"['en:e410', 'en:e412']",65.4,0.577,0.192,8.85,,0.385,0.0385
Chocolate Chip Cookie Dough,0076840100583,"['en:desserts', 'en:frozen-foods', 'en:frozen-desserts', 'en:ice-creams-and-sorbets', 'en:ice-creams']",3,[],"['en:e322', 'en:e322i', 'en:e407', 'en:e412']",275.0,14.5,9.42,24.6,0.725,3.62,0.181
Icy light glace vanille,5412121002699,"['en:desserts', 'en:frozen-foods', 'en:frozen-desserts', 'en:ice-creams-and-sorbets', 'en:ice-creams', 'en:ice-cream-tubs', 'en:vanilla-ice-cream-tubs']",3,[],"['en:e412', 'en:e471', 'en:e963']",135.0,5.6,5.0,6.1,4.4,0.09,0.05
Amarena Eis,40896656,"['en:desserts', 'en:frozen-foods', 'en:frozen-desserts', 'en:ice-creams-and-sorbets', 'en:ice-creams']",0,[],[],113.0,4.3,3.8,15.0,,1.3,0.03
Il gelato bianco cacao,8006040008015,"['en:plant-based-foods-and-beverages', 'en:dairy-substitutes', 'en:desserts', 'en:frozen-foods', 'en:vegan-products', 'en:frozen-desserts', 'en:non-dairy-desserts', 'en:ice-creams-and-sorbets', 'en:ice-creams', 'en:plant-based-ice-creams', 'en:ice-cream-in-a-box']",3,[],"['en:e401', 'en:e471', 'en:e473']",182.0,7.7,5.9,25.0,0.9,2.8,0.13
Gelato,8005840004586,"['en:desserts', 'en:frozen-foods', 'en:frozen-desserts', 'en:ice-creams-and-sorbets', 'en:ice-creams']",3,[],"['en:e401', 'en:e440', 'en:e471']",211.0,9.6,8.2,23.0,,2.8,0.16
Eiscreme Bourbon-Vanille,4311501688151,"['en:desserts', 'en:frozen-foods', 'en:frozen-desserts', 'en:ice-creams-and-sorbets', 'en:ice-creams', 'en:ice-cream-tubs', 'en:vanilla-ice-cream-tubs']",0,[],[],334.0,17.4,10.8,27.7,,6.0,0.23
Sorbet fraise sakura,3270160842988,"['en:desserts', 'en:frozen-foods', 'en:frozen-desserts', 'en:ice-creams-and-sorbets', 'en:ice-creams', 'en:sorbets', 'en:strawberry-sorbets']",0,[],[],114.0,0.5,0.1,23.0,0.7,0.5,0.01
"Gelato Al Limone Di Sicilia, Zitrone",20469696,"['en:desserts', 'en:frozen-foods', 'en:frozen-desserts', 'en:ice-creams-and-sorbets', 'en:ice-creams']",0,[],[],127.0,1.3,1.2,25.6,,0.4,0.03
Strawberry crisp,4056489375111,"['en:desserts', 'en:frozen-foods', 'en:frozen-desserts', 'en:ice-creams-and-sorbets', 'en:ice-creams', 'en:ice-cream-bars', 'en:ice-cream-bars-coated-with-chocolate']",0,[],[],309.0,17.5,12.300000190735,30.1,,3.4,0.11
Dessert glacé aux 3 chocolats (650 g / 900 ml),20502539,"['en:desserts', 'en:frozen-foods', 'en:frozen-desserts', 'en:ice-creams-and-sorbets', 'en:ice-creams']",9,[],"['en:e171', 'en:e322', 'en:e322i', 'en:e331', 'en:e401', 'en:e407', 'en:e412', 'en:e440', 'en:e471']",241.0,10.8,7.0,30.8,1.0,4.0,0.15
Crème glacée à la vanille Bourbon de Madagascar avec noix de macadamia caramélisées et sauce au caramel,3433871250019,"['en:desserts', 'en:frozen-foods', 'en:frozen-desserts', 'en:ice-creams-and-sorbets', 'en:ice-creams', 'en:ice-cream-tubs', 'es:helado-de-vainilla-y-macadamia']",2,[],"['en:e412', 'en:e440']",210.0,9.14,4.51,26.48,0.38,4.28,0.14
Lody bakaliowe,5907439112005,"['en:desserts', 'en:frozen-foods', 'en:frozen-desserts', 'en:ice-creams-and-sorbets', 'en:ice-creams']",2,[],"['en:e412', 'en:e471']",270.0,14.9,8.9,26.1,1.1,4.7,0.1775
"Eiscreme, Walnuss Zabaione",20151324,"['en:desserts', 'en:frozen-foods', 'en:frozen-desserts', 'en:ice-creams-and-sorbets', 'en:ice-creams']",0,[],[],239.0,12.2,7.2,25.3,,2.5,0.1275
Dark Chocolate & Nordic Berry,5900130030791,"['en:desserts', 'en:frozen-foods', 'en:frozen-desserts', 'en:ice-creams-and-sorbets', 'en:ice-creams', 'en:ice-cream-bars', 'en:ice-cream-bars-coated-with-chocolate']",6,[],"['en:e14xx', 'en:e322', 'en:e330', 'en:e412', 'en:e471', 'en:e476']",353.0,22.0,14.0,27.0,2.7,3.9,0.11
Mint chocolate chip,20397074,"['en:desserts', 'en:frozen-foods', 'en:frozen-desserts', 'en:ice-creams-and-sorbets', 'en:ice-creams', 'en:ice-cream-tubs', 'en:low-calorie-ice-cream']",8,[],"['en:e1200', 'en:e141', 'en:e322', 'en:e407', 'en:e410', 'en:e412', 'en:e471', 'en:e955']",330.0,20.0,6.52,25.8,10.3,3.48,0.348
Affogato TRIPLO CIOCCOLATO,8711327416529,"['en:desserts', 'en:frozen-foods', 'en:frozen-desserts', 'en:ice-creams-and-sorbets', 'en:ice-creams']",4,[],"['en:e401', 'en:e407', 'en:e412', 'en:e471']",219.0,8.9,7.4,26.0,,3.9,0.17
High Protein Eis Salted Caramel,20361150,"['en:desserts', 'en:frozen-foods', 'en:frozen-desserts', 'en:ice-creams-and-sorbets', 'en:ice-creams', 'en:ice-cream-tubs']",4,[],"['en:e412', 'en:e440', 'en:e471', 'en:e960a']",136.0,2.9,2.2,14.6,,10.0,0.33
praline lollies coconut,4056489538172,"['en:snacks', 'en:desserts', 'en:frozen-foods', 'en:sweet-snacks', 'en:confectioneries', 'en:frozen-desserts', 'en:ice-creams-and-sorbets', 'en:ice-creams', 'en:ice-cream-bars']",3,[],"['en:e322', 'en:e412', 'en:e471']",243.0,17.0,14.6,18.9,,2.14,0.13
Original Vanilla Bar,0075856001105,"['en:desserts', 'en:frozen-foods', 'en:frozen-desserts', 'en:ice-creams-and-sorbets', 'en:ice-creams', 'en:ice-cream-bars', 'en:chocolate-ice-cream-bars']",6,[],"['en:e150c', 'en:e322', 'en:e322i', 'en:e407', 'en:e410', 'en:e412', 'en:e471']",294.0,16.5,12.9,27.1,1.18,3.53,0.176
Breyers Homemade Vanilla Ice Cream,0077567226006,"['en:desserts', 'en:frozen-foods', 'en:frozen-desserts', 'en:ice-creams-and-sorbets', 'en:ice-creams']",5,[],"['en:e160b', 'en:e410', 'en:e412', 'en:e417', 'en:e471']",212.0,10.5,7.06,21.2,,3.53,0.235
Sandwich Ice Cream,40561097,"['en:desserts', 'en:frozen-foods', 'en:frozen-desserts', 'en:ice-creams-and-sorbets', 'en:ice-creams']",0,[],[],245.0,16.0,14.0,20.0,,3.6,0.1675
Sea salted caramel icecream,5036589250876,"['en:desserts', 'en:frozen-foods', 'en:frozen-desserts', 'en:ice-creams-and-sorbets', 'en:ice-creams', 'en:ice-cream-tubs']",0,[],[],171.0,9.6,5.9,18.4,,2.2,0.32
