product_name,code,categories_tags,additives_n,additives,additives_tags,energy_kcal_100g,fat_100g,saturated_fat_100g,sugars_100g,fiber_100g,proteins_100g,salt_100g
Salade & Compagnie Manhattan Poulet Roti,3242274030056,"['en:meals', 'en:pasta-dishes', 'en:prepared-salads', 'en:meals-with-meat', 'en:pasta-salads', 'en:poultry-meals', 'en:salads-with-meat', 'en:meals-with-chicken', 'en:pasta-salad-with-meat', 'en:pasta-salad-with-chicken']",2,[],"['en:e322', 'en:e322i', 'en:e500', 'en:e500ii']",186.0,8.8,2.5,4.1,2.8,8.3,0.53
meat feast pizza,10001295,"['en:meals', 'en:meals-with-meat']",0,[],[],187.0,5.02,1.04,6.56,1.78,9.65,0.862
Poulet🐔 au Curry et Noix de Coco 🥥,3248832940539,"['en:condiments', 'en:meals', 'en:meats-and-their-products', 'en:specific-products', 'en:refrigerated-foods', 'en:meals-with-meat', 'en:refrigerated-meals', 'en:rice-dishes', 'en:sauces', 'en:meal-sauces', 'en:poultry-meals', 'en:meals-with-chicken', 'en:microwave-meals', 'en:chicken-curry', 'en:licensed-products', 'en:low-fat-prepared-meals']",0,[],[],90.0,2.5,1.6,2.5,1.1,6.3,0.6
Couscous Oriental légumes cuisinés et poulet émincé,3248832940522,"['en:meats-and-their-products', 'en:meals', 'en:fresh-foods', 'en:meals-with-meat', 'en:savory-semolina-dishes', 'en:fresh-meals', 'en:poultry-meals', 'en:prepared-couscous', 'en:couscous-with-meat', 'en:meals-with-chicken', 'en:microwave-meals', 'en:chicken-couscous', 'en:couscous', 'en:low-fat-prepared-meals', 'fr:plats-prepares-a-rechauffer-au-bain-marie']",0,[],[],91.0,1.8,0.3,2.2,1.4,6.9,0.69
Le Ravioli pur boeuf,3038352880305,"['en:plant-based-foods-and-beverages', 'en:plant-based-foods', 'en:canned-foods', 'en:cereals-and-potatoes', 'en:meats-and-their-products', 'en:cereals-and-their-products', 'en:meals', 'en:pasta-dishes', 'en:pastas', 'en:meals-with-meat', 'en:stuffed-pastas', 'en:beef-dishes', 'en:pasta-stuffed-with-meat', 'en:ravioli', 'en:canned-meals', 'en:meat-ravioli', 'en:beef-ravioli', 'en:canned-raviolis', 'en:canned-raviolis-filled-with-meat-in-tomato-sauce']",1,[],['en:e14xx'],91.0,2.3,0.8,1.4,1.6,3.8,0.75
Le Cassoulet Mitonné,3261055930439,"['en:canned-foods', 'en:meals', 'en:meals-with-meat', 'en:bean-dishes', 'en:canned-meals', 'en:cassoulets']",2,[],"['en:e14xx', 'en:e509']",115.0,4.7,1.8,0.6,3.8,7.3,0.0
Ravioli pur bœuf  sans colorant ni conservateur,3038352880206,"['en:plant-based-foods-and-beverages', 'en:plant-based-foods', 'en:canned-foods', 'en:cereals-and-potatoes', 'en:meats-and-their-products', 'en:cereals-and-their-products', 'en:meals', 'en:pasta-dishes', 'en:pastas', 'en:meals-with-meat', 'en:stuffed-pastas', 'en:beef-dishes', 'en:pasta-stuffed-with-meat', 'en:ravioli', 'en:canned-meals', 'en:meat-ravioli', 'en:beef-ravioli', 'en:canned-raviolis']",1,[],['en:e14xx'],91.0,2.3,0.8,1.6,0.8,3.8,0.9
Le Cassoulet Mitonné,3261055930422,"['en:canned-foods', 'en:meals', 'en:meals-with-meat', 'en:bean-dishes', 'en:canned-meals', 'en:cassoulets']",2,[],"['en:e14xx', 'en:e509']",115.0,4.7,1.8,0.6,3.8,7.3,0.81
"Risotto poulet & cèpes, crème fraîche, petits oignons",3302740606106,"['en:meats-and-their-products', 'en:meals', 'en:meals-with-meat', 'en:rice-dishes', 'en:poultry-meals', 'en:risottos', 'en:meals-with-chicken', 'en:microwave-meals', 'en:vegetable-risottos', 'en:chicken-risottos', 'en:mushrooms-risottos', 'en:risottos-with-porcini-mushrooms']",0,[],[],129.0,5.6,2.9,0.8,0.5,5.6,0.66
Paupiette de veau jardinière de légumes,3166359678103,"['en:meats-and-their-products', 'en:meals', 'en:meats', 'en:meals-with-meat', 'en:beef-dishes', 'en:veal-meat', 'en:microwave-meals', 'en:veal-meat-dishes', 'en:olive-veal']",0,[],[],111.0,4.9,1.5,1.6,2.1,8.1,0.58
Dolce pizza prosciutto,3242272346050,"['en:meals', 'en:pizzas-pies-and-quiches', 'en:meals-with-meat', 'en:pizzas', 'en:pork-meals', 'en:ham-pizzas', 'en:cured-ham-pizza']",3,[],"['en:e250', 'en:e316', 'en:e451']",205.0,5.0,3.3,2.0,2.1,12.0,1.1
Penne au Poulet et au Pesto,3248832960209,"['en:meals', 'en:pasta-dishes', 'en:meals-with-meat', 'en:poultry-meals', 'en:meals-with-chicken', 'en:microwave-meals']",0,[],[],186.0,7.9,1.5,1.6,1.2,8.0,0.65
Le Chili Con Carne et son riz blanc,3302740484100,"['en:meats-and-their-products', 'en:meals', 'en:meals-with-meat', 'en:rice-dishes', 'en:beef-dishes', 'en:microwave-meals', 'en:chili-con-carne']",0,[],[],354.0,9.3,3.0,5.7,7.8,19.0,2.37
La Moussaka Boeuf & Aubergines avec une touche de menthe douce,3302740044786,"['en:meats-and-their-products', 'en:meals', 'en:meals-with-meat', 'en:beef-dishes', 'en:microwave-meals', 'en:moussaka', 'fr:plats-prepares-a-rechauffer-au-four']",1,[],['en:e428'],128.0,8.0,2.7,3.9,1.3,6.7,0.73
Hachis parmentier emmental,3302740057465,"['en:meats-and-their-products', 'en:meals', 'en:meals-with-meat', 'en:beef-dishes', 'en:beef-cottage-pies']",0,[],[],144.0,7.9,4.6,2.8,1.2,7.6,0.62
Macaroni sauce tomate et boulettes au bœuf,3248832967284,"['en:meals', 'en:pasta-dishes', 'en:meals-with-meat', 'en:beef-dishes', 'en:microwave-meals', 'fr:macaronis-boulettes-de-boeuf']",0,[],[],154.0,5.7,1.2,2.8,1.3,7.0,0.67
Emincés de boeuf sauce poivre & pommes de terre,3302746964026,"['en:plant-based-foods-and-beverages', 'en:plant-based-foods', 'en:cereals-and-potatoes', 'en:condiments', 'en:meats-and-their-products', 'en:beef-and-its-products', 'en:meals', 'en:meats', 'en:beef', 'en:meals-with-meat', 'en:sauces', 'en:beef-dishes', 'en:microwave-meals', 'en:pepper-sauces', 'fr:e']",0,[],[],143.0,7.5,1.79,0.786,1.0,6.43,0.607
Le Filet de Poulet et ses Pommes de Terre à la Sarladaise,3302748427024,"['en:meats-and-their-products', 'en:meals', 'en:meals-with-meat', 'en:poultry-meals', 'en:meals-with-chicken', 'en:microwave-meals']",0,[],[],157.0,6.5,1.9,0.9,1.3,10.0,0.73
Paëlla royale aux petites gambas et au safran,3248830724971,"['en:seafood', 'en:fishes-and-their-products', 'en:fishes', 'en:frozen-foods', 'en:meals', 'en:meats-and-their-products', 'en:meals-with-meat', 'en:rice-dishes', 'en:combination-meals', 'en:frozen-ready-made-meals', 'en:microwave-meals', 'en:paella', 'fr:plats-a-base-de-mollusques']",0,[],[],98.0,2.5,0.6,1.2,0.8,5.4,0.79
La Tajine de Boeuf et ses Légumes du Soleil,3302740368103,"['en:meats-and-their-products', 'en:meals', 'en:meals-with-meat', 'en:beef-dishes', 'en:tajine', 'en:beef-tajine']",0,[],[],118.0,5.2,1.0,3.7,1.7,5.0,0.79
Le Parmentier de Boeuf Charolais purée à la crème fraîche,3302740030925,"['en:meats-and-their-products', 'en:meals', 'en:meals-with-meat', 'en:beef-dishes', 'en:microwave-meals', 'en:beef-cottage-pies']",1,[],['en:e392'],137.0,6.5,3.4,2.6,1.2,9.2,0.71
Dolce Pizza - Regina,3242272347552,"['en:meats-and-their-products', 'en:meals', 'en:pizzas-pies-and-quiches', 'en:meals-with-meat', 'en:pizzas', 'en:pork-meals', 'en:ham-pizzas', 'en:cured-ham-pizza', 'en:pizza-with-ham-and-cheese']",5,[],"['en:e250', 'en:e316', 'en:e407', 'en:e451', 'en:e579']",179.0,3.7,2.2,1.7,2.9,10.0,1.2775
Parmentier de canard,3338310000715,"['en:meats-and-their-products', 'en:meals', 'en:fresh-foods', 'en:meals-with-meat', 'en:fresh-meals', 'en:poultry-meals', 'en:duck-dishes', 'en:shepherd-s-pie-with-duck']",0,[],[],152.0,8.9,3.2,2.2,,6.0,0.79
Caesar Poulet rôti,3367651004878,"['en:meals', 'en:meats-and-their-products', 'en:fresh-foods', 'en:prepared-salads', 'en:meals-with-meat', 'en:fresh-meals', 'en:poultry-meals', 'en:refrigerated-foods', 'en:salads-with-meat', 'en:meals-with-chicken', 'en:refrigerated-meals', 'en:caesar-salads', 'en:chicken-salads', 'en:salads']",7,[],"['en:e260', 'en:e262', 'en:e326', 'en:e330', 'en:e407a', 'en:e415', 'en:e451']",108.0,7.8,0.9,2.2,1.3,4.9,0.7
"Tagliatelles au Poulet 🐔, Champignons🍄Crème",3166352940054,"['en:plant-based-foods-and-beverages', 'en:plant-based-foods', 'en:meals', 'en:fresh-foods', 'en:pasta-dishes', 'en:meals-with-meat', 'en:fresh-meals', 'en:poultry-meals', 'en:meals-with-chicken', 'en:microwave-meals', 'en:low-fat-prepared-meals', 'fr:platss-prepares']",0,[],[],103.0,2.4,0.9,1.0,0.9,7.8,0.88
Classic Butter Chicken Kit,5052675000224,"['en:condiments', 'en:meals', 'en:meals-with-meat', 'en:sauces', 'en:poultry-meals', 'en:tomato-sauces', 'en:meals-with-chicken', 'en:butter-chicken']",0,[],[],141.0,10.1,5.33,6.0,2.2,2.53,1.31
Ravioli boeuf,3240930116120,"['en:plant-based-foods-and-beverages', 'en:plant-based-foods', 'en:cereals-and-potatoes', 'en:meats-and-their-products', 'en:cereals-and-their-products', 'en:meals', 'en:pasta-dishes', 'en:pastas', 'en:meals-with-meat', 'en:stuffed-pastas', 'en:beef-dishes', 'en:fresh-pasta', 'en:pasta-stuffed-with-meat', 'en:ravioli', 'en:fresh-pasta-stuffed-with-meat', 'en:meat-ravioli', 'en:beef-ravioli', 'en:cooked-fresh-pasta-stuffed-with-meat']",0,[],[],264.0,7.0,2.0,3.8,2.4,9.0,1.0
Paëlla à la Valenciana,3270160697861,"['en:meats-and-their-products', 'en:frozen-foods', 'en:meals', 'en:meals-with-meat', 'en:rice-dishes', 'en:frozen-ready-made-meals', 'en:paella', 'en:paella-surgelee', 'en:plats-a-la-volaille', 'en:produits-a-la-viande']",2,[],"['en:e250', 'en:e301']",140.0,5.1,1.2,1.5,1.6,7.6,0.71
"Aiguillettes de poulet à la moutarde et au citron, écrasée de pommes de terre et carottes",3270160726080,"['en:frozen-foods', 'en:meals', 'en:meals-with-meat', 'en:combination-meals', 'en:poultry-meals', 'en:frozen-ready-made-meals', 'en:meals-with-chicken']",1,[],['en:e330'],79.0,2.6,1.0,1.9,1.6,6.9,0.19
Lasagnes de bœuf à la crème de mozzarella,3338310001279,"['en:meats-and-their-products', 'en:meals', 'en:pasta-dishes', 'en:meals-with-meat', 'en:prepared-lasagne', 'en:beef-dishes', 'en:refrigerated-foods', 'en:meat-lasagnas', 'en:refrigerated-meals', 'en:bolognese-lasagne']",0,[],[],151.0,7.5,3.3,2.6,,7.2,0.67
Aiguillettes de poulet au miel et aux épices semoule,3270160862481,"['en:meats-and-their-products', 'en:frozen-foods', 'en:meals', 'en:meats', 'en:chicken-and-its-products', 'en:poultries', 'en:meals-with-meat', 'en:savory-semolina-dishes', 'en:chickens', 'en:combination-meals', 'en:poultry-meals', 'en:frozen-ready-made-meals', 'en:meals-with-chicken', 'en:microwave-meals', 'en:low-fat-prepared-meals', 'fr:aiguillettes-de-poulet']",0,[],[],123.0,1.5,0.3,4.9,4.7,8.4,0.35
"La Paëlla Valenciana, poulet rôti, chorizo et fruits de mer",3302741859105,"['en:meals', 'en:meats-and-their-products', 'en:fresh-foods', 'en:refrigerated-foods', 'en:meals-with-meat', 'en:refrigerated-meals', 'en:rice-dishes', 'en:fresh-meals', 'en:poultry-meals', 'en:meals-with-chicken', 'en:microwave-meals', 'en:paella']",1,[],['en:e428'],182.0,8.0,1.6,0.7,1.2,11.0,0.71
Quinoa poulet et sésame,3478820003193,"['en:canned-foods', 'en:meats-and-their-products', 'en:meals', 'en:meals-with-meat', 'en:poultry-meals', 'fr:cereales-preparees', 'en:meals-with-chicken', 'en:microwave-meals', 'en:quinoa-dishes']",0,[],[],175.0,6.9,1.2,3.0,6.5,6.9,0.7
Parmentier de boeuf Aubrac,3338310000296,"['en:meals', 'en:meats-and-their-products', 'en:fresh-foods', 'en:meals-with-meat', 'en:beef-dishes', 'en:fresh-meals', 'en:microwave-meals', 'en:beef-cottage-pies']",0,[],[],172.0,11.0,3.6,1.7,1.7,6.3,15.0
"Escalope Milanaise, Dinde 100% filet",3166352967907,"['en:meats-and-their-products', 'en:meals', 'en:meats', 'en:fresh-foods', 'en:pasta-dishes', 'en:poultries', 'en:meals-with-meat', 'en:fresh-meals', 'en:poultry-meals', 'en:microwave-meals', 'en:turkey-dishes', 'fr:escalopes-milanaises-aux-spaghettis']",0,[],[],160.0,6.4,0.9,2.6,1.2,7.9,0.65
Cassoulet au canard,3245361001120,"['en:canned-foods', 'en:meats-and-their-products', 'en:meals', 'en:meals-with-meat', 'en:poultry-meals', 'en:bean-dishes', 'en:canned-meals', 'en:duck-dishes', 'en:cassoulets', 'en:cassoulets-with-duck-confit']",0,[],[],134.0,6.0,2.2,0.5,4.7,11.0,0.8
Cassoulet au Canard,3245361002240,"['en:canned-foods', 'en:meats-and-their-products', 'en:meals', 'en:meals-with-meat', 'en:poultry-meals', 'en:bean-dishes', 'en:canned-meals', 'en:duck-dishes', 'en:cassoulets', 'en:cassoulets-with-duck-confit']",0,[],[],134.0,6.0,2.2,0.5,0.0,11.0,0.8
Le Rougail Saucisse et son riz créole,3302740031038,"['en:meats-and-their-products', 'en:meals', 'en:meals-with-meat', 'en:rice-dishes', 'en:pork-meals', 'en:microwave-meals', 'fr:rougail-saucisse']",0,[],[],155.0,7.6,2.1,1.9,1.3,5.1,0.725
Nouilles japonaises saveur boeuf teppanyaki,3229820765372,"['en:plant-based-foods-and-beverages', 'en:plant-based-foods', 'en:cereals-and-potatoes', 'en:meals', 'en:cereals-and-their-products', 'en:dried-products', 'en:pastas', 'en:dried-products-to-be-rehydrated', 'en:meals-with-meat', 'en:noodles', 'en:beef-dishes', 'en:instant-noodles', 'en:chinese-noodles', 'en:instant-noodle-soups', 'en:microwave-meals']",1,[],['en:e635'],80.0,3.5,0.4,0.6,0.6,1.9,0.85
Riz coco curry et poulet rôti,3261055951441,"['en:meats-and-their-products', 'en:meals', 'en:meals-with-meat', 'en:rice-dishes', 'en:poultry-meals', 'en:meals-with-chicken', 'en:chicken-curry', 'fr:nutriscore-b']",0,[],[],151.0,4.2,1.7,1.1,1.6,5.6,0.98
Tajine de bœuf,4056489564645,"['en:meals', 'en:meals-with-meat', 'en:beef-dishes', 'en:tajine', 'en:beef-tajine']",1,[],['en:e14xx'],145.0,6.2,1.4,2.3,1.9,5.4,0.9
Corned beef,5000232414700,"['en:canned-foods', 'en:meats-and-their-products', 'en:meals', 'en:meats', 'en:meals-with-meat', 'en:beef-dishes', 'en:canned-meats', 'en:corned-beef']",1,[],['en:e250'],225.0,13.5,6.5,1.1,,24.8,2.2
"Wok&go - Poulet et riz au curry, coco",3302740086113,"['en:frozen-foods', 'en:meals', 'en:meals-with-meat', 'en:rice-dishes', 'en:poultry-meals', 'en:meals-with-chicken', 'en:chicken-curry']",0,[],[],171.0,9.3,2.3,2.5,1.0,5.4,0.66
Poulet & Purée de Courgettes pointe de crème fraîche,3302740975103,"['en:meats-and-their-products', 'en:meals', 'en:meals-with-meat', 'en:poultry-meals', 'en:meals-with-chicken', 'en:microwave-meals']",0,[],[],111.0,5.0,2.4,2.7,1.4,5.7,0.67
Lasagnes à la bolognaise,3166352968591,"['en:meats-and-their-products', 'en:meals', 'en:pasta-dishes', 'en:meals-with-meat', 'en:prepared-lasagne', 'en:beef-dishes', 'en:meat-lasagnas', 'en:microwave-meals', 'en:bolognese-lasagne']",0,[],[],136.0,5.3,2.6,3.3,1.0,7.5,0.67
Chicken Gyoza Dinner Dumplings,5060262485583,"['en:plant-based-foods-and-beverages', 'en:plant-based-foods', 'en:meals', 'en:meats-and-their-products', 'en:pasta-dishes', 'en:pastas', 'en:stuffed-pastas', 'en:meals-with-meat', 'en:pasta-stuffed-with-meat', 'en:ravioli', 'en:meat-ravioli', 'en:poultry-meals', 'en:meals-with-chicken', 'en:japanese-ravioli', 'fr:ravioli-a-la-volaille']",0,[],[],155.0,4.4,1.2,2.5,1.7,8.2,0.71
Poulet et petites pâtes sauce aux champignons,3270160695881,"['en:meats-and-their-products', 'en:frozen-foods', 'en:meals', 'en:pasta-dishes', 'en:meals-with-meat', 'en:poultry-meals', 'en:frozen-ready-made-meals', 'en:meals-with-chicken', 'en:microwave-meals']",0,[],[],130.0,3.4,2.1,1.0,1.1,7.8,0.59
XtremBox - Radiatori  Bœuf Sauce au poivre,3242272261650,"['en:condiments', 'en:meals', 'en:meats-and-their-products', 'en:pasta-dishes', 'en:meals-with-meat', 'en:sauces', 'en:beef-dishes', 'en:instant-pasta', 'en:microwave-meals', 'en:pasta-with-meat', 'en:pasta-with-beef', 'en:pots']",2,[],"['en:e202', 'en:e262', 'en:e262i']",166.0,4.7,2.6,0.7,1.3,8.6,0.48
Le Kebab de Poulet et sa Semoule à l'Orientale,3302748083022,"['en:meats-and-their-products', 'en:meals', 'en:meals-with-meat', 'en:savory-semolina-dishes', 'en:poultry-meals', 'en:meals-with-chicken', 'en:microwave-meals']",0,[],[],171.0,8.5,1.3,2.6,0.8,7.3,0.73
Émincés de poulet conchiglie complètes et légumes à l'italienne,3270160862870,"['en:plant-based-foods-and-beverages', 'en:plant-based-foods', 'en:meats-and-their-products', 'en:frozen-foods', 'en:meals', 'en:pastas', 'en:meals-with-meat', 'en:combination-meals', 'en:poultry-meals', 'en:frozen-ready-made-meals', 'en:meals-with-chicken', 'en:microwave-meals', 'en:conchiglie', 'en:plats-prepares', 'en:plats-prepares-surgeles', 'en:plats-prepares-a-la-viande', 'en:plats-prepares-a-rechauffer-au-micro-ondes', 'en:plats-a-base-de-pates', 'en:plats-a-la-volaille', 'en:produits-a-la-viande', 'en:surgeles']",0,[],[],98.0,2.2,0.7,2.7,3.1,7.9,0.32
Hachis parmentier les classiques du chef,4056489194873,"['en:meats-and-their-products', 'en:frozen-foods', 'en:meals', 'en:meals-with-meat', 'en:beef-dishes', 'en:microwave-meals', 'en:beef-cottage-pies']",0,[],[],141.0,7.7,4.5,2.8,,7.4,0.67
Les Saucisse aux lentilles,3049580545560,"['en:canned-foods', 'en:meals', 'en:meals-with-meat', 'en:canned-meals', 'en:lentil-dishes', 'en:sausages-with-lentils']",1,[],['en:e509'],112.0,4.5,1.5,0.6,2.8,7.3,0.79
CremioBox - Poulet & Emmental râpé,3242272256854,"['en:meats-and-their-products', 'en:meals', 'en:pasta-dishes', 'en:meals-with-meat', 'en:instant-pasta', 'en:microwave-meals', 'en:pots']",2,[],"['en:e202', 'en:e262', 'en:e262i']",166.0,5.71,2.86,1.5,1.54,7.86,0.808
Blanquette de poulet,3248830691013,"['en:meats-and-their-products', 'en:meals', 'en:meals-with-meat', 'en:rice-dishes', 'en:poultry-meals', 'en:meals-with-chicken', 'en:microwave-meals', 'en:low-fat-prepared-meals', 'fr:blanquette-de-poulet']",0,[],[],97.0,2.8,1.2,1.3,1.1,6.4,0.75
Cordon Bleu de Dinde et Coquillettes à l'Emmental,3248830687559,"['en:meats-and-their-products', 'en:meals', 'en:meat-preparations', 'en:meats', 'en:poultries', 'en:meals-with-meat', 'en:turkey-and-its-products', 'en:breaded-products', 'en:poultry-meals', 'en:cordons-bleus', 'en:turkey-dishes', 'en:turkey-preparations', 'en:turkey-cordons-bleus']",1,[],['en:e300'],196.0,11.0,3.7,1.4,1.0,7.8,0.63
Beef Ravioli,5000157068750,"['en:canned-foods', 'en:meats-and-their-products', 'en:meals', 'en:pasta-dishes', 'en:meals-with-meat', 'en:stuffed-pastas', 'en:beef-dishes', 'en:pasta-stuffed-with-meat', 'en:ravioli', 'en:canned-meals', 'en:meat-ravioli', 'en:microwave-meals', 'en:beef-ravioli', 'en:canned-raviolis']",0,[],[],74.0,1.6,0.7,3.1,0.8,2.5,0.6
Coquillettes au Jambon et au Fromage,3248832967277,"['en:plant-based-foods-and-beverages', 'en:plant-based-foods', 'en:meats-and-their-products', 'en:meals', 'en:fresh-foods', 'en:pasta-dishes', 'en:pastas', 'en:meals-with-meat', 'en:fresh-meals', 'en:pork-meals', 'en:microwave-meals', 'fr:coquillettes', 'fr:coquillettes-jambon-fromage']",1,[],['en:e300'],164.0,7.7,3.0,1.0,0.7,7.3,0.61
Tagliatelles à la carbonara,3270160634439,"['en:meats-and-their-products', 'en:frozen-foods', 'en:meals', 'en:pasta-dishes', 'en:meals-with-meat', 'en:pork-meals', 'en:frozen-ready-made-meals', 'en:microwave-meals', 'en:carbonara-style-pasta', 'en:tagliatelle-with-carbonara']",1,[],['en:e300'],162.0,8.9,5.1,1.1,1.1,6.9,0.66
Huvudroll,1404877870008,"['en:meats-and-their-products', 'en:frozen-foods', 'en:meals', 'en:meat-preparations', 'en:meals-with-meat', 'en:beef-dishes', 'en:meat-balls', 'en:swedish-style-pork-and-beef-meat-balls', 'sv:köttbullar']",0,[],[],254.0,20.0,8.5,0.6,1.0,14.0,0.05
Chicken tikka,5060084345539,"['en:meals', 'en:meals-with-meat', 'en:poultry-meals', 'en:lentil-dishes', 'en:meals-with-chicken', 'en:microwave-meals']",0,[],[],96.0,1.7,1.18,1.8,3.15,8.5,0.295
Salade Garden Poulet rôti Sauce Caesar,3242274500054,"['en:meats-and-their-products', 'en:meals', 'en:prepared-salads', 'en:meals-with-meat', 'en:poultry-meals', 'en:meals-with-chicken', 'en:caesar-salads', 'en:salads']",0,[],[],162.0,10.0,2.42,1.21,1.58,10.0,0.875
Gésiers de volaille confits,3266980035303,"['en:meats-and-their-products', 'en:meals', 'en:meats', 'en:fish-and-meat-and-eggs', 'en:poultries', 'en:meals-with-meat', 'en:offals', 'en:ducks', 'en:poultry-meals', 'en:gizzards', 'en:chicken-gizzards', 'en:duck-gizzards']",2,[],"['en:e250', 'en:e316']",171.0,8.4,2.4,0.0,0.0,24.0,1.2
Chicken & sweet pepper poke,5035272937483,"['en:meals', 'en:meals-with-meat', 'en:poultry-meals', 'en:meals-with-chicken']",0,[],[],140.0,2.14,0.345,5.52,,6.21,0.95
PZ RAVIOLI BOLO 800GR,3038352881005,"['en:plant-based-foods-and-beverages', 'en:plant-based-foods', 'en:canned-foods', 'en:cereals-and-potatoes', 'en:meats-and-their-products', 'en:cereals-and-their-products', 'en:meals', 'en:pasta-dishes', 'en:pastas', 'en:meals-with-meat', 'en:stuffed-pastas', 'en:beef-dishes', 'en:pasta-stuffed-with-meat', 'en:ravioli', 'en:canned-meals', 'en:meat-ravioli', 'en:beef-ravioli', 'en:bolognese-raviolis', 'en:canned-raviolis']",1,[],['en:e14xx'],103.0,4.3,1.7,1.9,0.7,4.5,0.85
Véritable cassoulet de Castelnaudary,4056489194859,"['en:meals', 'en:meals-with-meat', 'en:poultry-meals', 'en:bean-dishes', 'en:duck-dishes', 'en:cassoulets', 'en:cassoulets-with-duck-confit', 'en:plats-prepares', 'en:plats-prepares-a-la-viande', 'en:plats-a-base-de-haricots', 'en:plats-a-la-volaille', 'en:produits-a-la-viande']",0,[],[],151.0,7.6,2.6,0.0,0.0,11.0,0.82
"Émincés de poulet, tagliatelles complètes et légumes façon wok",3270160726165,"['en:meats-and-their-products', 'en:frozen-foods', 'en:meals', 'en:pasta-dishes', 'en:meals-with-meat', 'en:poultry-meals', 'en:frozen-ready-made-meals', 'en:meals-with-chicken', 'en:microwave-meals', 'en:low-fat-prepared-meals']",0,[],[],104.0,1.7,0.4,3.1,2.3,9.1,0.43
Canard confit & écrasé de PDT,3248830692287,"['en:meats-and-their-products', 'en:meals', 'en:meats', 'en:poultries', 'en:meals-with-meat', 'en:ducks', 'en:poultry-meals', 'en:duck-dishes', 'en:microwave-meals', 'en:duck-confit']",0,[],[],148.0,9.1,5.0,0.9,1.0,7.2,0.6
Riz à la cantonaise,3248833087967,"['en:meats-and-their-products', 'en:frozen-foods', 'en:meals', 'en:meals-with-meat', 'en:pork-meals', 'fr:cereales-preparees', 'en:frozen-ready-made-meals', 'en:prepared-rices', 'en:fried-rice']",1,[],['en:e300'],130.0,3.1,0.5,0.5,0.8,4.2,0.66
Tagliatelles au Poulet sauce Pesto,3302740030901,"['en:meals', 'en:meats-and-their-products', 'en:pasta-dishes', 'en:meals-with-meat', 'en:poultry-meals', 'en:meals-with-chicken', 'en:microwave-meals', 'en:pots']",0,[],[],139.0,5.7,1.9,2.2,1.2,6.3,0.6
"Poulet au curry et au lait de coco, duo de riz",3270160812936,"['en:meats-and-their-products', 'en:frozen-foods', 'en:meals', 'en:meats', 'en:chicken-and-its-products', 'en:poultries', 'en:meals-with-meat', 'en:rice-dishes', 'en:chickens', 'en:cooked-poultries', 'en:poultry-meals', 'en:cooked-chicken', 'en:frozen-ready-made-meals', 'en:meals-with-chicken', 'en:microwave-meals', 'en:chicken-curry', 'en:chicken-with-curry-and-coconut-milk-sauce']",0,[],[],131.0,4.4,2.5,1.6,0.7,6.7,0.5
Parmentier de canard confit,3302740076466,"['en:meals', 'en:frozen-foods', 'en:meals-with-meat', 'en:poultry-meals', 'en:duck-dishes', 'en:microwave-meals', 'en:shepherd-s-pie-with-duck', 'fr:plats-prepares-a-rechauffer-au-four-traditionnel']",0,[],[],123.0,6.0,3.33,2.2,1.1,7.33,1.92
1898 Petit Salé aux Lentilles,3049580543405,"['en:canned-foods', 'en:meats-and-their-products', 'en:meals', 'en:meals-with-meat', 'en:canned-meals', 'en:lentil-dishes', 'en:salt-cured-pork-belly-with-lentils']",2,[],"['en:e451', 'en:e509']",100.0,3.4,1.1,0.5,2.3,8.3,1.0
Ravioli pur bœuf,3021690029086,"['en:canned-foods', 'en:meats-and-their-products', 'en:meals', 'en:pasta-dishes', 'en:meals-with-meat', 'en:stuffed-pastas', 'en:beef-dishes', 'en:pasta-stuffed-with-meat', 'en:ravioli', 'en:canned-meals', 'en:meat-ravioli', 'en:beef-ravioli', 'en:canned-raviolis']",0,[],[],84.0,2.1,0.8,1.9,1.1,3.7,0.85
Piémontaise jambon,4056489363071,"['en:meats-and-their-products', 'en:meals', 'en:prepared-salads', 'en:meals-with-meat', 'en:pork-meals', 'en:potato-dishes', 'en:potato-salads', 'en:piemontese-salads', 'en:piemontese-salads-with-ham']",5,[],"['en:e14xx', 'en:e202', 'en:e250', 'en:e316', 'en:e415']",129.0,8.6,0.8,0.9,1.6,3.7,0.93
Salade poulet rôti bacon fromage,3242274005658,"['en:meals', 'en:fresh-foods', 'en:pasta-dishes', 'en:prepared-salads', 'en:meals-with-meat', 'en:fresh-meals', 'en:pasta-salads', 'en:poultry-meals', 'en:meals-with-chicken']",3,[],"['en:e250', 'en:e322', 'en:e500', 'en:e500ii']",185.0,9.7,2.1,4.4,2.6,8.1,0.81
"Riz à la forestière, poulet rôti",3261055951458,"['en:meats-and-their-products', 'en:meals', 'en:meals-with-meat', 'en:rice-dishes', 'en:poultry-meals', 'en:meals-with-chicken']",0,[],[],150.0,4.3,1.9,0.9,1.2,5.3,0.96
"Poulet sauce citron vert et coriandre, purée de patate douce",3270160817221,"['en:meats-and-their-products', 'en:frozen-foods', 'en:meals', 'en:meals-with-meat', 'en:poultry-meals', 'en:frozen-ready-made-meals', 'en:meals-with-chicken', 'en:microwave-meals']",0,[],[],114.0,5.2,2.1,4.4,0.9,5.0,0.49
Saucisse de Toulouse aux Lentilles cuisinées,3245362031959,"['en:meats-and-their-products', 'en:meals', 'en:meals-with-meat', 'en:pork-meals', 'en:lentil-dishes', 'en:microwave-meals', 'en:sausages-with-lentils', 'fr:plats-prepares-a-rechauffer-au-bain-marie']",0,[],[],157.0,9.0,3.2,0.2,2.4,9.4,0.7
Gnocchi pollo y verduras,8480000613547,"['en:frozen-foods', 'en:meals', 'en:meals-with-meat', 'en:combination-meals', 'en:poultry-meals', 'en:frozen-ready-made-meals', 'en:meals-with-chicken']",0,[],[],149.0,4.4,0.8,6.5,,6.3,0.91
Émincé de poulet rôti,3302740021220,"['en:meats-and-their-products', 'en:meals', 'en:meats', 'en:prepared-meats', 'en:chicken-and-its-products', 'en:poultries', 'en:meals-with-meat', 'en:chickens', 'en:cooked-poultries', 'en:poultry-meals', 'fr:charcuteries-cuites', 'en:cooked-chicken', 'en:meals-with-chicken', 'en:poultry-hams', 'en:roast-chicken', 'fr:emince-de-poulet']",1,[],['en:e326'],167.0,8.4,2.0,0.8,,22.0,1.1
Le Ravioli Bolognaise sans conservateur,3038352880909,"['en:plant-based-foods-and-beverages', 'en:plant-based-foods', 'en:canned-foods', 'en:cereals-and-potatoes', 'en:meats-and-their-products', 'en:cereals-and-their-products', 'en:meals', 'en:pasta-dishes', 'en:pastas', 'en:meals-with-meat', 'en:stuffed-pastas', 'en:beef-dishes', 'en:pasta-stuffed-with-meat', 'en:ravioli', 'en:canned-meals', 'en:meat-ravioli', 'en:beef-ravioli', 'en:bolognese-raviolis', 'en:canned-raviolis']",1,[],['en:e14xx'],103.0,4.3,1.7,1.9,1.3,4.5,0.85
Couscous poulet et curcuma,3456300007930,"['en:meals', 'en:meals-with-meat', 'en:savory-semolina-dishes', 'en:poultry-meals', 'en:prepared-couscous', 'en:couscous-with-meat', 'en:meals-with-chicken', 'en:chicken-couscous']",0,[],[],119.0,4.0,0.9,1.5,4.1,4.6,0.64
"POULET BASQUAISE, RIZ ET COURGETTES WW 300G",3248830000655,"['en:meats-and-their-products', 'en:meals', 'en:meals-with-meat', 'en:rice-dishes', 'en:poultry-meals', 'en:meals-with-chicken', 'en:microwave-meals', 'en:chicken-basque-style']",1,[],['en:e406'],100.0,2.7,0.4,1.8,0.9,6.5,0.76
Chili con carne,8480000231376,"['en:canned-foods', 'en:meals', 'en:meats-and-their-products', 'en:meats', 'en:meals-with-meat', 'en:canned-meats', 'en:chili-con-carne']",0,[],[],114.0,4.7,1.1,2.8,4.0,8.2,1.0
"Poulet et mini-Farfalles, Sauce aux 3 Fromages",3270160863976,"['en:meats-and-their-products', 'en:frozen-foods', 'en:meals', 'en:pasta-dishes', 'en:meals-with-meat', 'en:poultry-meals', 'en:frozen-ready-made-meals', 'en:meals-with-chicken', 'en:microwave-meals']",1,[],['en:e1105'],146.0,5.3,3.3,1.5,1.1,8.3,0.55
La Paëlla de la Mer,3571492510003,"['en:meats-and-their-products', 'en:meals', 'en:fresh-foods', 'en:meals-with-meat', 'en:rice-dishes', 'en:fresh-meals', 'en:microwave-meals', 'en:paella', 'fr:paellas-de-la-mer']",4,[],"['en:e100', 'en:e160c', 'en:e223', 'en:e330']",148.0,6.3,0.8,0.2,1.8,6.9,0.71
Boeuf Bourguignon et ses pommes de terre,3071502161336,"['en:meats-and-their-products', 'en:meals', 'en:meals-with-meat', 'en:beef-dishes', 'en:beef-stews', 'en:microwave-meals', 'en:boeufs-bourguignons']",2,[],"['en:e451', 'en:e452']",72.0,1.2,0.4,0.9,1.4,6.7,0.78
Blanquette de veau aux champignons et son riz,3261055850607,"['en:meats-and-their-products', 'en:meals', 'en:meals-with-meat', 'en:rice-dishes', 'en:beef-dishes', 'en:microwave-meals', 'en:veal-meat-dishes', 'en:veal-blanquette']",8,[],"['en:e14xx', 'en:e300', 'en:e330', 'en:e407', 'en:e412', 'en:e415', 'en:e451', 'en:e452']",121.0,4.7,2.0,0.4,0.7,6.2,0.7
Cassoulet Toulousain,3038355841402,"['en:canned-foods', 'en:meats-and-their-products', 'en:meals', 'en:meals-with-meat', 'en:bean-dishes', 'en:canned-meals', 'en:cassoulets', 'en:cassoulets-with-toulouse-sausage', 'fr:plats-a-base-de-biande-porcine']",4,[],"['en:e415', 'en:e450', 'en:e451', 'en:e452']",151.0,8.2,3.0,0.8,4.2,8.3,0.8
Wok & Go Porc et riz Aigre Douce,3302740082481,"['en:meals', 'en:meals-with-meat', 'en:rice-dishes', 'en:pork-meals', 'en:microwave-meals', 'en:caramel-pork']",0,[],[],158.0,7.2,1.0,4.2,1.0,4.7,0.66
Risotto au poulet,4056489760412,"['en:meals', 'en:meals-with-meat', 'en:rice-dishes', 'en:poultry-meals', 'en:risottos', 'en:meals-with-chicken', 'en:chicken-risottos']",0,[],[],131.0,3.8,2.5,0.0,0.0,6.2,0.65
"Pizza N°6 - Jambon, Speck, Roquette, Mozzarella",3270160717323,"['en:meats-and-their-products', 'en:frozen-foods', 'en:meals', 'en:pizzas-pies-and-quiches', 'en:meals-with-meat', 'en:pizzas', 'en:combination-meals', 'en:pork-meals', 'en:frozen-pizzas-and-pies', 'en:frozen-ready-made-meals', 'en:ham-pizzas', 'en:cured-ham-pizza', 'en:frozen-pizzas']",2,[],"['en:e250', 'en:e301']",212.0,7.2,3.5,2.4,2.3,12.0,1.1
Couscous,3270160860753,"['en:meals', 'en:meats-and-their-products', 'en:frozen-foods', 'en:meals-with-meat', 'en:savory-semolina-dishes', 'en:combination-meals', 'en:poultry-meals', 'en:prepared-couscous', 'en:couscous-with-meat', 'en:frozen-ready-made-meals', 'en:meals-with-chicken', 'en:microwave-meals', 'en:chicken-couscous', 'en:couscous-with-mutton']",1,[],['en:e316'],122.0,3.9,1.0,0.5,1.9,6.9,0.71
Chef Select Beef Lasagne,20163723,"['en:meats-and-their-products', 'en:meals', 'en:pasta-dishes', 'en:meals-with-meat', 'en:prepared-lasagne', 'en:beef-dishes', 'en:meat-lasagnas', 'en:bolognese-lasagne']",1,[],['en:e415'],169.0,9.1,3.6,1.5,1.5,7.1,2.05
Pastrami de Boeuf - au Poivre,3095758097010,"['en:meats-and-their-products', 'en:meals', 'en:prepared-meats', 'en:specific-products', 'en:products-for-specific-diets', 'en:meals-with-meat', 'en:products-without-gluten', 'en:beef-dishes', 'en:beef-pastrami']",2,[],"['en:e250', 'en:e300']",118.0,3.4,1.4,0.8,,21.0,1.9
Lasagne bolognaise,3270160235322,"['en:meats-and-their-products', 'en:frozen-foods', 'en:meals', 'en:pasta-dishes', 'en:meals-with-meat', 'en:prepared-lasagne', 'en:beef-dishes', 'en:frozen-ready-made-meals', 'en:meat-lasagnas', 'en:microwave-meals', 'en:bolognese-lasagne', 'en:frozen-lasagne']",0,[],[],144.0,6.9,3.4,3.0,1.4,8.1,0.64
Pizza Crust Buffalo,3242273050451,"['en:meats-and-their-products', 'en:meals', 'en:pizzas-pies-and-quiches', 'en:meals-with-meat', 'en:pizzas', 'en:beef-dishes']",2,[],"['en:e202', 'en:e270']",210.0,7.3,3.7,2.5,4.1,10.0,1.2
Pollo al curry,8480000608314,"['en:meats-and-their-products', 'en:meals', 'en:meats', 'en:chicken-and-its-products', 'en:poultries', 'en:meals-with-meat', 'en:rice-dishes', 'en:chickens', 'en:cooked-poultries', 'en:poultry-meals', 'en:cooked-chicken', 'en:meals-with-chicken', 'en:chicken-curry']",3,[],"['en:e160a', 'en:e160aiv', 'en:e322', 'en:e322i', 'en:e330']",48.5714285714286,1.78571428571429,0.392857142857143,0.178571428571429,0.357142857142857,2.92857142857143,0.0
Quenelles de volaille sauce forestière,3038353912708,"['en:canned-foods', 'en:meats-and-their-products', 'en:meals', 'en:meals-with-meat', 'en:poultry-meals', 'fr:quenelles', 'en:canned-meals', 'en:poultry-quenelle', 'en:chicken-quenelles', 'en:poultry-quenelle-in-sauce']",2,[],"['en:e14xx', 'en:e407']",114.0,6.9,2.7,0.3,0.8,3.3,0.85
"Cassoulet Toulousain, cuisiné à la graisse de canard",3021690101249,"['en:canned-foods', 'en:meats-and-their-products', 'en:meals', 'en:meals-with-meat', 'en:bean-dishes', 'en:canned-meals', 'en:cassoulets', 'en:cassoulets-with-toulouse-sausage']",1,[],['en:e451'],137.0,7.0,2.4,1.0,4.2,8.1,0.76
"Cassoulet toulousain, cuisiné à la graisse d'oie",3021690101232,"['en:canned-foods', 'en:meats-and-their-products', 'en:meals', 'en:meals-with-meat', 'en:bean-dishes', 'en:canned-meals', 'en:cassoulets', 'en:cassoulets-with-toulouse-sausage']",1,[],['en:e451'],123.0,5.0,1.9,1.5,4.0,8.9,0.8
Risotto au Poulet et Champignons à la crème,3248830720188,"['en:meals', 'en:meats-and-their-products', 'en:frozen-foods', 'en:meals-with-meat', 'en:rice-dishes', 'en:combination-meals', 'en:poultry-meals', 'en:risottos', 'en:frozen-ready-made-meals', 'en:meals-with-chicken', 'en:microwave-meals', 'en:chicken-risottos']",0,[],[],129.0,4.9,2.4,0.7,0.0,5.3,0.67
Cassoulet de Castelnaudary,3245362072242,"['en:meats-and-their-products', 'en:meals', 'en:meals-with-meat', 'en:bean-dishes', 'en:cassoulets', 'en:cassoulets-with-toulouse-sausage']",0,[],[],130.0,6.0,2.3,0.5,0.0,9.0,0.7
1 boîte Cassoulet toulousain à la graisse d'oie,3049580541258,"['en:plant-based-foods-and-beverages', 'en:plant-based-foods', 'en:canned-foods', 'en:meats-and-their-products', 'en:meals', 'en:meals-with-meat', 'en:prepared-vegetables', 'en:bean-dishes', 'en:canned-meals', 'en:cassoulets', 'en:cassoulets-with-toulouse-sausage', 'fr:haricots-prepares', 'fr:cassoulet-toulousain-a-la-graisse-de-canard', 'fr:cuisine-a-la-graisse-de-canard', 'fr:viandes-de-porc-cuisinees']",4,[],"['en:e415', 'en:e450', 'en:e451', 'en:e452']",151.0,8.2,3.0,0.8,4.2,8.3,0.8
porc au caramel,3356531160001,"['en:meals', 'en:meals-with-meat', 'en:rice-dishes', 'en:pork-meals', 'en:microwave-meals', 'en:caramel-pork']",0,[],[],151.0,4.1,0.8,7.0,0.0,6.4,0.53
Japchae au poulet,3270160861941,"['en:meats-and-their-products', 'en:frozen-foods', 'en:meals', 'en:meals-with-meat', 'en:poultry-meals', 'en:meals-with-chicken']",0,[],[],113.0,4.3,0.5,1.8,1.5,5.5,0.65
Mini Penne au Chorizo Sauce à la Tomate,3270160866687,"['en:meats-and-their-products', 'en:frozen-foods', 'en:meals', 'en:pasta-dishes', 'en:meals-with-meat', 'en:microwave-meals']",1,[],['en:e301'],161.0,7.67,3.33,1.17,1.47,7.0,0.633
Hachis Parmentier formule express,3270160897810,"['en:meats-and-their-products', 'en:frozen-foods', 'en:meals', 'en:meals-with-meat', 'en:beef-dishes', 'en:beef-cottage-pies']",0,[],[],110.0,4.7,2.8,1.2,1.6,6.3,0.6
Bo bun,3270160724925,"['en:meats-and-their-products', 'en:frozen-foods', 'en:meals', 'en:meals-with-meat', 'en:poultry-meals', 'en:frozen-ready-made-meals', 'en:meals-with-chicken', 'en:microwave-meals']",1,[],['en:e14xx'],138.0,4.4,0.7,0.5,1.4,7.0,0.75
,3245361001953,"['en:meats-and-their-products', 'en:meals', 'en:meals-with-meat', 'en:poultry-meals', 'en:bean-dishes', 'en:duck-dishes', 'en:microwave-meals', 'en:cassoulets', 'en:cassoulets-with-duck-confit']",0,[],[],161.0,9.0,2.7,0.7,0.0,11.0,0.94
Poulet Tikka et riz basmati,3270160218653,"['en:meals', 'en:frozen-foods', 'en:meals-with-meat', 'en:rice-dishes', 'en:combination-meals', 'en:poultry-meals', 'en:frozen-ready-made-meals', 'en:meals-with-chicken', 'en:microwave-meals', 'en:chicken-tikka-masala']",1,[],['en:e407'],146.0,4.0,1.4,1.0,1.6,12.0,0.44
Petit salé aux lentilles vertes,3270160865291,"['en:meats-and-their-products', 'en:frozen-foods', 'en:meals', 'en:meals-with-meat', 'en:pork-meals', 'en:lentil-dishes', 'en:microwave-meals', 'en:salt-cured-pork-belly-with-lentils']",3,[],"['en:e250', 'en:e300', 'en:e316']",156.0,8.4,3.5,0.5,4.0,11.0,0.85
Quenelles de volaille au naturel,3038353910803,"['en:meats-and-their-products', 'en:meals', 'en:meals-with-meat', 'fr:quenelles', 'en:poultry-quenelle', 'en:chicken-quenelles', 'en:plain-quenelles']",0,[],[],152.0,11.0,4.6,0.5,0.5,4.4,1.0
Foies de volailles confits,3266980035297,"['en:meats-and-their-products', 'en:meals', 'en:meats', 'en:fish-and-meat-and-eggs', 'en:fresh-foods', 'en:poultries', 'en:meals-with-meat', 'en:offals', 'en:ducks', 'en:fresh-meals', 'en:poultry-meals', 'en:poultry-liver']",3,[],"['en:e250', 'en:e316', 'en:e392']",170.0,10.0,2.6,0.0,0.0,19.0,1.5
Boeuf bourguignon aux pommes de terre,20224035,"['en:meals', 'en:meals-with-meat', 'en:beef-dishes', 'en:potato-dishes', 'en:beef-stews', 'en:microwave-meals', 'en:boeufs-bourguignons']",4,[],"['en:e14xx', 'en:e150c', 'en:e407a', 'en:e451']",67.0,1.0,0.3,1.8,,6.2,0.9
"Poulet à la crème et aux champignons, farfalles",3166352968386,"['en:meats-and-their-products', 'en:meals', 'en:pasta-dishes', 'en:meals-with-meat', 'en:poultry-meals', 'en:meals-with-chicken', 'en:microwave-meals']",0,[],[],157.0,8.2,3.4,1.0,0.6,8.5,0.67
"Dolce Pizza Napoli Mozzarella, Poulet, Poivrons grillés & Pesto",3242272348252,"['en:meals', 'en:pizzas-pies-and-quiches', 'en:meals-with-meat', 'en:pizzas', 'en:poultry-meals', 'en:vegetarian-pizzas', 'en:cheese-pizzas']",0,[],[],222.0,7.3,3.4,1.7,2.6,10.0,1.1
Les SAUCISSES aux lentilles,3049580545577,"['en:canned-foods', 'en:meals', 'en:meals-with-meat', 'en:canned-meals', 'en:lentil-dishes', 'en:sausages-with-lentils']",1,[],['en:e509'],118.0,5.0,1.6,1.4,4.1,6.8,0.0
Corned Beef,3047360801080,"['en:canned-foods', 'en:meats-and-their-products', 'en:meals', 'en:meats', 'en:prepared-meats', 'en:meals-with-meat', 'en:beef-dishes', 'en:canned-meals', 'en:canned-meats', 'en:corned-beef']",1,[],['en:e250'],221.0,15.0,7.0,0.01,,21.0,1.4
Saucisses de Toulouse Aux lentilles vertes du Berry IGP,3560070846788,"['en:meats-and-their-products', 'en:meals', 'en:meats', 'en:prepared-meats', 'en:sausages', 'en:french-sausages', 'en:meals-with-meat', 'en:pork-meals', 'en:lentil-dishes', 'en:microwave-meals', 'en:toulouse-sausages', 'en:sausages-with-lentils', 'fr:saucisses-de-toulouse-aux-lentilles']",0,[],[],172.0,10.0,3.7,0.6,1.6,9.5,0.94
Nems poulet,3560070636471,"['en:meats-and-their-products', 'en:meals', 'en:fresh-foods', 'en:meals-with-meat', 'en:fresh-meals', 'en:poultry-meals', 'en:meals-with-chicken', 'en:nems', 'en:chicken-nems']",0,[],[],179.0,7.3,1.0,2.1,2.2,6.8,1.4
Esprit de Famille - Hachis Parmentier,3270160227495,"['en:meats-and-their-products', 'en:frozen-foods', 'en:meals', 'en:meals-with-meat', 'en:beef-dishes', 'en:beef-cottage-pies', 'fr:hachis-parmentier-surgele']",0,[],[],136.0,5.7,3.4,1.4,0.8,7.7,0.62
Paëlla formule express,3270160861750,"['en:meats-and-their-products', 'en:frozen-foods', 'en:meals', 'en:meals-with-meat', 'en:rice-dishes', 'en:combination-meals', 'en:poultry-meals', 'en:frozen-ready-made-meals', 'en:paella']",1,[],['en:e301'],148.0,5.4,1.3,0.7,1.1,5.4,0.75
Poulet rôti et sa purée à l'Ancienne,3188720601114,"['en:meats-and-their-products', 'en:meals', 'en:meals-with-meat', 'en:poultry-meals', 'en:meals-with-chicken', 'en:microwave-meals']",3,[],"['en:e150a', 'en:e412', 'en:e415']",102.0,5.3,1.6,0.2,0.5,6.2,0.78
Lasagnes à la bolognaise,3248830723486,"['en:meats-and-their-products', 'en:frozen-foods', 'en:meals', 'en:pasta-dishes', 'en:meals-with-meat', 'en:prepared-lasagne', 'en:beef-dishes', 'en:meat-lasagnas', 'en:bolognese-lasagne', 'en:frozen-lasagne']",0,[],[],129.0,5.2,2.2,3.0,1.4,5.9,0.67
4 Nems au poulet avec sauce nuoc-mâm,3366760015119,"['en:snacks', 'en:meats-and-their-products', 'en:salty-snacks', 'en:appetizers', 'en:meals', 'en:fresh-foods', 'en:meals-with-meat', 'en:fresh-meals', 'en:poultry-meals', 'en:meals-with-chicken', 'en:nems', 'en:chicken-nems', 'fr:entrees-chaudes']",0,[],[],203.0,9.8,1.7,1.6,2.0,6.8,0.9
Saucisses de Toulouse aux Lentilles cuisinées,3021690103113,"['en:canned-foods', 'en:meats-and-their-products', 'en:meals', 'en:meals-with-meat', 'en:pork-meals', 'en:canned-meals', 'en:lentil-dishes', 'en:sausages-with-lentils']",1,[],['en:e14xx'],130.0,7.8,3.0,1.5,3.1,7.6,0.81
ravioli pur boeuf,3564700994771,"['en:canned-foods', 'en:meats-and-their-products', 'en:meals', 'en:pasta-dishes', 'en:meals-with-meat', 'en:stuffed-pastas', 'en:beef-dishes', 'en:pasta-stuffed-with-meat', 'en:ravioli', 'en:canned-meals', 'en:meat-ravioli', 'en:beef-ravioli', 'en:canned-raviolis']",1,[],['en:e14xx'],85.0,2.0,0.8,2.7,1.5,4.0,0.7
Chili con carne Bœuf,3560070748938,"['en:canned-foods', 'en:meats-and-their-products', 'en:meals', 'en:meals-with-meat', 'en:beef-dishes', 'en:canned-meals', 'en:chili-con-carne']",2,[],"['en:e14xx', 'en:e160c']",94.0,2.2,0.9,1.4,4.7,7.0,0.74
Cassoulet Saucisses & saucisson fumés,3564700009918,"['en:canned-foods', 'en:meats-and-their-products', 'en:meals', 'en:meals-with-meat', 'en:bean-dishes', 'en:canned-meals', 'en:cassoulets', 'en:cassoulets-with-toulouse-sausage']",8,[],"['en:e14xx', 'en:e250', 'en:e407', 'en:e407a', 'en:e412', 'en:e415', 'en:e451', 'en:e509']",113.0,4.5,1.6,1.6,3.3,7.3,0.75
Pasta salade,3242274700058,"['en:meals', 'en:meats-and-their-products', 'en:pasta-dishes', 'en:prepared-salads', 'en:meals-with-meat', 'en:pasta-salads', 'en:poultry-meals', 'en:salads-with-meat', 'en:meals-with-chicken', 'en:pasta-salad-with-meat', 'en:pasta-salad-with-chicken']",0,[],[],176.0,9.5,1.9,0.6,1.9,8.7,1.7
Pasta salade Poulet Rôti Comté,3242274703059,"['en:meals', 'en:meats-and-their-products', 'en:frozen-foods', 'en:pasta-dishes', 'en:prepared-salads', 'en:meals-with-meat', 'en:pasta-salads', 'en:poultry-meals', 'en:salads-with-meat', 'en:meals-with-chicken', 'en:pasta-salad-with-meat', 'en:pasta-salad-with-chicken']",0,[],[],194.0,10.0,2.1,2.1,2.6,7.7,0.69
Champêtre poulet rôti & emmental mimolette,3367651008456,"['en:canned-foods', 'en:meals', 'en:meats-and-their-products', 'en:fresh-foods', 'en:pasta-dishes', 'en:prepared-salads', 'en:meals-with-meat', 'en:fresh-meals', 'en:pasta-salads', 'en:poultry-meals', 'en:salads-with-meat', 'en:canned-prepared-salads', 'en:meals-with-chicken', 'en:pasta-salad-with-meat', 'en:pasta-salad-with-chicken']",8,[],"['en:e160b', 'en:e262', 'en:e322', 'en:e322i', 'en:e326', 'en:e415', 'en:e451', 'en:e500']",204.0,10.0,2.5,3.2,,7.3,0.7
Coffret Poulet Caesar,3700009276334,"['en:meals', 'en:meats-and-their-products', 'en:pasta-dishes', 'en:prepared-salads', 'en:meals-with-meat', 'en:pasta-salads', 'en:poultry-meals', 'en:salads-with-meat', 'en:meals-with-chicken', 'en:pasta-salad-with-meat', 'en:caesar-salads', 'en:pasta-salad-with-chicken', 'en:vegetable-salads', 'fr:salade-snacking']",5,[],"['en:e14xx', 'en:e202', 'en:e224', 'en:e270', 'en:e330']",208.0,10.0,1.9,1.4,1.8,8.6,0.67
Poulet Tikka Masala & riz,4056489291152,"['en:meals', 'en:frozen-foods', 'en:meals-with-meat', 'en:rice-dishes', 'en:poultry-meals', 'en:meals-with-chicken', 'en:chicken-tikka-masala']",3,[],"['en:e412', 'en:e415', 'en:e471']",140.0,4.6,1.7,2.9,1.8,5.7,0.83
Couscous Royal,3188728014978,"['en:meats-and-their-products', 'en:meals', 'en:meals-with-meat', 'en:savory-semolina-dishes', 'en:prepared-couscous', 'en:couscous-with-meat', 'en:royal-couscous']",0,[],[],124.0,4.3,1.4,1.5,2.4,8.1,0.7
"Gnocchetti au poulet, crème au parmesan, parmigiano reggiano AOP et tomates marinées",3248830001614,"['en:meals', 'en:meats-and-their-products', 'en:pasta-dishes', 'en:meals-with-meat', 'en:poultry-meals', 'en:meals-with-chicken', 'en:microwave-meals']",0,[],[],174.0,7.7,3.3,1.6,1.0,8.6,0.64
Wok&go poulet riz teriyaki,3302740081767,"['en:meals', 'en:meals-with-meat', 'en:rice-dishes', 'en:poultry-meals', 'en:meals-with-chicken']",0,[],[],126.0,3.6,0.6,2.8,1.1,4.8,0.65
Escalope milanaise & spaghetti à la sauce tomate,3302740447020,"['en:meats-and-their-products', 'en:meals', 'en:fresh-foods', 'en:pasta-dishes', 'en:meals-with-meat', 'en:fresh-meals', 'en:poultry-meals', 'en:meals-with-chicken', 'en:microwave-meals', 'en:turkey-dishes']",0,[],[],135.0,4.3,0.5,2.8,1.2,7.3,0.8
Soupe pho,3270160866281,"['en:meats-and-their-products', 'en:frozen-foods', 'en:meals', 'en:meals-with-meat', 'en:soups', 'en:poultry-meals', 'en:frozen-ready-made-meals', 'en:meals-with-chicken']",2,[],"['en:e450', 'en:e500']",63.0,1.8,0.3,0.6,0.5,2.8,0.67
Corned beef,20680756,"['en:canned-foods', 'en:meats-and-their-products', 'en:meals', 'en:meats', 'en:meals-with-meat', 'en:beef-dishes', 'en:canned-meats', 'en:corned-beef']",1,[],['en:e250'],221.0,15.0,7.0,0.5,,21.0,1.4
Chili con carne,3270160861040,"['en:meats-and-their-products', 'en:frozen-foods', 'en:meals', 'en:meals-with-meat', 'en:beef-dishes', 'en:microwave-meals', 'en:chili-con-carne']",0,[],[],119.0,3.7,1.3,1.5,3.0,6.2,0.375
"Nouilles à la Chinoise au Poulet, légumes croquants",3248830770718,"['en:plant-based-foods-and-beverages', 'en:plant-based-foods', 'en:cereals-and-potatoes', 'en:meats-and-their-products', 'en:cereals-and-their-products', 'en:frozen-foods', 'en:meals', 'en:pasta-dishes', 'en:pastas', 'en:meals-with-meat', 'en:noodles', 'en:poultry-meals', 'en:chinese-noodles', 'en:frozen-ready-made-meals', 'en:meals-with-chicken']",0,[],[],102.0,2.5,0.4,2.2,1.8,5.0,0.67
Corned Beef,4088600146195,"['en:canned-foods', 'en:meats-and-their-products', 'en:beef-and-its-products', 'en:meals', 'en:meats', 'en:beef', 'en:meals-with-meat', 'en:beef-dishes', 'en:canned-meats', 'en:corned-beef', 'en:corned']",1,[],['en:e250'],228.0,14.4,7.18,0.588,0.0,24.2,0.00403
Sodebo Pizza Crust - Classic,3242273050055,"['en:meats-and-their-products', 'en:meals', 'en:fresh-foods', 'en:pizzas-pies-and-quiches', 'en:meals-with-meat', 'en:pizzas', 'en:fresh-meals', 'en:pork-meals', 'en:pizza-with-ham-and-cheese']",3,[],"['en:e250', 'en:e316', 'en:e451']",217.0,7.2,3.8,1.9,2.8,11.0,1.475
Escalopes de dinde à la viennoise,3270160168125,"['en:meats-and-their-products', 'en:frozen-foods', 'en:meals', 'en:meats', 'en:poultries', 'en:meals-with-meat', 'en:turkey-and-its-products', 'en:breaded-products', 'en:poultry-meals', 'en:turkeys', 'en:frozen-ready-made-meals', 'en:turkey-dishes']",1,[],['en:e407a'],203.0,8.4,1.0,1.7,1.2,17.0,0.7
Le Poulet tandoori semoule aux petits légumes,3302748600021,"['en:meats-and-their-products', 'en:meals', 'en:fresh-foods', 'en:meals-with-meat', 'en:savory-semolina-dishes', 'en:fresh-meals', 'en:poultry-meals', 'en:meals-with-chicken', 'en:microwave-meals']",1,[],['en:e428'],164.0,7.9,2.4,2.4,1.2,8.5,0.8
Ravioli pur bœuf,3560070749058,"['en:plant-based-foods-and-beverages', 'en:plant-based-foods', 'en:canned-foods', 'en:meals', 'en:meats-and-their-products', 'en:pasta-dishes', 'en:pastas', 'en:stuffed-pastas', 'en:meals-with-meat', 'en:pasta-stuffed-with-meat', 'en:ravioli', 'en:beef-dishes', 'en:meat-ravioli', 'en:canned-meals', 'en:beef-ravioli', 'en:canned-raviolis']",0,[],[],115.0,4.6,1.1,3.2,1.5,4.1,0.92
Blanquette de Poulet Riz Basmati & Petits Légumes (3% MG),3021690019797,"['en:meats-and-their-products', 'en:meals', 'en:meals-with-meat', 'en:rice-dishes', 'en:poultry-meals', 'en:meals-with-chicken', 'en:microwave-meals', 'en:low-fat-prepared-meals', 'fr:blanquette-de-poulet']",2,[],"['en:e14xx', 'en:e451']",109.0,2.3,1.1,0.5,1.1,5.4,0.8
"Saucisse de Montbéliard, Lentilles cuisinées",3248830440109,"['en:meats-and-their-products', 'en:meals', 'en:meats', 'en:prepared-meats', 'en:sausages', 'en:meals-with-meat', 'en:pork-meals', 'en:lentil-dishes', 'en:sausages-with-lentils']",0,[],[],144.0,8.8,3.3,1.0,2.5,8.2,0.93
Filet mignon de porc sauce à la moutarde et tagliatelles,3270160862382,"['en:meats-and-their-products', 'en:meals', 'en:meats', 'en:pasta-dishes', 'en:pork-and-its-products', 'en:meals-with-meat', 'en:pork', 'en:pork-meals', 'en:pork-filet-mignon']",0,[],[],151.0,7.6,3.4,0.6,1.0,9.1,0.79
Butter Chicken,4056489291176,"['en:meals', 'en:meats-and-their-products', 'en:meals-with-meat', 'en:rice-dishes', 'en:poultry-meals', 'en:meals-with-chicken', 'en:butter-chicken']",2,[],"['en:e412', 'en:e471']",159.0,7.9,4.4,1.6,1.3,5.3,0.35
Corned beef,3047360801066,"['en:canned-foods', 'en:meals', 'en:meats-and-their-products', 'en:meats', 'en:meals-with-meat', 'en:beef-dishes', 'en:canned-meats', 'en:corned-beef']",1,[],['en:e250'],221.0,15.0,7.0,0.0,,21.0,1.4
Sauté de veau et ses petits légumes,3261056901483,"['en:canned-foods', 'en:meats-and-their-products', 'en:meals', 'en:meals-with-meat', 'en:beef-dishes', 'en:microwave-meals', 'en:veal-meat-dishes', 'en:low-fat-prepared-meals', 'fr:saute-de-veau']",5,[],"['en:e14xx', 'en:e300', 'en:e330', 'en:e415', 'en:e451']",55.0,1.9,0.8,1.0,1.2,5.1,0.37
"Bœuf mariné, nouilles sautées, sauce soja sésame",3270160860289,"['en:meats-and-their-products', 'en:beef-and-its-products', 'en:frozen-foods', 'en:meals', 'en:meats', 'en:beef', 'en:pasta-dishes', 'en:meals-with-meat', 'en:beef-dishes', 'en:frozen-ready-made-meals']",0,[],[],95.0,2.8,0.8,3.3,2.4,7.4,0.88
Cassoulet,3245414164086,"['en:canned-foods', 'en:meats-and-their-products', 'en:meals', 'en:meals-with-meat', 'en:bean-dishes', 'en:canned-meals', 'en:cassoulets']",3,[],"['en:e14xx', 'en:e407a', 'en:e509']",125.0,5.8,2.3,0.7,4.0,8.0,0.8
Parmentier de canard préparé en Aveyron,3564709052632,"['en:meats-and-their-products', 'en:meals', 'en:meals-with-meat', 'en:poultry-meals', 'en:duck-dishes', 'en:microwave-meals']",6,[],"['en:e14xx', 'en:e223', 'en:e330', 'en:e407', 'en:e450', 'en:e450i', 'en:e471']",89.0,3.4,1.2,0.5,2.1,5.3,0.95
Petit salé aux lentilles vertes,20712150,"['en:meats-and-their-products', 'en:meals', 'en:fresh-foods', 'en:meals-with-meat', 'en:fresh-meals', 'en:pork-meals', 'en:microwave-meals']",3,[],"['en:e250', 'en:e300', 'en:e415']",116.0,3.9,1.4,0.6,4.2,9.2,0.725
Paëlla,4056489564652,"['en:meats-and-their-products', 'en:frozen-foods', 'en:meals', 'en:meals-with-meat', 'en:rice-dishes', 'en:poultry-meals', 'en:microwave-meals', 'en:paella']",3,[],"['en:e100', 'en:e330', 'en:e331']",156.0,6.3,1.1,0.9,,9.0,0.87
Parmentier de Canard,3021690030303,"['en:meats-and-their-products', 'en:meals', 'en:meals-with-meat', 'en:poultry-meals', 'en:duck-dishes', 'en:shepherd-s-pie-with-duck']",1,[],['en:e331'],99.0,4.2,1.9,2.2,1.0,5.1,0.95
Wraper's poulet bacon fumé cheddar,3242273012053,"['en:meals', 'en:sandwiches', 'en:meals-with-meat', 'en:poultry-meals', 'en:wraps', 'en:chicken-wraps']",6,[],"['en:e14xx', 'en:e160c', 'en:e250', 'en:e316', 'en:e331', 'en:e451']",239.0,9.2,1.8,7.2,4.5,8.9,0.44
"Parmentier de Canard, Surgelé",3270160634279,"['en:meats-and-their-products', 'en:frozen-foods', 'en:meals', 'en:meals-with-meat', 'en:poultry-meals', 'en:duck-dishes', 'en:frozen-ready-made-meals', 'en:microwave-meals', 'en:shepherd-s-pie-with-duck']",3,[],"['en:e14xx', 'en:e392', 'en:e471']",139.0,7.5,3.2,2.2,1.1,7.8,0.72
Chili con carne et riz,3270160860722,"['en:meats-and-their-products', 'en:frozen-foods', 'en:meals', 'en:meals-with-meat', 'en:rice-dishes', 'en:beef-dishes', 'en:frozen-ready-made-meals', 'en:microwave-meals', 'en:chili-con-carne']",1,[],['en:e160b'],120.0,3.8,1.4,1.5,2.9,6.3,0.5
"Pizza N°9 - Bœuf, merguez, sauce Salsa",3270160890163,"['en:meats-and-their-products', 'en:frozen-foods', 'en:meals', 'en:pizzas-pies-and-quiches', 'en:meals-with-meat', 'en:pizzas', 'en:beef-dishes', 'en:frozen-pizzas-and-pies', 'en:frozen-pizzas']",1,[],['en:e160'],211.0,7.8,4.7,1.9,2.5,10.0,0.91
"Filet de poulet, crème thym citron et tagliatelles en persillade",3248830862963,"['en:meats-and-their-products', 'en:meals', 'en:pasta-dishes', 'en:meals-with-meat', 'en:poultry-meals', 'en:meals-with-chicken']",0,[],[],155.0,6.0,2.3,1.0,0.6,11.0,0.625
Bœuf aux oignons et nouilles chinoises aux légumes,3270160396252,"['en:plant-based-foods-and-beverages', 'en:plant-based-foods', 'en:cereals-and-potatoes', 'en:meats-and-their-products', 'en:cereals-and-their-products', 'en:frozen-foods', 'en:meals', 'en:pasta-dishes', 'en:pastas', 'en:meals-with-meat', 'en:noodles', 'en:beef-dishes', 'en:chinese-noodles', 'en:frozen-ready-made-meals', 'en:microwave-meals']",2,[],"['en:e14xx', 'en:e150']",126.0,4.3,0.8,2.4,1.7,8.7,0.79
Butter chicken et riz pilaf,3270160396337,"['en:meals', 'en:meats-and-their-products', 'en:meals-with-meat', 'en:rice-dishes', 'en:poultry-meals', 'en:meals-with-chicken', 'en:microwave-meals', 'en:butter-chicken', 'en:chicken-curry', 'en:frozen-meals-with-meat', 'en:plats-a-base-de-riz', 'en:plats-a-la-volaille', 'en:plats-prepares', 'en:plats-prepares-a-la-viande', 'en:plats-prepares-surgeles', 'en:produits-a-la-viande', 'en:surgeles', 'fr:poulets-marines-aux-epices-surgeles']",1,[],['en:e160c'],141.0,4.6,1.6,2.4,0.8,8.4,0.34
Tripes à la mode de Caen,3379670012468,"['en:canned-foods', 'en:meals', 'en:meats-and-their-products', 'en:fish-and-meat-and-eggs', 'en:meals-with-meat', 'en:offals', 'en:cooked-offal', 'en:tripe-dishes', 'en:canned-meals', 'en:specialty-made-with-tripe', 'en:caen-style-tripes']",0,[],[],87.0,2.9,1.4,0.2,,14.7,1.0
Saucisses de Toulouse aux lentilles vertes du Berry,3564709052595,"['en:meats-and-their-products', 'en:meals', 'en:meals-with-meat', 'en:lentil-dishes', 'en:microwave-meals', 'en:sausages-with-lentils', 'fr:saucisses-de-toulouse-aux-lentilles']",0,[],[],165.0,8.9,3.1,0.8,3.1,9.7,0.84
Thai green chicken,5060084346185,"['en:meals', 'en:meals-with-meat', 'en:rice-dishes', 'en:poultry-meals', 'en:meals-with-chicken']",1,[],['en:e440'],88.8,2.0,1.0,2.0,1.8,7.75,0.393
Pizza Crust Farmer,3242273050550,"['en:meals', 'en:meats-and-their-products', 'en:frozen-foods', 'en:pizzas-pies-and-quiches', 'en:meals-with-meat', 'en:pizzas', 'en:poultry-meals', 'en:vegetarian-pizzas', 'en:cheese-pizzas', 'en:frozen-pizzas-and-pies', 'en:meals-with-chicken', 'en:chicken-pizza', 'en:frozen-pizzas']",0,[],[],202.0,5.2,2.6,3.9,2.6,10.0,1.2
2 Galettes au sarrasin champignon jambon emmental,3270160471966,"['en:meats-and-their-products', 'en:frozen-foods', 'en:meals', 'en:crepes-and-galettes', 'en:crepes', 'en:meals-with-meat', 'en:combination-meals', 'en:filled-buckwheat-crepes', 'en:filled-crepes', 'en:pork-meals', 'en:frozen-ready-made-meals', 'en:microwave-meals', 'en:salty-filled-buckwheat-crepes', 'en:savoury-filled-crepes', 'en:buckwheat-crepe-filled-with-cheese-ham-and-mushrooms', 'en:galettes', 'en:plain-buckwheat-crepes']",1,[],['en:e428'],146.0,5.3,3.4,1.6,1.5,7.6,0.8
Couscous Royal Poulet & Boeuf,3261053456603,"['en:canned-foods', 'en:meats-and-their-products', 'en:meals', 'en:meals-with-meat', 'en:savory-semolina-dishes', 'en:beef-dishes', 'en:poultry-meals', 'en:prepared-couscous', 'en:canned-meals', 'en:couscous-with-meat', 'en:meals-with-chicken', 'en:royal-couscous']",1,[],['en:e451'],125.0,3.0,0.9,1.6,1.5,7.5,0.8
Saucisses de Toulouse et lentilles cuisinées,3021690103120,"['en:plant-based-foods-and-beverages', 'en:plant-based-foods', 'en:legumes-and-their-products', 'en:legumes', 'en:meats-and-their-products', 'en:seeds', 'en:legume-seeds', 'en:meals', 'en:meals-with-meat', 'en:lentil-dishes', 'en:sausages-with-lentils']",1,[],['en:e509'],120.0,6.0,2.0,0.5,2.2,7.3,0.7
Ravioli pur boeuf,3564706511958,"['en:plant-based-foods-and-beverages', 'en:plant-based-foods', 'en:canned-foods', 'en:meats-and-their-products', 'en:meals', 'en:pasta-dishes', 'en:pastas', 'en:meals-with-meat', 'en:stuffed-pastas', 'en:beef-dishes', 'en:pasta-stuffed-with-meat', 'en:ravioli', 'en:canned-meals', 'en:meat-ravioli', 'en:beef-ravioli', 'en:canned-raviolis']",1,[],['en:e14xx'],85.0,2.0,0.8,2.7,1.5,4.0,0.7
Chili con carne au bœuf,3021690018943,"['en:canned-foods', 'en:meats-and-their-products', 'en:meals', 'en:meals-with-meat', 'en:beef-dishes', 'en:canned-meals', 'en:chili-con-carne']",3,[],"['en:e160c', 'en:e412', 'en:e415']",92.0,2.5,0.8,2.4,4.5,6.5,0.73
Poule au riz,20224028,"['en:meats-and-their-products', 'en:meals', 'en:meals-with-meat', 'en:rice-dishes', 'en:poultry-meals', 'en:meals-with-chicken', 'en:microwave-meals']",3,[],"['en:e407', 'en:e451', 'en:e452']",115.0,3.0,1.1,0.8,1.2,6.5,1.1
Cassoulet classic,3245414164093,"['en:canned-foods', 'en:meats-and-their-products', 'en:frozen-foods', 'en:meals', 'en:meals-with-meat', 'en:bean-dishes', 'en:canned-meals', 'en:cassoulets']",3,[],"['en:e14xx', 'en:e407a', 'en:e509']",125.0,5.8,2.3,0.7,4.0,8.0,0.8
Poulet rôti frites dorées au four,3302740058776,"['en:meats-and-their-products', 'en:meals', 'en:meals-with-meat', 'en:poultry-meals', 'en:refrigerated-foods', 'en:meals-with-chicken', 'en:microwave-meals', 'en:refrigerated-meals']",0,[],[],139.0,5.1,0.9,0.5,1.4,7.6,0.725
Caesar poulet oeuf & grana padano,3367651008470,"['en:meats-and-their-products', 'en:meals', 'en:pasta-dishes', 'en:prepared-salads', 'en:meals-with-meat', 'en:pasta-salads', 'en:poultry-meals', 'en:salads']",10,[],"['en:e1105', 'en:e260', 'en:e262', 'en:e262i', 'en:e322', 'en:e322i', 'en:e326', 'en:e330', 'en:e341', 'en:e415', 'en:e451', 'en:e500']",224.0,12.0,2.6,3.3,,8.0,0.87
"Cassoulet au confit de canard, recette de castelnaudary",3021690029789,"['en:meals', 'en:meals-with-meat', 'en:poultry-meals', 'en:bean-dishes', 'en:duck-dishes', 'en:cassoulets', 'en:cassoulets-with-duck-confit', 'fr:cassoulet-de-castelnaudary']",0,[],[],150.0,7.0,2.2,0.7,3.7,12.0,0.7
Escalope de dinde a la milanaise,4056489564690,"['en:meats-and-their-products', 'en:meals', 'en:meat-preparations', 'en:meats', 'en:poultries', 'en:meals-with-meat', 'en:turkey-and-its-products', 'en:poultry-meals', 'en:turkeys', 'en:turkey-cutlets', 'en:turkey-dishes']",0,[],[],133.0,4.6,0.6,2.1,1.2,7.6,0.65
"Blé à la provençale, boulettes de bœuf",3261055951465,"['en:meats-and-their-products', 'en:meals', 'en:meals-with-meat']",0,[],[],146.0,5.8,1.5,1.8,3.2,5.8,1.0
Boulettes au boeuf,3270160608751,"['en:meats-and-their-products', 'en:beef-and-its-products', 'en:meals', 'en:meat-preparations', 'en:meats', 'en:beef', 'en:meals-with-meat', 'en:beef-dishes', 'en:beef-preparations', 'en:meat-balls', 'en:beef-meat-balls']",0,[],[],200.0,13.0,4.5,0.5,0.5,15.0,0.79
Poulet curry et lait de coco,3248830001270,"['en:meals', 'en:meals-with-meat', 'en:rice-dishes', 'en:poultry-meals', 'en:meals-with-chicken', 'en:chicken-curry', 'en:chicken-with-curry-and-coconut-milk-sauce']",0,[],[],155.0,5.9,2.9,0.8,0.9,6.9,0.57
Tajine de poulet,3302740057212,"['en:meats-and-their-products', 'en:frozen-foods', 'en:meals', 'en:meals-with-meat', 'en:savory-semolina-dishes', 'en:poultry-meals', 'en:meals-with-chicken', 'en:tajine', 'en:chicken-tajine']",0,[],[],140.0,3.9,0.9,3.1,1.2,8.5,0.69
Carbonade flamande et röstis de pommes de terre,3270160862979,"['en:meals', 'en:meats-and-their-products', 'en:frozen-foods', 'en:meals-with-meat', 'en:beef-dishes', 'en:combination-meals', 'en:beef-stews', 'en:frozen-ready-made-meals', 'fr:carbonade-flamande']",1,[],['en:e500'],134.0,5.2,0.9,2.6,1.7,8.2,0.98
Paella,4056489455592,"['en:meats-and-their-products', 'en:meals', 'en:meals-with-meat', 'en:rice-dishes', 'en:poultry-meals', 'en:paella']",0,[],[],94.9,1.31,0.4,1.41,1.01,5.6,0.787
Chicken and mushroom,5000354404016,"['en:meals', 'en:meals-with-meat', 'en:poultry-meals']",0,[],[],113.0,1.0,0.4,2.6,0.6,4.1,0.4625
la Numero Uno Prosciutto & Funghi,8015673029922,"['en:meats-and-their-products', 'en:frozen-foods', 'en:meals', 'en:pizzas-pies-and-quiches', 'en:meals-with-meat', 'en:pizzas', 'en:pork-meals', 'en:frozen-pizzas-and-pies', 'en:ham-pizzas', 'en:cured-ham-pizza', 'en:frozen-pizzas']",3,[],"['en:e250', 'en:e301', 'en:e392']",196.818181818182,6.36363636363636,2.5,1.20454545454545,1.59090909090909,10.0,1.20454545454545
Saucisses aux lentilles,20023959,"['en:canned-foods', 'en:meats-and-their-products', 'en:meals', 'en:meals-with-meat', 'en:pork-meals', 'en:canned-meals', 'en:lentil-dishes', 'en:sausages-with-lentils']",5,[],"['en:e407a', 'en:e412', 'en:e450', 'en:e452', 'en:e509']",108.0,4.9,1.8,0.5,,6.7,0.835
Steak haché - purée à l'Emmental,3188720002454,"['en:meals', 'en:meals-with-meat', 'en:beef-dishes']",3,[],"['en:e150a', 'en:e412', 'en:e415']",111.0,5.7,3.2,0.3,1.2,8.1,0.71
Boulettes au boeuf à la Napolitaine,3181238930165,"['en:meats-and-their-products', 'en:beef-and-its-products', 'en:meals', 'en:meat-preparations', 'en:meats', 'en:beef', 'en:meals-with-meat', 'en:beef-dishes', 'en:beef-preparations', 'en:meat-balls', 'en:microwave-meals', 'en:beef-meat-balls']",1,[],['en:e14xx'],86.0,3.5,1.8,2.8,1.8,8.1,1.3
Aiguillettes de poulet aux épices tandoori,3270160203611,"['en:meats-and-their-products', 'en:frozen-foods', 'en:meals', 'en:meats', 'en:chicken-and-its-products', 'en:poultries', 'en:meals-with-meat', 'en:chickens', 'en:poultry-meals', 'en:frozen-ready-made-meals', 'en:meals-with-chicken']",0,[],[],121.0,2.5,0.5,0.5,0.5,23.0,0.835
Couscous à la Marocaine - Poulet et merguez,3261055782601,"['en:meats-and-their-products', 'en:meals', 'en:meals-with-meat', 'en:savory-semolina-dishes', 'en:poultry-meals', 'en:prepared-couscous', 'en:couscous-with-meat', 'en:meals-with-chicken', 'en:microwave-meals', 'en:chicken-couscous', 'en:couscous']",5,[],"['en:e14xx', 'en:e412', 'en:e415', 'en:e451', 'en:e452']",128.0,5.5,2.0,1.0,1.4,6.9,0.8
Le Poulet Rôti Potatoes et sa sauce blanche,3302748087020,"['en:meats-and-their-products', 'en:meals', 'en:fresh-foods', 'en:meals-with-meat', 'en:fresh-meals', 'en:poultry-meals', 'en:meals-with-chicken', 'en:microwave-meals']",1,[],['en:e428'],128.0,5.8,1.4,1.6,1.4,5.0,0.8
NEMS POULET (65g) 280g ===> 2025/2026 passage en 60g,3250392654054,"['en:meals', 'en:meats-and-their-products', 'en:meals-with-meat', 'en:poultry-meals', 'en:meals-with-chicken', 'en:nems', 'en:chicken-nems', 'fr:nems-avec-sauce-nuoc-mam']",0,[],[],146.0,4.2,0.6,2.4,2.1,6.4,1.27
Cassoulet de Castelnaudary,3375640002156,"['en:canned-foods', 'en:meats-and-their-products', 'en:meals', 'en:meals-with-meat', 'en:poultry-meals', 'en:bean-dishes', 'en:duck-dishes', 'en:cassoulets', 'en:cassoulets-with-duck-confit']",0,[],[],155.0,8.5,3.0,0.5,4.0,11.0,0.79
Tendre Croc' L'original Jambon et Fromage x2,3154230800484,"['en:dairies', 'en:fermented-foods', 'en:fermented-milk-products', 'en:snacks', 'en:meats-and-their-products', 'en:salty-snacks', 'en:appetizers', 'en:frozen-foods', 'en:meals', 'en:meats', 'en:prepared-meats', 'en:cooked-meats', 'en:hams', 'en:pork-and-its-products', 'en:sandwiches', 'en:cooked-white-meat', 'en:meals-with-meat', 'en:pork', 'en:white-hams', 'en:cooked-ham-of-superior-quality', 'en:poultry-meals', 'en:cooked-pork-meat', 'en:turkey-dishes', 'en:toasted-ham-sandwich-topped-with-grated-cheese']",7,[],"['en:e14xx', 'en:e282', 'en:e300', 'en:e331', 'en:e407', 'en:e451', 'en:e471']",266.0,11.0,5.5,3.3,1.5,12.0,1.575
Paté poulet,5941341032525,"['en:meals', 'en:meats-and-their-products', 'en:prepared-meats', 'fr:charcuteries-diverses', 'en:meals-with-meat', 'en:pate', 'en:poultry-meals', 'en:chicken-pate']",0,[],[],149.0,10.8,1.6,1.3,0.5,9.1,1.3
Gyoza poulet legumes,3760197637676,"['en:meats-and-their-products', 'en:frozen-foods', 'en:meals', 'en:pasta-dishes', 'en:meals-with-meat', 'en:stuffed-pastas', 'en:pasta-stuffed-with-meat', 'en:poultry-meals', 'en:ravioli', 'en:meat-ravioli', 'en:japanese-ravioli', 'fr:ravioli-a-la-volaille']",0,[],[],187.0,8.6,2.4,2.7,1.5,7.3,0.85
Chicken Tikka Masala and Pilau Rice,5033665212407,"['en:meals', 'en:fresh-foods', 'en:meals-with-meat', 'en:rice-dishes', 'en:fresh-meals', 'en:poultry-meals', 'en:meals-with-chicken', 'en:chicken-curry']",2,[],"['en:e160c', 'en:e260']",178.0,8.14,3.67,2.46,,7.0,0.655
Chicken Red Curry,4056489554721,"['en:meats-and-their-products', 'en:meals', 'en:meats', 'en:chicken-and-its-products', 'en:poultries', 'en:meals-with-meat', 'en:chickens', 'en:poultry-meals', 'en:meals-with-chicken']",0,[],[],126.0,4.9,2.0,1.6,,5.1,0.68
Chilli non carne,5010034013582,"['en:condiments', 'en:meals', 'en:meals-with-meat', 'en:sauces', 'en:hot-sauces', 'en:chili-con-carne']",1,[],['en:e160c'],102.0,2.5,0.2,3.6,3.3,4.6,0.88
Chicken Tikka Masala,00244978,"['en:meats-and-their-products', 'en:meals', 'en:meals-with-meat', 'en:rice-dishes', 'en:poultry-meals', 'en:meals-with-chicken', 'en:chicken-curry', 'en:chicken-tikka-masala']",1,[],['en:e160c'],129.0,5.5,1.6,3.7,1.6,6.4,0.5
Lustucru ravioli extra boeuf 300g x8,3240931548388,"['en:plant-based-foods-and-beverages', 'en:plant-based-foods', 'en:meals', 'en:fresh-foods', 'en:pasta-dishes', 'en:pastas', 'en:meals-with-meat', 'en:stuffed-pastas', 'en:beef-dishes', 'en:fresh-meals', 'en:fresh-pasta', 'en:pasta-stuffed-with-meat', 'en:ravioli', 'en:fresh-pasta-stuffed-with-meat', 'en:fresh-ravioli', 'en:meat-ravioli', 'en:beef-ravioli', 'en:fresh-meat-ravioli']",0,[],[],265.0,7.2,2.5,4.5,2.2,10.0,1.1
Coffret Poulet Avocat,3700009269114,"['en:meats-and-their-products', 'en:meals', 'en:pasta-dishes', 'en:prepared-salads', 'en:meals-with-meat', 'en:pasta-salads', 'en:poultry-meals', 'en:salads-with-meat', 'en:meals-with-chicken', 'en:pasta-salad-with-meat', 'en:vegetable-salads', 'fr:salade-snacking']",5,[],"['en:e322', 'en:e322i', 'en:e331', 'en:e422', 'en:e500']",204.0,11.0,1.4,3.7,2.7,5.4,0.39
Le Spécial à l'Oignon,3181231001732,"['en:meats-and-their-products', 'en:beef-and-its-products', 'en:frozen-foods', 'en:meals', 'en:meat-preparations', 'en:meats', 'en:beef', 'en:frozen-meats', 'en:meals-with-meat', 'en:beef-dishes', 'en:beef-preparations', 'en:frozen-meat-preparations', 'en:ground-meat-preparations', 'en:frozen-ground-meat-preparations', 'en:ground-beef-preparations', 'en:frozen-ground-beef-preparations']",1,[],"['en:e503', 'en:e503ii']",192.0,12.7,5.7,0.4,1.0,13.8,0.9
Boulettes de viande cuites recette suédoise,3270160602148,"['en:meals', 'en:meats-and-their-products', 'en:frozen-foods', 'en:meat-preparations', 'en:meats', 'en:frozen-meats', 'en:meals-with-meat', 'en:frozen-meat-preparations', 'en:ground-meat-preparations', 'en:pork-meals', 'en:frozen-ground-meat-preparations', 'en:meat-balls', 'en:swedish-style-pork-and-beef-meat-balls']",0,[],[],243.0,17.0,6.7,0.8,0.2,14.0,1.3
Chili con Carne Riz,3564707129831,"['en:meats-and-their-products', 'en:meals', 'en:meals-with-meat', 'en:rice-dishes', 'en:chili-con-carne']",2,[],"['en:e412', 'en:e415']",124.0,2.6,1.1,2.4,4.2,7.0,1.0
"Poulet au cury avec riz, quinoa et sarrasin bio",3564707129855,"['en:meats-and-their-products', 'en:frozen-foods', 'en:meals', 'en:meats', 'en:chicken-and-its-products', 'en:poultries', 'en:meals-with-meat', 'en:rice-dishes', 'en:chickens', 'en:cooked-poultries', 'en:poultry-meals', 'en:cooked-chicken', 'en:meals-with-chicken', 'en:chicken-curry']",2,[],"['en:e412', 'en:e415']",115.0,3.0,0.8,1.0,1.7,5.1,0.84
Ravioli Pikant,4005500339205,"['en:plant-based-foods-and-beverages', 'en:plant-based-foods', 'en:canned-foods', 'en:cereals-and-potatoes', 'en:meats-and-their-products', 'en:cereals-and-their-products', 'en:meals', 'en:pasta-dishes', 'en:pastas', 'en:meals-with-meat', 'en:stuffed-pastas', 'en:beef-dishes', 'en:pasta-stuffed-with-meat', 'en:ravioli', 'en:canned-meals', 'en:meat-ravioli', 'en:beef-ravioli', 'en:canned-raviolis', 'en:canned-raviolis-filled-with-meat-in-tomato-sauce']",2,[],"['en:e14xx', 'en:e330']",80.0,13.0,0.7,1.7,1.0,0.24,0.93
Parmentier de boeuf Charolais,3270160860791,"['en:meats-and-their-products', 'en:frozen-foods', 'en:meals', 'en:meals-with-meat', 'en:beef-dishes', 'en:combination-meals', 'en:frozen-ready-made-meals', 'en:microwave-meals', 'en:beef-cottage-pies']",0,[],[],165.0,9.8,6.3,3.2,2.4,10.0,0.73
Cassoulet,3250390009511,"['en:canned-foods', 'en:meats-and-their-products', 'en:meals', 'en:meals-with-meat', 'en:pork-meals', 'en:bean-dishes', 'en:canned-meals', 'en:cassoulets']",6,[],"['en:e250', 'en:e301', 'en:e331', 'en:e407', 'en:e415', 'en:e451']",114.0,5.3,2.1,0.5,4.0,6.9,1.07
Indian Style Butter Chicken mit Huhn,4260334165158,"['en:meals', 'en:meats-and-their-products', 'en:meals-with-meat', 'en:poultry-meals', 'en:meals-with-chicken']",1,[],['en:e412'],144.0,7.1,3.9,1.69,1.19,5.31,0.541
Nems au Poulet,3366760023015,"['en:meats-and-their-products', 'en:meals', 'en:meals-with-meat', 'en:poultry-meals', 'en:meals-with-chicken', 'en:nems', 'en:chicken-nems']",0,[],[],180.0,8.1,1.2,1.9,1.83,5.8,1.4
Couscous poulet et merguez,4056489564706,"['en:meals', 'en:meals-with-meat', 'en:savory-semolina-dishes', 'en:poultry-meals', 'en:prepared-couscous', 'en:couscous-with-meat', 'en:meals-with-chicken', 'en:microwave-meals', 'en:chicken-couscous']",1,[],['en:e14xx'],172.0,10.2,2.8,1.9,1.5,8.6,0.8
Corned Beef,5000232828279,"['en:canned-foods', 'en:meats-and-their-products', 'en:meals', 'en:meats', 'en:meals-with-meat', 'en:beef-dishes', 'en:canned-meats', 'en:corned-beef']",1,[],['en:e250'],222.0,13.5,6.5,0.0,0.0,25.0,1.4
Riz paella,3487400006981,"['en:plant-based-foods-and-beverages', 'en:plant-based-foods', 'en:cereals-and-potatoes', 'en:seeds', 'en:cereals-and-their-products', 'en:meals', 'en:cereal-grains', 'en:meals-with-meat', 'en:rice-dishes', 'en:rices', 'en:rices-for-paella']",4,[],"['en:e100', 'en:e150a', 'en:e160c', 'en:e250']",159.0,3.2,0.4,1.1,1.4,4.1,0.76
Arroz con pollo,8402001008740,"['en:frozen-foods', 'en:meals', 'en:meals-with-meat', 'en:combination-meals', 'en:frozen-ready-made-meals']",2,[],"['en:e407', 'en:e451']",103.0,1.3,0.2,1.6,0.9,5.4,1.05
Bol poulet avocat,3700009269084,"['en:meals', 'en:pasta-dishes', 'en:prepared-salads', 'en:meals-with-meat', 'en:pasta-salads', 'en:poultry-meals', 'en:salads-with-meat', 'en:meals-with-chicken', 'en:pasta-salad-with-meat', 'en:vegetable-salads', 'en:salads', 'fr:salade-snacking']",0,[],[],183.0,12.0,1.8,1.5,2.4,6.5,0.36
Saucisse de Toulouse grillée & purée au beurre,3166352968485,"['en:meats-and-their-products', 'en:meals', 'en:meals-with-meat', 'en:pork-meals', 'en:microwave-meals']",0,[],[],160.0,12.0,6.2,1.1,1.0,4.8,0.63
Petit salé aux lentilles,3270190164302,"['en:canned-foods', 'en:meats-and-their-products', 'en:meals', 'en:meals-with-meat', 'en:canned-meals', 'en:lentil-dishes', 'en:salt-cured-pork-belly-with-lentils']",0,[],[],118.0,4.1,1.2,0.5,2.3,10.0,0.71
Cassoulet Castelnaudry,3564709052557,"['en:meats-and-their-products', 'en:meals', 'en:meals-with-meat', 'en:poultry-meals', 'en:bean-dishes', 'en:duck-dishes', 'en:cassoulets', 'en:cassoulets-with-duck-confit']",0,[],[],149.0,7.7,2.7,0.5,3.5,11.0,0.97
Panés de dinde x2,3266980043827,"['en:meats-and-their-products', 'en:meals', 'en:meat-preparations', 'en:meats', 'en:chicken-and-its-products', 'en:poultries', 'en:meals-with-meat', 'en:turkey-and-its-products', 'en:breaded-products', 'en:chickens', 'en:poultry-meals', 'en:turkeys', 'en:turkey-dishes', 'en:turkey-preparations', 'en:breaded-turkey']",0,[],[],219.0,10.0,1.5,2.0,2.3,13.0,1.2
Le cassoulet,3250390009504,"['en:canned-foods', 'en:meats-and-their-products', 'en:meals', 'en:meals-with-meat', 'en:pork-meals', 'en:bean-dishes', 'en:canned-meals', 'en:cassoulets']",13,[],"['en:e14xx', 'en:e250', 'en:e262', 'en:e301', 'en:e331', 'en:e401', 'en:e407', 'en:e410', 'en:e412', 'en:e415', 'en:e450', 'en:e451', 'en:e621']",114.0,5.1,1.9,0.9,3.2,7.2,0.84
"Lasagnes Bolognaise Côté Table, 350g",3564700318959,"['en:meats-and-their-products', 'en:meals', 'en:pasta-dishes', 'en:meals-with-meat', 'en:prepared-lasagne', 'en:beef-dishes', 'en:meat-lasagnas', 'en:bolognese-lasagne']",1,[],['en:e14xx'],142.0,6.4,2.3,2.1,1.2,5.5,0.69
Destination Asie Curry Vert,3261055953421,"['en:meals', 'en:meals-with-meat', 'en:poultry-meals', 'fr:cereales-preparees', 'en:meals-with-chicken', 'en:prepared-rices', 'fr:riz-curry-vert', 'fr:riz-et-viande-de-poulet-cuisinee-avec-une-sauce-de-curry', 'fr:riz-long-au-poulet']",1,[],['en:e412'],140.0,2.3,1.2,1.1,2.1,5.8,0.83
Spaghetti bolognese,00429405,"['en:meals', 'en:pasta-dishes', 'en:meals-with-meat', 'en:beef-dishes', 'en:bolognese-style-pasta', 'en:microwave-meals', 'en:bolognese-spaghetti']",0,[],[],156.0,6.6,2.3,1.6,1.1,6.9,0.423
Ham mashroom and mascarpone wood fired pizza,5057967576289,"['en:meals', 'en:pizzas-pies-and-quiches', 'en:meals-with-meat', 'en:pizzas', 'en:pork-meals', 'en:ham-pizzas']",3,[],"['en:e250', 'en:e301', 'en:e340', 'en:e340iii']",241.0,10.2,4.6,3.3,1.5,10.2,1.0
Stagg Classic Chilli Con Carne,0071106061776,"['en:meats-and-their-products', 'en:meals', 'en:meals-with-meat']",1,[],['en:e14xx'],130.0,5.0,2.6,3.0,,7.0,0.9
Nouilles à la chinoise au poulet,3248830001645,"['en:plant-based-foods-and-beverages', 'en:plant-based-foods', 'en:meals', 'en:pastas', 'en:meals-with-meat', 'en:noodles', 'en:poultry-meals', 'en:chinese-noodles', 'en:meals-with-chicken']",0,[],[],122.0,2.9,0.4,3.4,2.1,7.0,0.77
Fusilli au Poulet,3302740003516,"['en:meals', 'en:pasta-dishes', 'en:meals-with-meat', 'en:poultry-meals', 'en:meals-with-chicken', 'en:microwave-meals', 'fr:fusilli-au-poulet']",0,[],[],122.0,3.5,1.6,1.0,1.0,7.0,0.6
Arroz De Verduras,8402001019616,"['en:meals', 'en:meals-with-meat', 'en:rice-dishes', 'en:paella']",2,[],"['en:e14xx', 'en:e330']",122.0,4.4,0.6,2.3,3.2,3.1,1.18
Pad thaï,3270160864102,"['en:meals', 'en:meals-with-meat', 'en:poultry-meals', 'en:meals-with-chicken', 'fr:cuisine-du-monde']",1,[],['en:e330'],152.0,5.43,0.914,6.29,1.31,8.29,1.23
Moussaka surgelée,3270160290994,"['en:meats-and-their-products', 'en:frozen-foods', 'en:meals', 'en:meals-with-meat', 'en:beef-dishes', 'en:combination-meals', 'en:frozen-ready-made-meals', 'en:microwave-meals', 'en:moussaka', 'fr:moussaka-surgelee']",2,[],"['en:e1105', 'en:e330']",159.0,12.0,4.1,3.2,1.9,6.6,0.6
Ravioli pur boeuf français,3021690029093,"['en:plant-based-foods-and-beverages', 'en:plant-based-foods', 'en:canned-foods', 'en:cereals-and-potatoes', 'en:meats-and-their-products', 'en:cereals-and-their-products', 'en:meals', 'en:pasta-dishes', 'en:pastas', 'en:meals-with-meat', 'en:stuffed-pastas', 'en:beef-dishes', 'en:pasta-stuffed-with-meat', 'en:ravioli', 'en:canned-meals', 'en:meat-ravioli', 'en:beef-ravioli', 'en:canned-raviolis']",0,[],[],84.0,2.1,0.8,1.9,1.1,3.7,0.85
Linguine au jambon fumé,3248830692362,"['en:meats-and-their-products', 'en:meals', 'en:pasta-dishes', 'en:meals-with-meat', 'en:pork-meals', 'en:microwave-meals', 'en:low-fat-prepared-meals']",0,[],[],101.0,2.7,0.9,2.3,1.4,5.5,0.5
Hachis parmentier,3248830723431,"['en:meats-and-their-products', 'en:frozen-foods', 'en:meals', 'en:meals-with-meat', 'en:beef-dishes', 'en:combination-meals', 'en:frozen-ready-made-meals', 'en:microwave-meals', 'en:beef-cottage-pies']",0,[],[],129.0,7.1,3.6,2.3,1.3,5.8,0.62
Couscous Poulet Merguez,3270190250418,"['en:meats-and-their-products', 'en:meals', 'en:fresh-foods', 'en:meals-with-meat', 'en:savory-semolina-dishes', 'en:beef-dishes', 'en:fresh-meals', 'en:poultry-meals', 'en:prepared-couscous', 'en:couscous-with-meat', 'en:meals-with-chicken', 'en:microwave-meals', 'en:chicken-couscous']",1,[],['en:e415'],139.0,7.1,2.0,1.3,1.4,7.0,0.76
Gyoza poulet,5905279248069,"['en:plant-based-foods-and-beverages', 'en:plant-based-foods', 'en:cereals-and-potatoes', 'en:meals', 'en:meats-and-their-products', 'en:cereals-and-their-products', 'en:frozen-foods', 'en:pasta-dishes', 'en:pastas', 'en:stuffed-pastas', 'en:meals-with-meat', 'en:pasta-stuffed-with-meat', 'en:ravioli', 'en:combination-meals', 'en:meat-ravioli', 'en:poultry-meals', 'en:frozen-ready-made-meals', 'en:frozen-ravioli', 'en:japanese-ravioli', 'fr:ravioli-a-la-volaille', 'fr:gyoza-au-poulet']",0,[],[],170.0,6.6,1.1,1.7,1.9,7.6,1.1
Saucisses aux Lentilles Cuisinées,3245414145030,"['en:canned-foods', 'en:meats-and-their-products', 'en:meals', 'en:meals-with-meat', 'en:canned-meals', 'en:lentil-dishes', 'en:sausages-with-lentils']",3,[],"['en:e14xx', 'en:e300', 'en:e509']",107.0,4.4,1.6,0.8,2.8,7.1,0.87
Saucisses aux lentilles,3564700009963,"['en:canned-foods', 'en:meats-and-their-products', 'en:meals', 'en:meals-with-meat', 'en:canned-meals', 'en:lentil-dishes', 'en:sausages-with-lentils']",7,[],"['en:e14xx', 'en:e250', 'en:e407', 'en:e412', 'en:e415', 'en:e451', 'en:e509']",104.0,4.5,1.7,1.5,2.2,6.9,0.88
Blanquette de veau à la crème d'Isigny et riz cuisiné,3270160862337,"['en:meats-and-their-products', 'en:frozen-foods', 'en:meals', 'en:meals-with-meat', 'en:beef-dishes', 'en:microwave-meals', 'en:veal-meat-dishes', 'en:veal-blanquette', 'fr:nutriscore-a']",0,[],[],126.0,5.1,1.8,1.0,1.0,9.0,0.65
Porc au caramel et riz à la coriandre,3270160726585,"['en:meats-and-their-products', 'en:frozen-foods', 'en:meals', 'en:meals-with-meat', 'en:pork-meals', 'en:frozen-ready-made-meals', 'en:caramel-pork']",0,[],[],143.0,2.1,0.4,5.9,0.5,7.7,0.78
Couscous Poulet Merguez,3560070482757,"['en:meats-and-their-products', 'en:meals', 'en:meals-with-meat', 'en:savory-semolina-dishes', 'en:poultry-meals', 'en:prepared-couscous', 'en:couscous-with-meat', 'en:meals-with-chicken', 'en:chicken-couscous']",4,[],"['en:e14xx', 'en:e160c', 'en:e300', 'en:e412']",112.0,3.1,0.8,1.2,2.1,7.9,0.76
Macaroni boulettes SAUCE TOMATE,3560070797394,"['en:meats-and-their-products', 'en:meals', 'en:pasta-dishes', 'en:meals-with-meat', 'en:pork-meals', 'en:microwave-meals']",0,[],[],151.0,4.7,1.0,2.4,1.2,6.5,0.48
Paella,4008366015337,"['en:meats-and-their-products', 'en:frozen-foods', 'en:meals', 'en:meals-with-meat', 'en:rice-dishes', 'en:paella']",1,[],['en:e164'],94.0,2.4,1.2,1.7,1.1,5.2,1.18
Ravioli au boeuf,3261055953179,"['en:canned-foods', 'en:meats-and-their-products', 'en:meals', 'en:pasta-dishes', 'en:meals-with-meat', 'en:stuffed-pastas', 'en:beef-dishes', 'en:pasta-stuffed-with-meat', 'en:ravioli', 'en:canned-meals', 'en:meat-ravioli', 'en:beef-ravioli', 'en:canned-raviolis']",1,[],['en:e14xx'],77.0,0.9,0.3,1.6,0.5,3.3,0.85
Poulet Basquaise au Piment du Pays Basque,3021690030327,"['en:meats-and-their-products', 'en:meals', 'en:meals-with-meat', 'en:poultry-meals', 'en:meals-with-chicken', 'en:microwave-meals', 'en:chicken-basque-style']",1,[],['en:e331'],114.0,3.9,0.9,1.9,0.7,6.3,0.72
Chicken Tikka Masala,5060084348325,"['en:meals', 'en:meals-with-meat', 'en:poultry-meals', 'en:meals-with-chicken', 'en:microwave-meals', 'en:chicken-tikka-masala']",2,[],"['en:e160c', 'en:e330']",91.2,1.55,0.4,3.25,2.0,7.5,0.344
8 Nems au Poulet et à la Coriandre (avec sauce Nuoc-Mâm),3270160396917,"['en:meats-and-their-products', 'en:frozen-foods', 'en:meals', 'en:meals-with-meat', 'en:poultry-meals', 'en:frozen-ready-made-meals', 'en:meals-with-chicken', 'en:nems', 'en:chicken-nems']",0,[],[],186.0,5.6,0.8,1.5,2.2,7.9,1.0
Piemontaise poulet 320g,3083681055429,"['en:meals', 'en:meats-and-their-products', 'en:prepared-salads', 'en:meals-with-meat', 'en:potato-dishes', 'en:poultry-meals', 'en:meals-with-chicken', 'en:potato-salads', 'en:piemontese-salads', 'en:piemontese-salads-with-chicken', 'en:vegetables-prepared-processed-perishable', 'en:salads', 'fr:feculent']",1,[],['en:e415'],122.0,8.0,0.8,1.5,2.0,3.5,0.6
Hachis Parmentier Pur Bœuf,3038356803584,"['en:meats-and-their-products', 'en:meals', 'en:meals-with-meat', 'en:beef-dishes', 'en:microwave-meals', 'en:beef-cottage-pies']",4,[],"['en:e14xx', 'en:e223', 'en:e330', 'en:e407']",102.0,4.3,2.4,0.5,1.2,5.6,0.9
Confit de canard pommes-de-terre à la Sarlaise,3245361341950,"['en:meats-and-their-products', 'en:meals', 'en:meats', 'en:poultries', 'en:meals-with-meat', 'en:ducks', 'en:potato-dishes', 'en:poultry-meals', 'en:duck-dishes', 'en:microwave-meals', 'en:duck-confit']",0,[],[],162.045889101338,8.7,2.9,0.2,1.1,12.0,0.7475
Cassoulet à la graisse de canard,3261051670308,"['en:meals', 'en:meals-with-meat', 'en:bean-dishes', 'en:cassoulets']",3,[],"['en:e331', 'en:e412', 'en:e415']",151.0,8.3,3.0,0.8,3.5,8.8,0.9
Semoule au poulet,3270160571789,"['en:meats-and-their-products', 'en:frozen-foods', 'en:meals', 'en:meals-with-meat', 'en:poultry-meals', 'en:frozen-ready-made-meals', 'en:meals-with-chicken', 'fr:semoule-cuisinee-surgelee']",0,[],[],147.0,5.3,0.7,2.0,1.3,8.5,0.5
Filet Mignon de Porc - Écrasé de pommes de terre,3188720001624,"['en:meats-and-their-products', 'en:meals', 'en:meats', 'en:cooked-meats', 'en:pork-and-its-products', 'en:cooked-white-meat', 'en:meals-with-meat', 'en:pork', 'en:pork-meals', 'en:cooked-pork-meat', 'en:microwave-meals', 'en:pork-filet-mignon', 'en:cooked-pork-filet-mignon']",4,[],"['en:e14xx', 'en:e224', 'en:e330', 'en:e415']",97.0,4.1,2.1,0.2,1.3,5.9,0.81
Poulet basquaise - Riz cuisiné aux tomates,3248833083846,"['en:meats-and-their-products', 'en:frozen-foods', 'en:meals', 'en:meals-with-meat', 'en:rice-dishes', 'en:poultry-meals', 'en:frozen-ready-made-meals', 'en:meals-with-chicken', 'en:microwave-meals', 'en:chicken-basque-style']",0,[],[],107.0,2.0,0.3,1.5,0.8,6.9,0.63
Cassoulet au porc,3245362071122,"['en:canned-foods', 'en:meats-and-their-products', 'en:meals', 'en:meals-with-meat', 'en:bean-dishes', 'en:canned-meals', 'en:cassoulets', 'en:pork-cassoulets']",0,[],[],130.0,6.0,2.3,0.5,3.5,9.0,0.7
Spaghetti à la Bolognaise,3270160861101,"['en:meats-and-their-products', 'en:frozen-foods', 'en:meals', 'en:pasta-dishes', 'en:meals-with-meat', 'en:bolognese-style-pasta', 'en:microwave-meals', 'en:bolognese-spaghetti']",0,[],[],113.0,4.0,2.1,2.0,1.4,5.6,0.65
Chili con carne pur boeuf,3564700632765,"['en:canned-foods', 'en:meals', 'en:meats-and-their-products', 'en:meals-with-meat', 'en:beef-dishes', 'en:canned-meals', 'en:chili-con-carne']",2,[],"['en:e14xx', 'en:e160c']",102.0,1.7,0.7,1.5,4.5,6.4,0.77
Petites escalopes de volaille Penne à la crème et aux champignons,3248833087998,"['en:meats-and-their-products', 'en:frozen-foods', 'en:meals', 'en:pasta-dishes', 'en:meals-with-meat', 'en:poultry-meals', 'en:frozen-ready-made-meals', 'en:meals-with-chicken']",0,[],[],112.0,2.2,1.1,1.2,0.9,7.7,0.66
Cassoulet,3564700009925,"['en:canned-foods', 'en:meats-and-their-products', 'en:meals', 'en:meals-with-meat', 'en:bean-dishes', 'en:canned-meals', 'en:cassoulets']",7,[],"['en:e14xx', 'en:e407', 'en:e407a', 'en:e412', 'en:e415', 'en:e451', 'en:e509']",113.0,4.8,1.7,1.2,3.9,6.8,0.8
Choucroute garnie cuisinée au Riesling,3245366921959,"['en:plant-based-foods-and-beverages', 'en:plant-based-foods', 'en:fruits-and-vegetables-based-foods', 'en:meals', 'en:meats-and-their-products', 'en:vegetables-based-foods', 'en:meats', 'en:fermented-vegetables', 'en:meals-with-meat', 'en:pork-meals', 'en:sauerkrauts', 'en:microwave-meals', 'en:sauerkraut-with-garnish']",5,[],"['en:e250', 'en:e300', 'en:e301', 'en:e451', 'en:e575']",137.0,11.0,4.4,0.5,1.7,5.5,0.97
4 Nems au porc avec sauce nuoc-mâm,3366760015096,"['en:meals', 'en:fresh-foods', 'en:meals-with-meat', 'en:fresh-meals', 'en:pork-meals', 'en:nems', 'en:pork-nems']",0,[],[],230.0,12.0,3.2,1.6,2.2,7.3,0.94
Chili con carne,3560070748907,"['en:meats-and-their-products', 'en:meals', 'en:meals-with-meat', 'en:beef-dishes', 'en:chili-con-carne']",2,[],"['en:e14xx', 'en:e160c']",114.0,3.3,1.5,1.6,4.1,6.9,0.63
SALAD' PASTA Paysanne Poulet rôti,3560070771035,"['en:meals', 'en:meats-and-their-products', 'en:fresh-foods', 'en:pasta-dishes', 'en:prepared-salads', 'en:meals-with-meat', 'en:fresh-meals', 'en:pasta-salads', 'en:poultry-meals', 'en:salads-with-meat', 'en:meals-with-chicken', 'en:pasta-salad-with-meat', 'en:pasta-salad-with-chicken', 'en:vegetable-salads', 'en:salads']",2,[],"['en:e14xx', 'en:e415']",111.0,4.2,0.5,1.9,1.3,6.5,0.52
"Paella Valenciana 1,2kg",3660014108191,"['en:meats-and-their-products', 'en:meals', 'en:meals-with-meat', 'en:rice-dishes', 'en:paella']",4,[],"['en:e164', 'en:e223', 'en:e330', 'en:e331']",139.0,5.4,1.9,0.4,,8.2,0.7
Pizza jamón y queso,8480000636270,"['en:meals', 'en:meats-and-their-products', 'en:pizzas-pies-and-quiches', 'en:meals-with-meat', 'en:pizzas', 'en:pork-meals', 'en:pizza-with-ham-and-cheese']",0,[],[],224.0,8.0,3.4,1.6,0.0,14.0,1.5
Poulet Tikka Massala et riz basmati,3248830000907,"['en:meals', 'en:meats-and-their-products', 'en:meals-with-meat', 'en:rice-dishes', 'en:poultry-meals', 'en:meals-with-chicken', 'en:microwave-meals', 'en:chicken-tikka-masala']",0,[],[],121.0,2.8,1.6,2.1,0.7,8.6,0.66
Huvudroll,1904864550000,"['en:meals', 'en:meats-and-their-products', 'en:beef-and-its-products', 'en:meat-preparations', 'en:meals-with-meat', 'en:beef-dishes', 'en:beef-preparations', 'en:meat-balls', 'en:beef-meat-balls', 'en:frozen-meat-balls', 'en:boulettes-au-poulet', 'en:boulettes-de-viande', 'en:poulet-et-derives', 'en:preparations-au-poulet', 'en:preparations-de-viande', 'en:viandes-et-derives']",0,[],[],186.0,13.0,3.2,0.6,,13.0,1.475
Rahmgeschnetzeltes mit Hähnchen und Spätzle,4008366010967,"['en:meals', 'en:meats-and-their-products', 'en:meals-with-meat', 'en:poultry-meals', 'en:meals-with-chicken']",0,[],[],106.0,2.6,1.5,1.0,1.5,6.7,1.16
Ravioli bolognaise,3302740057472,"['en:meals', 'en:pasta-dishes', 'en:stuffed-pastas', 'en:meals-with-meat', 'en:ravioli', 'en:beef-dishes', 'en:stuffed-pastas-in-sauce']",0,[],[],150.0,8.7,2.2,1.6,1.5,5.2,0.67
Chicken & Mushroom Slice,5010718306306,"['en:meats-and-their-products', 'en:meals', 'en:chicken-and-its-products', 'en:pizzas-pies-and-quiches', 'en:meals-with-meat', 'en:salted-pies', 'en:meat-pies', 'en:poultry-meals', 'en:meals-with-chicken', 'en:chicken-and-mushroom-pies']",0,[],[],257.0,15.3,7.5,1.0,1.1,8.4,0.86
Steak Ragu Pappardelle,5052004603010,"['en:meals', 'en:pasta-dishes', 'en:meals-with-meat', 'en:beef-dishes', 'en:microwave-meals']",0,[],[],138.0,2.6,1.0,1.1,1.3,9.4,0.001
Risotto au poulet et aux cèpes,2006050129126,"['en:meats-and-their-products', 'en:frozen-foods', 'en:meals', 'en:meals-with-meat', 'en:rice-dishes', 'en:poultry-meals', 'en:risottos', 'en:meals-with-chicken', 'en:chicken-risottos']",0,[],[],123.0,4.4,2.2,0.72,0.2,6.8,0.18
Curry vert de poulet et riz au shiso,3270160866588,"['en:meals', 'en:meats-and-their-products', 'en:frozen-foods', 'en:meats', 'en:chicken-and-its-products', 'en:poultries', 'en:meals-with-meat', 'en:rice-dishes', 'en:chickens', 'en:combination-meals', 'en:cooked-poultries', 'en:poultry-meals', 'en:cooked-chicken', 'en:frozen-ready-made-meals', 'en:meals-with-chicken', 'en:microwave-meals', 'en:chicken-curry']",0,[],[],153.0,7.3,1.7,1.1,1.4,6.7,0.56
Coffret Poulet Rôti,3700009265369,"['en:meals', 'en:meats-and-their-products', 'en:pasta-dishes', 'en:prepared-salads', 'en:meals-with-meat', 'en:pasta-salads', 'en:poultry-meals', 'en:salads-with-meat', 'en:meals-with-chicken', 'en:pasta-salad-with-meat', 'en:pasta-salad-with-chicken', 'en:vegetable-salads', 'en:salads', 'fr:salade-snacking']",5,[],"['en:e322', 'en:e322i', 'en:e331', 'en:e422', 'en:e500']",197.0,10.0,1.3,3.5,2.0,6.8,0.48
Carpaccio Parmesan,3181232180504,"['en:seafood', 'en:meats-and-their-products', 'en:meals', 'en:meals-with-meat', 'en:beef-dishes', 'en:beef-carpaccio']",0,[],[],234.0,18.0,3.2,0.0,0.0,18.0,0.39
Piémontaise au jambon,3270190207474,"['en:meats-and-their-products', 'en:meals', 'en:prepared-salads', 'en:meals-with-meat', 'en:pork-meals', 'en:potato-dishes', 'en:potato-salads', 'en:piemontese-salads', 'en:piemontese-salads-with-ham', 'en:salads']",5,[],"['en:e14xx', 'en:e202', 'en:e250', 'en:e316', 'en:e415']",129.0,8.6,0.8,0.9,1.6,3.7,0.93
Poulet Rôti et Pommes de terre Fondantes,3248833086700,"['en:meats-and-their-products', 'en:frozen-foods', 'en:meals', 'en:meats', 'en:chicken-and-its-products', 'en:poultries', 'en:meals-with-meat', 'en:chickens', 'en:cooked-poultries', 'en:poultry-meals', 'en:cooked-chicken', 'en:frozen-ready-made-meals', 'en:meals-with-chicken', 'en:roast-chicken']",0,[],[],131.0,5.3,0.7,0.6,1.4,6.2,0.67
Raviolis Bolognaise,3021690029123,"['en:canned-foods', 'en:meats-and-their-products', 'en:meals', 'en:pasta-dishes', 'en:meals-with-meat', 'en:stuffed-pastas', 'en:beef-dishes', 'en:pasta-stuffed-with-meat', 'en:ravioli', 'en:canned-meals', 'en:meat-ravioli', 'en:beef-ravioli', 'en:bolognese-raviolis', 'en:canned-raviolis']",0,[],[],98.0,3.0,1.3,1.4,1.3,4.6,0.82
Tagliatelles à la Carbonara lardons fumés et crème fraîche,3166350006271,"['en:meats-and-their-products', 'en:meals', 'en:pasta-dishes', 'en:meals-with-meat', 'en:pork-meals', 'en:microwave-meals', 'en:carbonara-style-pasta', 'en:tagliatelle-with-carbonara']",1,[],['en:e300'],174.0,9.6,4.4,0.9,0.5,5.6,0.58
Bœuf Bourguignon Torsades,3248830015277,"['en:meats-and-their-products', 'en:meals', 'en:pasta-dishes', 'en:meals-with-meat', 'en:beef-dishes', 'en:beef-stews', 'en:microwave-meals', 'en:boeufs-bourguignons']",0,[],[],131.0,4.4,1.4,1.2,0.9,8.5,0.66
Chili con carné au piment de Cayenne,3564700859582,"['en:meats-and-their-products', 'en:meals', 'en:meals-with-meat', 'en:beef-dishes', 'en:chili-con-carne']",1,[],['en:e160c'],102.0,1.7,0.7,1.5,4.5,6.4,0.77
Piemontaise jambon 320g,3083681124668,"['en:meals', 'en:meats-and-their-products', 'en:prepared-salads', 'en:meals-with-meat', 'en:pork-meals', 'en:potato-dishes', 'en:potato-salads', 'en:piemontese-salads', 'en:piemontese-salads-with-ham', 'en:vegetables-prepared-processed-perishable']",3,[],"['en:e300', 'en:e415', 'en:e509']",132.0,9.6,1.0,1.1,1.4,4.0,0.85
Pizza jamón y queso,8480000635815,"['en:meats-and-their-products', 'en:meals', 'en:pizzas-pies-and-quiches', 'en:meals-with-meat', 'en:pizzas', 'en:pork-meals', 'en:pizza-with-ham-and-cheese']",6,[],"['en:e250', 'en:e301', 'en:e330', 'en:e331', 'en:e331iii', 'en:e407', 'en:e451', 'en:e451i']",224.0,7.5,3.4,1.6,,14.0,0.00375
Cassoulet de Castelnaudary,3560070851416,"['en:canned-foods', 'en:meats-and-their-products', 'en:meals', 'en:meals-with-meat', 'en:poultry-meals', 'en:bean-dishes', 'en:canned-meals', 'en:duck-dishes', 'en:cassoulets', 'en:cassoulets-with-duck-confit']",0,[],[],164.0,9.9,3.6,0.5,4.0,11.0,0.84
Pizza Del Gusto Jambon cru,3700009267813,"['en:meats-and-their-products', 'en:meals', 'en:pizzas-pies-and-quiches', 'en:meals-with-meat', 'en:pizzas', 'en:pork-meals', 'en:ham-pizzas', 'en:cured-ham-pizza', 'en:pizza-with-ham-and-cheese']",0,[],[],226.0,7.7,3.2,3.3,2.5,11.0,1.2
Hähnchen Paella,4008366008704,"['en:frozen-foods', 'en:meals', 'en:meats-and-their-products', 'en:meats', 'en:meals-with-meat', 'en:rice-dishes', 'en:combination-meals', 'en:frozen-ready-made-meals', 'en:paella', 'en:geflugel', 'en:geflugelgerichte', 'en:huhnchen', 'en:huhnerfleischgerichte', 'en:tiefkuhlprodukte']",0,[],[],125.0,4.7,1.3,2.2,1.3,6.1,1.01
Veau et ses petits légumes,3564700659694,"['en:meats-and-their-products', 'en:meals', 'en:meals-with-meat', 'en:beef-dishes', 'en:microwave-meals', 'en:veal-meat-dishes']",3,[],"['en:e270', 'en:e451', 'en:e575']",66.0,2.3,1.0,2.4,1.5,6.2,1.0
Xtrembox radiatori poulet bacon,3242272263050,"['en:meats-and-their-products', 'en:meals', 'en:pasta-dishes', 'en:meals-with-meat', 'en:poultry-meals', 'en:microwave-meals', 'en:pots']",4,[],"['en:e202', 'en:e250', 'en:e262', 'en:e262i', 'en:e301']",171.0,5.8,2.6,1.2,1.6,8.3,0.63
Paëlla aux fruits de mer,3456700230303,"['en:meats-and-their-products', 'en:meals', 'en:meals-with-meat', 'en:rice-dishes', 'en:paella']",0,[],[],126.0,3.9,0.5,1.2,0.0,5.0,0.77
Chili con carne,20147563,"['en:meals', 'en:meats-and-their-products', 'en:meals-with-meat', 'en:chili-con-carne']",1,[],['en:e14xx'],109.0,2.5,0.8,1.4,2.0,5.1,0.88
Le colombo de Poulet et son riz long,3302740044427,"['en:meals', 'en:meats-and-their-products', 'en:meals-with-meat', 'en:rice-dishes', 'en:poultry-meals', 'en:meals-with-chicken', 'en:microwave-meals', 'fr:colombo-de-poulet']",0,[],[],158.0,8.1,3.7,0.6,1.0,7.7,0.8
Bami Goreng,4056489127284,"['en:plant-based-foods-and-beverages', 'en:plant-based-foods', 'en:meats-and-their-products', 'en:frozen-foods', 'en:meals', 'en:pasta-dishes', 'en:pastas', 'en:meals-with-meat', 'en:noodles', 'en:poultry-meals', 'en:meals-with-chicken', 'en:microwave-meals']",0,[],[],128.0,3.31,0.507,1.81,2.0,6.69,0.708
Thai Style Hähnchen mit Bandnudeln,4008366013852,"['en:meats-and-their-products', 'en:meals', 'en:meals-with-meat', 'en:poultry-meals', 'en:meals-with-chicken']",0,[],[],100.0,2.3,0.4,2.4,2.0,5.8,0.965
Risotto poulet et champignons,3487400005823,"['en:plant-based-foods-and-beverages', 'en:plant-based-foods', 'en:cereals-and-potatoes', 'en:meals', 'en:seeds', 'en:cereals-and-their-products', 'en:cereal-grains', 'en:meals-with-meat', 'en:rice-dishes', 'en:rices', 'en:poultry-meals', 'en:risottos', 'en:meals-with-chicken', 'en:microwave-meals', 'en:vegetable-risottos', 'en:chicken-risottos', 'en:mushroom-risottos', 'en:pots', 'en:rice-in-pots']",0,[],[],177.0,3.0,0.6,0.5,0.9,4.6,0.82
Parmentier de bœuf charolais effiloché,3248830001485,"['en:meals', 'en:meats-and-their-products', 'en:frozen-foods', 'en:meals-with-meat', 'en:beef-dishes', 'en:microwave-meals', 'en:beef-cottage-pies']",0,[],[],157.0,9.9,5.9,1.4,1.5,6.2,0.68
Cassoulet de Castelnaudary pur porc,3564709197104,"['en:meats-and-their-products', 'en:frozen-foods', 'en:meals', 'en:meals-with-meat', 'en:bean-dishes', 'en:cassoulets', 'en:pork-cassoulets']",0,[],[],130.0,6.0,2.3,0.5,4.0,9.0,0.7
Moussaka Bœuf Aubergines,3248830001768,"['en:frozen-foods', 'en:meals', 'en:meals-with-meat', 'en:beef-dishes', 'en:moussaka']",0,[],[],162.0,11.0,5.2,2.0,2.1,4.8,0.66
Porc au caramel,3261055952189,"['en:frozen-foods', 'en:meals', 'en:meals-with-meat', 'en:rice-dishes', 'en:pork-meals', 'en:caramel-pork']",2,[],"['en:e331', 'en:e412']",117.0,3.6,0.9,3.9,1.2,6.5,0.97
Cassoulet de Castelnaudary pur porc,3564709197142,"['en:frozen-foods', 'en:meals', 'en:meals-with-meat', 'en:bean-dishes', 'en:cassoulets', 'en:pork-cassoulets']",0,[],[],130.0,6.0,2.3,0.5,4.0,9.0,0.7
Kit bo bun,3229820803319,"['en:plant-based-foods-and-beverages', 'en:plant-based-foods', 'en:meals', 'en:pastas', 'en:meals-with-meat', 'en:noodles', 'en:poultry-meals', 'en:meals-with-chicken', 'en:rice-vermicelli', 'en:dried-rice-noodles']",6,[],"['en:e260', 'en:e270', 'en:e300', 'en:e330', 'en:e415', 'en:e509']",153.0,7.9,0.9,7.4,1.4,3.7,2.0
"CHICKEN, TOMATO & BASIL PASTA",03258743,"['en:meals', 'en:pasta-dishes', 'en:prepared-salads', 'en:meals-with-meat', 'en:pasta-salads', 'en:poultry-meals', 'en:salads-with-meat', 'en:meals-with-chicken', 'en:pasta-salad-with-meat', 'en:pasta-salad-with-chicken']",1,[],['en:e160c'],159.0,3.2,0.4,3.8,1.4,5.5,0.393
Chicken Jalfrezi with Pilau Rice,5059697722523,"['en:meats-and-their-products', 'en:meals', 'en:meals-with-meat', 'en:rice-dishes', 'en:poultry-meals', 'en:meals-with-chicken', 'en:chicken-curry']",2,[],"['en:e100', 'en:e160c']",114.0,3.11,0.402,2.09,1.61,6.6,0.517
,3181232180559,"['en:meats-and-their-products', 'en:meals', 'en:meals-with-meat', 'en:beef-dishes', 'en:beef-carpaccio']",0,[],[],212.0,16.0,1.8,0.0,,17.0,0.62
Ravioli Bœuf Bio,3478820031486,"['en:plant-based-foods-and-beverages', 'en:plant-based-foods', 'en:canned-foods', 'en:cereals-and-potatoes', 'en:meats-and-their-products', 'en:cereals-and-their-products', 'en:meals', 'en:pasta-dishes', 'en:pastas', 'en:meals-with-meat', 'en:stuffed-pastas', 'en:beef-dishes', 'en:pasta-stuffed-with-meat', 'en:ravioli', 'en:canned-meals', 'en:meat-ravioli', 'en:beef-ravioli', 'en:canned-raviolis']",0,[],[],84.0,1.8,0.5,4.0,1.6,3.2,1.0
Le Ravioli (Pur Bœuf),3038352880404,"['en:plant-based-foods-and-beverages', 'en:plant-based-foods', 'en:canned-foods', 'en:cereals-and-potatoes', 'en:meats-and-their-products', 'en:cereals-and-their-products', 'en:meals', 'en:pasta-dishes', 'en:pastas', 'en:meals-with-meat', 'en:stuffed-pastas', 'en:beef-dishes', 'en:pasta-stuffed-with-meat', 'en:ravioli', 'en:canned-meals', 'en:meat-ravioli', 'en:beef-ravioli', 'en:canned-raviolis']",1,[],['en:e14xx'],86.0,2.2,0.8,2.0,1.7,3.8,0.85
Zapetti Bio Ravioli pur bœuf,3021690029147,"['en:plant-based-foods-and-beverages', 'en:plant-based-foods', 'en:canned-foods', 'en:meats-and-their-products', 'en:meals', 'en:pasta-dishes', 'en:pastas', 'en:meals-with-meat', 'en:stuffed-pastas', 'en:beef-dishes', 'en:pasta-stuffed-with-meat', 'en:ravioli', 'en:canned-meals', 'en:meat-ravioli', 'en:beef-ravioli', 'en:canned-raviolis']",0,[],[],76.0,1.6,0.6,1.9,2.0,3.5,0.64
Lasagnes à la Bolognaise,3270160861026,"['en:meals', 'en:meats-and-their-products', 'en:frozen-foods', 'en:pasta-dishes', 'en:meals-with-meat', 'en:prepared-lasagne', 'en:beef-dishes', 'en:combination-meals', 'en:frozen-ready-made-meals', 'en:meat-lasagnas', 'en:microwave-meals', 'en:bolognese-lasagne', 'en:frozen-lasagne']",0,[],[],127.0,6.2,3.0,3.0,1.4,6.5,0.78
Ravioli pur boeuf,3021690029154,"['en:plant-based-foods-and-beverages', 'en:plant-based-foods', 'en:canned-foods', 'en:cereals-and-potatoes', 'en:meats-and-their-products', 'en:cereals-and-their-products', 'en:frozen-foods', 'en:meals', 'en:pasta-dishes', 'en:pastas', 'en:meals-with-meat', 'en:stuffed-pastas', 'en:beef-dishes', 'en:pasta-stuffed-with-meat', 'en:ravioli', 'en:canned-meals', 'en:meat-ravioli', 'en:beef-ravioli', 'en:canned-raviolis']",0,[],[],87.0,2.2,0.5,1.0,1.9,3.5,0.64
Lapin Chasseur et ses pommes de terre,3261055862006,"['en:meals', 'en:meats-and-their-products', 'en:meals-with-meat', 'en:meals-with-rabbit-or-hare', 'en:microwave-meals', 'en:rabbit-dishes', 'fr:lapin-chasseur']",6,[],"['en:e14xx', 'en:e300', 'en:e330', 'en:e415', 'en:e451', 'en:e452']",81.0,1.5,0.3,1.7,1.8,4.9,1.0
Petit salé aux lentilles,3049580543450,"['en:canned-foods', 'en:meats-and-their-products', 'en:meals', 'en:meals-with-meat', 'en:canned-meals', 'en:lentil-dishes', 'en:salt-cured-pork-belly-with-lentils']",3,[],"['en:e250', 'en:e451', 'en:e452']",100.0,3.4,1.1,0.5,2.3,8.3,1.0
Chili con carne au bœuf,3021690011258,"['en:canned-foods', 'en:meats-and-their-products', 'en:meals', 'en:meals-with-meat', 'en:beef-dishes', 'en:canned-meals', 'en:chili-con-carne']",0,[],[],106.0,2.9,0.9,1.2,5.0,6.4,0.81
Fricadelles de volaille,20138721,"['en:meats-and-their-products', 'en:meals', 'en:meat-preparations', 'en:meats', 'en:prepared-meats', 'en:meals-with-meat', 'en:poultry-meals', 'en:frikandel', 'fr:frikadellen', 'fr:geflugelfrikadellen']",0,[],[],220.0,15.0,4.5,1.0,,14.0,1.7
Saucisses aux Lentilles aux Petits Oignons,3564700009956,"['en:canned-foods', 'en:meats-and-their-products', 'en:meals', 'en:meals-with-meat', 'en:canned-meals', 'en:lentil-dishes', 'en:sausages-with-lentils']",5,[],"['en:e250', 'en:e407', 'en:e412', 'en:e415', 'en:e451']",104.0,4.7,1.7,0.7,2.4,6.8,0.9
Ravioli Pur Bœuf,3245412366185,"['en:plant-based-foods-and-beverages', 'en:plant-based-foods', 'en:canned-foods', 'en:cereals-and-potatoes', 'en:meats-and-their-products', 'en:cereals-and-their-products', 'en:meals', 'en:pasta-dishes', 'en:pastas', 'en:meals-with-meat', 'en:stuffed-pastas', 'en:beef-dishes', 'en:pasta-stuffed-with-meat', 'en:ravioli', 'en:canned-meals', 'en:meat-ravioli', 'en:beef-ravioli', 'en:canned-raviolis']",1,[],['en:e14xx'],83.0,2.4,0.9,1.9,1.4,3.3,0.78
Piémontaise Jambon supérieur et tomates fraîches,3250391468911,"['en:meats-and-their-products', 'en:meals', 'en:prepared-salads', 'en:meals-with-meat', 'en:pork-meals', 'en:potato-dishes', 'en:potato-salads', 'en:piemontese-salads', 'en:piemontese-salads-with-ham', 'en:salads']",6,[],"['en:e14xx', 'en:e202', 'en:e223', 'en:e250', 'en:e415', 'en:e428']",103.0,5.7,0.7,0.7,1.9,3.1,0.83
Cassoulet boîte de 420g,3256225733828,"['en:canned-foods', 'en:meats-and-their-products', 'en:meals', 'en:meals-with-meat', 'en:bean-dishes', 'en:canned-meals', 'en:cassoulets']",1,[],['en:e451'],110.0,4.5,1.5,0.6,3.8,7.6,0.81
Diverse,4008366008582,"['en:frozen-foods', 'en:meals', 'en:meats-and-their-products', 'en:meals-with-meat', 'en:combination-meals', 'en:poultry-meals', 'en:frozen-ready-made-meals', 'en:meals-with-chicken']",0,[],[],144.0,8.2,3.0,1.1,0.9,6.1,0.99
Poulet Basquaise et son riz,3564700653319,"['en:meats-and-their-products', 'en:meals', 'en:meals-with-meat', 'en:rice-dishes', 'en:poultry-meals', 'en:meals-with-chicken', 'en:microwave-meals', 'en:chicken-basque-style']",3,[],"['en:e14xx', 'en:e160c', 'en:e451']",128.0,4.1,0.9,1.6,0.7,6.4,0.91
"Blanquette de veau, Riz crémeux et Champignons émincés",3248830227236,"['en:meats-and-their-products', 'en:meals', 'en:meals-with-meat', 'en:rice-dishes', 'en:beef-dishes', 'en:microwave-meals', 'en:veal-meat-dishes', 'en:veal-blanquette']",0,[],[],132.0,6.0,2.9,1.0,0.8,7.0,0.47
Cassoulet pur porc,3022820007578,"['en:canned-foods', 'en:meats-and-their-products', 'en:meals', 'en:meals-with-meat', 'en:pork-meals', 'en:bean-dishes', 'en:canned-meals', 'en:cassoulets']",6,[],"['en:e14xx', 'en:e250', 'en:e262', 'en:e262i', 'en:e301', 'en:e331', 'en:e452']",108.0,4.6,1.7,1.5,2.9,7.6,1.0
,20680749,"['en:meats-and-their-products', 'en:meals', 'en:meals-with-meat', 'en:chili-con-carne']",1,[],['en:e160c'],141.0,3.8,1.3,0.9,,8.8,0.5
Riz à la basquaise 300G,3083681149586,"['en:meals', 'en:prepared-salads', 'en:meals-with-meat', 'en:rice-dishes', 'en:poultry-meals', 'en:meals-with-chicken', 'en:rice-salads', 'en:vegetables-prepared-processed-perishable']",0,[],[],143.0,4.5,0.5,2.0,1.0,4.0,0.61
Baked Beans&Sausages200g,5000157024930,"['en:plant-based-foods-and-beverages', 'en:plant-based-foods', 'en:legumes-and-their-products', 'en:legumes', 'en:meats-and-their-products', 'en:seeds', 'en:legume-seeds', 'en:meals', 'en:pulses', 'en:common-beans', 'en:meals-with-meat', 'en:pork-meals']",1,[],['en:e451'],94.0,3.3,1.0,4.1,3.0,5.3,0.7
Piri piri chicken,5060084345591,"['en:meals', 'en:meals-with-meat', 'en:poultry-meals', 'en:meals-with-chicken']",2,[],"['en:e160c', 'en:e440']",87.0,1.1,0.9,1.6,1.6,8.9,0.31
Chicken Arrabbiata,00339469,"['en:meats-and-their-products', 'en:meals', 'en:fresh-foods', 'en:meals-with-meat', 'en:fresh-meals', 'en:poultry-meals', 'en:meals-with-chicken', 'en:microwave-meals']",1,[],['en:e440'],114.0,2.9,0.6,1.9,1.1,7.7,0.619
Nutritious salad,29227075,"['en:meats-and-their-products', 'en:meals', 'en:meals-with-meat', 'en:poultry-meals', 'en:meals-with-chicken']",0,[],[],149.0,7.2,1.1,4.6,2.7,7.4,0.48
Korean BBQ Beef Gyoza Dinner Dumplings,5060262487730,"['en:plant-based-foods-and-beverages', 'en:plant-based-foods', 'en:meals', 'en:pasta-dishes', 'en:pastas', 'en:stuffed-pastas', 'en:meals-with-meat', 'en:ravioli', 'en:beef-dishes', 'en:chinese-dumplings', 'en:japanese-ravioli']",0,[],[],191.0,7.8,3.3,4.2,2.8,11.0,1.0825
Poulet émincé à la normande,3248830002291,"['en:meats-and-their-products', 'en:meals', 'en:meats', 'en:chicken-and-its-products', 'en:poultries', 'en:meals-with-meat', 'en:chickens', 'en:poultry-meals', 'en:meals-with-chicken', 'en:microwave-meals']",0,[],[],143.0,7.67,3.1,1.1,1.6,6.67,0.61
Le Cannelloni (100 % pur Bœuf),3038352910200,"['en:plant-based-foods-and-beverages', 'en:plant-based-foods', 'en:canned-foods', 'en:cereals-and-potatoes', 'en:meats-and-their-products', 'en:cereals-and-their-products', 'en:meals', 'en:meat-preparations', 'en:meats', 'en:pasta-dishes', 'en:pastas', 'en:meals-with-meat', 'en:stuffed-pastas', 'en:beef-dishes', 'en:cannelloni', 'en:pasta-stuffed-with-meat', 'en:ravioli', 'en:canned-meals', 'en:meat-ravioli', 'en:beef-cannelloni', 'en:beef-ravioli', 'en:bolognese-cannelloni']",1,[],['en:e14xx'],116.0,3.7,1.4,2.1,1.2,5.0,0.835
Chili con carne et riz Bio,3560070482788,"['en:meals', 'en:meats-and-their-products', 'en:meals-with-meat', 'en:beef-dishes', 'en:microwave-meals', 'en:chili-con-carne']",1,[],['en:e412'],124.0,2.6,1.1,2.4,4.2,7.0,0.4
"16 mini-nems (Poulet, menthe, Légumes, coriandre), Précuits, Surgelés (2 x 8 pièces)",3270160727315,"['en:meats-and-their-products', 'en:frozen-foods', 'en:meals', 'en:meals-with-meat', 'en:poultry-meals', 'en:frozen-ready-made-meals', 'en:meals-with-chicken', 'en:nems', 'en:chicken-nems']",0,[],[],233.0,9.0,1.0,2.3,2.2,8.1,1.2
4 tomates farcies,3270160630554,"['en:plant-based-foods-and-beverages', 'en:plant-based-foods', 'en:fruits-and-vegetables-based-foods', 'en:meats-and-their-products', 'en:vegetables-based-foods', 'en:frozen-foods', 'en:meals', 'en:meat-preparations', 'en:meats', 'en:meals-with-meat', 'en:prepared-vegetables', 'en:tomatoes-and-their-products', 'en:frozen-ready-made-meals', 'en:stuffed-tomatoes']",0,[],[],82.0,4.6,1.4,1.9,1.4,6.5,0.41
Caldo de marisco para paella o fideuá,8480000070210,"['en:meals', 'en:meats-and-their-products', 'en:meals-with-meat', 'en:rice-dishes', 'en:broths', 'en:liquid-broths', 'en:paella', 'en:groceries']",0,[],[],17.0,1.2,0.2,0.5,0.5,1.0,0.93
Rôti de Porc Gratin Dauphinois,3188720002447,"['en:meats-and-their-products', 'en:meals', 'en:gratins', 'en:meals-with-meat', 'en:pork-meals', 'en:potato-gratin', 'en:microwave-meals', 'en:dauphine-style-creamed-potatoes-au-gratin']",3,[],"['en:e412', 'en:e415', 'en:e451']",140.0,8.0,4.0,1.6,1.6,8.8,0.86
Langue de boeuf sauce madère,3256477081029,"['en:meats-and-their-products', 'en:beef-and-its-products', 'en:meals', 'en:meat-preparations', 'en:meats', 'en:beef', 'en:meals-with-meat', 'en:beef-dishes', 'en:beef-preparations', 'en:beef-tongues', 'en:beef-tongues-with-madeira-sauce']",0,[],[],189.0,14.7,7.2,2.1,0.0,10.0,1.1
Nems au Porc,3270160860142,"['en:meats-and-their-products', 'en:frozen-foods', 'en:meals', 'en:meals-with-meat', 'en:pork-meals', 'en:frozen-ready-made-meals', 'en:nems', 'en:pork-nems']",0,[],[],278.0,19.0,4.5,1.7,2.4,7.7,1.1
Lentilles façon Petit Salé 4/4,3083681040487,"['en:plant-based-foods-and-beverages', 'en:plant-based-foods', 'en:legumes-and-their-products', 'en:canned-foods', 'en:legumes', 'en:meals', 'en:meats-and-their-products', 'en:seeds', 'en:legume-seeds', 'en:pulses', 'en:lentils', 'en:meals-with-meat', 'en:canned-meals', 'en:lentil-dishes', 'en:prepared-lentils', 'en:salt-cured-pork-belly-with-lentils', 'en:vegetables-prepared-processed-shelf-stable']",1,[],['en:e509'],63.0,0.3,0.01,0.4,3.3,4.9,0.86
Cassoulet de Castelnaudary,3245390035165,"['en:canned-foods', 'en:meats-and-their-products', 'en:meals', 'en:meals-with-meat', 'en:poultry-meals', 'en:bean-dishes', 'en:canned-meals', 'en:duck-dishes', 'en:cassoulets', 'en:cassoulets-with-duck-confit']",0,[],[],166.0,9.9,3.6,0.5,4.0,11.0,0.83
Potée aux choux,3049580540022,"['en:canned-foods', 'en:meats-and-their-products', 'en:meals', 'en:meals-with-meat', 'en:canned-meals', 'en:microwave-meals', 'fr:potees', 'fr:potees-aux-choux']",5,[],"['en:e223', 'en:e250', 'en:e407a', 'en:e451', 'en:e452']",66.0,2.9,1.4,1.7,2.0,5.5,0.9
Volaille et lentilles aux petits légumes,3560070358274,"['en:meats-and-their-products', 'en:meals', 'en:meals-with-meat', 'en:poultry-meals', 'en:lentil-dishes', 'en:microwave-meals']",2,[],"['en:e412', 'en:e415']",99.0,2.4,0.5,2.4,5.1,9.1,0.78
Hachis parmentier,3248830723448,"['en:meats-and-their-products', 'en:frozen-foods', 'en:meals', 'en:meals-with-meat', 'en:beef-dishes', 'en:combination-meals', 'en:frozen-ready-made-meals', 'en:microwave-meals', 'en:beef-cottage-pies']",0,[],[],128.0,7.0,3.6,2.4,1.3,5.8,0.62
Pizza fresca jamón y queso,8410762220059,"['en:meats-and-their-products', 'en:meals', 'en:pizzas-pies-and-quiches', 'en:meals-with-meat', 'en:pizzas', 'en:pork-meals', 'en:pizza-with-ham-and-cheese']",6,[],"['en:e250', 'en:e301', 'en:e330', 'en:e331', 'en:e331iii', 'en:e407', 'en:e451', 'en:e451i']",56.0493827160494,1.85185185185185,0.839506172839506,0.395061728395062,0.0,3.45679012345679,0.925925925925925
4 nems poulet sauce au Nuoc-Mâm,26066455,"['en:frozen-foods', 'en:meals', 'en:meals-with-meat', 'en:poultry-meals', 'en:meals-with-chicken', 'en:nems', 'en:chicken-nems']",0,[],[],194.0,8.0,1.1,1.4,3.0,9.1,1.2
Tripes à la sauce catalane,3379670016442,"['en:canned-foods', 'en:meals', 'en:fish-and-meat-and-eggs', 'en:meals-with-meat', 'en:offals', 'en:tripe-dishes', 'en:canned-meals', 'en:specialty-made-with-tripe', 'en:tripe']",0,[],[],108.0,3.9,1.4,0.4,0.5,15.7,1.0
Poêlée à la paysanne Saucisses fumées,3248833088681,"['en:meats-and-their-products', 'en:frozen-foods', 'en:meals', 'en:meals-with-meat', 'en:pan-fried-dishes', 'en:pork-meals', 'en:frozen-ready-made-meals', 'fr:poelees-a-la-paysanne']",0,[],[],136.0,6.4,1.8,1.3,1.8,4.6,0.63
Piémontaise au jambon,3564700330876,"['en:meats-and-their-products', 'en:meals', 'en:fresh-foods', 'en:prepared-salads', 'en:meals-with-meat', 'en:pork-meals', 'en:potato-dishes', 'en:potato-salads', 'en:piemontese-salads', 'en:piemontese-salads-with-ham', 'en:salads']",6,[],"['en:e14xx', 'en:e202', 'en:e250', 'en:e270', 'en:e316', 'en:e415']",129.0,8.6,0.8,0.9,1.6,3.7,0.93
Cassoulet à la saucisse de Toulouse,3564700356197,"['en:canned-foods', 'en:meats-and-their-products', 'en:meals', 'en:meals-with-meat', 'en:bean-dishes', 'en:canned-meals', 'en:cassoulets', 'en:cassoulets-with-toulouse-sausage']",1,[],['en:e451'],157.0,8.7,2.8,0.6,4.4,9.3,0.67
Cassoulet de Castelnaudary,3560071013646,"['en:meats-and-their-products', 'en:meals', 'en:meals-with-meat', 'en:bean-dishes', 'en:cassoulets', 'en:pork-cassoulets']",0,[],[],141.0,7.4,3.0,0.5,3.8,10.0,0.7
1 boîte Cassoulet (2 Pers.),26021331,"['en:canned-foods', 'en:meats-and-their-products', 'en:meals', 'en:meals-with-meat', 'en:pork-meals', 'en:bean-dishes', 'en:canned-meals', 'en:cassoulets']",6,[],"['en:e250', 'en:e316', 'en:e407a', 'en:e450', 'en:e451', 'en:e452']",105.0,3.6,1.4,1.5,3.3,7.2,0.9
,4056489090540,"['en:meats-and-their-products', 'en:meals', 'en:prepared-salads', 'en:meals-with-fish', 'en:meals-with-meat', 'en:salads-with-fish', 'en:pork-meals', 'en:potato-dishes', 'en:tuna-salads', 'en:potato-salads', 'en:piemontese-salads', 'en:piemontese-salads-with-ham']",3,[],"['en:e14xx', 'en:e161b', 'en:e412']",135.0,8.9,0.7,1.5,,8.4,1.0
Pizza Prosciutto e Funghi,4260414150456,"['en:meals', 'en:pizzas-pies-and-quiches', 'en:meals-with-meat', 'en:pizzas', 'en:pork-meals', 'en:ham-pizzas', 'en:pizza-with-ham-and-cheese']",2,[],"['en:e250', 'en:e301']",202.0,6.5,3.9,1.8,1.8,11.0,1.6
Cassoulet,3245414146389,"['en:meats-and-their-products', 'en:meals', 'en:meals-with-meat', 'en:pork-meals', 'en:bean-dishes', 'en:microwave-meals', 'en:cassoulets']",3,[],"['en:e14xx', 'en:e392', 'en:e509']",144.0,7.5,2.6,0.7,3.6,9.2,0.88
Couscous royal,3248830001317,"['en:meals', 'en:meals-with-meat', 'en:savory-semolina-dishes', 'en:poultry-meals', 'en:prepared-couscous', 'en:couscous-with-meat', 'en:royal-couscous']",0,[],[],136.0,6.5,1.5,1.7,1.5,5.5,0.65
Filet de Poulet et ses pommes de terre à la Sarladaise,3564700776629,"['en:meats-and-their-products', 'en:meals', 'en:meals-with-meat', 'en:poultry-meals', 'en:meals-with-chicken', 'en:microwave-meals']",1,[],['en:e407'],133.0,4.6,1.4,1.3,1.6,8.4,0.9
Porc Au Caramel Et Riz,3379670017432,"['en:meats-and-their-products', 'en:meals', 'en:meals-with-meat', 'en:pork-meals', 'en:microwave-meals', 'en:caramel-pork']",3,[],"['en:e14xx', 'en:e407a', 'en:e451']",134.0,2.5,0.7,4.5,0.9,8.1,0.88
Butter Chicken,00481502,"['en:meals', 'en:meals-with-meat', 'en:poultry-meals', 'en:meals-with-chicken', 'en:butter-chicken']",1,[],['en:e160c'],192.0,12.7,5.1,3.8,0.6,13.6,0.4425
Spaghetti & meatballs,00427722,"['en:meats-and-their-products', 'en:meals', 'en:pasta-dishes', 'en:meals-with-meat']",1,[],['en:e440'],128.0,5.2,1.3,2.9,1.4,6.6,0.443
Stonebaked Pizza Ham,4056489443049,"['en:frozen-foods', 'en:meals', 'en:meats-and-their-products', 'en:pizzas-pies-and-quiches', 'en:meals-with-meat', 'en:pizzas', 'en:pork-meals', 'en:frozen-pizzas-and-pies', 'en:frozen-pizzas', 'en:pizza-with-ham-and-cheese']",4,[],"['en:e14xx', 'en:e250', 'en:e301', 'en:e450']",212.0,6.4,2.5,3.5,2.0,10.5,0.9825
Chicken Tikka Masala,00953023,"['en:meats-and-their-products', 'en:meals', 'en:meals-with-meat', 'en:poultry-meals', 'en:refrigerated-foods', 'en:meals-with-chicken', 'en:chicken-tikka-masala']",1,[],['en:e160c'],158.0,9.5,3.9,2.7,0.9,13.5,0.7
Cassoulet au Confit d'Oie,3245360071124,"['en:canned-foods', 'en:meats-and-their-products', 'en:meals', 'en:meals-with-meat', 'en:bean-dishes', 'en:canned-meals', 'en:cassoulets', 'fr:cassoulets-au-confit-d-oie']",0,[],[],132.0,5.8,2.1,0.5,,10.0,0.9
Dinde rôtie champignons et Duo de riz,3188720004403,"['en:meals', 'en:meats-and-their-products', 'en:meals-with-meat', 'en:poultry-meals', 'en:microwave-meals']",0,[],[],107.0,2.3,1.2,0.2,0.6,7.0,0.96
Délices de Volaille,3661112056728,"['en:meats-and-their-products', 'en:meals', 'en:meats', 'en:prepared-meats', 'en:poultries', 'en:sausages', 'en:meals-with-meat', 'en:poultry-meals', 'en:meals-with-chicken', 'en:poultry-sausages']",7,[],"['en:e250', 'en:e300', 'en:e316', 'en:e331', 'en:e450', 'en:e451', 'en:e575']",191.0,11.0,3.5,0.3,1.0,14.0,1.7
Cassoulet toulousain,3270190125761,"['en:canned-foods', 'en:meals', 'en:meats-and-their-products', 'en:meals-with-meat', 'en:poultry-meals', 'en:bean-dishes', 'en:canned-meals', 'en:duck-dishes', 'en:cassoulets', 'en:cassoulets-with-duck-confit', 'en:cassoulets-with-toulouse-sausage']",0,[],[],139.0,6.6,2.6,0.5,3.6,10.0,0.76
Prosciutto-pizza,20673659,"['en:meats-and-their-products', 'en:frozen-foods', 'en:meals', 'en:pizzas-pies-and-quiches', 'en:meals-with-meat', 'en:pizzas', 'en:pork-meals', 'en:frozen-pizzas-and-pies', 'en:frozen-pizzas', 'en:pizza-with-ham-and-cheese']",6,[],"['en:e14xx', 'en:e250', 'en:e301', 'en:e330', 'en:e450', 'en:e500']",210.0,6.2,3.3,2.8,1.9,11.5,1.4
Corned Beef,26013008,"['en:canned-foods', 'en:meats-and-their-products', 'en:beef-and-its-products', 'en:meals', 'en:meats', 'en:beef', 'en:meals-with-meat', 'en:beef-dishes', 'en:canned-meats', 'en:corned-beef']",1,[],['en:e250'],230.0,16.0,7.2,0.4,0.4,21.0,1.875
Pastilla poulet legumes,3270160475681,"['en:meats-and-their-products', 'en:frozen-foods', 'en:meals', 'en:meals-with-meat', 'en:poultry-meals', 'en:frozen-ready-made-meals', 'en:meals-with-chicken']",2,[],"['en:e202', 'en:e920']",158.0,6.6,3.1,3.8,2.4,9.8,0.68
Cassoulet de Castelnaudary,3560071168384,"['en:meats-and-their-products', 'en:frozen-foods', 'en:meals', 'en:meals-with-meat', 'en:bean-dishes', 'en:cassoulets', 'fr:cassoulets-de-castelnaudary']",0,[],[],143.0,7.4,3.0,3.0,3.8,10.0,0.7
Pizza Jambon Speck Gorgonzola Mozzarella,3700009272695,"['en:frozen-foods', 'en:meals', 'en:pizzas-pies-and-quiches', 'en:meals-with-meat', 'en:pizzas', 'en:pork-meals', 'en:frozen-pizzas-and-pies', 'en:ham-pizzas', 'en:cured-ham-pizza', 'en:frozen-pizzas', 'en:pizza-with-ham-and-cheese']",2,[],"['en:e250', 'en:e251']",263.0,11.0,4.8,2.1,1.9,14.0,1.6
Chili con carne aux boeuf et aux haricots rouges,3335880003214,"['en:canned-foods', 'en:meats-and-their-products', 'en:meals', 'en:meals-with-meat', 'en:beef-dishes', 'en:canned-meals', 'en:chili-con-carne']",0,[],[],97.0,2.3,0.6,1.6,0.0,6.3,0.45
Tripes à la mode de Caen,3564709000879,"['en:meats-and-their-products', 'en:meals', 'en:fish-and-meat-and-eggs', 'en:meals-with-meat', 'en:offals', 'en:tripe-dishes', 'en:specialty-made-with-tripe', 'en:caen-style-tripes', 'en:tripe']",1,[],['en:e330'],111.0,4.2,2.3,0.2,0.6,18.0,1.02
Porc au caramel et son riz thaï,3564700320341,"['en:meats-and-their-products', 'en:meals', 'en:meals-with-meat', 'en:pork-meals', 'en:microwave-meals', 'en:caramel-pork']",2,[],"['en:e14xx', 'en:e150a']",146.0,2.7,0.7,2.6,1.2,6.8,0.74
Sauté  de Porc et Pommes de Terre à la Paysanne,3188720601138,"['en:meats-and-their-products', 'en:meals', 'en:meals-with-meat', 'en:pork-meals', 'en:microwave-meals', 'en:canned-meals-with-meat']",5,[],"['en:e14xx', 'en:e250', 'en:e316', 'en:e412', 'en:e415']",93.0,4.0,2.3,1.5,,6.3,0.7
Nems porc,3560070681136,"['en:meats-and-their-products', 'en:meals', 'en:fresh-foods', 'en:meals-with-meat', 'en:fresh-meals', 'en:pork-meals', 'en:nems', 'en:pork-nems']",0,[],[],160.0,6.8,2.0,2.7,2.8,6.7,1.8
Cassoulet Toulousain Boîte de 1/2 - 420g,3256228125521,"['en:meats-and-their-products', 'en:meals', 'en:meals-with-meat', 'en:bean-dishes', 'en:cassoulets', 'en:cassoulets-with-toulouse-sausage']",2,[],"['en:e392', 'en:e509']",128.0,6.1,2.2,0.9,4.0,8.7,0.68
Chilli con carne,20113476,"['en:meats-and-their-products', 'en:meals', 'en:meals-with-meat', 'en:chili-con-carne']",1,[],['en:e14xx'],88.0,3.9,1.1,1.8,,4.8,1.0
Risotto au poulet et aux cèpes,3564706553699,"['en:meals', 'en:meats-and-their-products', 'en:meals-with-meat', 'en:rice-dishes', 'en:poultry-meals', 'en:risottos', 'en:meals-with-chicken', 'en:microwave-meals', 'en:vegetable-risottos', 'en:chicken-risottos', 'en:mushroom-risottos', 'en:risottos-with-porcini-mushrooms']",0,[],[],125.0,3.6,1.8,1.0,0.6,5.9,0.74
Corned Beef,20023898,"['en:canned-foods', 'en:meats-and-their-products', 'en:meals', 'en:meats', 'en:meals-with-meat', 'en:beef-dishes', 'en:canned-meats', 'en:corned-beef']",1,[],['en:e250'],231.0,14.0,6.9,1.0,0.5,25.0,1.5
Mini Ravioli Beef Ravioli in Pasta Sauce,0064144043064,"['en:plant-based-foods-and-beverages', 'en:plant-based-foods', 'en:canned-foods', 'en:cereals-and-potatoes', 'en:meals', 'en:meats-and-their-products', 'en:cereals-and-their-products', 'en:pasta-dishes', 'en:pastas', 'en:stuffed-pastas', 'en:meals-with-meat', 'en:pasta-stuffed-with-meat', 'en:ravioli', 'en:beef-dishes', 'en:meat-ravioli', 'en:canned-meals', 'en:stuffed-pastas-in-sauce', 'en:beef-ravioli', 'en:canned-raviolis']",1,[],['en:e330'],75.3,1.88,0.588,1.18,0.471,2.12,0.794
Nems au porc avec sauce,3248830001188,"['en:meats-and-their-products', 'en:frozen-foods', 'en:meals', 'en:meals-with-meat', 'en:pork-meals', 'en:nems', 'en:pork-nems']",0,[],[],214.0,11.0,2.2999999523163,1.7000000476837,1.8999999761581,5.6999998092651,0.88
Butter chicken,8901047610578,"['en:condiments', 'en:meats-and-their-products', 'en:meals', 'en:meals-with-meat', 'en:sauces', 'en:poultry-meals', 'en:meals-with-chicken', 'en:butter-chicken', 'en:curry-sauces']",0,[],[],95.0,5.6,0.8,7.3,1.7,2.1,0.7375
Sweet chilli chicken,5056297000013,"['en:meals', 'en:meals-with-meat', 'en:poultry-meals', 'en:meals-with-chicken']",0,[],[],156.0,4.22,0.4,6.11,,6.22,0.647
Eastmans sliced tikka chicken,5057545864326,"['en:meals', 'en:meals-with-meat', 'en:poultry-meals', 'en:meals-with-chicken', 'en:chicken-tikka']",3,[],"['en:e100', 'en:e160c', 'en:e451', 'en:e451i']",124.0,2.2,0.5,1.1,0.5,24.7,0.57
"Beef, pork & red wine ragu cappellacci",00471138,"['en:meals', 'en:pasta-dishes', 'en:meals-with-meat', 'en:beef-dishes']",1,[],['en:e1105'],233.0,10.5,2.07,0.333,0.333,9.67,0.587
Cassoulet de Toulouse pur porc,3021690030631,"['en:canned-foods', 'en:meals', 'en:meals-with-meat', 'en:bean-dishes', 'en:canned-meals', 'en:cassoulets', 'en:cassoulets-with-toulouse-sausage', 'en:pork-cassoulets', 'fr:cassoulet-pur-porc', 'fr:conserve']",0,[],[],133.0,5.5,1.7,0.5,3.7,11.0,0.75
Salade gnocchetti complets légumes poulet,3270160895151,"['en:meals', 'en:pasta-dishes', 'en:prepared-salads', 'en:meals-with-meat', 'en:pasta-salads', 'en:poultry-meals', 'en:salads-with-meat', 'en:microwave-meals', 'en:pasta-salad-with-meat', 'en:pasta-salad-with-chicken']",0,[],[],108.0,2.5,0.4,1.5,3.1,7.2,0.3
Asian Salad - Bouchées De Poulet Gingembre,3242271000946,"['en:meals', 'en:pasta-dishes', 'en:prepared-salads', 'en:meals-with-meat', 'en:pasta-salads', 'en:poultry-meals', 'en:meals-with-chicken']",0,[],[],117.0,4.9,0.7,2.1,3.1,5.6,0.71
Color your day Jaune éclat,3270160865659,"['en:frozen-foods', 'en:meals', 'en:meals-with-meat', 'en:rice-dishes', 'en:poultry-meals', 'en:frozen-ready-made-meals', 'en:meals-with-chicken', 'en:microwave-meals']",0,[],[],136.0,6.2,1.9,1.9,1.7,7.7,0.4
Pizza Regina,3270160890118,"['en:meats-and-their-products', 'en:frozen-foods', 'en:meals', 'en:pizzas-pies-and-quiches', 'en:meals-with-meat', 'en:pizzas', 'en:pork-meals', 'en:frozen-pizzas-and-pies', 'en:frozen-pizzas', 'en:pizza-with-ham-and-cheese', 'en:regina-pizza']",3,[],"['en:e250', 'en:e270', 'en:e301']",193.0,4.8,2.8,1.7,2.9,9.0,1.6725
Ravioli Volaille,3307130602553,"['en:plant-based-foods-and-beverages', 'en:plant-based-foods', 'en:canned-foods', 'en:cereals-and-potatoes', 'en:meats-and-their-products', 'en:cereals-and-their-products', 'en:meals', 'en:pasta-dishes', 'en:pastas', 'en:meals-with-meat', 'en:stuffed-pastas', 'en:pasta-stuffed-with-meat', 'en:poultry-meals', 'en:ravioli', 'en:canned-meals', 'en:meat-ravioli', 'en:turkey-dishes', 'fr:ravioli-a-la-volaille']",0,[],[],85.0,2.0,0.2,4.6,1.3,3.0,0.7
"Ravioli, Pur Bœuf",3270190172024,"['en:plant-based-foods-and-beverages', 'en:plant-based-foods', 'en:canned-foods', 'en:cereals-and-potatoes', 'en:meats-and-their-products', 'en:cereals-and-their-products', 'en:meals', 'en:pasta-dishes', 'en:pastas', 'en:meals-with-meat', 'en:stuffed-pastas', 'en:beef-dishes', 'en:pasta-stuffed-with-meat', 'en:ravioli', 'en:canned-meals', 'en:meat-ravioli', 'en:beef-ravioli', 'en:canned-raviolis']",1,[],['en:e14xx'],83.0,2.4,0.9,1.9,1.4,3.3,0.78
Pizza Capricciosa,8059070740790,"['en:meats-and-their-products', 'en:meals', 'en:pizzas-pies-and-quiches', 'en:meals-with-meat', 'en:pizzas', 'en:pork-meals', 'en:pizza-with-ham-and-cheese']",10,[],"['en:e200', 'en:e250', 'en:e270', 'en:e300', 'en:e301', 'en:e330', 'en:e407', 'en:e452', 'en:e471', 'en:e472e']",208.0,6.4,3.6,1.7,1.7,11.0,1.5
Poulet Forestier Torsades et Champignons,3261051670506,"['en:meats-and-their-products', 'en:meals', 'en:pasta-dishes', 'en:meals-with-meat', 'en:poultry-meals', 'en:meals-with-chicken', 'en:microwave-meals']",7,[],"['en:e14xx', 'en:e300', 'en:e330', 'en:e407', 'en:e412', 'en:e451', 'en:e452']",87.0,3.7,1.5,0.8,1.8,6.0,1.0
2 Escalopes Milanaises de Volaille,3422210447647,"['en:meats-and-their-products', 'en:meals', 'en:meats', 'en:poultries', 'en:meals-with-meat', 'en:turkey-and-its-products', 'en:breaded-products', 'en:poultry-meals', 'en:refrigerated-foods', 'en:turkeys', 'en:refrigerated-meals', 'fr:volailles-panees']",0,[],[],188.0,10.3,0.85,0.8,,16.2,0.7275
Cassoulet de Castelnaudary au confit canard,3560070846849,"['en:meats-and-their-products', 'en:meals', 'en:meals-with-meat', 'en:poultry-meals', 'en:bean-dishes', 'en:duck-dishes', 'en:cassoulets']",0,[],[],153.0,8.0,2.9,0.5,2.6,12.0,0.86
Chicken & Veggiez with Noodlez,20416034,"['en:meals', 'en:meats-and-their-products', 'en:pasta-dishes', 'en:refrigerated-foods', 'en:meals-with-meat', 'en:refrigerated-meals', 'en:poultry-meals', 'en:meals-with-chicken', 'en:microwave-meals']",1,[],['en:potassium-iodide'],122.0,3.31,0.314,2.2,,4.91,1.4
Bami Goreng,4008366001309,"['en:meats-and-their-products', 'en:frozen-foods', 'en:meals', 'en:pasta-dishes', 'en:meals-with-meat', 'en:combination-meals', 'en:poultry-meals', 'en:frozen-ready-made-meals', 'en:meals-with-chicken']",0,[],[],101.0,1.8,0.5,1.4,1.8,6.8,0.925
Moussaka à la grecque,3564700008676,"['en:meats-and-their-products', 'en:frozen-foods', 'en:meals', 'en:meals-with-meat', 'en:beef-dishes', 'en:frozen-ready-made-meals', 'en:moussaka']",0,[],[],137.0,9.5,2.6,2.5,2.96,6.4,0.7
Yakitori,3270160399727,"['en:meats-and-their-products', 'en:frozen-foods', 'en:meals', 'en:meat-preparations', 'en:meats', 'en:skewers', 'en:chicken-and-its-products', 'en:meat-skewers', 'en:poultries', 'en:chicken-preparations', 'en:meals-with-meat', 'en:poultry-skewers', 'en:chicken-skewers', 'en:chickens', 'en:cooked-poultries', 'en:poultry-meals', 'en:cooked-chicken', 'en:meals-with-chicken', 'en:yakitori-chicken-skewers', 'en:frozen-snacks-and-starters']",3,[],"['en:e14xx', 'en:e150a', 'en:e160c']",158.0,2.7,0.7,10.0,0.5,21.0,1.6
Mini nems poulet,3560070927777,"['en:meats-and-their-products', 'en:meals', 'en:fresh-foods', 'en:meals-with-meat', 'en:fresh-meals', 'en:poultry-meals', 'en:meals-with-chicken', 'en:nems', 'en:chicken-nems']",0,[],[],175.0,5.4,0.7,2.6,2.0,7.5,1.2
Petit Salé aux Lentilles,26021102,"['en:canned-foods', 'en:meats-and-their-products', 'en:meals', 'en:meals-with-meat', 'en:canned-meals', 'en:lentil-dishes', 'en:salt-cured-pork-belly-with-lentils']",4,[],"['en:e14xx', 'en:e250', 'en:e407a', 'en:e451']",106.0,3.8,2.4,1.0,,8.4,0.83
Poulet basquaise et son riz,3245412062674,"['en:meats-and-their-products', 'en:meals', 'en:meals-with-meat', 'en:rice-dishes', 'en:poultry-meals', 'en:meals-with-chicken', 'en:microwave-meals', 'en:chicken-basque-style']",5,[],"['en:e160c', 'en:e330', 'en:e412', 'en:e415', 'en:e579']",126.0,3.5,0.8,1.3,2.8,6.8,0.68
Ravioli (pur Bœuf),3250390001065,"['en:plant-based-foods-and-beverages', 'en:plant-based-foods', 'en:canned-foods', 'en:cereals-and-potatoes', 'en:meats-and-their-products', 'en:cereals-and-their-products', 'en:meals', 'en:pasta-dishes', 'en:pastas', 'en:meals-with-meat', 'en:stuffed-pastas', 'en:beef-dishes', 'en:pasta-stuffed-with-meat', 'en:ravioli', 'en:canned-meals', 'en:meat-ravioli', 'en:beef-ravioli', 'en:canned-raviolis']",2,[],"['en:e14xx', 'en:e621']",93.0,2.9,0.9,2.4,1.6,3.9,0.87
Ravioli pur boeuf,3254560032989,"['en:plant-based-foods-and-beverages', 'en:plant-based-foods', 'en:canned-foods', 'en:cereals-and-potatoes', 'en:meals', 'en:meats-and-their-products', 'en:cereals-and-their-products', 'en:pasta-dishes', 'en:pastas', 'en:stuffed-pastas', 'en:meals-with-meat', 'en:pasta-stuffed-with-meat', 'en:ravioli', 'en:beef-dishes', 'en:fresh-pasta', 'en:meat-ravioli', 'en:canned-meals', 'en:beef-ravioli', 'en:canned-raviolis', 'en:fresh-pasta-ready']",1,[],['en:e14xx'],84.0,1.7,0.8,3.0,1.7,3.7,0.81
Hachis Parmentier,3560070758586,"['en:meats-and-their-products', 'en:meals', 'en:fresh-foods', 'en:meals-with-meat', 'en:beef-dishes', 'en:fresh-meals', 'en:microwave-meals', 'en:beef-cottage-pies']",2,[],"['en:e392', 'en:e471']",142.0,7.8,4.5,2.3,1.2,7.9,0.8
Couscous poulet merguez,3564700165836,"['en:meats-and-their-products', 'en:meals', 'en:meals-with-meat', 'en:savory-semolina-dishes', 'en:poultry-meals', 'en:prepared-couscous', 'en:couscous-with-meat', 'en:meals-with-chicken', 'en:microwave-meals', 'en:chicken-couscous']",4,[],"['en:e120', 'en:e14xx', 'en:e160c', 'en:e316']",134.0,5.5,1.6,2.2,2.0,7.2,0.85
Bouchées de Poulet à la provençale,3270160202621,"['en:frozen-foods', 'en:meals', 'en:meats-and-their-products', 'en:meat-preparations', 'en:meats', 'en:chicken-and-its-products', 'en:poultries', 'en:chicken-preparations', 'en:meals-with-meat', 'en:chickens', 'en:combination-meals', 'en:cooked-poultries', 'en:poultry-meals', 'en:cooked-chicken', 'en:frozen-ready-made-meals', 'en:meals-with-chicken']",2,[],"['en:e160c', 'en:e392']",168.0,7.7,2.3,0.7,0.6,22.0,0.84
Huhn,3838975566507,"['en:meats-and-their-products', 'en:spreads', 'en:meals', 'en:salted-spreads', 'en:meals-with-meat', 'en:poultry-meals', 'en:meals-with-chicken']",1,[],['en:e621'],309.0,29.0,3.6,0.5,,10.0,1.28
Parmentier de canard confit,3248830000129,"['en:meats-and-their-products', 'en:meals', 'en:meals-with-meat', 'en:poultry-meals', 'en:refrigerated-foods', 'en:duck-dishes', 'en:refrigerated-meals', 'en:shepherd-s-pie-with-duck']",0,[],[],146.0,6.9,3.5,2.3,1.1,7.4,0.675
Lentilles Saucisses,3493833090381,"['en:meats-and-their-products', 'en:frozen-foods', 'en:meals', 'en:meals-with-meat', 'en:lentil-dishes', 'en:sausages-with-lentils']",0,[],[],139.0,5.7,2.2,2.3,0.0,9.5,0.5
,5412344985014,"['en:meals', 'en:meats-and-their-products', 'en:meals-with-meat', 'en:rice-dishes', 'en:poultry-meals', 'en:meals-with-chicken', 'en:microwave-meals', 'en:chicken-curry', 'en:chicken-tikka', 'en:chicken-tikka-masala']",0,[],[],135.0,5.0,1.9,2.5,0.0,6.1,0.85
Nems porc et sauce nuoc mam,3250392654023,"['en:meats-and-their-products', 'en:meals', 'en:meals-with-meat', 'en:pork-meals', 'en:nems', 'en:pork-nems']",0,[],[],166.0,6.9,2.0,2.4,2.9,6.4,1.7
Petit salé aux lentilles,3560071235031,"['en:meats-and-their-products', 'en:frozen-foods', 'en:meals', 'en:meals-with-meat', 'en:lentil-dishes', 'en:salt-cured-pork-belly-with-lentils']",0,[],[],94.0,2.9,1.0,0.7,2.5,8.4,0.84
Cassoulet de Toulouse,3021690029796,"['en:canned-foods', 'en:meats-and-their-products', 'en:frozen-foods', 'en:meals', 'en:meals-with-meat', 'en:bean-dishes', 'en:canned-meals', 'en:cassoulets', 'en:cassoulets-with-toulouse-sausage']",0,[],[],133.0,5.5,1.7,0.5,3.7,11.0,0.75
Poulet Curry Coco riz blanc,3261055952165,"['en:meats-and-their-products', 'en:frozen-foods', 'en:meals', 'en:meals-with-meat', 'en:rice-dishes', 'en:poultry-meals', 'en:meals-with-chicken', 'en:chicken-curry']",2,[],"['en:e331', 'en:e412']",110.0,4.4,1.6,1.2,0.6,5.4,0.9
Saucisses de canard & porc et lentilles du Berry,3104544073807,"['en:meals', 'en:meals-with-meat', 'en:lentil-dishes', 'en:sausages-with-lentils']",0,[],[],119.0,6.3,2.3,0.9,,7.6,0.75
Museau de porc à la lyonnaise,4056489614319,"['en:meats-and-their-products', 'en:meals', 'en:meals-with-meat', 'en:pork-meals', 'en:pork-snout-in-salad-dressing-sauce']",6,[],"['en:e14xx', 'en:e250', 'en:e270', 'en:e316', 'en:e330', 'en:e415']",201.0,18.0,4.1,0.5,0.7,8.6,1.7
Ristorante Pizza Hawaii,4001724039082,"['en:frozen-foods', 'en:meals', 'en:pizzas-pies-and-quiches', 'en:meals-with-meat', 'en:pizzas', 'en:pork-meals', 'en:frozen-pizzas-and-pies', 'en:ham-pizzas', 'en:frozen-pizzas', 'en:pizza-with-ham-and-cheese']",5,[],"['en:e250', 'en:e301', 'en:e330', 'en:e450', 'en:e451']",217.0,8.45,2.79,5.35,1.77,8.45,0.97
Nems Poulet,3276558371344,"['en:meats-and-their-products', 'en:meals', 'en:meals-with-meat', 'en:poultry-meals', 'en:meals-with-chicken', 'en:nems', 'en:chicken-nems']",0,[],[],180.0,8.1,1.2,1.9,2.0,5.8,1.4
,8480000866004,"['en:meals', 'en:meals-with-meat', 'en:pork-meals', 'en:poultry-meals', 'en:meals-with-chicken']",3,[],"['en:e14xx', 'en:e160b', 'en:e160bii', 'en:e509']",144.0,5.7,2.1,2.2,,7.3,0.7475
Spam 25% Less Sodium,0037600115445,"['en:canned-foods', 'en:meats-and-their-products', 'en:meals', 'en:meats', 'en:meals-with-meat', 'en:canned-meats']",1,[],['en:e250'],321.0,28.6,10.7,1.79,,12.5,2.54
Gressingham Aromatic Half Crispy Duck,5034231003627,"['en:snacks', 'en:meats-and-their-products', 'en:salty-snacks', 'en:appetizers', 'en:meals', 'en:meats', 'en:poultries', 'en:meals-with-meat', 'en:ducks']",0,[],[],231.0,9.29,2.38,7.14,1.19,16.2,0.798
Plat cuisiné individuel Couscous légumes poulet semoule de blé et merguez 450g,3256228669896,"['en:meals', 'en:frozen-foods', 'en:meals-with-meat', 'en:savory-semolina-dishes', 'en:poultry-meals', 'en:prepared-couscous', 'en:meals-with-chicken']",1,[],['en:e415'],158.0,7.5,1.8,2.3,1.4,7.9,0.95
Chicken Tikka Masala With Saffron Pilau Rice,5059697712487,"['en:meals', 'en:meals-with-meat', 'en:rice-dishes', 'en:poultry-meals', 'en:meals-with-chicken', 'en:chicken-tikka-masala']",2,[],"['en:e100', 'en:e160c']",144.0,5.92,2.02,1.75,1.75,6.47,0.51
Émincés de poulet Lardons fumés  purée de petits pois,3248830002093,"['en:frozen-foods', 'en:meals', 'en:meals-with-meat', 'en:poultry-meals', 'en:meals-with-chicken', 'en:microwave-meals']",1,[],['en:e300'],135.0,9.0,5.1,1.4,2.6,8.0,0.67
Dynamite Chili Con Carne,0071106061813,"['en:meals', 'en:meals-with-meat', 'en:chili-con-carne']",1,[],['en:e14xx'],130.0,5.0,2.5999999046326,3.0,,7.0,0.89999997615814
M&S 100011 Mini meal ROAST CHICKEN DINNER SUCCULEN,00415378,"['en:meals', 'en:meals-with-meat', 'en:potato-dishes', 'en:poultry-meals', 'en:meals-with-chicken']",0,[],[],111.0,4.0,1.3,0.704,1.41,8.7,0.481
Ravioli Boeuf & Petits Oignons,4056489916420,"['en:frozen-foods', 'en:meals', 'en:pasta-dishes', 'en:meals-with-meat', 'en:stuffed-pastas', 'en:beef-dishes', 'en:pasta-stuffed-with-meat', 'en:ravioli', 'en:meat-ravioli', 'en:beef-ravioli']",0,[],[],259.0,7.5,1.9,5.4,1.8,11.0,0.84
L'Ovale Jambon Fromages,3242273204052,"['en:meats-and-their-products', 'en:meals', 'en:fresh-foods', 'en:pizzas-pies-and-quiches', 'en:meals-with-meat', 'en:pizzas', 'en:pork-meals', 'en:oval-pizzas', 'en:pizza-with-ham-and-cheese']",4,[],"['en:e250', 'en:e316', 'en:e407', 'en:e451']",212.0,5.3,3.0,3.0,3.0,11.0,1.5
Le Petit Salé et ses Lentilles Vertes de Vendée,3302741846105,"['en:meats-and-their-products', 'en:meals', 'en:meals-with-meat', 'en:pork-meals', 'en:lentil-dishes', 'en:microwave-meals', 'en:salt-cured-pork-belly-with-lentils']",0,[],[],130.0,7.0,2.4,0.9,3.0,9.6,0.8
Ravioli Bolognaise,20023928,"['en:plant-based-foods-and-beverages', 'en:plant-based-foods', 'en:canned-foods', 'en:cereals-and-potatoes', 'en:meats-and-their-products', 'en:cereals-and-their-products', 'en:meals', 'en:pasta-dishes', 'en:pastas', 'en:meals-with-meat', 'en:stuffed-pastas', 'en:beef-dishes', 'en:pasta-stuffed-with-meat', 'en:ravioli', 'en:canned-meals', 'en:meat-ravioli', 'en:beef-ravioli', 'en:bolognese-raviolis', 'en:canned-raviolis']",1,[],['en:e14xx'],103.0,4.3,1.7,1.9,0.0,4.5,0.85
Chili con carne,3379671130284,"['en:canned-foods', 'en:meats-and-their-products', 'en:meals', 'en:meals-with-meat', 'en:beef-dishes', 'en:canned-meals', 'en:chili-con-carne']",0,[],[],160.0,5.8,2.3,1.0,5.2,10.7,0.93
Poulet sauce aux olives et quinoa Bio,3560070575886,"['en:meats-and-their-products', 'en:meals', 'en:meals-with-meat', 'en:poultry-meals', 'en:meals-with-chicken', 'en:microwave-meals', 'en:quinoa-dishes']",1,[],['en:e412'],117.0,4.5,0.8,1.1,2.8,7.6,0.78
Sandwich simple & bon! rosette,3242272856559,"['en:meals', 'en:meats-and-their-products', 'en:prepared-meats', 'en:cured-sausages', 'en:sandwiches', 'en:meals-with-meat', 'en:sandwiches-filled-with-cold-cuts', 'en:rosette-sandwiches']",3,[],"['en:e250', 'en:e252', 'en:e316']",293.0,14.0,5.2,2.7,4.3,11.0,2.1
Ravioli sauce bolognaise,3021690029116,"['en:plant-based-foods-and-beverages', 'en:plant-based-foods', 'en:canned-foods', 'en:cereals-and-potatoes', 'en:meats-and-their-products', 'en:cereals-and-their-products', 'en:meals', 'en:pasta-dishes', 'en:pastas', 'en:meals-with-meat', 'en:stuffed-pastas', 'en:beef-dishes', 'en:pasta-stuffed-with-meat', 'en:ravioli', 'en:canned-meals', 'en:meat-ravioli', 'en:beef-ravioli', 'en:bolognese-raviolis', 'en:canned-raviolis']",0,[],[],98.0,3.0,1.3,1.4,1.3,4.6,0.82
"Ravioli Pur Bœuf, Sauce Italienne",26021324,"['en:plant-based-foods-and-beverages', 'en:plant-based-foods', 'en:canned-foods', 'en:cereals-and-potatoes', 'en:meats-and-their-products', 'en:cereals-and-their-products', 'en:meals', 'en:pasta-dishes', 'en:pastas', 'en:meals-with-meat', 'en:stuffed-pastas', 'en:beef-dishes', 'en:pasta-stuffed-with-meat', 'en:ravioli', 'en:canned-meals', 'en:meat-ravioli', 'en:beef-ravioli', 'en:canned-raviolis']",1,[],['en:e14xx'],83.0,2.0,0.8,1.3,,3.7,0.8
Le Cassoulet Mitonné,3261055932174,"['en:canned-foods', 'en:meals', 'en:meals-with-meat', 'en:bean-dishes', 'en:canned-meals', 'en:cassoulets']",2,[],"['en:e14xx', 'en:e509']",115.0,4.7,1.8,0.6,0.0,7.3,0.0
Poulet à l'Estragon et Pâtes torsades,3245363952017,"['en:meats-and-their-products', 'en:meals', 'en:pasta-dishes', 'en:meals-with-meat', 'en:poultry-meals', 'en:meals-with-chicken', 'en:microwave-meals']",1,[],['en:e407'],159.0,7.6,3.6,0.8,1.4,7.9,0.7
1898 Boeuf Bourguignon,3049580540145,"['en:canned-foods', 'en:meats-and-their-products', 'en:meals', 'en:meals-with-meat', 'en:beef-dishes', 'en:beef-stews', 'en:canned-meals', 'en:boeufs-bourguignons']",2,[],"['en:e14xx', 'en:e451']",61.0,1.0,0.5,1.8,1.7,5.8,0.9
Pizza fresca jamón y queso,8480000635938,"['en:meats-and-their-products', 'en:frozen-foods', 'en:meals', 'en:pizzas-pies-and-quiches', 'en:meals-with-meat', 'en:pizzas', 'en:pork-meals', 'en:frozen-pizzas-and-pies', 'en:pizza-with-ham-and-cheese']",4,[],"['en:e250', 'en:e301', 'en:e407', 'en:e451', 'en:e451i']",224.0,7.5,3.4,1.6,,14.0,0.00375
Lasagnes pur bœuf,3564700859544,"['en:meats-and-their-products', 'en:meals', 'en:pasta-dishes', 'en:meals-with-meat', 'en:prepared-lasagne', 'en:beef-dishes', 'en:meat-lasagnas', 'en:microwave-meals', 'en:bolognese-lasagne']",0,[],[],97.0,5.2,1.7,1.9,1.9,5.2,0.7
Salade Caesar,3564700696217,"['en:meats-and-their-products', 'en:meals', 'en:prepared-salads', 'en:meals-with-meat', 'en:poultry-meals', 'en:meals-with-chicken', 'en:caesar-salads', 'en:vegetable-salads', 'en:salads']",2,[],"['en:e407a', 'en:e451']",111.0,8.0,1.3,2.2,1.3,6.9,0.6
Poulet basquaise,3261055851109,"['en:meats-and-their-products', 'en:meals', 'en:meals-with-meat', 'en:rice-dishes', 'en:poultry-meals', 'en:meals-with-chicken', 'en:microwave-meals', 'en:chicken-basque-style']",5,[],"['en:e14xx', 'en:e415', 'en:e451', 'en:e452', 'en:e621']",106.0,3.0,0.7,1.2,1.3,6.0,0.85
Choucroute royale alsacienne,3564709159379,"['en:plant-based-foods-and-beverages', 'en:plant-based-foods', 'en:fruits-and-vegetables-based-foods', 'en:meats-and-their-products', 'en:vegetables-based-foods', 'en:meals', 'en:fermented-vegetables', 'en:meals-with-meat', 'en:pork-meals', 'en:sauerkrauts', 'en:microwave-meals', 'en:sauerkraut-with-garnish']",6,[],"['en:e250', 'en:e300', 'en:e301', 'en:e450', 'en:e451', 'en:e452']",122.0,10.0,3.8,0.1,2.7,6.8,1.3
Piemontaise au jambon,3700009217870,"['en:meats-and-their-products', 'en:meals', 'en:prepared-salads', 'en:meals-with-meat', 'en:pork-meals', 'en:potato-dishes', 'en:potato-salads', 'en:piemontese-salads', 'en:piemontese-salads-with-ham', 'en:salads']",2,[],"['en:e250', 'en:e316']",127.0,16.0,0.8,0.4,2.1,3.5,0.9
Salade XXL poulet rôti mimolette,3367651008869,"['en:meats-and-their-products', 'en:frozen-foods', 'en:meals', 'en:pasta-dishes', 'en:prepared-salads', 'en:meals-with-meat', 'en:pasta-salads', 'en:poultry-meals', 'en:salads-with-meat', 'en:meals-with-chicken', 'en:pasta-salad-with-meat', 'en:pasta-salad-with-chicken', 'en:salads']",4,[],"['en:e160b', 'en:e160bii', 'en:e326', 'en:e407a', 'en:e412']",169.0,8.9,1.7,1.9,,7.0,0.7
Hähnchen süß-sauer mit Basmati Reis,20147488,"['en:meals', 'en:meats-and-their-products', 'en:meals-with-meat', 'en:rice-dishes', 'en:poultry-meals', 'en:meals-with-chicken']",2,[],"['en:e14xx', 'en:e412']",104.0,1.0,0.3,6.2,0.8,5.8,0.75
Petit salé aux lentilles,3250391968558,"['en:meats-and-their-products', 'en:meals', 'en:meals-with-meat', 'en:lentil-dishes', 'en:salt-cured-pork-belly-with-lentils']",1,[],['en:e451'],116.0,2.1,0.8,0.73,3.0,11.4,0.588
Cassoulet toulousain au porc,3375644008802,"['en:meats-and-their-products', 'en:meals', 'en:meals-with-meat', 'en:bean-dishes', 'en:cassoulets', 'en:cassoulets-with-toulouse-sausage', 'en:pork-cassoulets']",0,[],[],133.0,4.3,1.7,0.6,4.6,11.0,0.66
Cassoulet Toulousain au porc,3375644008796,"['en:meats-and-their-products', 'en:frozen-foods', 'en:meals', 'en:meals-with-meat', 'en:bean-dishes', 'en:cassoulets', 'en:cassoulets-with-toulouse-sausage', 'en:pork-cassoulets']",0,[],[],133.0,4.3,1.7,0.6,4.6,11.0,0.66
Pulled Pork,3270160157822,"['en:meats-and-their-products', 'en:frozen-foods', 'en:meals', 'en:meats', 'en:pork-and-its-products', 'en:meals-with-meat', 'en:pork', 'en:pork-meals', 'en:french-pork']",0,[],[],206.0,9.5,3.3,8.5,1.4,21.0,1.1
Green Thai Curry with Chicken,4260334165011,"['en:meats-and-their-products', 'en:meals', 'en:meals-with-meat', 'en:poultry-meals', 'en:meal-kits', 'en:meals-with-chicken', 'en:geflugelgerichte', 'en:huhnchencurry', 'en:huhnerfleischgerichte']",0,[],[],134.0,5.7,2.6,2.3,1.09,5.09,2.08
Salade et penne caesar,4056489512981,"['en:meals', 'en:prepared-salads', 'en:meals-with-meat', 'en:poultry-meals', 'en:meals-with-chicken', 'en:caesar-salads', 'en:vegetable-salads']",0,[],[],165.0,8.3,1.5,1.3,1.4,6.9,0.62
Poulet Tikka Massala duo riz quinoa,3261055952172,"['en:meals', 'en:meats-and-their-products', 'en:frozen-foods', 'en:meals-with-meat', 'en:rice-dishes', 'en:poultry-meals', 'en:meals-with-chicken', 'en:chicken-tikka-masala']",2,[],"['en:e331', 'en:e412']",113.0,4.4,1.49,2.6,1.5,5.5,0.88
Poulet Yassa,3270160863426,"['en:meals', 'en:meats-and-their-products', 'en:frozen-foods', 'en:meals-with-meat', 'en:poultry-meals', 'en:meals-with-chicken', 'en:microwave-meals', 'fr:poulet-yassa']",0,[],[],130.0,3.5,0.7,1.1,1.6,8.7,0.49
Paella Flavour,5000225053565,"['en:plant-based-foods-and-beverages', 'en:plant-based-foods', 'en:condiments', 'en:meats-and-their-products', 'en:meals', 'en:spices', 'en:meals-with-meat', 'en:rice-dishes', 'en:spice-mix', 'en:paella']",1,[],['en:e330'],299.0,2.2,0.6,5.4,11.6,10.4,12.13
Authentique cassoulet,3245360004078,"['en:meals', 'en:meals-with-meat', 'en:bean-dishes', 'en:cassoulets']",0,[],[],138.0,7.0,2.6,0.5,4.5,9.5,0.7
Xtrembox bœuf burger,3242272263456,"['en:plant-based-foods-and-beverages', 'en:plant-based-foods', 'en:meats-and-their-products', 'en:meals', 'en:prepared-meats', 'en:pasta-dishes', 'en:pastas', 'fr:charcuteries-diverses', 'en:meals-with-meat', 'en:pate', 'en:beef-dishes', 'en:pasta-with-meat', 'en:pasta-with-beef']",2,[],"['en:e202', 'en:e262', 'en:e262i']",143.0,4.5,1.9,1.8,1.8,8.0,0.86
Authentique cassoulet au porc,3245360004085,"['en:meats-and-their-products', 'en:frozen-foods', 'en:meals', 'en:meals-with-meat', 'en:bean-dishes', 'en:cassoulets', 'en:pork-cassoulets']",0,[],[],138.0,7.0,2.6,0.5,4.5,9.5,0.7
Torsades poulet basquaise,3261055953407,"['en:plant-based-foods-and-beverages', 'en:plant-based-foods', 'en:meats-and-their-products', 'en:meals', 'en:pasta-dishes', 'en:pastas', 'en:meals-with-meat', 'en:poultry-meals', 'en:meals-with-chicken', 'af:fusilli', 'en:chicken-basque-style']",0,[],[],126.0,3.9,0.7,1.8,2.6,7.5,0.85
Salade repas poulet pane caesar,2006050067206,"['en:meals', 'en:pasta-dishes', 'en:prepared-salads', 'en:meals-with-meat', 'en:pasta-salads', 'en:poultry-meals', 'en:salads-with-meat', 'en:meals-with-chicken', 'en:pasta-salad-with-meat', 'en:caesar-salads', 'en:pasta-salad-with-chicken']",5,[],"['en:e14xx', 'en:e202', 'en:e224', 'en:e270', 'en:e330']",208.0,10.0,1.91,1.41,,8.75,0.645
Nems poulet avec sauce,3248830001195,"['en:meats-and-their-products', 'en:meals', 'en:meals-with-meat', 'en:poultry-meals', 'en:meals-with-chicken', 'en:nems', 'en:chicken-nems']",0,[],[],207.0,9.9,1.7,1.4,1.8,6.5,0.94
Beef Chilli Con Carne,00809689,"['en:canned-foods', 'en:meats-and-their-products', 'en:meals', 'en:meals-with-meat', 'en:beef-dishes', 'en:canned-meals', 'en:chili-con-carne']",0,[],[],121.0,4.7,1.4,2.9,3.9,8.8,0.7
Indian style butter chicken,4260334163727,"['en:meals', 'en:meals-with-meat', 'en:rice-dishes', 'en:poultry-meals', 'en:meals-with-chicken', 'en:microwave-meals']",1,[],['en:e412'],144.0,7.1,3.9,1.7,1.2,5.3,0.55
MEGABOX Radiatori BOEUF AU POIVRE,3560071488772,"['en:plant-based-foods-and-beverages', 'en:plant-based-foods', 'en:meals', 'en:pasta-dishes', 'en:pastas', 'en:meals-with-meat', 'en:beef-dishes', 'en:egg-pastas', 'en:microwave-meals', 'en:pots', 'fr:pates-alimentaires-cuites']",1,[],['en:e415'],157.0,4.6,2.1,3.8,0.8,6.6,0.53
Aligot de l'Aveyron et saucisse de Toulouse,3270160865314,"['en:frozen-foods', 'en:meals', 'en:meals-with-meat', 'en:microwave-meals', 'en:aligots', 'en:frozen-meals-with-meat']",0,[],[],167.0,11.0,5.5,0.5,0.9,11.0,0.95
"Nems au poulet + sauce nuoc mâm, x4 - 280g",3256229540538,"['en:meats-and-their-products', 'en:meals', 'en:meals-with-meat', 'en:poultry-meals', 'en:meals-with-chicken', 'en:nems', 'en:chicken-nems']",0,[],[],147.0,5.4,0.7,3.5,1.5,5.5,1.5
Parmentier de canard,3276558528687,"['en:frozen-foods', 'en:meals', 'en:meals-with-meat', 'en:poultry-meals', 'en:duck-dishes', 'en:shepherd-s-pie-with-duck']",0,[],[],128.0,7.0,4.0,0.6,1.9,6.3,0.75
Authentique Cassoulet au Porc et Saucisse de Toulouse,3245360004894,"['en:meats-and-their-products', 'en:meals', 'en:meals-with-meat', 'en:bean-dishes', 'en:cassoulets', 'en:pork-cassoulets']",0,[],[],132.0,6.7,2.3,0.5,3.3,12.0,0.7
Blanquette de poulet,3564706712485,"['en:meats-and-their-products', 'en:meals', 'en:meals-with-meat', 'en:rice-dishes', 'en:poultry-meals', 'en:meals-with-chicken']",1,[],['en:e415'],121.0,3.8,1.8,1.2,1.1,7.2,0.56
Stonebaked ham and pineapple hand stretched pizza,00181563,"['en:meats-and-their-products', 'en:meals', 'en:pizzas-pies-and-quiches', 'en:meals-with-meat', 'en:pizzas', 'en:pork-meals', 'en:ham-pizzas']",4,[],"['en:e250', 'en:e251', 'en:e301', 'en:e451']",227.0,6.4,2.7,5.1,2.6,11.3,1.12
Paella royales,2006050152759,"['en:meals', 'en:meals-with-meat', 'en:rice-dishes', 'en:paella']",0,[],[],155.0,7.8,1.9,0.7,0.7,7.9,0.44
Corned Beef,4056489927785,"['en:meals', 'en:meals-with-meat', 'en:beef-dishes', 'en:corned-beef']",5,[],"['en:e250', 'en:e261', 'en:e300', 'en:e301', 'en:e428']",113.0,3.0,1.4,1.0,1.0,20.0,2.21
Petites escalopes de volaille à la moutarde pommes de terre,3248830002123,"['en:meals', 'en:meals-with-meat', 'en:potato-dishes', 'en:poultry-meals', 'en:meals-with-chicken', 'en:microwave-meals']",0,[],[],95.0,3.0,0.7,0.6,1.1,8.9,0.78
Butter Chicken,4008366003587,"['en:frozen-foods', 'en:meals', 'en:meals-with-meat', 'en:combination-meals', 'en:poultry-meals', 'en:frozen-ready-made-meals', 'en:meals-with-chicken', 'de:pfannengericht']",0,[],[],122.0,4.5,2.7,1.5,0.7,5.2,0.92
Salade asian,3242271000939,"['en:meals', 'en:prepared-salads', 'en:meals-with-meat', 'en:poultry-meals', 'en:meals-with-chicken']",1,[],['en:e300'],102.0,4.6,0.6,2.5,2.3,4.4,0.76
Chicken shawarma,4056489903444,"['en:meals', 'en:meals-with-meat', 'en:poultry-meals', 'en:meals-with-chicken', 'en:microwave-meals']",0,[],[],100.0,1.7,0.2,1.5,2.6,9.4,0.001175
Charming Chicken Risotto,5391511421466,"['en:meals', 'en:meals-with-meat', 'en:rice-dishes', 'en:poultry-meals', 'en:risottos', 'en:meals-with-chicken', 'en:chicken-risottos']",1,[],['en:e330'],83.0,2.8,0.4,1.4,1.0,3.8,0.87
Thaï - Salade de pâtes vermicelles aux légumes et poulet traité en salaison cuit rôti,3281780892918,"['en:meals', 'en:meats-and-their-products', 'en:pasta-dishes', 'en:prepared-salads', 'en:meals-with-meat', 'en:pasta-salads', 'en:poultry-meals', 'en:salads-with-meat', 'en:meals-with-chicken', 'en:pasta-salad-with-meat', 'en:pasta-salad-with-chicken', 'en:salads']",3,[],"['en:e14xx', 'en:e202', 'en:e415']",133.0,5.0,0.4,3.9,2.2,5.8,1.0
"Gratin de ravioles aux fromages, poulet et champignons",3270160817146,"['en:meats-and-their-products', 'en:frozen-foods', 'en:meals', 'en:pasta-dishes', 'en:gratins', 'en:meals-with-meat', 'en:poultry-meals', 'en:frozen-ready-made-meals', 'en:pasta-gratin']",0,[],[],187.0,11.0,7.3,2.4,1.3,10.0,0.64
La Pizz - Jambon Emmental,3242272500056,"['en:meats-and-their-products', 'en:meals', 'en:fresh-foods', 'en:pizzas-pies-and-quiches', 'en:meals-with-meat', 'en:pizzas', 'en:pork-meals', 'en:refrigerated-foods', 'en:pizza-with-ham-and-cheese', 'fr:pizzas-fraiches', 'fr:pizzas-jambon-emmental']",4,[],"['en:e250', 'en:e316', 'en:e407', 'en:e451']",202.0,5.6,3.2,2.9,2.6,8.4,1.6
Mon museau de porc à la lyonnaise,3281780060409,"['en:meals', 'en:prepared-salads', 'en:meals-with-meat', 'en:pork-meals', 'en:pork-snout-in-salad-dressing-sauce', 'en:salads', 'fr:museau-de-porc', 'fr:museau-de-porc-a-la-lyonnaise']",6,[],"['en:e14xx', 'en:e250', 'en:e270', 'en:e316', 'en:e330', 'en:e415']",201.0,18.0,4.1,0.5,0.7,8.6,1.7
Confit de Canard du Sud-Ouest,3560070846818,"['en:meats-and-their-products', 'en:meals', 'en:meats', 'en:poultries', 'en:meals-with-meat', 'en:ducks', 'en:poultry-meals', 'en:duck-dishes', 'en:microwave-meals', 'en:duck-confit']",0,[],[],168.0,9.6,3.1,0.5,1.6,12.0,0.82
Cassoulet,20928278,"['en:canned-foods', 'en:meats-and-their-products', 'en:meals', 'en:meals-with-meat', 'en:bean-dishes', 'en:canned-meals', 'en:cassoulets']",3,[],"['en:e450', 'en:e452', 'en:e509']",102.0,3.9,1.5,1.2,3.5,6.9,1.1
"Couscous oriental, poulet et boulgour",3021690019780,"['en:meats-and-their-products', 'en:meals', 'en:meals-with-meat', 'en:savory-semolina-dishes', 'en:poultry-meals', 'en:prepared-couscous', 'en:couscous-with-meat', 'en:meals-with-chicken', 'en:microwave-meals', 'en:chicken-couscous', 'en:couscous', 'en:low-fat-prepared-meals']",2,[],"['en:e14xx', 'en:e451']",94.0,2.5,0.5,1.0,2.2,5.8,0.69
Salad Bowl au Poulet,3270160890873,"['en:meats-and-their-products', 'en:frozen-foods', 'en:meals', 'en:pasta-dishes', 'en:prepared-salads', 'en:meals-with-meat', 'en:poultry-meals', 'en:meals-with-chicken', 'en:salads']",3,[],"['en:e14xx', 'en:e330', 'en:e415']",199.0,12.0,1.6,2.4,4.5,8.8,0.84
Blanquette de Veau et son riz,3564700653234,"['en:meats-and-their-products', 'en:meals', 'en:meals-with-meat', 'en:rice-dishes', 'en:beef-dishes', 'en:microwave-meals', 'en:veal-meat-dishes', 'en:veal-blanquette']",4,[],"['en:e14xx', 'en:e407a', 'en:e428', 'en:e451']",107.0,2.3,1.0,0.3,0.8,8.2,0.73
Cassoulet Recette toulousaine,3270190125778,"['en:meats-and-their-products', 'en:meals', 'en:meals-with-meat', 'en:poultry-meals', 'en:bean-dishes', 'en:duck-dishes', 'en:cassoulets', 'en:cassoulets-with-duck-confit', 'en:cassoulets-with-toulouse-sausage']",0,[],[],139.0,6.6,2.6,0.4,3.6,10.0,0.76
Couscous Royal,3261053411206,"['en:canned-foods', 'en:meats-and-their-products', 'en:meals', 'en:meals-with-meat', 'en:savory-semolina-dishes', 'en:poultry-meals', 'en:prepared-couscous', 'en:canned-meals', 'en:couscous-with-meat', 'en:meals-with-chicken', 'en:royal-couscous']",3,[],"['en:e120', 'en:e160c', 'en:e301']",124.0,2.8,0.9,1.7,2.2,6.7,0.9
Lasagnes façon bolognaise,27066577,"['en:meats-and-their-products', 'en:meals', 'en:pasta-dishes', 'en:meals-with-meat', 'en:prepared-lasagne', 'en:pork-meals', 'en:meat-lasagnas', 'en:bolognese-lasagne']",0,[],[],162.0,9.4,4.3,2.5,0.7,8.4,0.85
Lasagnes à la bolognaise à l'emmental,3270190256076,"['en:meats-and-their-products', 'en:meals', 'en:pasta-dishes', 'en:meals-with-meat', 'en:prepared-lasagne', 'en:beef-dishes', 'en:meat-lasagnas', 'en:microwave-meals', 'en:bolognese-lasagne']",1,[],['en:e14xx'],142.0,6.9,2.7,1.1,1.6,6.4,0.66
Brochettes de boeuf au fromage et sauce soja sucrée,3270160729715,"['en:meats-and-their-products', 'en:beef-and-its-products', 'en:meals', 'en:meat-preparations', 'en:meats', 'en:skewers', 'en:beef', 'en:meat-skewers', 'en:poultries', 'en:meals-with-meat', 'en:poultry-skewers', 'en:beef-dishes', 'en:beef-preparations', 'en:beef-skewers']",0,[],[],297.0,22.0,15.0,0.5,0.5,23.0,1.6
"Paella Royale, Surgelé",3564700018453,"['en:meats-and-their-products', 'en:frozen-foods', 'en:meals', 'en:meals-with-meat', 'en:rice-dishes', 'en:poultry-meals', 'en:frozen-ready-made-meals', 'en:meals-with-chicken', 'en:microwave-meals', 'en:paella']",4,[],"['en:e100', 'en:e14xx', 'en:e160c', 'en:e301']",111.0,3.2,0.8,1.5,1.2,6.9,1.0
Moussaka,3248830723462,"['en:meats-and-their-products', 'en:frozen-foods', 'en:meals', 'en:gratins', 'en:meals-with-meat', 'en:beef-dishes', 'en:frozen-ready-made-meals', 'en:moussaka']",0,[],[],110.0,7.3,2.0,2.7,1.9,4.6,0.67
Parmentier de Canard,3188720003673,"['en:meats-and-their-products', 'en:meals', 'en:meals-with-meat', 'en:poultry-meals', 'en:duck-dishes', 'en:shepherd-s-pie-with-duck']",2,[],"['en:e412', 'en:e415']",136.0,8.5,3.2,0.3,0.6,6.6,0.65
Petit salé aux lentilles,3270190164296,"['en:canned-foods', 'en:meats-and-their-products', 'en:meals', 'en:meals-with-meat', 'en:canned-meals', 'en:lentil-dishes', 'en:salt-cured-pork-belly-with-lentils']",0,[],[],134.0,6.1,2.0,0.5,2.6,11.0,0.88
"Galette de blé noir Jambon, emmental",20275020,"['en:meats-and-their-products', 'en:meals', 'en:crepes-and-galettes', 'en:meals-with-meat', 'en:pork-meals', 'en:refrigerated-foods', 'en:microwave-meals', 'en:refrigerated-meals', 'en:galettes', 'en:plain-buckwheat-crepes', 'fr:galettes-garnies']",1,[],['en:e407'],145.0,5.8,3.2,0.2,1.0,8.5,1.05
Chorizo,3245412149269,"['en:meats-and-their-products', 'en:meals', 'en:meats', 'en:prepared-meats', 'en:cured-sausages', 'en:pizzas-pies-and-quiches', 'en:meals-with-meat', 'en:pizzas', 'en:pork-meals', 'en:chorizo-pizzas', 'en:pizza-with-ham-and-cheese', 'fr:pizzas-fraiches']",2,[],"['en:e301', 'en:e500']",256.0,11.0,5.0,2.7,2.4,11.0,1.4
Saucisses aux lentilles boite de 420g,3256225736119,"['en:canned-foods', 'en:meats-and-their-products', 'en:meals', 'en:meals-with-meat', 'en:canned-meals', 'en:lentil-dishes', 'en:sausages-with-lentils']",1,[],['en:e509'],106.0,4.7,1.6,0.5,2.5,6.8,0.85
Tripes à la mode de Caen,3560070455041,"['en:canned-foods', 'en:meats-and-their-products', 'en:meals', 'en:fish-and-meat-and-eggs', 'en:meals-with-meat', 'en:offals', 'en:beef-dishes', 'en:tripe-dishes', 'en:canned-meals', 'en:specialty-made-with-tripe', 'en:caen-style-tripes', 'en:tripe']",0,[],[],103.0,2.5,1.3,0.5,0.7,20.0,0.93
Saucisses aux lentilles,3250390102557,"['en:canned-foods', 'en:meats-and-their-products', 'en:meals', 'en:meals-with-meat', 'en:pork-meals', 'en:canned-meals', 'en:lentil-dishes', 'en:sausages-with-lentils']",2,[],"['en:e14xx', 'en:e509']",99.0,4.2,1.6,0.9,2.6,6.2,0.78
"Paëlla à la Valenciana - volaille, moules et chorizo",3250391490806,"['en:meals', 'en:meals-with-meat', 'en:rice-dishes', 'en:paella']",5,[],"['en:e100', 'en:e14xx', 'en:e250', 'en:e301', 'en:e451']",145.0,3.1,0.8,0.9,1.5,8.3,0.89
Porc à la Dijonnaise et ses pommes de terre,3245414146068,"['en:meals', 'en:meats-and-their-products', 'en:meals-with-meat', 'en:pork-meals', 'en:microwave-meals', 'fr:porc-a-la-dijonnaise']",9,[],"['en:e14xx', 'en:e222', 'en:e223', 'en:e250', 'en:e300', 'en:e407', 'en:e412', 'en:e415', 'en:e451']",87.0,3.5,1.2,1.3,2.6,6.6,0.82
Pate en croute cocktail nature 450g,3250390034698,"['en:meats-and-their-products', 'en:meals', 'en:meats', 'en:prepared-meats', 'en:fresh-foods', 'en:meals-with-meat', 'en:fresh-meals', 'en:pork-meals', 'en:refrigerated-foods', 'fr:charcuteries-cuites', 'en:refrigerated-meals', 'en:pate-in-crust']",9,[],"['en:e101', 'en:e101i', 'en:e150a', 'en:e250', 'en:e282', 'en:e301', 'en:e330', 'en:e407', 'en:e428', 'en:e451']",351.0,23.0,8.9,1.1,2.0,11.0,1.8
Saucisses aux lentilles cuisinées aux petits légumes boîte 4/4 840g,3256225736126,"['en:canned-foods', 'en:meats-and-their-products', 'en:meals', 'en:meals-with-meat', 'en:canned-meals', 'en:lentil-dishes', 'en:sausages-with-lentils']",1,[],['en:e509'],103.0,4.4,1.5,0.6,2.3,6.9,0.76
Paëlla,3250390381044,"['en:meats-and-their-products', 'en:frozen-foods', 'en:meals', 'en:meals-with-meat', 'en:rice-dishes', 'en:paella', 'fr:plat-a-rechauffer']",7,[],"['en:e100', 'en:e160c', 'en:e164', 'en:e250', 'en:e301', 'en:e415', 'en:e621']",112.0,2.4,0.5,0.6,0.0,5.2,0.79
Lasagne Come a Casa,5413848131907,"['en:plant-based-foods-and-beverages', 'en:plant-based-foods', 'en:meats-and-their-products', 'en:meals', 'en:pasta-dishes', 'en:meals-with-meat', 'en:prepared-lasagne', 'en:pork-meals', 'en:meat-lasagnas', 'en:bolognese-lasagne']",1,[],['en:e14xx'],154.0,8.5,2.75,3.0,0.8,7.0,0.787
Moussaka,3564700423196,"['en:meats-and-their-products', 'en:meals', 'en:meals-with-meat', 'en:beef-dishes', 'en:microwave-meals', 'en:moussaka']",3,[],"['en:e14xx', 'en:e330', 'en:e415']",143.0,11.0,3.4,3.1,2.0,7.1,0.62
BARQUETTE Chili con carne et riz,3250391489237,"['en:meats-and-their-products', 'en:meals', 'en:meals-with-meat', 'en:microwave-meals', 'en:chili-con-carne', 'fr:autres-plats-cuisines-appertises']",2,[],"['en:e14xx', 'en:e412']",122.0,2.6,1.0,1.3,2.3,6.5,0.56
"SALAD' PASTA Poulet rôti Mimolette, cheddar",3560070708833,"['en:meals', 'en:meats-and-their-products', 'en:pasta-dishes', 'en:prepared-salads', 'en:meals-with-meat', 'en:pasta-salads', 'en:poultry-meals', 'en:refrigerated-foods', 'en:salads-with-meat', 'en:meals-with-chicken', 'en:pasta-salad-with-meat', 'en:refrigerated-meals', 'en:pasta-salad-with-chicken', 'en:vegetable-salads', 'en:salads']",1,[],"['en:e160b', 'en:e160bii']",131.0,7.7,2.3,1.9,1.6,6.6,0.53
Pizza Prosciutto e Mozzarella,20490706,"['en:meats-and-their-products', 'en:frozen-foods', 'en:meals', 'en:pizzas-pies-and-quiches', 'en:meals-with-meat', 'en:pizzas', 'en:pork-meals', 'en:frozen-pizzas-and-pies', 'en:frozen-pizzas', 'en:pizza-with-ham-and-cheese']",3,[],"['en:e250', 'en:e301', 'en:e392']",202.0,6.3,3.0,2.5,,9.8,1.1
Poulet au riz Côté table,3564700653470,"['en:meats-and-their-products', 'en:meals', 'en:meats', 'en:poultries', 'en:meals-with-meat', 'en:rice-dishes', 'en:poultry-meals', 'en:meals-with-chicken', 'en:microwave-meals']",2,[],"['en:e100', 'en:e451']",99.0,1.8,0.7,0.5,1.0,6.1,0.9
Chef Select American Style Cheeseburger,20995324,"['en:meats-and-their-products', 'en:meals', 'en:sandwiches', 'en:meals-with-meat', 'en:pork-meals', 'en:cheeseburgers', 'en:hamburgers', 'en:microwave-meals']",2,[],"['en:e300', 'en:e472e']",303.0,16.8,6.5,3.4,,12.0,2.88
"Cuisses Poulet Rôti Le Gaulois, x2 350g",3266980273552,"['en:meats-and-their-products', 'en:meals', 'en:meats', 'en:chicken-and-its-products', 'en:poultries', 'en:meals-with-meat', 'en:chickens', 'en:poultry-meals', 'en:chicken-thighs', 'en:meals-with-chicken']",1,[],['en:e407'],168.0,10.0,2.6,0.0,0.0,19.0,1.4
Poulet basquaise et riz,3250391899227,"['en:meats-and-their-products', 'en:meals', 'en:meals-with-meat', 'en:rice-dishes', 'en:poultry-meals', 'en:meals-with-chicken', 'en:microwave-meals', 'en:chicken-basque-style']",4,[],"['en:e330', 'en:e412', 'en:e415', 'en:e579']",116.0,3.4,0.8,1.2,1.5,6.2,0.83
Plat cuisiné Paella 1kg,3256228438355,"['en:meats-and-their-products', 'en:frozen-foods', 'en:meals', 'en:meals-with-meat', 'en:rice-dishes', 'en:frozen-ready-made-meals', 'en:paella']",0,[],[],121.0,3.6,1.0,0.5,0.7,8.9,0.81
Moussaka au bœuf,3248830001256,"['en:frozen-foods', 'en:meals', 'en:meals-with-meat', 'en:beef-dishes', 'en:moussaka']",0,[],[],107.0,5.0,2.0,4.0,2.1,5.67,0.0015
Gyoza de pollo y verduras,3700417301598,"['en:meats-and-their-products', 'en:frozen-foods', 'en:meals', 'en:pasta-dishes', 'en:meals-with-meat', 'en:stuffed-pastas', 'en:pasta-stuffed-with-meat', 'en:poultry-meals', 'en:ravioli', 'en:frozen-ready-made-meals', 'en:meat-ravioli', 'en:frozen-ravioli', 'en:japanese-ravioli', 'fr:ravioli-a-la-volaille']",0,[],[],152.0,6.3,3.0,2.5,2.3,7.1,0.9825
Steinofenpizza Salami,4056489442981,"['en:meals', 'en:meats-and-their-products', 'en:frozen-foods', 'en:pizzas-pies-and-quiches', 'en:meals-with-meat', 'en:pizzas', 'en:pork-meals', 'en:frozen-pizzas-and-pies', 'en:frozen-pizzas', 'en:pepperoni-pizzas', 'en:pizza-with-ham-and-cheese']",0,[],[],228.0,9.0,0.0,3.4,2.0,10.2,0.0
San Jacobos,8480000633217,"['en:meals', 'en:meats-and-their-products', 'en:meat-preparations', 'en:meats', 'en:pork-and-its-products', 'en:breaded-products', 'en:meals-with-meat', 'en:pork', 'en:pork-meals', 'en:cordons-bleus']",6,[],"['en:e14xx', 'en:e316', 'en:e407', 'en:e415', 'en:e450', 'en:e452']",179.0,3.5,1.4,5.7,0.9,7.5,1.6
Mafé au poulet,3270160863402,"['en:condiments', 'en:meals', 'en:meals-with-meat', 'en:sauces', 'en:poultry-meals', 'en:meals-with-chicken', 'en:peanut-stew']",0,[],[],130.0,3.5,0.7,1.1,1.6,8.7,0.49
Saucisse grillée Purée de pomme de terre,3250392378967,"['en:meats-and-their-products', 'en:meals', 'en:meals-with-meat', 'en:pork-meals', 'en:microwave-meals', 'fr:saucisses-grille-puree-de-pommes-de-terre']",0,[],[],121.0,8.2,3.7,0.5,,6.0,1.21
Chicken Tikka Masala,00918442,"['en:meats-and-their-products', 'en:meals', 'en:meals-with-meat', 'en:poultry-meals', 'en:meals-with-chicken', 'en:chicken-tikka-masala']",1,[],['en:e160c'],158.0,9.4,2.8,2.9,0.9,14.1,0.492
Chicken tagliatelle,00937641,"['en:meals', 'en:meals-with-meat', 'en:poultry-meals', 'en:meals-with-chicken', 'en:microwave-meals']",1,[],['en:e440'],127.0,3.7,0.4,2.6,1.3,7.1,0.443
Traditional Refried Beans,0046000821214,"['en:plant-based-foods-and-beverages', 'en:plant-based-foods', 'en:canned-foods', 'en:meals', 'en:meats-and-their-products', 'en:meals-with-meat', 'en:prepared-vegetables', 'en:pork-meals', 'en:canned-meals', 'en:refried-beans']",0,[],[],75.0,1.25,0.417,0.833,2.5,4.17,0.938
"Coquillettes façon Risotto, jambon fumé",3270160865024,"['en:meats-and-their-products', 'en:frozen-foods', 'en:meals', 'en:pasta-dishes', 'en:meals-with-meat', 'en:frozen-ready-made-meals']",1,[],['en:e300'],145.0,5.2,3.3,1.5,1.4,8.1,0.53
Saucisses de Montbéliard et lentilles cuisinées,3021690030334,"['en:meats-and-their-products', 'en:meals', 'en:prepared-meats', 'en:sausages', 'en:french-sausages', 'en:meals-with-meat', 'en:lentil-dishes', 'en:montbeliard-sausages', 'en:sausages-with-lentils']",1,[],['en:e509'],165.0,11.0,4.4,0.0,2.7,8.7,0.8
Chicken in white sauce,5057753939885,"['en:meals', 'en:meals-with-meat', 'en:poultry-meals', 'en:meals-with-chicken', 'en:chicken-in-white-sauce-tinned', 'en:tinned-chicken']",0,[],[],132.0,6.7,1.9,0.3,0.4,13.8,0.6
ving Suggestion TESCO THAI GREEN CHICKEN CURRY WIT,5059697710506,"['en:meats-and-their-products', 'en:meals', 'en:meals-with-meat', 'en:rice-dishes', 'en:poultry-meals', 'en:meals-with-chicken']",0,[],[],120.0,3.16,1.51,1.76,0.495,7.47,0.419
Penang Chicken Curry,5033665216368,"['en:meals', 'en:meals-with-meat', 'en:rice-dishes', 'en:poultry-meals', 'en:meals-with-chicken', 'en:chicken-curry', 'en:chicken-with-curry-and-coconut-milk-sauce']",2,[],"['en:e260', 'en:e440']",139.0,4.53,2.38,1.68,0.925,7.8,0.521
Beef and Mushroom Stroganoff,00466691,"['en:meals', 'en:meals-with-meat', 'en:rice-dishes', 'en:beef-dishes', 'en:microwave-meals']",0,[],[],118.0,2.7,1.1,1.6,1.4,6.9,0.43
Chili con carne,3596710514236,"['en:meals', 'en:meats-and-their-products', 'en:meals-with-meat', 'en:combination-meals', 'en:chili-con-carne', 'en:ready-to-eat-combination-meals']",2,[],"['en:e14xx', 'en:e509']",91.0,2.5,1.1,1.8,4.0,6.6,0.78
Chicken tikka masala,4088600399911,"['en:meals', 'en:meals-with-meat', 'en:poultry-meals', 'en:meals-with-chicken', 'en:chicken-tikka-masala']",1,[],['en:e160c'],175.0,12.2,4.7,2.7,2.0,12.1,0.9725
Bowl Rigatoni Chiken Tomato,5407009901591,"['en:meals', 'en:pasta-dishes', 'en:meals-with-meat', 'en:poultry-meals', 'en:meals-with-chicken']",0,[],[],186.0,7.6,3.7,2.3,1.1,7.2,0.3
Chicken tikka masala,4061462108518,"['en:meals', 'en:meals-with-meat', 'en:poultry-meals', 'en:meals-with-chicken', 'en:chicken-tikka-masala']",1,[],['en:e160c'],106.0,2.39,0.842,2.0,1.42,7.95,0.409
Pulled BBQ chicken,4056489757870,"['en:meals', 'en:meals-with-meat', 'en:poultry-meals', 'en:meal-kits', 'en:meals-with-chicken']",2,[],"['en:e202', 'en:e330']",102.0,1.7,0.305,5.69,2.5,6.81,0.442
Nems poulet,4056489362111,"['en:meals', 'en:meals-with-meat', 'en:poultry-meals', 'en:meals-with-chicken', 'en:nems', 'en:chicken-nems', 'fr:galettes-de-riz-frites']",0,[],[],180.0,7.9,1.6,3.5,1.5,5.4,1.5
Finely Sliced Roast Beef Brisket,5059697773440,"['en:meals', 'en:meats-and-their-products', 'en:beef-and-its-products', 'en:meats', 'en:beef', 'en:meals-with-meat', 'en:beef-dishes']",3,[],"['en:e250', 'en:e252', 'en:e301']",163.0,6.3,2.3,1.1,1.0,25.0,0.773375
Original Bun's Burger,8710438124057,"['en:plant-based-foods-and-beverages', 'en:plant-based-foods', 'en:cereals-and-potatoes', 'en:frozen-foods', 'en:meals', 'en:breads', 'en:meals-with-meat', 'en:beef-dishes', 'en:bread-rolls']",11,[],"['en:e14xx', 'en:e160a', 'en:e160ai', 'en:e300', 'en:e322', 'en:e330', 'en:e392', 'en:e412', 'en:e415', 'en:e461', 'en:e471', 'en:e472e']",276.0,13.5,7.3,5.1,2.3,11.0,1.4
Cuisse de canard confite,3270160811106,"['en:meats-and-their-products', 'en:frozen-foods', 'en:meals', 'en:meals-with-meat', 'en:poultry-meals', 'en:duck-dishes', 'en:frozen-ready-made-meals', 'fr:plats-aux-legumes']",4,[],"['en:e14xx', 'en:e412', 'en:e415', 'en:e471']",166.0,9.1,4.0,0.114,1.11,9.43,0.759
Le Cannelloni pur bœuf,3038352910101,"['en:plant-based-foods-and-beverages', 'en:plant-based-foods', 'en:canned-foods', 'en:meats-and-their-products', 'en:meals', 'en:meat-preparations', 'en:meats', 'en:pasta-dishes', 'en:pastas', 'en:meals-with-meat', 'en:stuffed-pastas', 'en:beef-dishes', 'en:cannelloni', 'en:canned-meals', 'en:beef-cannelloni', 'en:bolognese-cannelloni']",1,[],['en:e14xx'],109.0,3.2,1.0,2.5,1.6,4.3,0.85
Piémontaise au jambon,3270190207481,"['en:meats-and-their-products', 'en:meals', 'en:prepared-salads', 'en:meals-with-meat', 'en:pork-meals', 'en:potato-dishes', 'en:potato-salads', 'en:piemontese-salads', 'en:piemontese-salads-with-ham', 'en:salads']",5,[],"['en:e14xx', 'en:e202', 'en:e250', 'en:e316', 'en:e415']",129.0,8.6,0.8,0.9,1.6,3.7,0.93
Hachis parmentier,3560070482818,"['en:meats-and-their-products', 'en:meals', 'en:meals-with-meat', 'en:beef-dishes', 'en:microwave-meals', 'en:beef-cottage-pies']",1,[],['en:e415'],101.0,5.6,2.5,0.8,1.4,7.5,0.43
Blanquette de Veau aux champignons & riz,20065645,"['en:meats-and-their-products', 'en:meals', 'en:meals-with-meat', 'en:rice-dishes', 'en:beef-dishes', 'en:microwave-meals', 'en:veal-meat-dishes', 'en:veal-blanquette']",8,[],"['en:e14xx', 'en:e300', 'en:e330', 'en:e407', 'en:e412', 'en:e415', 'en:e451', 'en:e452']",128.0,4.0,2.0,0.5,0.9,7.6,0.97
Boulettes De Volaille Bio,3422210440563,"['en:meats-and-their-products', 'en:meals', 'en:meat-preparations', 'en:meats', 'en:skewers', 'en:chicken-and-its-products', 'en:meat-skewers', 'en:poultries', 'en:chicken-preparations', 'en:meals-with-meat', 'en:poultry-skewers', 'en:chicken-skewers', 'en:chickens', 'en:poultry-meals']",1,[],['en:e392'],216.0,14.0,2.3,1.0,1.9,17.0,1.0
Saucisses aux Lentilles Cuisinées,3245414145238,"['en:canned-foods', 'en:meats-and-their-products', 'en:meals', 'en:meals-with-meat', 'en:canned-meals', 'en:lentil-dishes', 'en:sausages-with-lentils']",3,[],"['en:e14xx', 'en:e300', 'en:e509']",107.0,4.4,1.6,0.8,2.8,7.1,0.87
Piemontaise,3250390473336,"['en:meats-and-their-products', 'en:meals', 'en:fresh-foods', 'en:prepared-salads', 'en:meals-with-meat', 'en:fresh-meals', 'en:pork-meals', 'en:potato-dishes', 'en:potato-salads', 'en:piemontese-salads', 'en:piemontese-salads-with-ham', 'en:salads']",2,[],"['en:e202', 'en:e415']",121.0,6.5,0.7,1.1,1.4,3.1,1.2
Ravioli bolognaise,3564700994733,"['en:canned-foods', 'en:meats-and-their-products', 'en:meals', 'en:pasta-dishes', 'en:meals-with-meat', 'en:stuffed-pastas', 'en:beef-dishes', 'en:pasta-stuffed-with-meat', 'en:ravioli', 'en:canned-meals', 'en:meat-ravioli', 'en:beef-ravioli', 'en:bolognese-raviolis', 'en:canned-raviolis']",0,[],[],100.0,3.2,1.2,3.0,1.5,5.0,0.7
Assortiment De 12 Yakitori. Surgelé,3270160722020,"['en:meals', 'en:meats-and-their-products', 'en:meat-preparations', 'en:meats', 'en:skewers', 'en:chicken-and-its-products', 'en:meat-skewers', 'en:poultries', 'en:chicken-preparations', 'en:meals-with-meat', 'en:poultry-skewers', 'en:chicken-skewers', 'en:chickens', 'en:poultry-meals', 'en:meals-with-chicken', 'en:mixed-meat-on-skewer', 'en:yakitori-chicken-skewers']",4,[],"['en:e14xx', 'en:e150a', 'en:e160c', 'en:e330']",148.0,3.6,1.6,7.3,0.9,16.0,1.0
Petit salé aux lentilles,3564700009970,"['en:canned-foods', 'en:meats-and-their-products', 'en:meals', 'en:meals-with-meat', 'en:canned-meals', 'en:lentil-dishes', 'en:salt-cured-pork-belly-with-lentils']",4,[],"['en:e250', 'en:e407a', 'en:e451', 'en:e509']",105.0,3.8,1.2,0.5,2.4,8.2,0.87
Taboulé au poulet,26014753,"['en:meals', 'en:fresh-foods', 'en:meals-with-meat', 'en:fresh-meals', 'en:poultry-meals', 'en:meals-with-chicken', 'en:tabbouleh', 'en:chicken-tabbouleh']",4,[],"['en:e14xx', 'en:e202', 'en:e407a', 'en:e451']",160.0,6.0,0.6,3.0,0.0,5.5,1.1
Festonate Carbonara,26013947,"['en:meats-and-their-products', 'en:meals', 'en:fresh-foods', 'en:pasta-dishes', 'en:meals-with-meat', 'en:fresh-meals', 'en:refrigerated-foods', 'en:instant-pasta', 'en:microwave-meals', 'en:refrigerated-meals']",3,[],"['en:e250', 'en:e316', 'en:e415']",167.0,7.3,3.3,3.0,1.0,6.8,0.65
Choucroute garnie,3270190179238,"['en:plant-based-foods-and-beverages', 'en:plant-based-foods', 'en:fruits-and-vegetables-based-foods', 'en:vegetables-based-foods', 'en:meals', 'en:fermented-vegetables', 'en:meals-with-meat', 'en:pork-meals', 'en:sauerkrauts', 'en:sauerkraut-without-garnish', 'en:cooked-sauerkraut-without-garnish', 'en:sauerkraut-with-garnish']",1,[],['en:e300'],73.0,5.1,1.9,0.5,2.2,3.8,1.0
Langue de bœuf sauce piquante,3181238930042,"['en:meats-and-their-products', 'en:beef-and-its-products', 'en:meals', 'en:meat-preparations', 'en:meats', 'en:beef', 'en:fresh-foods', 'en:meals-with-meat', 'en:beef-dishes', 'en:beef-preparations', 'en:fresh-meals', 'en:beef-tongues', 'en:tongue-of-beef-with-hot-sauce']",5,[],"['en:e14xx', 'en:e224', 'en:e330', 'en:e407', 'en:e509']",171.0,12.0,5.4,1.0,1.6,12.0,0.84
"Cassoulet, Boîte 4/4 de 840g",3256225733835,"['en:canned-foods', 'en:meats-and-their-products', 'en:meals', 'en:meals-with-meat', 'en:pork-meals', 'en:bean-dishes', 'en:canned-meals', 'en:cassoulets']",1,[],['en:e451'],110.0,4.5,1.5,0.6,3.8,7.6,0.81
Émincés de Filets de Poulet au curry,3435660690341,"['en:meats-and-their-products', 'en:meals', 'en:meats', 'en:chicken-and-its-products', 'en:poultries', 'en:meals-with-meat', 'en:chickens', 'en:cooked-poultries', 'en:poultry-meals', 'en:cooked-chicken', 'en:meals-with-chicken', 'en:microwave-meals', 'en:chicken-breasts', 'fr:eminces', 'fr:viandes-de-poulet']",5,[],"['en:e14xx', 'en:e160c', 'en:e262', 'en:e316', 'en:e326']",126.0,2.2,0.6,1.9,0.6,23.0,1.4
Taboulé au poulet 800g,3256226384517,"['en:plant-based-foods-and-beverages', 'en:plant-based-foods', 'en:fruits-and-vegetables-based-foods', 'en:vegetables-based-foods', 'en:meals', 'en:vegetables', 'en:prepared-salads', 'en:leaf-vegetables', 'en:meals-with-meat', 'en:poultry-meals', 'en:meals-with-chicken', 'en:tabbouleh', 'en:chicken-tabbouleh']",1,[],['en:e202'],161.0,5.8,0.6,1.9,2.0,6.1,0.83
Riz au poulet et aux champignons,3560070739738,"['en:meats-and-their-products', 'en:meals', 'en:meals-with-meat', 'en:rice-dishes', 'en:poultry-meals', 'en:meals-with-chicken', 'en:microwave-meals']",3,[],"['en:e300', 'en:e330', 'en:e415']",131.0,4.5,1.6,0.8,0.7,4.2,0.75
Ravioli Bœuf et Oignons,3564700318621,"['en:plant-based-foods-and-beverages', 'en:plant-based-foods', 'en:cereals-and-potatoes', 'en:meals', 'en:meats-and-their-products', 'en:cereals-and-their-products', 'en:fresh-foods', 'en:pasta-dishes', 'en:pastas', 'en:stuffed-pastas', 'en:meals-with-meat', 'en:pasta-stuffed-with-meat', 'en:ravioli', 'en:beef-dishes', 'en:fresh-meals', 'en:fresh-pasta', 'en:meat-ravioli', 'en:beef-ravioli']",0,[],[],259.0,7.5,1.9,5.4,1.8,11.0,0.84
Poulet sauce tandoori et riz aux épices,3270160897216,"['en:meats-and-their-products', 'en:frozen-foods', 'en:meals', 'en:meals-with-meat', 'en:rice-dishes', 'en:poultry-meals', 'en:meals-with-chicken', 'en:microwave-meals']",0,[],[],143.0,4.4,1.2,1.3,1.8,6.0,0.52
Saucisses de Toulouse aux lentilles vertes,3245362241297,"['en:meats-and-their-products', 'en:meals', 'en:meals-with-meat', 'en:lentil-dishes', 'en:sausages-with-lentils', 'fr:saucisses-de-toulouse-aux-lentilles']",0,[],[],187.0,9.2,3.2999999523163,0.5,0.0,9.5,0.93
Ravioli pur bœuf Bio 650g,3250392559212,"['en:plant-based-foods-and-beverages', 'en:plant-based-foods', 'en:meals', 'en:meats-and-their-products', 'en:pasta-dishes', 'en:pastas', 'en:stuffed-pastas', 'en:meals-with-meat', 'en:pasta-stuffed-with-meat', 'en:ravioli', 'en:beef-dishes', 'en:meat-ravioli', 'en:beef-ravioli', 'fr:ravioli-plat-complet']",0,[],[],123.0,5.6,1.1,3.7,1.8,3.7,0.9
Emincés de poulet au curry et son riz basmati,3564700410035,"['en:meals', 'en:meals-with-meat', 'en:rice-dishes', 'en:poultry-meals', 'en:meals-with-chicken', 'en:chicken-curry']",2,[],"['en:e100', 'en:e451']",132.0,5.0,1.6,1.0,0.5,6.7,1.2
Lasagne Bolognese,20002589,"['en:meats-and-their-products', 'en:meals', 'en:pasta-dishes', 'en:meals-with-meat', 'en:prepared-lasagne', 'en:pork-meals', 'en:meat-lasagnas', 'en:microwave-meals', 'en:bolognese-lasagne']",1,[],['en:e14xx'],147.0,7.5,2.6,2.0,1.5,6.5,0.7875
Parmentier de Poulet,3338310001347,"['en:meats-and-their-products', 'en:meals', 'en:fresh-foods', 'en:meals-with-meat', 'en:fresh-meals', 'en:poultry-meals', 'en:meals-with-chicken', 'en:microwave-meals', 'fr:parmentiers-de-poulet']",1,[],['en:e14xx'],180.0,12.0,4.3,1.5,,5.0,0.84
cassoulet de Castelnaudary au confit de canard,3375640002149,"['en:canned-foods', 'en:meats-and-their-products', 'en:meals', 'en:meals-with-meat', 'en:poultry-meals', 'en:bean-dishes', 'en:canned-meals', 'en:duck-dishes', 'en:cassoulets', 'en:cassoulets-with-duck-confit']",0,[],[],153.0,9.2,3.8,0.5,4.7,9.5,0.56
chili con carne,3379671130376,"['en:canned-foods', 'en:meats-and-their-products', 'en:meals', 'en:meals-with-meat', 'en:beef-dishes', 'en:canned-meals', 'en:chili-con-carne']",0,[],[],160.0,5.8000001907349,2.2999999523163,1.0,5.1999998092651,10.699999809265,0.93
Salade pates poulet,4056489195238,"['en:meats-and-their-products', 'en:meals', 'en:pasta-dishes', 'en:prepared-salads', 'en:meals-with-meat', 'en:pasta-salads', 'en:poultry-meals', 'en:salads-with-meat', 'en:meals-with-chicken', 'en:pasta-salad-with-meat', 'en:pasta-salad-with-chicken', 'en:vegetable-salads']",0,[],[],139.0,6.7,0.5,1.7,1.6,7.1,0.52
4 Nems au porc,3242278062312,"['en:meats-and-their-products', 'en:meals', 'en:meals-with-meat', 'en:pork-meals', 'en:refrigerated-foods', 'en:nems', 'en:refrigerated-meals', 'en:pork-nems']",0,[],[],233.0,13.0,3.8,2.9,,4.4,1.7
Chili con carne,8410076460684,"['en:canned-foods', 'en:meats-and-their-products', 'en:meals', 'en:meats', 'en:meals-with-meat', 'en:canned-meats', 'en:chili-con-carne']",0,[],[],104.0,2.8,1.2,2.3,,8.6,0.875
Samossa De Boeuf Curry,3366760023077,"['en:meats-and-their-products', 'en:meals', 'en:meals-with-meat', 'en:beef-dishes', 'en:refrigerated-foods', 'en:refrigerated-meals', 'en:samosas', 'en:beef-samosas']",5,[],"['en:e14xx', 'en:e322', 'en:e322i', 'en:e330', 'en:e412', 'en:e415']",246.0,13.7,2.5,6.0,,10.2,1.475
Mitonné de mouton,3560070558841,"['en:canned-foods', 'en:meats-and-their-products', 'en:meals', 'en:meals-with-meat', 'en:canned-meals', 'en:sheep-dishes']",3,[],"['en:e14xx', 'en:e222', 'en:e509']",85.0,2.2,0.8,0.5,3.7,7.7,0.85
Cassoulet au confit d'oie,3375640001142,"['en:meats-and-their-products', 'en:meals', 'en:meals-with-meat', 'en:bean-dishes', 'en:cassoulets']",0,[],[],149.0,8.2,3.2,0.3,4.1,9.2,0.7
Saucisses de Toulouse aux Lentilles,3250391489503,"['en:meats-and-their-products', 'en:meals', 'en:meals-with-meat', 'en:lentil-dishes', 'en:sausages-with-lentils', 'fr:saucisses-de-toulouse-aux-lentilles']",0,[],[],135.0,7.4,2.8,0.6,2.5,8.3,0.92
Ravioli à la sauce tomate,3450970006576,"['en:plant-based-foods-and-beverages', 'en:plant-based-foods', 'en:canned-foods', 'en:cereals-and-potatoes', 'en:meats-and-their-products', 'en:cereals-and-their-products', 'en:meals', 'en:pasta-dishes', 'en:pastas', 'en:meals-with-meat', 'en:stuffed-pastas', 'en:beef-dishes', 'en:pasta-stuffed-with-meat', 'en:ravioli', 'en:canned-meals', 'en:meat-ravioli', 'en:beef-ravioli', 'en:canned-raviolis']",1,[],['en:e14xx'],76.0,1.3,0.5,2.6,1.3,3.0,0.75
Gyros Reis-Pfanne,4056489127291,"['en:meats-and-their-products', 'en:frozen-foods', 'en:meals', 'en:meals-with-meat', 'en:pork-meals', 'en:microwave-meals']",0,[],[],97.0,1.9,0.4,1.9,1.1,5.2,0.845
Poulet Korma et riz,3379670017463,"['en:meats-and-their-products', 'en:meals', 'en:meals-with-meat', 'en:rice-dishes', 'en:poultry-meals', 'en:meals-with-chicken', 'en:microwave-meals', 'en:chicken-curry', 'en:chicken-with-curry-and-coconut-milk-sauce']",1,[],['en:e451'],135.0,4.0,2.5,0.2,1.4,7.8,0.74
Pork and Beans in Tomato Sauce,0052000011227,"['en:plant-based-foods-and-beverages', 'en:plant-based-foods', 'en:legumes-and-their-products', 'en:canned-foods', 'en:legumes', 'en:meats-and-their-products', 'en:canned-plant-based-foods', 'en:meals', 'en:meals-with-meat', 'en:prepared-vegetables', 'en:baked-beans-in-tomato-sauce', 'en:canned-legumes', 'en:pork-meals', 'en:stews', 'en:canned-common-beans', 'en:canned-white-common-beans']",1,[],"['en:e500', 'en:e500ii']",100.0,0.385,0.0,6.15,3.85,4.62,0.827
Simmenthal,80019404,"['en:canned-foods', 'en:meats-and-their-products', 'en:beef-and-its-products', 'en:meals', 'en:meats', 'en:beef', 'en:meals-with-meat', 'en:beef-dishes', 'en:veal-meat-dishes', 'en:canned-meats']",0,[],[],61.0,1.5,0.69999998807907,0.20000000298023,0.5,11.0,1.8999999761581
Petit Salé,3560071448677,"['en:meats-and-their-products', 'en:frozen-foods', 'en:meals', 'en:meals-with-meat', 'en:lentil-dishes', 'en:salt-cured-pork-belly-with-lentils']",0,[],[],138.0,7.8,3.1,0.5,1.7,10.0,0.96
Risotto au poulet aux champignons,3560071418731,"['en:meals', 'en:meats-and-their-products', 'en:frozen-foods', 'en:meals-with-meat', 'en:rice-dishes', 'en:poultry-meals', 'en:risottos', 'en:meals-with-chicken', 'en:microwave-meals', 'en:vegetable-risottos', 'en:chicken-risottos', 'en:mushroom-risottos']",0,[],[],110.0,3.9,1.9,0.7,0.5,6.1,0.66
Poulet basquaise RIZ BASMATI,3560071418755,"['en:meats-and-their-products', 'en:frozen-foods', 'en:meals', 'en:meals-with-meat', 'en:rice-dishes', 'en:poultry-meals', 'en:meals-with-chicken', 'en:chicken-basque-style']",0,[],[],155.0,7.8,1.9,2.1,0.7,6.8,0.59
Poulet Satay,5412344944011,"['en:meals', 'en:meals-with-meat', 'en:rice-dishes', 'en:poultry-meals', 'en:meals-with-chicken', 'fr:poulet-satay', 'fr:poulet-satay']",1,[],['en:e415'],145.0,4.4,1.2,3.0,,5.6,0.67
Chicken Balti,00214025,"['en:meals', 'en:meals-with-meat', 'en:poultry-meals', 'en:meals-with-chicken', 'en:chicken-curry']",0,[],[],124.0,5.9,0.7,3.4,1.8,12.2,0.62
Butter chicken,00921138,"['en:meals', 'en:meals-with-meat', 'en:poultry-meals', 'en:meals-with-chicken', 'en:butter-chicken']",1,[],['en:e160c'],500.0,25.0,3.57,0.0,14.3,10.7,1.61
Southern Fried Chicken Pasta,10091173,"['en:meats-and-their-products', 'en:meals', 'en:pasta-dishes', 'en:meals-with-meat', 'en:poultry-meals', 'en:meals-with-chicken']",2,[],"['en:e160c', 'en:e500', 'en:e500ii']",166.0,6.4,1.3,1.9,0.8,6.7,0.351
JAMBON DE VENDEE ET MOGETTES CUISINEES,4056489614234,"['en:plant-based-foods-and-beverages', 'en:plant-based-foods', 'en:fruits-and-vegetables-based-foods', 'en:legumes-and-their-products', 'en:legumes', 'en:meats-and-their-products', 'en:seeds', 'en:vegetables-based-foods', 'en:legume-seeds', 'en:meals', 'en:vegetables', 'en:pulses', 'en:common-beans', 'en:meals-with-meat', 'en:pork-meals', 'en:white-beans', 'en:french-vegetables', 'en:white-kidney-beans', 'fr:mogette-de-vendee']",1,[],['en:e252'],112.0,2.8,1.0,1.0,4.2,10.1,0.93
Chicken Tikka Masala with Pilau Rice,5059697257070,"['en:meats-and-their-products', 'en:meals', 'en:meals-with-meat', 'en:poultry-meals', 'en:meals-with-chicken', 'en:chicken-tikka-masala']",2,[],"['en:e100', 'en:e160c']",141.0,5.51,2.1,2.9,1.09,6.81,0.447
Chicken Noodle,00816434,"['en:canned-foods', 'en:meats-and-their-products', 'en:meals', 'en:pasta-dishes', 'en:meals-with-meat', 'en:soups', 'en:poultry-meals', 'en:canned-meals', 'en:meals-with-chicken', 'en:canned-soups']",0,[],[],47.0,0.9,0.2,0.8,0.5,2.1,0.475
Lihapullia tomaattikastikeessa,20026363,"['en:canned-foods', 'en:meats-and-their-products', 'en:beef-and-its-products', 'en:meals', 'en:meat-preparations', 'en:meals-with-meat', 'en:beef-dishes', 'en:beef-preparations', 'en:canned-meals', 'en:meat-balls', 'fr:produits-grecs']",4,[],"['en:e14xx', 'en:e450', 'en:e450iii', 'en:e451', 'en:e451i', 'en:e503', 'en:e503ii']",162.0,10.3,3.0,4.0,3.6,7.5,1.73
Chicken Jalfrezi,00893541,"['en:meals', 'en:meals-with-meat', 'en:poultry-meals', 'en:meals-with-chicken', 'en:chicken-jafrezi']",0,[],[],136.0,7.4,1.4,2.5,1.5,12.8,0.57
Cooked Pilau Rice with Marinated Chicken Breast,5059697699658,"['en:meats-and-their-products', 'en:meals', 'en:meals-with-meat', 'en:rice-dishes', 'en:poultry-meals', 'en:meals-with-chicken']",0,[],[],150.0,6.91,3.41,1.49,1.09,6.4,0.467
Poulet basquaise,3245360004924,"['en:meats-and-their-products', 'en:meals', 'en:meals-with-meat', 'en:rice-dishes', 'en:poultry-meals', 'en:meals-with-chicken', 'en:microwave-meals', 'en:chicken-basque-style']",0,[],[],130.0,4.4,1.1,0.8,1.2,8.1,0.73
Dinky Melton Mowbray Pork Pies,00025744,"['en:meals', 'en:meats-and-their-products', 'en:pies', 'en:pizzas-pies-and-quiches', 'en:double-crust-pies', 'en:meals-with-meat', 'en:salted-pies', 'en:meat-pies', 'en:pork-meals', 'en:pork-pies']",1,[],['en:e428'],404.0,27.0,10.0,1.8,1.7,13.2,1.05
Moussaka à l'aubergine et au boeuf,3560071458232,"['en:meats-and-their-products', 'en:meals', 'en:meals-with-meat', 'en:beef-dishes', 'en:moussaka']",0,[],[],150.0,12.0,3.8,3.7,1.6,4.8,0.77
Paupiette de veau forestière avec riz,3188720000207,"['en:meats-and-their-products', 'en:meals', 'en:meats', 'en:meals-with-meat', 'en:beef-dishes', 'en:veal-meat', 'en:microwave-meals', 'en:veal-meat-dishes', 'en:olive-veal']",0,[],[],131.0,5.9,2.3,0.2,1.0,6.4,0.88
Beef lasagne,4088600003665,"['en:meats-and-their-products', 'en:meals', 'en:pasta-dishes', 'en:meals-with-meat', 'en:refrigerated-foods']",1,[],['en:e415'],138.0,5.9,2.9,0.5,1.7,6.5,0.7875
HACHIS PARMENTIER de bœuf,3276558528694,"['en:meals', 'en:meals-with-meat', 'en:beef-dishes', 'en:beef-cottage-pies']",0,[],[],134.0,7.4,3.8,0.5,2.9,7.1,0.74
Lustucru ravioli bœuf cheddar 300g x8,3240931548395,"['en:plant-based-foods-and-beverages', 'en:plant-based-foods', 'en:meals', 'en:pasta-dishes', 'en:pastas', 'en:meals-with-meat', 'en:stuffed-pastas', 'en:beef-dishes', 'en:fresh-pasta', 'en:pasta-stuffed-with-meat', 'en:ravioli', 'en:fresh-pasta-stuffed-with-meat', 'en:meat-ravioli', 'en:beef-ravioli']",1,[],"['en:e160b', 'en:e160bii']",273.0,8.5,3.3,2.8,2.0,11.0,1.0
Chicken jalfrezi,4088600399928,"['en:meals', 'en:meals-with-meat', 'en:poultry-meals', 'en:meals-with-chicken']",1,[],['en:e160c'],126.0,5.9,1.6,4.1,1.9,11.5,0.72
Regina Sourdough Pizza,5060198647123,"['en:frozen-foods', 'en:meals', 'en:pizzas-pies-and-quiches', 'en:meals-with-meat', 'en:pizzas', 'en:pork-meals', 'en:frozen-pizzas-and-pies', 'en:frozen-pizzas', 'en:pizza-with-ham-and-cheese']",2,[],"['en:e250', 'en:e301']",229.0,7.7,2.8,1.6,1.8,10.0,1.3
Slow-Cooked Beef Ragu with “Vino Chianti DOP” Ravioli,5059697712371,"['en:meals', 'en:pasta-dishes', 'en:meals-with-meat', 'en:stuffed-pastas', 'en:beef-dishes', 'en:pasta-stuffed-with-meat', 'en:ravioli', 'en:meat-ravioli', 'en:beef-ravioli']",0,[],[],214.0,8.0,1.53,3.4,2.0,8.2,0.82
Donburi au poulet,3270160861224,"['en:meats-and-their-products', 'en:frozen-foods', 'en:meals', 'en:meals-with-meat', 'en:rice-dishes', 'en:poultry-meals', 'en:frozen-ready-made-meals', 'en:meals-with-chicken', 'en:microwave-meals', 'fr:donburi']",0,[],[],147.0,2.3,0.4,2.3,0.6,6.7,0.65
CroustiMoelleuse EXTREME Kebab,3248830719656,"['en:meals', 'en:meats-and-their-products', 'en:frozen-foods', 'en:pizzas-pies-and-quiches', 'en:meals-with-meat', 'en:pizzas', 'en:poultry-meals', 'en:vegetarian-pizzas', 'en:cheese-pizzas', 'en:frozen-pizzas-and-pies', 'en:meals-with-chicken', 'en:chicken-pizza', 'en:frozen-pizzas', 'en:kebab-pizzas']",0,[],[],195.0,5.7,1.5,1.7,1.8,10.0,0.99
"Paëlla Royale Volaille, mouilles & chorizo",3261053400415,"['en:canned-foods', 'en:meats-and-their-products', 'en:meals', 'en:meals-with-meat', 'en:rice-dishes', 'en:canned-meals', 'en:paella']",3,[],"['en:e250', 'en:e301', 'en:e451']",125.0,4.5,1.2,0.8,1.4,7.8,0.74
Spaghetti bolognaise BIO,3248830000112,"['en:meats-and-their-products', 'en:meals', 'en:fresh-foods', 'en:pasta-dishes', 'en:meals-with-meat', 'en:beef-dishes', 'en:fresh-meals', 'en:bolognese-style-pasta', 'en:bolognese-spaghetti']",0,[],[],170.0,8.5,3.0,2.3,1.3,6.8,0.67
Nasi Goreng,20416041,"['en:meats-and-their-products', 'en:frozen-foods', 'en:meals', 'en:meals-with-meat', 'en:poultry-meals', 'en:refrigerated-foods', 'en:frozen-ready-made-meals', 'en:meals-with-chicken', 'en:microwave-meals', 'en:refrigerated-meals']",2,[],"['en:e415', 'en:potassium-iodide']",136.0,3.5,0.4,2.6,2.5,6.6,1.33
Ravioli pur boeuf,3256225428861,"['en:plant-based-foods-and-beverages', 'en:plant-based-foods', 'en:canned-foods', 'en:cereals-and-potatoes', 'en:meals', 'en:meats-and-their-products', 'en:cereals-and-their-products', 'en:pasta-dishes', 'en:pastas', 'en:stuffed-pastas', 'en:meals-with-meat', 'en:pasta-stuffed-with-meat', 'en:ravioli', 'en:beef-dishes', 'en:meat-ravioli', 'en:canned-meals', 'en:beef-ravioli', 'en:canned-raviolis']",2,[],"['en:e14xx', 'en:e330']",82.0,1.7,0.8,2.1,2.4,3.5,0.83
Piemontaise Au jambon,3564700330913,"['en:meats-and-their-products', 'en:meals', 'en:prepared-salads', 'en:meals-with-meat', 'en:pork-meals', 'en:potato-dishes', 'en:potato-salads', 'en:piemontese-salads', 'en:piemontese-salads-with-ham']",3,[],"['en:e202', 'en:e250', 'en:e316']",118.0,7.9,0.9,0.7,1.5,3.6,0.8
Ma recette façon Cassoulet 100 % volaille,3261055938008,"['en:canned-foods', 'en:meats-and-their-products', 'en:meals', 'en:meals-with-meat', 'en:poultry-meals', 'en:bean-dishes', 'en:canned-meals', 'en:cassoulets']",6,[],"['en:e250', 'en:e316', 'en:e407a', 'en:e450', 'en:e451', 'en:e452']",114.0,4.3,1.2,0.8,4.2,7.7,0.7
Saucisse Grillée & Purée de Pomme de Terre,3188720001679,"['en:meats-and-their-products', 'en:meals', 'en:meals-with-meat', 'en:pork-meals', 'en:microwave-meals']",6,[],"['en:e224', 'en:e250', 'en:e262', 'en:e262i', 'en:e316', 'en:e330', 'en:e415']",121.0,7.9,3.4,0.5,,6.9,1.2
"Poulet bulgogi, kinchi et riz cuisiné",3270160866113,"['en:meats-and-their-products', 'en:frozen-foods', 'en:meals', 'en:meals-with-meat', 'en:rice-dishes', 'en:poultry-meals', 'en:frozen-ready-made-meals', 'en:meals-with-chicken', 'en:microwave-meals']",1,[],['en:e14xx'],142.0,4.1,0.7,2.0,0.3,6.9,0.5
Ravioli pur boeuf Boîte de 800g,3256225428878,"['en:plant-based-foods-and-beverages', 'en:plant-based-foods', 'en:canned-foods', 'en:cereals-and-potatoes', 'en:meats-and-their-products', 'en:cereals-and-their-products', 'en:meals', 'en:pasta-dishes', 'en:pastas', 'en:meals-with-meat', 'en:stuffed-pastas', 'en:beef-dishes', 'en:pasta-stuffed-with-meat', 'en:ravioli', 'en:canned-meals', 'en:meat-ravioli', 'en:beef-ravioli', 'en:canned-raviolis']",2,[],"['en:e14xx', 'en:e330']",82.0,1.7,0.8,2.1,2.4,3.5,0.83
Tartinable - Poulet nature,26052632,"['en:meats-and-their-products', 'en:spreads', 'en:meals', 'en:salted-spreads', 'en:meals-with-meat', 'en:poultry-meals', 'en:meals-with-chicken', 'en:chicken-curry']",8,[],"['en:e14xx', 'en:e202', 'en:e260', 'en:e270', 'en:e330', 'en:e392', 'en:e412', 'en:e415']",298.0,27.0,2.6,2.9,,10.0,1.6
Riz cantonais,3270190202769,"['en:plant-based-foods-and-beverages', 'en:plant-based-foods', 'en:cereals-and-potatoes', 'en:meats-and-their-products', 'en:seeds', 'en:cereals-and-their-products', 'en:frozen-foods', 'en:meals', 'en:cereal-grains', 'en:meals-with-meat', 'en:rices', 'en:pan-fried-dishes', 'en:pork-meals', 'fr:cereales-preparees', 'en:frozen-ready-made-meals', 'en:prepared-rices', 'en:fried-rice']",1,[],['en:e300'],137.0,2.2,0.5,0.5,0.6,5.2,0.65
Seafood & chicken paella,4056489127307,"['en:meats-and-their-products', 'en:meals', 'en:meals-with-meat', 'en:rice-dishes', 'en:poultry-meals', 'en:meals-with-chicken', 'en:paella']",0,[],[],87.0,1.2000000476837,0.30000001192093,1.3999999761581,,5.0999999046326,0.87000000476837
Jambon - champignons,3245412149085,"['en:meals', 'en:pizzas-pies-and-quiches', 'en:meals-with-meat', 'en:pizzas', 'en:pork-meals', 'en:ham-pizzas', 'en:cured-ham-pizza', 'en:pizza-with-ham-and-cheese', 'en:regina-pizza']",5,[],"['en:di-and-triphosphates', 'en:e250', 'en:e301', 'en:e325', 'en:e450', 'en:e451', 'en:e500']",205.0,5.3,2.6,2.6,2.1,9.5,1.3
Salade pâtes poulet et parmesan 250g,3256227549601,"['en:meats-and-their-products', 'en:meals', 'en:pasta-dishes', 'en:prepared-salads', 'en:meals-with-meat', 'en:pasta-salads', 'en:poultry-meals', 'en:salads-with-meat', 'en:meals-with-chicken', 'en:pasta-salad-with-meat', 'en:caesar-salads', 'en:pasta-salad-with-chicken', 'en:vegetable-salads', 'en:salads']",2,[],"['en:e14xx', 'en:e415']",141.0,7.6,1.5,1.3,1.1,7.5,0.61
Boeuf Bourguignon et Ses Pommes de Terre,3564700505281,"['en:meats-and-their-products', 'en:meals', 'en:meals-with-meat', 'en:beef-dishes', 'en:beef-stews', 'en:microwave-meals', 'en:boeufs-bourguignons']",4,[],"['en:e14xx', 'en:e150c', 'en:e407a', 'en:e451']",78.0,2.1,1.1,1.2,1.3,6.4,0.72
Carpaccio Olives,3181232180511,"['en:frozen-foods', 'en:meals', 'en:meals-with-meat', 'en:beef-dishes', 'en:beef-carpaccio']",1,[],['en:e160c'],216.0,16.0,2.2,0.0,0.0,17.0,0.76
"Cassoulet, Pur Porc (1 Pers.)",26058849,"['en:canned-foods', 'en:meats-and-their-products', 'en:meals', 'en:meals-with-meat', 'en:pork-meals', 'en:bean-dishes', 'en:canned-meals', 'en:cassoulets']",6,[],"['en:e14xx', 'en:e250', 'en:e300', 'en:e450', 'en:e451', 'en:e621']",119.0,5.3,2.0,1.2,4.7,7.6,0.94
Boeuf bourguignon,3270160604890,"['en:meats-and-their-products', 'en:frozen-foods', 'en:meals', 'en:meals-with-meat', 'en:beef-dishes', 'en:beef-stews', 'en:boeufs-bourguignons']",0,[],[],130.0,6.7,3.6,1.2,1.0,15.0,0.725
Emincés de poulet sauce curry & son riz basmati,4056489138747,"['en:meats-and-their-products', 'en:meals', 'en:meats', 'en:chicken-and-its-products', 'en:poultries', 'en:meals-with-meat', 'en:rice-dishes', 'en:chickens', 'en:poultry-meals', 'en:meals-with-chicken', 'en:microwave-meals', 'en:chicken-curry']",3,[],"['en:e14xx', 'en:e331', 'en:e415']",107.0,3.5,1.3,0.4,0.5,6.5,0.7
Curryking fix & fertig,4000503280004,"['en:meals', 'en:meats-and-their-products', 'en:meats', 'en:prepared-meats', 'en:refrigerated-foods', 'en:sausages', 'en:meals-with-meat', 'en:refrigerated-meals', 'en:pork-meals', 'en:german-sausages']",4,[],"['en:e14xx', 'en:e250', 'en:e300', 'en:e412']",215.0,15.0,5.5,12.0,,8.0,1.6
Jambon - fromages,3560070555901,"['en:meats-and-their-products', 'en:meals', 'en:pizzas-pies-and-quiches', 'en:meals-with-meat', 'en:pizzas', 'en:pork-meals', 'en:pizza-with-ham-and-cheese']",4,[],"['en:e250', 'en:e301', 'en:e407', 'en:e500']",216.0,6.5,3.3,3.5,2.4,11.0,1.6
Blanquette de veau,3038355844700,"['en:canned-foods', 'en:meats-and-their-products', 'en:meals', 'en:meals-with-meat', 'en:beef-dishes', 'en:canned-meals', 'en:veal-meat-dishes', 'en:veal-blanquette']",4,[],"['en:e14xx', 'en:e223', 'en:e451', 'en:e452']",84.0,3.2,1.2,0.2,1.7,6.2,0.7
Joue de boeuf,3273230393793,"['en:meats-and-their-products', 'en:beef-and-its-products', 'en:meals', 'en:meats', 'en:beef', 'en:meals-with-meat', 'en:beef-dishes', 'en:microwave-meals', 'en:beef-cheek']",0,[],[],116.0,2.6,1.1,0.8,0.5,22.0,0.91
Poulet rôti & son écrasé de pommes de terre,20058401,"['en:meats-and-their-products', 'en:meals', 'en:meats', 'en:poultries', 'en:meals-with-meat', 'en:poultry-meals', 'en:meals-with-chicken']",0,[],[],84.0,3.5,1.4,0.8,,5.6,0.8
Filet de poulet et ses pommes de terre a la sarladaise,3560070722082,"['en:meats-and-their-products', 'en:meals', 'en:meals-with-meat', 'en:poultry-meals', 'en:meals-with-chicken', 'en:microwave-meals']",0,[],[],139.0,5.1,1.7,1.6,1.9,8.8,0.66
Couscous poulet et merguez,3660014108252,"['en:meals', 'en:meats-and-their-products', 'en:meals-with-meat', 'en:savory-semolina-dishes', 'en:poultry-meals', 'en:prepared-couscous', 'en:couscous-with-meat', 'en:meals-with-chicken', 'en:chicken-couscous']",1,[],['en:e428'],119.0,5.9,2.2,1.5,1.0,6.5,0.64
Le Cassoulet recette sans nitrite,3049580541111,"['en:plant-based-foods-and-beverages', 'en:plant-based-foods', 'en:meats-and-their-products', 'en:meals', 'en:pickles', 'en:meals-with-meat', 'en:bean-dishes', 'en:cassoulets', 'en:plats-prepares', 'en:plats-prepares-en-conserve', 'en:plats-prepares-a-la-viande', 'en:produits-a-la-viande']",6,[],"['en:e250', 'en:e316', 'en:e407a', 'en:e450', 'en:e451', 'en:e452']",115.0,4.7,1.8,0.6,3.8,7.3,0.81
Chili con carne 400g,3250392375324,"['en:canned-foods', 'en:meals', 'en:meats-and-their-products', 'en:meals-with-meat', 'en:beef-dishes', 'en:canned-meals', 'en:chili-con-carne', 'fr:chili-con-carne-plat-complet']",2,[],"['en:e14xx', 'en:e160c']",94.0,1.9,1.0,1.3,4.6,7.5,0.6
Corned-beef dans sa gelée,3047360102088,"['en:canned-foods', 'en:meats-and-their-products', 'en:meals', 'en:meats', 'en:prepared-meats', 'en:meals-with-meat', 'en:beef-dishes', 'en:canned-meats', 'en:corned-beef']",1,[],['en:e250'],209.0,15.0,7.0,0.1,0.0,18.0,1.5
Bœuf Bourguignon Mitonné au Vin de Bourgogne,3181238930080,"['en:meats-and-their-products', 'en:meals', 'en:meals-with-meat', 'en:beef-dishes', 'en:refrigerated-foods', 'en:beef-stews', 'en:microwave-meals', 'en:refrigerated-meals', 'en:boeufs-bourguignons']",7,[],"['en:e14xx', 'en:e250', 'en:e262', 'en:e300', 'en:e301', 'en:e330', 'en:e392']",90.0,2.1,0.8,1.1,,13.0,1.075
Boeuf façon tomate farcie,3188720005851,"['en:meats-and-their-products', 'en:meals', 'en:meals-with-meat']",0,[],[],99.0,1.8,0.3,1.5,0.5,6.0,0.65
Rotes Thai Curry mit Huhn,4260334165028,"['en:meats-and-their-products', 'en:meals', 'en:meals-with-meat', 'en:poultry-meals', 'en:meals-with-chicken']",1,[],['en:e14xx'],134.0,5.4,2.3,3.51,1.21,5.51,0.688
Petit salé aux lentilles 840g,3250390787266,"['en:meats-and-their-products', 'en:meals', 'en:meals-with-meat', 'en:lentil-dishes', 'en:salt-cured-pork-belly-with-lentils']",1,[],['en:e509'],115.0,3.2,1.2,0.6,3.2,8.6,0.73
Couscous 450g,3596710304783,"['en:meats-and-their-products', 'en:meals', 'en:meals-with-meat', 'en:savory-semolina-dishes', 'en:beef-dishes', 'en:poultry-meals', 'en:prepared-couscous', 'en:couscous-with-meat', 'en:meals-with-chicken', 'en:chicken-couscous']",1,[],['en:e415'],147.0,6.1,1.7,1.8,1.3,8.3,0.71
Poulet basquaise,3560070921942,"['en:canned-foods', 'en:meats-and-their-products', 'en:frozen-foods', 'en:meals', 'en:meals-with-meat', 'en:poultry-meals', 'en:canned-meals', 'en:meals-with-chicken', 'en:chicken-basque-style']",4,[],"['en:e14xx', 'en:e412', 'en:e415', 'en:e579']",90.0,4.0,0.9,2.5,0.8,8.2,0.59
Mini Nems Porc et Volaille,3564700602706,"['en:meals', 'en:meals-with-meat', 'en:poultry-meals', 'en:nems']",1,[],"['en:e322', 'en:e322i']",217.0,9.3,1.6,2.8,1.4,6.0,1.4
Cassoulet,3254560070486,"['en:seafood', 'en:canned-foods', 'en:meals', 'en:meats-and-their-products', 'en:meals-with-meat', 'en:bean-dishes', 'en:canned-meals', 'en:shellfish', 'en:cassoulets']",1,[],['en:e451'],111.0,4.5,1.5,0.7,3.8,7.8,0.81
Ravioli Pur Bœuf Sauce Italienne,3222473613335,"['en:plant-based-foods-and-beverages', 'en:plant-based-foods', 'en:canned-foods', 'en:cereals-and-potatoes', 'en:meats-and-their-products', 'en:cereals-and-their-products', 'en:meals', 'en:pasta-dishes', 'en:pastas', 'en:meals-with-meat', 'en:stuffed-pastas', 'en:beef-dishes', 'en:pasta-stuffed-with-meat', 'en:ravioli', 'en:canned-meals', 'en:meat-ravioli', 'en:beef-ravioli', 'en:canned-raviolis']",1,[],['en:e14xx'],84.0,1.7,0.8,3.0,1.7,3.7,0.81
"Confit de canard, cuisse x2",3104544017122,"['en:meats-and-their-products', 'en:frozen-foods', 'en:meals', 'en:meats', 'en:poultries', 'en:meals-with-meat', 'en:ducks', 'en:poultry-meals', 'en:duck-dishes', 'en:duck-legs', 'en:duck-confit', 'fr:cuisses-de-canard-confites']",0,[],[],254.0,25.0,6.0,0.5,,25.0,1.4
Ristotto au confit de canard et aux cèpes,3104544073814,"['en:meats-and-their-products', 'en:meals', 'en:meals-with-meat', 'en:poultry-meals', 'en:duck-dishes']",0,[],[],170.0,11.0,5.0,3.3,1.1,5.8,0.74
Nouilles chinoises au poulet,20534707,"['en:plant-based-foods-and-beverages', 'en:plant-based-foods', 'en:cereals-and-potatoes', 'en:meals', 'en:cereals-and-their-products', 'en:fresh-foods', 'en:pastas', 'en:meals-with-meat', 'en:noodles', 'en:fresh-meals', 'en:poultry-meals', 'en:chinese-noodles', 'en:meals-with-chicken']",0,[],[],106.0,2.8,0.4,2.3,1.8,6.0,0.53
Tagliatelles aux Œufs Frais à la Carbonara,3564700361870,"['en:plant-based-foods-and-beverages', 'en:plant-based-foods', 'en:meats-and-their-products', 'en:meals', 'en:pasta-dishes', 'en:pastas', 'en:meals-with-meat', 'en:noodles', 'en:egg-pastas', 'en:pork-meals', 'en:microwave-meals', 'en:carbonara-style-pasta', 'en:egg-noodles', 'en:egg-tagliatelle', 'en:tagliatelle-with-carbonara']",2,[],"['en:e250', 'en:e301']",175.0,9.5,4.9,0.6,1.2,6.9,0.66
Lentilles Saucisses,3493833090725,"['en:meals', 'en:meats-and-their-products', 'en:meals-with-meat', 'en:lentil-dishes', 'en:sausages-with-lentils']",0,[],[],129.0,6.1,2.8,0.0,3.0,8.7,0.56
Rana Rustici Raviolini Vitello,8001665124645,"['en:plant-based-foods-and-beverages', 'en:plant-based-foods', 'en:meals', 'en:pasta-dishes', 'en:pastas', 'en:stuffed-pastas', 'en:meals-with-meat', 'en:pasta-stuffed-with-meat', 'en:ravioli', 'en:beef-dishes', 'en:fresh-pasta', 'en:meat-ravioli', 'en:beef-ravioli']",0,[],[],303.0,9.3,3.5,4.6,1.5,13.0,5.62
Pizza Royale Bio 400g,3250392886950,"['en:frozen-foods', 'en:meals', 'en:pizzas-pies-and-quiches', 'en:meals-with-meat', 'en:pizzas', 'en:pork-meals', 'en:frozen-pizzas-and-pies', 'en:frozen-pizzas', 'en:pizza-with-ham-and-cheese', 'en:regina-pizza']",0,[],[],190.0,5.0,2.7,3.58,2.9,8.5,0.998
Ravioli pur bœuf,3564707125130,"['en:meats-and-their-products', 'en:meals', 'en:pasta-dishes', 'en:meals-with-meat', 'en:stuffed-pastas', 'en:beef-dishes', 'en:pasta-stuffed-with-meat', 'en:ravioli', 'en:meat-ravioli', 'en:beef-ravioli']",0,[],[],91.0,2.2,0.5,3.5,1.0,3.2,0.85
Emincés de bœuf sauce au poivre,3248830000976,"['en:meats-and-their-products', 'en:meals', 'en:meals-with-meat', 'en:beef-dishes', 'en:microwave-meals']",0,[],[],145.0,8.8,5.1,1.0,0.9,7.5,0.64
Cassoulet de Castelnaudary au canard,3113010143715,"['en:meats-and-their-products', 'en:meals', 'en:meals-with-meat', 'en:poultry-meals', 'en:bean-dishes', 'en:duck-dishes', 'en:cassoulets', 'en:cassoulets-with-duck-confit']",0,[],[],143.0,6.7,2.7,0.6,3.3,11.0,0.9
4 nems au poulet sauce nuoc mam,3596710133994,"['en:meals', 'en:meats-and-their-products', 'en:meals-with-meat', 'en:poultry-meals', 'en:variety-packs', 'en:meals-with-chicken', 'en:nems', 'en:chicken-nems', 'en:prepared-foods-variety-packs']",0,[],[],173.0,5.6,0.6,3.4,1.6,4.4,1.4
Chicken & bacon pasta bake,00221719,"['en:meats-and-their-products', 'en:meals', 'en:pasta-dishes', 'en:meals-with-meat', 'en:refrigerated-foods', 'en:microwave-meals', 'en:refrigerated-meals']",3,[],"['en:e250', 'en:e301', 'en:e440']",160.0,6.7,2.6,1.4,0.7,9.5,1.57
Jarret de porc désossé,3273230393786,"['en:meals', 'en:meats-and-their-products', 'en:meats', 'en:pork-and-its-products', 'en:meals-with-meat', 'en:pork', 'en:pork-meals', 'en:pork-knuckle', 'en:pork-roasts', 'fr:filets-mignons-de-porc']",0,[],[],161.0,7.4,2.6,0.5,0.5,22.0,1.1
Rotes Curry mit Hähnchen und Reis,4008366017331,"['en:meats-and-their-products', 'en:meals', 'en:meals-with-meat', 'en:poultry-meals', 'en:meals-with-chicken']",0,[],[],112.0,4.7,2.1,3.0,1.3,5.0,0.82
Bouchée à la reine,3276558020075,"['en:meats-and-their-products', 'en:meals', 'en:meals-with-meat', 'en:puff-pastry-meals', 'en:vol-au-vent', 'en:vol-au-vent-with-meat']",2,[],"['en:e300', 'en:e330']",297.0,20.0,13.0,2.5,1.5,7.5,1.3
Cassoulet au confit de canard,2006050001439,"['en:canned-foods', 'en:meats-and-their-products', 'en:frozen-foods', 'en:meals', 'en:meals-with-meat', 'en:poultry-meals', 'en:bean-dishes', 'en:canned-meals', 'en:duck-dishes', 'en:cassoulets', 'en:cassoulets-with-duck-confit']",1,[],['en:e330'],125.0,4.4,1.3,0.6,3.1,11.0,0.825
Ravioli Bolognaise,3564706665828,"['en:plant-based-foods-and-beverages', 'en:plant-based-foods', 'en:meats-and-their-products', 'en:meals', 'en:pasta-dishes', 'en:pastas', 'en:meals-with-meat', 'en:stuffed-pastas', 'en:beef-dishes', 'en:pasta-stuffed-with-meat', 'en:ravioli', 'en:meat-ravioli', 'en:beef-ravioli', 'en:bolognese-raviolis']",2,[],"['en:e270', 'en:e330']",221.0,5.0,2.5,7.7,2.2,12.0,0.81
Poulet Teriyaki,4260334163772,"['en:meals', 'en:meals-with-meat', 'en:poultry-meals', 'en:meals-with-chicken']",1,[],['en:e415'],130.0,3.9,0.5,5.9,2.0,6.4,1.23
Chicken chow mein,5054269267976,"['en:meals', 'en:meals-with-meat', 'en:poultry-meals', 'en:meals-with-chicken', 'en:microwave-meals']",0,[],[],97.8,2.8,0.375,1.43,1.1,7.72,0.642
Corned beef,5000128968393,"['en:meats-and-their-products', 'en:meals', 'en:meats', 'en:meals-with-meat', 'en:beef-dishes', 'en:corned-beef']",1,[],['en:e250'],215.0,13.0,5.9,0.0,0.6,24.0,1.72
Butter Chicken,5000169247150,"['en:meals', 'en:meats-and-their-products', 'en:meats', 'en:chicken-and-its-products', 'en:poultries', 'en:meals-with-meat', 'en:chickens', 'en:poultry-meals', 'en:meals-with-chicken', 'en:butter-chicken']",1,[],['en:e160c'],145.0,8.4,3.0,4.4,1.6,12.2,0.6
Paella Rice,5000436144489,"['en:plant-based-foods-and-beverages', 'en:plant-based-foods', 'en:cereals-and-potatoes', 'en:seeds', 'en:cereals-and-their-products', 'en:meals', 'en:cereal-grains', 'en:meals-with-meat', 'en:rice-dishes', 'en:rices', 'en:paella']",0,[],[],345.0,1.1,0.4,0.2,,7.0,0.01
Chicken Korma with pilau rice,00244985,"['en:meals', 'en:meals-with-meat', 'en:rice-dishes', 'en:poultry-meals', 'en:meals-with-chicken', 'en:chicken-curry', 'en:chicken-korma']",0,[],[],143.0,5.1,1.6,2.4,,7.5,0.49
Hachis Parmentier,3596710484836,"['en:meats-and-their-products', 'en:meals', 'en:meals-with-meat', 'en:beef-dishes', 'en:beef-cottage-pies']",0,[],[],124.0,6.5,3.5,0.9,1.3,5.8,0.75
Chicken pasta bake,00489843,"['en:meats-and-their-products', 'en:meals', 'en:pasta-dishes', 'en:meals-with-meat', 'en:poultry-meals', 'en:meals-with-chicken']",1,[],['en:e440'],151.0,5.7,1.1,1.0,1.1,9.6,0.00112
Korean Style BBQ Beef,4088600544922,"['en:plant-based-foods-and-beverages', 'en:plant-based-foods', 'en:cereals-and-potatoes', 'en:seeds', 'en:cereals-and-their-products', 'en:meals', 'en:cereal-grains', 'en:meals-with-meat', 'en:rice-dishes', 'en:rices', 'en:beef-dishes', 'en:brown-rices', 'en:cooked-brown-rices']",0,[],[],84.0,1.0,0.5,2.5,1.6,5.1,0.68
Poulet tikka riz basmati,2006050138258,"['en:meals', 'en:frozen-foods', 'en:meals-with-meat', 'en:rice-dishes', 'en:poultry-meals', 'en:meals-with-chicken', 'en:microwave-meals', 'en:chicken-tikka-masala']",2,[],"['en:e220', 'en:e415']",142.0,4.5,1.7,2.4,0.5,8.3,0.78
Parmentier de canard confit à la sarladaise,3248830002130,"['en:meals', 'en:frozen-foods', 'en:meals-with-meat', 'en:poultry-meals', 'en:duck-dishes', 'en:microwave-meals', 'en:shepherd-s-pie-with-duck']",0,[],[],180.0,11.0,3.4,1.8,1.5,6.5,0.65
Véritable Cassoulet de Castelnaudary au porc,4056489842750,"['en:frozen-foods', 'en:meals', 'en:meals-with-meat', 'en:bean-dishes', 'en:cassoulets', 'en:pork-cassoulets']",0,[],[],126.0,6.1,2.4,0.6,3.5,9.7,0.96
Chicken and chorizo paella,5060963011197,"['en:meals', 'en:meals-with-meat', 'en:rice-dishes', 'en:paella']",0,[],[],81.2,1.6,0.475,2.2,1.5,7.53,0.398
Filet de poulet et pommes de terre à la sarladaise,2006050138296,"['en:frozen-foods', 'en:meals', 'en:meals-with-meat', 'en:poultry-meals', 'en:meals-with-chicken']",1,[],['en:e415'],154.0,7.2,1.5,1.0,1.3,8.1,0.7
Yakitori Poulet sauce teriyaki,3700417302373,"['en:meats-and-their-products', 'en:meals', 'en:meat-preparations', 'en:meats', 'en:skewers', 'en:chicken-and-its-products', 'en:meat-skewers', 'en:poultries', 'en:chicken-preparations', 'en:meals-with-meat', 'en:poultry-skewers', 'en:chicken-skewers', 'en:poultry-meals', 'en:meals-with-chicken', 'en:yakitori-chicken-skewers', 'en:frozen-yakitori-chicken-skewers']",2,[],"['en:e14xx', 'en:e150a']",142.0,1.9,0.6,5.8,0.5,19.0,1.02
Ravioli au boeuf,3335880006642,"['en:meals', 'en:pasta-dishes', 'en:stuffed-pastas', 'en:meals-with-meat', 'en:pasta-stuffed-with-meat', 'en:ravioli', 'en:beef-dishes', 'en:meat-ravioli', 'en:stuffed-pastas-in-sauce', 'en:beef-ravioli']",0,[],[],52.0,2.2,0.3,1.4,1.1,3.2,0.73
Protein Sweet & Sour Chicken,4061462108532,"['en:meals', 'en:meals-with-meat', 'en:poultry-meals', 'en:meals-with-chicken', 'en:microwave-meals']",1,[],['en:e150a'],92.6,1.34,0.211,3.68,0.921,8.05,0.353
PROTEIN PESTO PENNE CHICKEN,5063089340837,"['en:meals', 'en:pasta-dishes', 'en:meals-with-meat', 'en:poultry-meals', 'en:meals-with-chicken']",0,[],[],117.0,2.24,0.684,1.45,1.66,8.68,0.285
La Jambonito,4002084345042,"['en:meals', 'en:pizzas-pies-and-quiches', 'en:meals-with-meat', 'en:pizzas', 'en:pork-meals', 'en:ham-pizzas', 'en:cured-ham-pizza']",0,[],[],245.0,8.5,3.0,4.3,2.2,11.0,1.5
Sauté de Veau & petits légumes,20165673,"['en:meats-and-their-products', 'en:meals', 'en:meals-with-meat', 'en:beef-dishes', 'en:microwave-meals', 'en:veal-meat-dishes', 'fr:saute-de-veau']",7,[],"['en:e14xx', 'en:e300', 'en:e330', 'en:e415', 'en:e451', 'en:e452', 'en:e631']",55.0,1.9,0.8,0.9,1.3,5.1,0.9
Poulet karaage,3270160864287,"['en:meats-and-their-products', 'en:frozen-foods', 'en:meals', 'en:meals-with-meat', 'en:rice-dishes', 'en:poultry-meals', 'en:frozen-ready-made-meals', 'en:meals-with-chicken', 'en:microwave-meals']",6,[],"['en:e14xx', 'en:e341', 'en:e412', 'en:e415', 'en:e450', 'en:e500']",189.0,7.9,0.7,2.4,1.2,5.1,0.8
Paëlla Royale,3270190026730,"['en:meats-and-their-products', 'en:meals', 'en:meals-with-meat', 'en:rice-dishes', 'en:poultry-meals', 'en:meals-with-chicken', 'en:paella']",3,[],"['en:e100', 'en:e14xx', 'en:e160c']",109.0,2.5,0.5,1.1,1.1,6.3,0.8
Parmentier de poulet,3021690025019,"['en:meals', 'en:meals-with-meat', 'en:beef-dishes', 'en:poultry-meals', 'en:meals-with-chicken', 'en:microwave-meals', 'en:beef-cottage-pies', 'fr:parmentiers-de-poulet']",2,[],"['en:e14xx', 'en:e223']",69.0,2.5,1.0,0.5,1.2,3.8,0.79
"Petit salé à l'Auvergnate et lentilles cuisinées RAYNAL ET ROQUELAURE,420g",3021690103168,"['en:canned-foods', 'en:meats-and-their-products', 'en:meals', 'en:meals-with-meat', 'en:canned-meals', 'en:lentil-dishes', 'en:salt-cured-pork-belly-with-lentils']",1,[],['en:e451'],114.0,4.2,1.9,0.5,3.1,9.7,0.86
Moussaka au Bœuf,3248830723455,"['en:meats-and-their-products', 'en:frozen-foods', 'en:meals', 'en:meals-with-meat', 'en:beef-dishes', 'en:frozen-ready-made-meals', 'en:moussaka']",0,[],[],109.0,7.3,2.0,2.7,1.9,4.5,0.67
Couscous volaille et merguez,3564700449608,"['en:meats-and-their-products', 'en:meals', 'en:meals-with-meat', 'en:savory-semolina-dishes', 'en:prepared-couscous', 'en:couscous']",1,[],['en:e412'],130.0,2.9,1.2,1.8,1.8,8.1,0.7
Salade de pâtes jambon et crudités,26019444,"['en:meals', 'en:pasta-dishes', 'en:prepared-salads', 'en:meals-with-meat', 'en:pasta-salads', 'en:poultry-meals', 'en:salads-with-meat', 'en:meals-with-chicken', 'en:pasta-salad-with-meat', 'en:pasta-salad-with-chicken']",6,[],"['en:e14xx', 'en:e202', 'en:e224', 'en:e250', 'en:e316', 'en:e330']",156.0,7.9,1.4,1.4,1.8,7.2,0.7
Les cocottes - Petit salé aux lentilles,3261051670407,"['en:meats-and-their-products', 'en:meals', 'en:meals-with-meat', 'en:lentil-dishes', 'en:microwave-meals', 'en:salt-cured-pork-belly-with-lentils']",3,[],"['en:e331', 'en:e412', 'en:e415']",117.0,3.5,1.3,0.9,2.9,8.9,1.0
Pizza Romanella,20673642,"['en:meats-and-their-products', 'en:meals', 'en:pizzas-pies-and-quiches', 'en:meals-with-meat', 'en:pizzas', 'en:pork-meals', 'en:vegetarian-pizzas', 'en:cheese-pizzas', 'en:ham-pizzas', 'en:cured-ham-pizza', 'en:pizza-with-ham-and-cheese']",7,[],"['en:e14xx', 'en:e250', 'en:e301', 'en:e330', 'en:e450', 'en:e500', 'en:e579']",220.0,7.4,4.0,2.9,2.0,9.8,1.64
Quenelles de volaille sauce champignon,3564700415122,"['en:canned-foods', 'en:meals', 'en:meats-and-their-products', 'en:meals-with-meat', 'fr:quenelles', 'en:canned-meals', 'en:poultry-quenelle', 'en:chicken-quenelles', 'en:poultry-quenelle-in-sauce']",2,[],"['en:e300', 'en:e330']",134.0,8.0,4.8,0.8,0.5,3.6,0.69
Tortellini boeuf,3245412476525,"['en:plant-based-foods-and-beverages', 'en:plant-based-foods', 'en:cereals-and-potatoes', 'en:cereals-and-their-products', 'en:meals', 'en:pasta-dishes', 'en:pastas', 'en:cereal-pastas', 'en:meals-with-meat', 'en:stuffed-pastas', 'en:beef-dishes', 'en:dry-pastas', 'en:durum-wheat-pasta', 'en:fresh-pasta', 'en:ravioli', 'en:tortellini', 'en:durum-wheat-pasta-with-egg']",2,[],"['en:e250', 'en:e301']",280.0,8.0,2.4,1.6,1.5,13.0,1.3
Carpaccio de vacuno,8436569260074,"['en:dairies', 'en:fermented-foods', 'en:fermented-milk-products', 'en:cheeses', 'en:meals', 'en:meats-and-their-products', 'en:beef-and-its-products', 'en:meats', 'en:beef', 'en:meals-with-meat', 'en:beef-dishes', 'en:italian-cheeses', 'en:beef-carpaccio', 'en:parmigiano-reggiano']",7,[],"['en:e250', 'en:e252', 'en:e262', 'en:e262i', 'en:e301', 'en:e325', 'en:e331', 'en:e407']",108.0,2.0,1.0,0.8,,20.0,2.8
Tortilla con bacon,20645373,"['en:plant-based-foods-and-beverages', 'en:plant-based-foods', 'en:cereals-and-potatoes', 'en:meats-and-their-products', 'en:meals', 'en:breads', 'en:meals-with-meat', 'en:flatbreads', 'en:white-breads', 'en:wheat-breads', 'en:wheat-flatbreads']",8,[],"['en:e250', 'en:e262', 'en:e316', 'en:e326', 'en:e407', 'en:e415', 'en:e420', 'en:e451']",166.0,9.5,1.8,0.5,0.4,5.6,0.855
Hachis Parmentier,3245413955470,"['en:meats-and-their-products', 'en:meals', 'en:meals-with-meat', 'en:beef-dishes', 'en:microwave-meals', 'en:beef-cottage-pies']",0,[],[],112.0,5.9,2.7,0.5,1.4,5.9,0.81
PORC AU CARAMEL ET RIZ BASMATI 300g,3250392199722,"['en:meats-and-their-products', 'en:meals', 'en:meals-with-meat', 'en:rice-dishes', 'en:pork-meals', 'en:caramel-pork', 'fr:plats-exotiques-plat-complet']",0,[],[],144.0,2.5,0.6,4.0,0.7,5.3,0.53
Mini nems porc,3560070681198,"['en:meats-and-their-products', 'en:meals', 'en:fresh-foods', 'en:meals-with-meat', 'en:fresh-meals', 'en:pork-meals', 'en:nems', 'en:pork-nems']",0,[],[],185.0,6.9,1.7,2.9,1.7,5.9,1.6
Japanese Style Chicken Teriyaki,4260334165134,"['en:meats-and-their-products', 'en:meals', 'en:meals-with-meat', 'en:poultry-meals', 'en:meals-with-chicken']",1,[],['en:e415'],130.0,3.9,0.5,5.9,2.0,6.4,1.23
Pizza & salsa jamón y queso,8410320033503,"['en:meats-and-their-products', 'en:meals', 'en:pizzas-pies-and-quiches', 'en:meals-with-meat', 'en:pizzas', 'en:pork-meals', 'en:pizza-with-ham-and-cheese']",9,[],"['en:e14xx', 'en:e160a', 'en:e250', 'en:e316', 'en:e325', 'en:e330', 'en:e331', 'en:e420', 'en:e451']",270.0,10.0,4.1,2.1,,10.0,1.9
2 suprêmes de pintade farcis aux girolles et au porto,3270160201471,"['en:meats-and-their-products', 'en:frozen-foods', 'en:meals', 'en:meats', 'en:poultries', 'en:meals-with-meat', 'en:poultry-meals', 'en:frozen-ready-made-meals', 'en:guinea-fowl']",1,[],['en:e325'],190.0,12.0,4.1,0.5,0.5,20.0,0.56
Galettes jambon emmental x2 300g,3250391655168,"['en:meals', 'en:meats-and-their-products', 'en:crepes-and-galettes', 'en:crepes', 'en:meals-with-meat', 'en:filled-crepes', 'en:pork-meals', 'en:refrigerated-foods', 'en:refrigerated-meals', 'en:savoury-filled-crepes', 'en:galettes', 'en:plain-buckwheat-crepes', 'fr:galettes-garnies']",3,[],"['en:e14xx', 'en:e250', 'en:e316']",153.0,5.2,3.3,0.8,2.5,9.0,1.3
Ravioli pur boeuf,3250390001072,"['en:plant-based-foods-and-beverages', 'en:plant-based-foods', 'en:canned-foods', 'en:cereals-and-potatoes', 'en:meats-and-their-products', 'en:cereals-and-their-products', 'en:meals', 'en:pasta-dishes', 'en:pastas', 'en:meals-with-meat', 'en:stuffed-pastas', 'en:beef-dishes', 'en:pasta-stuffed-with-meat', 'en:ravioli', 'en:canned-meals', 'en:meat-ravioli', 'en:beef-ravioli', 'en:canned-raviolis']",2,[],"['en:e14xx', 'en:e621']",92.0,2.8,0.9,2.3,,3.8,0.88
Plat cuisiné individuel Tomates farcies et riz cuisiné 350g,3256226090487,"['en:plant-based-foods-and-beverages', 'en:plant-based-foods', 'en:meats-and-their-products', 'en:meals', 'en:meals-with-meat', 'en:prepared-vegetables', 'en:rice-dishes', 'en:rice-stuffed-tomatoes']",0,[],[],114.0,5.5,1.5,2.0,1.1,4.4,0.78
Chili con carne,3250390121770,"['en:canned-foods', 'en:meats-and-their-products', 'en:meals', 'en:meals-with-meat', 'en:beef-dishes', 'en:canned-meals', 'en:chili-con-carne']",1,[],['en:e160c'],94.0,1.6,0.8,1.3,4.3,7.8,0.63
Hachis parmentier,3248830116547,"['en:meats-and-their-products', 'en:frozen-foods', 'en:meals', 'en:meals-with-meat', 'en:beef-dishes', 'en:combination-meals', 'en:frozen-ready-made-meals', 'en:microwave-meals', 'en:beef-cottage-pies']",0,[],[],124.0,6.2,3.4,2.3,1.3,6.4,0.61
Fusilli au Poulet SAUCE AUX CHAMPIGNONS,3560070905652,"['en:meats-and-their-products', 'en:meals', 'en:pasta-dishes', 'en:meals-with-meat', 'en:poultry-meals', 'en:meals-with-chicken']",1,[],['en:e415'],126.0,2.7,1.1,0.5,2.1,7.3,0.44
Steinofen Pizza Schinken,4009233003563,"['en:frozen-foods', 'en:meals', 'en:meats-and-their-products', 'en:pizzas-pies-and-quiches', 'en:meals-with-meat', 'en:pizzas', 'en:pork-meals', 'en:frozen-pizzas-and-pies', 'en:ham-pizzas', 'en:frozen-pizzas']",4,[],"['en:e250', 'en:e301', 'en:e331', 'en:e392']",213.0,7.4,2.7,3.6,2.1,10.2,0.95
Poulet Tikka Massala,5413110011326,"['en:meals', 'en:meats-and-their-products', 'en:meals-with-meat', 'en:rice-dishes', 'en:poultry-meals', 'en:meals-with-chicken', 'en:microwave-meals', 'en:chicken-tikka-masala', 'en:chicken-tikka-massala', 'fr:poulet-tikka-massala']",3,[],"['en:e162', 'en:e412', 'en:e415']",179.0,8.8,2.9,2.4,1.0,5.8,0.48
Pizza jamón y queso sin gluten sin lactosa,8480000635143,"['en:meats-and-their-products', 'en:meals', 'en:pizzas-pies-and-quiches', 'en:meals-with-meat', 'en:pizzas', 'en:pork-meals', 'en:pizza-con-jamon-y-queso', 'en:pizzas-empanadas-y-quiches']",2,[],"['en:e250', 'en:e407']",206.739961759082,6.8,3.7,1.8,,9.3,1.3775
Corned beef,5707196241846,"['en:canned-foods', 'en:meats-and-their-products', 'en:meals', 'en:meats', 'en:meals-with-meat', 'en:beef-dishes', 'en:canned-meats', 'en:corned-beef']",1,[],['en:e250'],232.0,16.0,4.5,0.49,0.0,21.0,1.7
2 Paupiettes farcies à la Forestière,3270160208821,"['en:meats-and-their-products', 'en:frozen-foods', 'en:meals', 'en:meats', 'en:meals-with-meat', 'en:frozen-ready-made-meals']",3,[],"['en:e250', 'en:e262', 'en:e262i', 'en:e316']",148.0,6.8000001907349,2.2999999523163,0.69999998807907,0.7,19.0,0.80000001192093
6 Empanadas au bœuf,3270160862283,"['en:frozen-foods', 'en:meals', 'en:meals-with-meat', 'en:beef-dishes', 'en:combination-meals', 'en:frozen-ready-made-meals', 'en:microwave-meals', 'en:frozen-meals-with-meat', 'fr:empanadas-au-boeuf']",0,[],[],341.0,21.0,13.0,2.8,2.3,8.8,1.1
Pizza Di Pierra Royale surgelée 400g,3250390564843,"['en:meals', 'en:frozen-foods', 'en:pizzas-pies-and-quiches', 'en:meals-with-meat', 'en:pizzas', 'en:pork-meals', 'en:frozen-pizzas-and-pies', 'en:frozen-pizzas', 'en:pizza-with-ham-and-cheese', 'en:regina-pizza']",3,[],"['en:e250', 'en:e316', 'en:e450']",217.0,8.7,3.0,3.5,2.7,8.3,1.3
Les Mijotés pour 2 - Blanquette de Veau,3270160604906,"['en:meats-and-their-products', 'en:frozen-foods', 'en:meals', 'en:meals-with-meat', 'en:beef-dishes', 'en:frozen-ready-made-meals', 'en:veal-meat-dishes', 'en:veal-blanquette']",0,[],[],133.0,6.3,3.8,1.2,1.1,16.0,0.7
Boeuf bourguignon boîte de 400g,3256221923339,"['en:meats-and-their-products', 'en:meals', 'en:meals-with-meat', 'en:beef-dishes', 'en:beef-stews', 'en:boeufs-bourguignons', 'fr:boeuf-bourguignon-en-conserve']",1,[],['en:e451'],74.0,2.3,0.9,0.8,1.3,5.3,1.0
Nems Poulet,3596710303632,"['en:meals', 'en:fresh-foods', 'en:meals-with-meat', 'en:fresh-meals', 'en:poultry-meals', 'en:variety-packs', 'en:meals-with-chicken', 'en:nems', 'en:chicken-nems', 'en:prepared-foods-variety-packs']",0,[],[],153.0,5.0,0.6,3.3,1.2,5.4,1.5
Banzai Noodle,3038359911064,"['en:plant-based-foods-and-beverages', 'en:plant-based-foods', 'en:meals', 'en:dried-products', 'en:pastas', 'en:dried-products-to-be-rehydrated', 'en:meals-with-meat', 'en:noodles', 'en:instant-noodles', 'en:poultry-meals', 'en:chinese-noodles', 'en:meals-with-chicken', 'en:flavoured-asian-noodles', 'en:flavoured-dehydrated-asian-noodles']",9,[],"['en:e100', 'en:e14xx', 'en:e160c', 'en:e330', 'en:e392', 'en:e500', 'en:e501', 'en:e621', 'en:e635']",77.0,3.2,1.6,0.6,1.0,1.5,0.79
Moussaka IDS 460g,3250390400929,"['en:meats-and-their-products', 'en:frozen-foods', 'en:meals', 'en:meals-with-meat', 'en:beef-dishes', 'en:frozen-ready-made-meals', 'en:moussaka']",0,[],[],149.0,10.5,3.0,2.7,0.9,5.4,0.79
POULET CURRY ANANAS et RIZ BASMATI,3596710452996,"['en:meals', 'en:frozen-foods', 'en:meals-with-meat', 'en:rice-dishes', 'en:combination-meals', 'en:poultry-meals', 'en:frozen-ready-made-meals', 'en:meals-with-chicken', 'en:chicken-curry']",1,[],['en:e14xx'],112.0,2.2,1.1,2.6,0.9,8.4,0.56
Confit de canard,3760044390150,"['en:meats-and-their-products', 'en:meals', 'en:meats', 'en:poultries', 'en:meals-with-meat', 'en:ducks', 'en:poultry-meals', 'en:duck-dishes', 'en:duck-confit']",0,[],[],308.0,23.6,8.2,0.0,,23.7,1.5
Moussaka,3292590879525,"['en:meats-and-their-products', 'en:frozen-foods', 'en:meals', 'en:meals-with-meat', 'en:beef-dishes', 'en:frozen-ready-made-meals', 'en:microwave-meals', 'en:moussaka']",2,[],"['en:e14xx', 'en:e300']",130.0,9.2,2.8,2.8,2.4,6.6,0.89
Linsen mit Speck,7616800800165,"['en:plant-based-foods-and-beverages', 'en:plant-based-foods', 'en:fruits-and-vegetables-based-foods', 'en:legumes-and-their-products', 'en:canned-foods', 'en:legumes', 'en:meats-and-their-products', 'en:seeds', 'en:vegetables-based-foods', 'en:canned-plant-based-foods', 'en:legume-seeds', 'en:meals', 'en:canned-vegetables', 'en:pulses', 'en:lentils', 'en:meals-with-meat', 'en:canned-meals', 'en:lentil-dishes']",6,[],"['en:e250', 'en:e300', 'en:e301', 'en:e330', 'en:e450', 'en:e451']",100.0,3.5,1.0,0.7,3.0,4.5,1.0
Piémontaise jambon,4056489614340,"['en:meals', 'en:prepared-salads', 'en:meals-with-meat', 'en:pork-meals', 'en:potato-dishes', 'en:potato-salads', 'en:piemontese-salads', 'en:piemontese-salads-with-ham']",5,[],"['en:e14xx', 'en:e202', 'en:e250', 'en:e316', 'en:e415']",129.0,8.6,0.8,0.9,1.6,3.7,0.93
Hachis Parmentier,3564700329085,"['en:meats-and-their-products', 'en:meals', 'en:fresh-foods', 'en:meals-with-meat', 'en:beef-dishes', 'en:fresh-meals', 'en:microwave-meals', 'en:beef-cottage-pies']",2,[],"['en:e14xx', 'en:e471']",134.0,7.9,3.5,1.7,1.2,6.5,0.8
Poulet Basquaise,3564709171791,"['en:meats-and-their-products', 'en:meals', 'en:meals-with-meat', 'en:poultry-meals', 'en:meals-with-chicken', 'en:chicken-basque-style']",2,[],"['en:e14xx', 'en:e330']",125.0,7.7,2.0,3.0,1.9,10.0,0.7
Plat cuisiné Poulet basquaise et riz blanc micro-ondable 300g,3256228125552,"['en:meats-and-their-products', 'en:meals', 'en:meals-with-meat', 'en:rice-dishes', 'en:poultry-meals', 'en:meals-with-chicken', 'en:microwave-meals', 'en:chicken-basque-style']",4,[],"['en:e330', 'en:e412', 'en:e415', 'en:e579']",111.0,3.2,0.6,1.8,1.5,7.0,0.88
Confit de canard du Sud-Ouest,3067165040248,"['en:meats-and-their-products', 'en:meals', 'en:meats', 'en:poultries', 'en:meals-with-meat', 'en:ducks', 'en:poultry-meals', 'en:duck-dishes', 'en:duck-confit']",0,[],[],308.0,24.0,8.2,0.5,0.0,24.0,1.5
Bami Goreng,4311501673133,"['en:meats-and-their-products', 'en:meals', 'en:meals-with-meat', 'en:poultry-meals', 'en:meals-with-chicken']",0,[],[],110.0,2.6,0.5,1.3,,6.4,0.00183
Cassoulet au Confit de Canard,3560070610563,"['en:meats-and-their-products', 'en:meals', 'en:fresh-foods', 'en:meals-with-meat', 'en:pork-meals', 'en:poultry-meals', 'en:refrigerated-foods', 'en:bean-dishes', 'en:duck-dishes', 'en:microwave-meals', 'en:refrigerated-meals', 'en:cassoulets', 'en:cassoulets-with-duck-confit']",1,[],['en:e14xx'],140.0,7.9,2.5,0.8,3.0,11.0,0.79
Pasta Caesar Chicken,4260334162201,"['en:meats-and-their-products', 'en:meals', 'en:pasta-dishes', 'en:meals-with-meat', 'en:poultry-meals', 'en:meals-with-chicken']",2,[],"['en:e14xx', 'en:e250']",148.0,6.9,3.2,0.9,1.4,6.6,0.75
Médaillons de filets poulet à la provençale,4056489202882,"['en:meats-and-their-products', 'en:meals', 'en:meats', 'en:chicken-and-its-products', 'en:poultries', 'en:meals-with-meat', 'en:chickens', 'en:poultry-meals', 'en:chicken-breasts']",1,[],['en:e415'],140.0,6.0,0.9,0.6,0.0,21.0,1.0
Poulet croustillant et ses churros,3338310001972,"['en:snacks', 'en:meats-and-their-products', 'en:sweet-snacks', 'en:frozen-foods', 'en:meals', 'en:biscuits-and-cakes', 'en:meals-with-meat', 'en:breaded-products', 'en:pastries', 'en:poultry-meals', 'en:meals-with-chicken', 'en:churros']",1,[],['en:e500'],250.0,12.0,2.1,2.6,,11.0,0.25
Cassoulet supérieur au confit de canard,3104544073777,"['en:meats-and-their-products', 'en:meals', 'en:meals-with-meat', 'en:poultry-meals', 'en:bean-dishes', 'en:duck-dishes', 'en:cassoulets', 'en:cassoulets-with-duck-confit']",0,[],[],123.0,7.3,2.6,0.8,0.0,9.6,0.78
Hachis parmentier,3564700365595,"['en:meats-and-their-products', 'en:meals', 'en:meals-with-meat', 'en:beef-dishes', 'en:beef-cottage-pies']",3,[],"['en:e461', 'en:e471', 'en:e503']",147.0,9.0,4.5,1.0,1.0,7.0,0.575
Chaussons poulet champignon emmental,3270160891849,"['en:meals', 'en:meals-with-meat', 'en:poultry-meals', 'en:meals-with-chicken']",0,[],[],267.0,17.0,11.0,2.2,1.7,8.0,1.0
Gyoza legumes et poulet,4056489515548,"['en:frozen-foods', 'en:meals', 'en:pasta-dishes', 'en:meals-with-meat', 'en:stuffed-pastas', 'en:pasta-stuffed-with-meat', 'en:poultry-meals', 'en:ravioli', 'en:meat-ravioli', 'en:japanese-ravioli', 'fr:ravioli-a-la-volaille', 'fr:gyoza-legumes-poulet']",0,[],[],181.0,7.7,1.9,1.8,1.6,7.9,1.0
Piccolinis Jambon Fromage,8445290581129,"['en:frozen-foods', 'en:meals', 'en:pizzas-pies-and-quiches', 'en:meals-with-meat', 'en:pizzas', 'en:pork-meals', 'en:frozen-pizzas-and-pies', 'en:frozen-pizzas']",4,[],"['en:e300', 'en:e316', 'en:e331', 'en:e392']",227.0,7.4,2.7,2.9,1.9,10.9,0.96
Gyoza,4016337912417,"['en:meats-and-their-products', 'en:frozen-foods', 'en:meals', 'en:pasta-dishes', 'en:meals-with-meat', 'en:stuffed-pastas', 'en:combination-meals', 'en:poultry-meals', 'en:ravioli', 'en:frozen-ready-made-meals', 'en:meals-with-chicken', 'fr:mandu']",0,[],[],159.0,5.6,1.9,2.1,,8.2,0.77
Pizza fresca jamón con perlas de mozzarella,8410762222053,"['en:meals', 'en:pizzas-pies-and-quiches', 'en:meals-with-meat', 'en:pizzas', 'en:pork-meals', 'en:pizza-with-ham-and-cheese']",4,[],"['en:e250', 'en:e301', 'en:e407', 'en:e451', 'en:e451i']",232.0,8.1,4.4,2.3,,13.6,1.2
Mijoté de bœuf à la Provençale et ses pâtes,3021690030310,"['en:meals', 'en:pasta-dishes', 'en:meals-with-meat', 'en:beef-dishes', 'en:canned-meals-with-meat']",1,[],['en:e331'],107.0,4.5,0.5,2.1,1.7,8.1,0.86
Petit salé À la saucisse de Toulouse et aux lentilles vertes,3560071335472,"['en:canned-foods', 'en:meats-and-their-products', 'en:meals', 'en:meals-with-meat', 'en:canned-meals', 'en:lentil-dishes', 'en:salt-cured-pork-belly-with-lentils']",0,[],[],138.0,7.8,3.1,0.5,1.7,10.0,0.96
Aiguillettes de poulet Sauce au citron,3270160864737,"['en:meats-and-their-products', 'en:frozen-foods', 'en:meals', 'en:meats', 'en:chicken-and-its-products', 'en:poultries', 'en:meals-with-meat', 'en:chickens', 'en:poultry-meals', 'en:meals-with-chicken', 'fr:aiguillettes-de-poulet']",0,[],[],113.0,2.9,1.3,0.5,0.5,20.0,0.69
Butter Chicken with Basmati Rice,00990325,"['en:meats-and-their-products', 'en:meals', 'en:meals-with-meat', 'en:rice-dishes', 'en:poultry-meals', 'en:meals-with-chicken', 'en:microwave-meals']",1,[],['en:e330'],113.0,3.67,1.27,0.847,0.565,6.78,0.452
Saucisses lentilles,3022820009350,"['en:meats-and-their-products', 'en:meals', 'en:meals-with-meat', 'en:lentil-dishes', 'en:sausages-with-lentils']",0,[],[],120.0,6.4,2.2,0.4,2.5,8.2,1.05
Konjac Spaghetti Bolognaise,3701268000395,"['en:meats-and-their-products', 'en:meals', 'en:meals-with-meat']",2,[],"['en:e160a', 'en:e160ai', 'en:e410']",78.0,3.3,0.9,0.0025,1.7,3.9,0.59
Corned beef,5050854216374,"['en:canned-foods', 'en:meats-and-their-products', 'en:meals', 'en:meats', 'en:meals-with-meat', 'en:beef-dishes', 'en:canned-meats', 'en:corned-beef']",1,[],['en:e250'],221.0,13.0,5.2,0.0,0.0,26.0,1.6
Chicken tikka au poulet,4260334163789,"['en:meals', 'en:frozen-foods', 'en:meals-with-meat', 'en:rice-dishes', 'en:poultry-meals', 'en:meals-with-chicken', 'en:microwave-meals', 'en:chicken-tikka-masala']",2,[],"['en:e412', 'en:e471']",129.0,5.4,3.0,1.8,1.2,6.9,0.78
Chili Con Carne,4337256090650,"['en:meats-and-their-products', 'en:meals', 'en:meals-with-meat', 'en:chili-con-carne']",2,[],"['en:e14xx', 'en:e260']",89.0,2.1,1.0,2.4,,6.1,0.9
Coq au vin des Corbieres,3245360004931,"['en:meals', 'en:meals-with-meat', 'en:poultry-meals', 'en:meals-with-chicken']",1,[],['en:e14xx'],97.0,4.2,1.3,1.1,0.5,7.9,1.12
Hähnchen Salat,4337256336192,"['en:meats-and-their-products', 'en:meals', 'en:prepared-salads', 'en:meals-with-meat', 'en:poultry-meals', 'en:meals-with-chicken']",5,[],"['en:e14xx', 'en:e262', 'en:e262i', 'en:e330', 'en:e412', 'en:e415']",78.0,1.6,0.2,4.9,,6.3,0.59
Chicken Tikka Masala,0011433061148,"['en:meats-and-their-products', 'en:frozen-foods', 'en:meals', 'en:meals-with-meat']",3,[],"['en:e1400', 'en:e160c', 'en:e330']",145.0,5.1,0.98,0.784,1.18,9.8,0.618
Red Thai Chicken Curry,00466820,"['en:meats-and-their-products', 'en:meals', 'en:meats', 'en:chicken-and-its-products', 'en:poultries', 'en:meals-with-meat', 'en:rice-dishes', 'en:chickens', 'en:cooked-poultries', 'en:poultry-meals', 'en:refrigerated-foods', 'en:cooked-chicken', 'en:meals-with-chicken', 'en:microwave-meals', 'en:refrigerated-meals', 'en:chicken-curry']",0,[],[],113.0,2.4,1.2,1.0,1.3,6.7,0.4
"Paella with Chicken, King Prawns & Chorizo",5033665214968,"['en:meals', 'en:meals-with-meat', 'en:rice-dishes', 'en:paella']",4,[],"['en:e250', 'en:e252', 'en:e392', 'en:e428']",152.0,5.6,0.8,1.18,1.28,7.18,0.8
gyoza dumplings with chicken,4056489283577,"['en:meals', 'en:pasta-dishes', 'en:stuffed-pastas', 'en:meals-with-meat', 'en:pasta-stuffed-with-meat', 'en:ravioli', 'en:meat-ravioli', 'en:poultry-meals', 'en:japanese-ravioli', 'fr:ravioli-a-la-volaille']",0,[],[],148.0,2.3,0.2,1.5,2.0,5.7,2.825
Chicken Pakoras,00685184,"['en:meats-and-their-products', 'en:meals', 'en:meals-with-meat', 'en:poultry-meals', 'en:refrigerated-foods', 'en:meals-with-chicken', 'en:refrigerated-meals']",1,[],['en:e160c'],192.0,7.0,0.7,0.5,1.9,24.5,0.915
Grilled Chicken & Broccoli Alfredo,0072655001244,"['en:meals', 'en:meals-with-meat', 'en:poultry-meals', 'en:meals-with-chicken']",1,[],['en:e410'],73.4,1.93,0.965,0.772,1.54,10.8,0.579
"Chargrilled chicken, king prawn & chorizo paella",29090624,"['en:meats-and-their-products', 'en:meals', 'en:prepared-meats', 'en:cured-sausages', 'en:meals-with-meat', 'en:rice-dishes', 'en:chorizo', 'en:paella']",4,[],"['en:e252', 'en:e301', 'en:e330', 'en:e428']",165.0,7.0,1.7,1.0,1.0,10.1,0.866
Chilli con carne recipe mix,00444965,"['en:meals', 'en:meals-with-meat', 'en:chili-con-carne']",1,[],['en:e160c'],82.9,1.22,0.244,1.46,4.15,1.71,0.909
Chicken & Bacon Pasta Bake,5059697705465,"['en:meats-and-their-products', 'en:meals', 'en:pasta-dishes', 'en:meals-with-meat', 'en:poultry-meals', 'en:meals-with-chicken']",1,[],['en:e250'],142.0,4.43,2.29,1.81,1.01,9.15,0.564
Beef Bourguignon,5000169608197,"['en:meats-and-their-products', 'en:meals', 'en:meals-with-meat', 'en:beef-dishes', 'en:beef-stews', 'en:boeufs-bourguignons']",0,[],[],87.1,3.48,1.11,1.82,0.8,8.03,0.626
Bol poulet oeuf,3700009279311,"['en:meals', 'en:pasta-dishes', 'en:prepared-salads', 'en:meals-with-meat', 'en:pasta-salads', 'en:poultry-meals', 'en:salads-with-meat', 'en:meals-with-chicken', 'en:pasta-salad-with-meat', 'en:pasta-salad-with-chicken', 'fr:salade-snacking']",2,[],"['en:e14xx', 'en:e415']",169.0,12.0,1.5,1.4,1.4,6.1,0.58
"Plat cuisiné individuel Risotto Poulet Champignons, 280g",3256228981370,"['en:meats-and-their-products', 'en:meals', 'en:meals-with-meat', 'en:rice-dishes', 'en:poultry-meals', 'en:risottos', 'en:meals-with-chicken', 'en:chicken-risottos']",0,[],[],116.0,5.2,2.8,0.7,0.5,5.2,0.62
Nouilles chinoises au poulet & légumes 300g,3250393436130,"['en:meals', 'en:meals-with-meat', 'en:poultry-meals', 'en:meals-with-chicken', 'fr:viandes-feculents']",0,[],[],100.0,2.1,0.4,1.4,2.1,8.1,0.86
Chili con carne,3021690030983,"['en:canned-foods', 'en:meals', 'en:meals-with-meat', 'en:beef-dishes', 'en:canned-meals', 'en:chili-con-carne']",2,[],"['en:e14xx', 'en:e160c']",95.0,2.4,1.0,1.4,4.7,7.0,0.76
Nems au poulet,3450971458114,"['en:meals', 'en:meals-with-meat', 'en:poultry-meals', 'en:meals-with-chicken', 'en:nems', 'en:chicken-nems']",0,[],[],168.0,6.5,0.7,2.8,1.8,4.2,1.4
Chicken pad thai,5059697701900,"['en:meats-and-their-products', 'en:meals', 'en:meals-with-meat', 'en:poultry-meals', 'en:meals-with-chicken']",0,[],[],173.0,6.0,1.79,4.79,1.71,6.61,0.792
Crudités poulet fromage et oeuf,4056489969426,"['en:meals', 'en:pasta-dishes', 'en:prepared-salads', 'en:meals-with-meat', 'en:pasta-salads', 'en:poultry-meals', 'en:meals-with-chicken', 'fr:salade-crudites']",4,[],"['en:e422', 'en:e450', 'en:e471', 'en:e500']",188.0,10.8,3.5,3.9,1.6,8.5,0.48
Aji de Gallina,3270160863709,"['en:frozen-foods', 'en:meals', 'en:meals-with-meat', 'en:poultry-meals', 'en:meals-with-chicken', 'en:microwave-meals', 'en:frozen-meals-with-meat']",1,[],['en:e260'],118.0,3.6,0.6,1.6,0.9,7.4,0.67
Chicken Tikka,4056489825111,"['en:meals', 'en:meals-with-meat', 'en:poultry-meals', 'en:meals-with-chicken', 'en:chicken-tikka', 'en:chicken-tikka-masala']",0,[],[],120.0,2.71,0.5,0.132,2.11,7.79,0.00112
Couscous Royal poulet & merguez,3261053877774,"['en:canned-foods', 'en:meats-and-their-products', 'en:meals', 'en:meals-with-meat', 'en:savory-semolina-dishes', 'en:poultry-meals', 'en:prepared-couscous', 'en:canned-meals', 'en:couscous-with-meat', 'en:meals-with-chicken', 'en:royal-couscous']",0,[],[],124.0,3.4,1.0,2.0,1.8,7.5,0.75
panés façon milanaise parmesan x2,3266980805128,"['en:meals', 'en:meats-and-their-products', 'en:fresh-foods', 'en:meat-preparations', 'en:meats', 'en:chicken-and-its-products', 'en:poultries', 'en:breaded-products', 'en:meals-with-meat', 'en:turkey-and-its-products', 'en:chickens', 'en:fresh-meals', 'en:poultry-meals', 'en:turkey-dishes', 'en:turkey-preparations', 'en:breaded-turkey', 'fr:panes-de-dinde']",0,[],[],269.0,16.0,3.0,2.0,2.3,13.0,1.2
Bibimbap,3270160866120,"['en:meats-and-their-products', 'en:frozen-foods', 'en:meals', 'en:meals-with-meat', 'en:rice-dishes', 'en:beef-dishes', 'en:frozen-ready-made-meals', 'en:microwave-meals', 'fr:bibimbap']",1,[],['en:e14xx'],147.0,6.9,1.3,2.1,0.9,5.8,0.82
Soupe Tom Kha Kaï,3270160861576,"['en:meats-and-their-products', 'en:meals', 'en:meals-with-meat', 'en:soups', 'en:broths', 'en:bouillon-pots', 'en:groceries']",0,[],[],90.0,5.2,4.6,2.7,0.5,4.7,0.77
Ma piémontaise jambon,3281780024906,"['en:meats-and-their-products', 'en:meals', 'en:prepared-salads', 'en:meals-with-meat', 'en:pork-meals', 'en:potato-dishes', 'en:potato-salads', 'en:piemontese-salads', 'en:piemontese-salads-with-ham', 'en:salads']",0,[],[],149.0,11.0,1.0,0.9,0.0,3.7,1.1
Bœuf bourguignon pommes de terre et carottes,3261051670209,"['en:meats-and-their-products', 'en:meals', 'en:meals-with-meat', 'en:beef-dishes', 'en:beef-stews', 'en:microwave-meals', 'en:boeufs-bourguignons']",3,[],"['en:e14xx', 'en:e451', 'en:e452']",65.0,1.0,0.3,1.4,1.6,5.8,0.9
Cassoulet de Castelnaudary au confit de canard,3564709017280,"['en:meals', 'en:meals-with-meat', 'en:poultry-meals', 'en:bean-dishes', 'en:duck-dishes', 'en:cassoulets', 'en:cassoulets-with-duck-confit']",2,[],"['en:e202', 'en:e330']",142.0,6.8,2.9,0.6,5.2,11.0,0.7
Riz cuisiné légumes et poulet,3456300010503,"['en:snacks', 'en:meats-and-their-products', 'en:salty-snacks', 'en:appetizers', 'en:chips-and-fries', 'en:meals', 'en:crisps', 'en:meals-with-meat', 'en:poultry-meals', 'en:meals-with-chicken', 'en:microwave-meals']",0,[],[],125.0,3.1,0.7,1.2,1.5,3.6,0.7
Piémontaise,3564700560273,"['en:snacks', 'en:meats-and-their-products', 'en:salty-snacks', 'en:appetizers', 'en:meals', 'en:prepared-salads', 'en:meals-with-meat', 'en:pork-meals', 'en:potato-dishes', 'en:potato-salads', 'en:cold-starters', 'en:piemontese-salads', 'en:piemontese-salads-with-ham', 'en:salads']",3,[],"['en:e202', 'en:e250', 'en:e316']",129.0,8.6,0.8,0.9,1.6,3.7,0.9
Lasagnes Alla Bolognese,3270160861033,"['en:meats-and-their-products', 'en:frozen-foods', 'en:meals', 'en:pasta-dishes', 'en:meals-with-meat', 'en:prepared-lasagne', 'en:beef-dishes', 'en:meat-lasagnas', 'en:bolognese-lasagne', 'en:frozen-lasagne']",3,[],"['en:e250', 'en:e252', 'en:e316']",151.0,7.8,3.8,3.2,1.1,8.6,0.9
Lasagnes à la Bolognaise (Pur Bœuf) Bio,3188720060102,"['en:meats-and-their-products', 'en:meals', 'en:pasta-dishes', 'en:meals-with-meat', 'en:prepared-lasagne', 'en:beef-dishes', 'en:meat-lasagnas', 'en:microwave-meals', 'en:bolognese-lasagne']",0,[],[],126.0,5.8,2.4,3.2,2.2,7.3,1.0
Lasagnes facon bolognaise,27066140,"['en:meats-and-their-products', 'en:meals', 'en:pasta-dishes', 'en:meals-with-meat', 'en:prepared-lasagne', 'en:beef-dishes', 'en:refrigerated-foods', 'en:meat-lasagnas', 'en:refrigerated-meals', 'en:bolognese-lasagne']",1,[],['en:e14xx'],149.0,8.0,3.0,2.4,0.0,7.0,0.85
Saucisse grillée,3245362341959,"['en:meats-and-their-products', 'en:meals', 'en:meals-with-meat', 'en:pork-meals', 'en:microwave-meals']",1,[],['en:e407'],146.0,8.7,3.4,0.8,,5.8,0.9
Poêlée à la Savoyarde lardons fumés et oignons rissolés,3248833083860,"['en:meals', 'en:meals-with-meat', 'en:pork-meals', 'en:potato-dishes']",1,[],['en:e300'],139.0,7.6,3.1,1.2,1.2,5.1,0.67
Couscous à la marocaine,3250391490769,"['en:meats-and-their-products', 'en:meals', 'en:meals-with-meat', 'en:savory-semolina-dishes', 'en:poultry-meals', 'en:prepared-couscous', 'en:meals-with-chicken', 'en:couscous', 'fr:couscous-plat-complet']",1,[],['en:e160c'],128.0,4.7,1.1,1.1,1.9,8.4,0.76
"Paëlla (poulet, moules et chorizo)",3564700646359,"['en:canned-foods', 'en:meats-and-their-products', 'en:meals', 'en:meals-with-meat', 'en:rice-dishes', 'en:canned-meals', 'en:paella']",4,[],"['en:e200', 'en:e250', 'en:e301', 'en:e412']",140.0,3.5,1.2,1.5,1.3,8.0,0.66
Pâted Émincés de poulet,3564700443279,"['en:meals', 'en:meats-and-their-products', 'en:fresh-foods', 'en:pasta-dishes', 'en:prepared-salads', 'en:meals-with-meat', 'en:fresh-meals', 'en:pasta-salads', 'en:poultry-meals', 'en:salads-with-meat', 'en:meals-with-chicken', 'en:pasta-salad-with-meat', 'en:pasta-salad-with-chicken', 'en:vegetable-salads', 'en:salads']",0,[],[],142.0,7.1,0.7,1.4,1.7,5.6,0.55
8 jirou pao au poulet,3270160869176,"['en:meats-and-their-products', 'en:frozen-foods', 'en:meals', 'en:pasta-dishes', 'en:meals-with-meat', 'en:stuffed-pastas', 'en:pasta-stuffed-with-meat', 'en:poultry-meals', 'en:ravioli', 'en:frozen-ready-made-meals', 'en:meat-ravioli', 'en:frozen-ravioli', 'fr:ravioli-a-la-volaille']",4,[],"['en:e14xx', 'en:e330', 'en:e450', 'en:e500']",134.0,2.7,0.4,2.8,1.8,5.2,1.08
Saucisse à l'ancienne et petits pois carottes avec de petits lardons,3245360001589,"['en:meats-and-their-products', 'en:meals', 'en:meals-with-meat']",0,[],[],138.0,7.4,2.9,2.3,,10.0,1.05
Tripes à la mode de Caen,3273230261924,"['en:meats-and-their-products', 'en:meals', 'en:fish-and-meat-and-eggs', 'en:meals-with-meat', 'en:offals', 'en:tripe-dishes', 'en:specialty-made-with-tripe', 'en:caen-style-tripes', 'en:tripe']",1,[],['en:e150a'],81.0,2.5,1.2,0.5,0.5,14.0,0.95
Cannelloni Pur Bœuf (Sauce Napolitaine),3021690011005,"['en:plant-based-foods-and-beverages', 'en:plant-based-foods', 'en:canned-foods', 'en:meats-and-their-products', 'en:meals', 'en:meat-preparations', 'en:meats', 'en:pasta-dishes', 'en:pastas', 'en:meals-with-meat', 'en:stuffed-pastas', 'en:beef-dishes', 'en:cannelloni', 'en:canned-meals', 'en:beef-cannelloni', 'en:bolognese-cannelloni', 'fr:cannellonis-a-la-napolitaine']",0,[],[],122.0,4.7,1.8,3.8,2.2,4.8,0.78
Ravioli pur boeuf,3254560077225,"['en:plant-based-foods-and-beverages', 'en:plant-based-foods', 'en:canned-foods', 'en:cereals-and-potatoes', 'en:meals', 'en:meats-and-their-products', 'en:cereals-and-their-products', 'en:frozen-foods', 'en:pasta-dishes', 'en:pastas', 'en:stuffed-pastas', 'en:meals-with-meat', 'en:pasta-stuffed-with-meat', 'en:ravioli', 'en:beef-dishes', 'en:meat-ravioli', 'en:canned-meals', 'en:meal-kits', 'en:beef-ravioli', 'en:canned-raviolis']",1,[],['en:e14xx'],84.0,1.7,0.8,3.0,1.7,3.7,0.81
Pizzatasche Bolognese,20637996,"['en:meats-and-their-products', 'en:frozen-foods', 'en:meals', 'en:pizzas-pies-and-quiches', 'en:meals-with-meat', 'en:pizzas', 'en:beef-dishes', 'en:frozen-pizzas-and-pies', 'en:microwave-meals', 'en:frozen-pizzas']",3,[],"['en:e450', 'en:e450i', 'en:e500', 'en:e500ii', 'en:e920']",240.0,7.8,3.4,3.2,,9.7,1.21
Paëlla,3564700653395,"['en:meats-and-their-products', 'en:meals', 'en:meals-with-meat', 'en:rice-dishes', 'en:poultry-meals', 'en:meals-with-chicken', 'en:microwave-meals', 'en:paella']",2,[],"['en:e100', 'en:e451']",135.0,3.2,0.7,0.6,1.1,6.0,0.9
Crudités poulet fromage nature,3242275050053,"['en:meals', 'en:prepared-salads', 'en:meals-with-meat', 'en:poultry-meals', 'en:meals-with-chicken', 'en:salads']",1,[],['en:e14xx'],145.0,10.0,2.6,3.1,1.5,7.2,0.65
Sauté de porc à la tomate et aux olives,3270160158225,"['en:meats-and-their-products', 'en:frozen-foods', 'en:meals', 'en:meals-with-meat', 'en:pork-meals', 'en:frozen-ready-made-meals', 'en:microwave-meals']",1,[],['en:e330'],133.0,8.1,2.33,1.57,1.9,12.4,0.71
Plat cuisiné Petit salé aux lentilles barquette micro-ondable de 300g,3256220496384,"['en:meats-and-their-products', 'en:meals', 'en:meals-with-meat', 'en:pork-meals', 'en:lentil-dishes', 'en:microwave-meals', 'en:salt-cured-pork-belly-with-lentils']",2,[],"['en:e300', 'en:e509']",108.0,4.0,1.3,1.0,2.7,9.2,0.72
Cassoulet à la saucisse de Toulouse,3560071235048,"['en:meats-and-their-products', 'en:meals', 'en:meals-with-meat', 'en:bean-dishes', 'en:cassoulets', 'en:cassoulets-with-toulouse-sausage']",0,[],[],132.0,6.0,1.8,0.5,3.6,9.0,0.67
Poêlée Savoyarde & lardons fumés,3302746298022,"['en:meats-and-their-products', 'en:meals', 'en:meals-with-meat', 'en:pan-fried-dishes', 'en:pork-meals', 'en:microwave-meals', 'fr:poelees-savoyardes']",2,[],"['en:e160b', 'en:e160bii', 'en:e300']",187.0,11.0,3.0,1.5,1.4,5.4,0.61
Magret de canard du Sud-Ouest,3250391953066,"['en:meats-and-their-products', 'en:meals', 'en:meats', 'en:poultries', 'en:meals-with-meat', 'en:ducks', 'en:poultry-meals', 'en:dried-meats', 'en:duck-dishes', 'en:duck-breasts', 'en:smoked-duck-brests']",2,[],"['en:e250', 'en:e301']",340.0,27.9,9.5,0.5,0.0,21.6,3.64
Ma piémontaise jambon,3281780065008,"['en:meats-and-their-products', 'en:meals', 'en:prepared-salads', 'en:meals-with-meat', 'en:pork-meals', 'en:potato-dishes', 'en:potato-salads', 'en:piemontese-salads', 'en:piemontese-salads-with-ham', 'en:salads']",5,[],"['en:e14xx', 'en:e202', 'en:e250', 'en:e316', 'en:e415']",149.0,11.0,1.0,0.9,,3.7,1.1
Escalope de Dinde Milanaise et Spaghetti Sauce Basilic,3564700577264,"['en:meats-and-their-products', 'en:meals', 'en:meats', 'en:pasta-dishes', 'en:poultries', 'en:meals-with-meat', 'en:poultry-meals', 'en:microwave-meals']",1,[],['en:e392'],147.0,5.2,0.8,2.0,1.7,7.7,0.61
Hachis parmentier,3564700000151,"['en:meats-and-their-products', 'en:meals', 'en:meals-with-meat', 'en:beef-dishes', 'en:beef-cottage-pies']",1,[],['en:e100'],146.0,9.0,4.5,1.0,1.0,7.0,0.7
Cassoulet,3254560032200,"['en:canned-foods', 'en:meals', 'en:meats-and-their-products', 'en:meals-with-meat', 'en:bean-dishes', 'en:canned-meals', 'en:meal-kits', 'en:cassoulets']",1,[],['en:e451'],111.0,4.5,1.5,0.7,3.8,7.8,0.81
SALAD' PASTA Caesar Poulet rôti,3560070785087,"['en:meals', 'en:meats-and-their-products', 'en:pasta-dishes', 'en:prepared-salads', 'en:meals-with-meat', 'en:pasta-salads', 'en:poultry-meals', 'en:salads-with-meat', 'en:meals-with-chicken', 'en:pasta-salad-with-meat', 'en:caesar-salads', 'en:pasta-salad-with-chicken', 'en:salads']",2,[],"['en:e14xx', 'en:e415']",141.0,7.6,1.5,1.3,1.1,7.5,0.61
Hachis parmentier - BIO,3250392392277,"['en:meats-and-their-products', 'en:meals', 'en:meals-with-meat', 'en:beef-dishes', 'en:beef-cottage-pies', 'fr:hachis-parmentier-plat-complet']",1,[],['en:e412'],112.0,5.9,2.8,0.2,1.4,5.9,0.78
Cassoulet de Castelnaudary au Confit de Canard,3288967428205,"['en:meats-and-their-products', 'en:meals', 'en:meals-with-meat', 'en:poultry-meals', 'en:bean-dishes', 'en:duck-dishes', 'en:cassoulets', 'en:cassoulets-with-duck-confit']",0,[],[],144.0,7.0,2.7,0.3,0.0,11.0,1.1
Poulet tomates purée courgettes,3564706553774,"['en:meats-and-their-products', 'en:meals', 'en:meals-with-meat', 'en:poultry-meals', 'en:meals-with-chicken', 'en:microwave-meals']",0,[],[],96.0,3.2,1.7,2.6,1.5,6.1,0.81
Filets de poulet & risotto cremeux de champignons,3181580275952,"['en:meals', 'en:meats-and-their-products', 'en:frozen-foods', 'en:meals-with-meat', 'en:rice-dishes', 'en:poultry-meals', 'en:risottos', 'en:meals-with-chicken', 'en:microwave-meals', 'en:vegetable-risottos', 'en:chicken-risottos', 'en:mushroom-risottos']",2,[],"['en:e407', 'en:e451']",157.0,9.8,5.6,2.2,,6.6,1.1
Tajine de poulet pruneaux & semoule,3250392357450,"['en:meats-and-their-products', 'en:meals', 'en:meals-with-meat', 'en:poultry-meals', 'en:meals-with-chicken', 'en:microwave-meals', 'en:tajine', 'en:chicken-tajine']",2,[],"['en:e412', 'en:e415']",136.0,4.9,0.8,3.0,3.1,7.2,0.89
Lasagnes à la Bolognaise,3560070558179,"['en:meats-and-their-products', 'en:meals', 'en:pasta-dishes', 'en:meals-with-meat', 'en:prepared-lasagne', 'en:beef-dishes', 'en:meat-lasagnas', 'en:microwave-meals', 'en:bolognese-lasagne', 'fr:plats-prepares-a-rechauffer-au-bain-marie']",3,[],"['en:e14xx', 'en:e412', 'en:e415']",103.0,4.3,2.1,2.4,1.4,4.2,0.78
"A Table en côte d'armor 2 Galettes bretonnes œuf, jambon emmental",3596710238095,"['en:frozen-foods', 'en:meals', 'en:meats-and-their-products', 'en:crepes-and-galettes', 'en:meals-with-meat', 'en:combination-meals', 'en:pork-meals', 'en:frozen-ready-made-meals', 'en:galettes', 'en:plain-buckwheat-crepes']",4,[],"['en:e14xx', 'en:e250', 'en:e301', 'en:e407']",178.0,7.2,4.2,0.5,2.0,11.0,1.3
Cassoulet de Castelnaudary au confit d'oie,3375640001159,"['en:canned-foods', 'en:meals', 'en:meats-and-their-products', 'en:meals-with-meat', 'en:bean-dishes', 'en:canned-meals', 'en:cassoulets', 'fr:cassoulets-au-confit-d-oie']",0,[],[],157.0,8.6,3.2,0.5,4.7,10.4,0.66
2 Galettes de Bretagne Jambon et Emmental,3564709052373,"['en:meats-and-their-products', 'en:meals', 'en:crepes-and-galettes', 'en:meals-with-meat', 'en:pork-meals', 'en:refrigerated-foods', 'en:microwave-meals', 'en:refrigerated-meals', 'en:galettes', 'en:plain-buckwheat-crepes', 'fr:galettes-garnies']",2,[],"['en:e250', 'en:e316']",203.0,9.8,6.0,0.5,1.5,11.0,1.1
Poulet au curry,20593254,"['en:meats-and-their-products', 'en:meals', 'en:meats', 'en:chicken-and-its-products', 'en:poultries', 'en:meals-with-meat', 'en:rice-dishes', 'en:chickens', 'en:cooked-poultries', 'en:poultry-meals', 'en:cooked-chicken', 'en:meals-with-chicken', 'en:chicken-curry', 'en:chicken-with-curry-and-coconut-milk-sauce']",0,[],[],145.0,5.4,3.2,2.0,0.5,6.6,0.84
Salade et penne Caesar,4056489276968,"['en:meals', 'en:pasta-dishes', 'en:prepared-salads', 'en:meals-with-meat', 'en:pasta-salads', 'en:poultry-meals', 'en:salads-with-meat', 'en:meals-with-chicken', 'en:pasta-salad-with-meat', 'en:pasta-salad-with-chicken', 'en:vegetable-salads', 'en:salads']",5,[],"['en:e14xx', 'en:e202', 'en:e224', 'en:e270', 'en:e330']",163.0,8.2,1.6,1.3,1.6,7.5,0.52
BLANQUETTE DE VEAU AUX CEPES ET DUO DE RIZ 330g,3250390560357,"['en:meals', 'en:meats-and-their-products', 'en:meals-with-meat', 'en:rice-dishes', 'en:beef-dishes', 'en:veal-meat-dishes', 'en:veal-blanquette', 'fr:blanquettes']",0,[],[],122.0,4.4,1.9,0.3,1.0,6.3,0.79
Magret de canard du sud-ouest séché,20057572,"['en:meals', 'en:meats-and-their-products', 'en:meats', 'en:poultries', 'en:meals-with-meat', 'en:ducks', 'en:poultry-meals', 'en:duck-dishes', 'en:duck-breasts', 'fr:magret-de-canard-du-sud-ouest', 'fr:magrets-de-canard-seches']",2,[],"['en:e250', 'en:e301']",362.0,31.0,11.0,0.7,,20.0,4.2
Couscous à la volaille & aux légumes (2-3 personnes),3379670010907,"['en:canned-foods', 'en:meats-and-their-products', 'en:meals', 'en:meals-with-meat', 'en:savory-semolina-dishes', 'en:poultry-meals', 'en:prepared-couscous', 'en:canned-meals']",2,[],"['en:e250', 'en:e316']",129.0,3.0,1.0,1.5,3.0,6.0,0.6
Couscous poulet et merguez,26017549,"['en:meats-and-their-products', 'en:meals', 'en:fresh-foods', 'en:meals-with-meat', 'en:savory-semolina-dishes', 'en:fresh-meals', 'en:poultry-meals', 'en:prepared-couscous', 'en:meals-with-chicken']",2,[],"['en:e120', 'en:e14xx']",51.0,2.1,0.3,2.0,0.7,4.0,0.1775
"Knorr Fix, Chili con Carne",8717163861769,"['en:condiments', 'en:meats-and-their-products', 'en:meals', 'en:dried-products', 'en:dried-products-to-be-rehydrated', 'en:meals-with-meat', 'en:sauces', 'en:chili-con-carne', 'en:dehydrated-sauces']",0,[],[],93.0,2.4,0.8,1.5,3.5,8.2,0.73
Petit salé aux lentilles,3254560023345,"['en:canned-foods', 'en:meals', 'en:meats-and-their-products', 'en:meals-with-meat', 'en:canned-meals', 'en:lentil-dishes', 'en:salt-cured-pork-belly-with-lentils', 'fr:conserve-cuisine']",2,[],"['en:e451', 'en:e509']",106.0,3.8,1.3,0.7,2.5,8.5,0.8
Ravioli au Poulet,3431590006474,"['en:meats-and-their-products', 'en:meals', 'en:pasta-dishes', 'en:meals-with-meat', 'en:stuffed-pastas', 'en:pasta-stuffed-with-meat', 'en:poultry-meals', 'en:ravioli', 'en:meat-ravioli', 'fr:ravioli-a-la-volaille']",0,[],[],88.0,4.0,0.6,2.1,1.4,3.2,1.0
2 friands à la viande,3564700478752,"['en:meats-and-their-products', 'en:meals', 'en:meals-with-meat', 'en:puff-pastry-meals', 'en:friands', 'en:meat-in-puff-pastry']",3,[],"['en:e250', 'en:e330', 'en:e471']",387.0,28.2,13.0,1.0,1.7,8.6,1.525
HACHIS PARMENTIER 300g,3250392227685,"['en:meats-and-their-products', 'en:meals', 'en:meals-with-meat', 'en:beef-dishes', 'en:refrigerated-foods', 'en:microwave-meals', 'en:refrigerated-meals', 'en:beef-cottage-pies']",2,[],"['en:e224', 'en:e330']",138.0,6.2,3.6,0.8,1.5,5.2,0.6
Moussaka,3250392117627,"['en:meats-and-their-products', 'en:meals', 'en:meals-with-meat', 'en:beef-dishes', 'en:moussaka']",0,[],[],105.0,5.1,1.9,1.8,,6.1,0.8
Petit salé aux lentilles,3254560023352,"['en:plant-based-foods-and-beverages', 'en:plant-based-foods', 'en:seafood', 'en:legumes-and-their-products', 'en:canned-foods', 'en:frozen-foods', 'en:legumes', 'en:meals', 'en:meats-and-their-products', 'en:seeds', 'en:legume-seeds', 'en:pulses', 'en:lentils', 'en:meals-with-meat', 'en:canned-meals', 'en:lentil-dishes', 'en:shellfish', 'en:prepared-lentils', 'en:salt-cured-pork-belly-with-lentils']",2,[],"['en:e451', 'en:e509']",106.0,3.8,1.3,0.7,2.5,8.5,0.8
Saucisses aux lentilles Bio 340g,3250392551896,"['en:meats-and-their-products', 'en:meals', 'en:meals-with-meat', 'en:lentil-dishes', 'en:sausages-with-lentils']",0,[],[],113.0,6.2,2.3,0.0,5.0,5.1,0.86
4 nems poulets,3492593331000,"['en:meats-and-their-products', 'en:meals', 'en:meals-with-meat', 'en:poultry-meals', 'en:refrigerated-foods', 'en:meals-with-chicken', 'en:nems', 'en:refrigerated-meals', 'en:chicken-nems']",2,[],"['en:e150c', 'en:e211']",169.0,2.9,0.5,3.0,,8.2,1.275
Tripes à la mode de Caen 600g (bocal),3250391828203,"['en:meals', 'en:meats-and-their-products', 'en:fish-and-meat-and-eggs', 'en:meals-with-meat', 'en:offals', 'en:tripe-dishes', 'en:specialty-made-with-tripe', 'en:caen-style-tripes', 'fr:viandes-cuisinees-plat-a-completer']",0,[],[],97.0,3.2,1.5,0.5,0.4,16.0,0.95
Hachis parmentier,3250391134236,"['en:meals', 'en:meats-and-their-products', 'en:meals-with-meat', 'en:beef-dishes', 'en:microwave-meals', 'en:beef-cottage-pies', 'fr:hachis-parmentier-plat-complet']",1,[],['en:e415'],97.0,4.5,2.6,0.4,1.4,6.0,1.0
Piémontaise au jambon,26067445,"['en:meats-and-their-products', 'en:meals', 'en:prepared-salads', 'en:meals-with-meat', 'en:pork-meals', 'en:potato-dishes', 'en:potato-salads', 'en:piemontese-salads', 'en:piemontese-salads-with-ham', 'en:salads']",0,[],[],113.0,6.7,0.7,0.7,,3.4,0.9
Parmentier de canard,3256228586759,"['en:meals', 'en:meals-with-meat', 'en:poultry-meals', 'en:duck-dishes', 'en:shepherd-s-pie-with-duck']",0,[],[],160.0,8.5,3.3,1.7,1.5,8.1,0.8
Fusilli au boulettes de boeuf sauce tomate,3021690030396,"['en:meats-and-their-products', 'en:frozen-foods', 'en:meals', 'en:pasta-dishes', 'en:meals-with-meat', 'en:beef-dishes']",1,[],['en:e160c'],132.0,4.2,0.9,2.0,2.5,6.2,0.95
Cassoulet à la graisse de canard,3222473272112,"['en:meats-and-their-products', 'en:meals', 'en:meals-with-meat', 'en:bean-dishes', 'en:microwave-meals', 'en:cassoulets', 'fr:plats-repas-prepares']",3,[],"['en:e160c', 'en:e250', 'en:e451']",118.0,4.6,1.7,1.7,5.1,9.4,0.93
Boulettes au boeuf sauce provencale et riz,3292590877514,"['en:meals', 'en:meats-and-their-products', 'en:frozen-foods', 'en:meals-with-meat', 'en:beef-dishes']",1,[],['en:e330'],112.0,4.3,1.1,2.3,,4.0,0.7
Petit Salé aux lentilles vertes,3335880006710,"['en:meats-and-their-products', 'en:meals', 'en:meals-with-meat', 'en:lentil-dishes', 'en:salt-cured-pork-belly-with-lentils']",2,[],"['en:e300', 'en:e415']",105.0,3.2,1.0,0.4,,9.9,1.0
3 Brochettes de Poulet - Thym Citron,4056489195252,"['en:meals', 'en:meats-and-their-products', 'en:meat-preparations', 'en:meats', 'en:skewers', 'en:chicken-and-its-products', 'en:meat-skewers', 'en:poultries', 'en:chicken-preparations', 'en:meals-with-meat', 'en:poultry-skewers', 'en:chicken-skewers', 'en:chickens', 'en:poultry-meals', 'en:meals-with-chicken']",2,[],"['en:e262', 'en:e331']",90.0,1.3,0.4,1.4,,17.0,1.5
Ravioli Boeuf,3596710476077,"['en:meals', 'en:meats-and-their-products', 'en:pasta-dishes', 'en:stuffed-pastas', 'en:meals-with-meat', 'en:pasta-stuffed-with-meat', 'en:ravioli', 'en:beef-dishes', 'en:meat-ravioli', 'en:variety-packs', 'en:beef-ravioli', 'en:dough-based-meals-variety-packs']",0,[],[],259.0,7.5,1.9,5.4,1.8,11.0,0.84
Poulet basquaise aux poivrons rouges et verts,3375644008833,"['en:meats-and-their-products', 'en:meals', 'en:meals-with-meat', 'en:poultry-meals', 'en:meals-with-chicken', 'en:chicken-basque-style']",0,[],[],92.0,4.1,1.1,4.5,1.3,6.1,0.9
Cassoulet au confit de canard,2006050042463,"['en:meals', 'en:meals-with-meat', 'en:poultry-meals', 'en:bean-dishes', 'en:duck-dishes', 'en:cassoulets', 'en:cassoulets-with-duck-confit']",0,[],[],176.0,12.0,4.3,0.5,3.6,10.0,0.7
Ravioli pur boeuf,3021690030389,"['en:meats-and-their-products', 'en:meals', 'en:pasta-dishes', 'en:meals-with-meat', 'en:stuffed-pastas', 'en:beef-dishes', 'en:pasta-stuffed-with-meat', 'en:ravioli', 'en:meat-ravioli', 'en:beef-ravioli']",1,[],['en:e160c'],105.0,4.2,1.0,1.9,1.9,3.9,0.85
Parmentier de boeuf,3256228586681,"['en:meats-and-their-products', 'en:frozen-foods', 'en:meals', 'en:meals-with-meat', 'en:beef-dishes', 'en:beef-cottage-pies']",0,[],[],176.0,11.0,3.6,1.7,2.1,6.3,0.79
"Pinsa mozzarella, jambon cuit supérieur, tomate",3270160892822,"['en:meals', 'en:pizzas-pies-and-quiches', 'en:meals-with-meat', 'en:pizzas', 'en:pork-meals', 'en:pizza-with-ham-and-cheese']",1,[],['en:e428'],212.0,4.8,1.9,2.3,2.5,10.0,1.3
Chili con carne boîte 1/2 410g,3256229542822,"['en:meats-and-their-products', 'en:meals', 'en:meals-with-meat', 'en:chili-con-carne']",0,[],[],139.0,4.6,2.2,1.8,5.2,7.0,0.67
Poulet basquaise au piment d'Espelette,26063591,"['en:meals', 'en:meals-with-meat', 'en:poultry-meals', 'en:meals-with-chicken', 'en:chicken-basque-style']",0,[],[],118.0,7.0,1.4,3.5,,8.9,1.1
Vegetable Chili Bean Non Carne,01185751,"['en:plant-based-foods-and-beverages', 'en:plant-based-foods', 'en:fruits-and-vegetables-based-foods', 'en:canned-foods', 'en:vegetables-based-foods', 'en:meals', 'en:meals-with-meat', 'en:canned-meals', 'en:chili-con-carne']",0,[],[],71.0,2.1,0.2,3.7,2.6,2.7,0.46
Melton Mowbray pork pie,20006594,"['en:meats-and-their-products', 'en:meals', 'en:pies', 'en:pizzas-pies-and-quiches', 'en:double-crust-pies', 'en:meals-with-meat', 'en:salted-pies', 'en:meat-pies', 'en:pork-meals', 'en:pork-pies', 'en:melton-mowbray-pork-pie']",1,[],['en:e428'],412.0,30.0,10.9,1.2,1.0,10.2,0.96
Poulet aux olives,3350033896505,"['en:meals', 'en:meals-with-meat', 'en:poultry-meals', 'en:meals-with-chicken', 'fr:poulet-aux-olives-et-quinoa', 'fr:poulet-aux-olives-et-quinoa']",1,[],['en:e330'],108.0,3.9,0.7,1.3,2.2,6.1,0.86
NEMS POULET (65g) 280g,3250392628437,"['en:meats-and-their-products', 'en:meals', 'en:meals-with-meat', 'en:poultry-meals', 'en:meals-with-chicken', 'en:nems', 'en:chicken-nems', 'fr:nems-avec-sauce-nuoc-mam']",0,[],[],146.0,4.6,0.7,2.5,2.0,6.3,1.3
Paella royale,3664335053178,"['en:meats-and-their-products', 'en:meals', 'en:meals-with-meat', 'en:rice-dishes', 'en:paella']",0,[],[],164.0,7.0,1.8,1.2,1.6,8.2,0.78
Paella,4056489612711,"['en:meats-and-their-products', 'en:frozen-foods', 'en:meals', 'en:meals-with-meat', 'en:rice-dishes', 'en:paella']",3,[],"['en:e100', 'en:e330', 'en:e331']",182.0,9.3,1.8,1.0,0.8,9.1,0.92
Saucisses de Toulouse aux lentilles Boîte de 840g,3256229032934,"['en:meals', 'en:meats-and-their-products', 'en:prepared-meats', 'en:sausages', 'en:french-sausages', 'en:meals-with-meat', 'en:lentil-dishes', 'en:toulouse-sausages', 'en:sausages-with-lentils', 'fr:saucisses-de-toulouse-aux-lentilles']",0,[],[],123.0,5.7,1.7,0.8,2.4,7.9,0.8
Chicken Tikka Masala with Pilau Rice,5000129322620,"['en:meals', 'en:meals-with-meat', 'en:poultry-meals', 'en:meals-with-chicken', 'en:microwave-meals', 'en:chicken-tikka-masala']",2,[],"['en:e100', 'en:e160c']",118.0,4.0,1.1,2.2,0.9,6.5,0.375
Ravioli à la volaille,3375644009953,"['en:meals', 'en:pasta-dishes', 'en:stuffed-pastas', 'en:meals-with-meat', 'en:pasta-stuffed-with-meat', 'en:ravioli', 'en:meat-ravioli', 'en:poultry-meals', 'fr:ravioli-a-la-volaille']",0,[],[],104.0,4.4,0.8,3.5,1.4,3.8,0.83
Chilli con Carne with Long Grain Rice,00269636,"['en:meats-and-their-products', 'en:meals', 'en:meals-with-meat', 'en:rice-dishes', 'en:beef-dishes', 'en:refrigerated-foods', 'en:microwave-meals', 'en:refrigerated-meals', 'en:chili-con-carne']",2,[],"['en:e330', 'en:e509']",83.1,1.51,0.41,1.31,1.69,5.59,0.277
Thai Red Chicken Curry with Brown Rice,5090383101000,"['en:meals', 'en:meats-and-their-products', 'en:meats', 'en:chicken-and-its-products', 'en:poultries', 'en:meals-with-meat', 'en:rice-dishes', 'en:chickens', 'en:poultry-meals', 'en:meals-with-chicken', 'en:microwave-meals']",1,[],"['en:e452', 'en:e452vi']",122.0,4.4,3.0,0.9,1.1,9.0,0.467
Curry Thaï Vert au poulet,4260334163765,"['en:meals', 'en:meals-with-meat', 'en:poultry-meals', 'en:meals-with-chicken']",1,[],['en:e14xx'],134.0,5.7,2.6,2.3,1.1,5.1,0.83
Corned beef,5000232414809,"['en:meals', 'en:meals-with-meat', 'en:beef-dishes', 'en:corned-beef']",1,[],['en:e250'],222.0,13.5,6.5,0.0,0.0,25.0,1.9
Pasta caesar chicken,4260334164588,"['en:meals', 'en:pasta-dishes', 'en:meals-with-meat', 'en:poultry-meals', 'en:meals-with-chicken']",2,[],"['en:e14xx', 'en:e250']",148.0,6.9,3.2,0.9,1.4,6.6,0.75
Chicken Tikka Masala,00991421,"['en:meats-and-their-products', 'en:frozen-foods', 'en:meals', 'en:meals-with-meat', 'en:poultry-meals', 'en:frozen-ready-made-meals', 'en:meals-with-chicken', 'en:chicken-tikka-masala']",1,[],['en:e160c'],149.0,5.81,1.04,2.49,0.415,8.71,0.602
The Deli 5 Slices Corned Beef,4088600020341,"['en:canned-foods', 'en:meats-and-their-products', 'en:meals', 'en:meats', 'en:meals-with-meat', 'en:beef-dishes', 'en:canned-meats', 'en:corned-beef']",1,[],['en:e250'],209.0,10.6,4.86,1.14,1.43,27.7,1.57
Sweet Chilli Chicken & Wholeweat Noodles,5090383110040,"['en:meals', 'en:meals-with-meat', 'en:poultry-meals', 'en:meals-with-chicken']",0,[],[],140.0,4.0,1.0,5.9,3.2,10.0,0.762
Hachis parmentier,2006050137329,"['en:meals', 'en:meals-with-meat', 'en:beef-dishes', 'en:beef-cottage-pies']",0,[],[],141.0,7.7,4.5,2.8,1.2,7.4,0.67
6 Cumberland sausages,00481724,"['en:meats-and-their-products', 'en:meals', 'en:meats', 'en:prepared-meats', 'en:sausages', 'en:meals-with-meat', 'en:pork-meals', 'fr:cumberland-sausages']",2,[],"['en:e223', 'en:e300']",248.0,20.2,7.4,1.2,0.7,13.9,1.1125
Chicken In Cream Mushroom Sauce,00783118,"['en:meats-and-their-products', 'en:meals', 'en:meals-with-meat', 'en:poultry-meals', 'en:refrigerated-foods', 'en:meals-with-chicken', 'en:microwave-meals', 'en:refrigerated-meals']",1,[],['en:e428'],74.0,1.61,0.701,0.805,1.09,7.79,0.325
Chicken Tikka Masala,0857063002003,"['en:frozen-foods', 'en:meals', 'en:meals-with-meat', 'en:rice-dishes', 'en:poultry-meals', 'en:meals-with-chicken', 'en:chicken-tikka-masala']",0,[],[],124.0,3.18,0.883,1.06,1.06,9.19,0.539
Pork pie,5028889002606,"['en:meals', 'en:pies', 'en:pizzas-pies-and-quiches', 'en:double-crust-pies', 'en:meals-with-meat', 'en:salted-pies', 'en:meat-pies', 'en:pork-meals', 'en:pork-pies', 'en:melton-mowbray-pork-pie']",1,[],['en:e428'],341.0,23.1,8.3,1.0,1.3,12.7,1.15
Thai red chicken curry with jasmine rice,5059697391385,"['en:meats-and-their-products', 'en:meals', 'en:meals-with-meat', 'en:rice-dishes', 'en:poultry-meals', 'en:meals-with-chicken']",1,[],['en:e160c'],119.0,2.26,1.08,1.67,0.538,7.93,0.317
Mini nems poulet curry,3366760000030,"['en:meals', 'en:meals-with-meat', 'en:poultry-meals', 'en:meals-with-chicken', 'en:nems', 'en:chicken-nems']",0,[],[],264.0,13.0,2.1,5.1,2.2,6.6,1.2
Cassoulet,3660992012176,"['en:meats-and-their-products', 'en:frozen-foods', 'en:meals', 'en:meals-with-meat', 'en:bean-dishes', 'en:cassoulets']",3,[],"['en:e450', 'en:e451', 'en:e452']",114.0,4.7,1.6,1.0,3.9,7.4,0.8
Saucisse de Toulouse et purée de pomme de terre,3564706718944,"['en:meats-and-their-products', 'en:meals', 'en:meals-with-meat', 'en:pork-meals', 'en:potato-dishes']",0,[],[],143.0,9.6,5.2,0.5,1.3,5.2,0.71
Chicken Tikka Masala,01190847,"['en:meals', 'en:meals-with-meat', 'en:poultry-meals', 'en:meals-with-chicken', 'en:chicken-tikka-masala']",1,[],['en:e160c'],137.0,7.2,2.3,5.8,1.7,11.4,0.5025
Poulet yassa et boulgour,3379670021798,"['en:meals', 'en:meats-and-their-products', 'en:meals-with-meat', 'en:poultry-meals', 'en:meals-with-chicken', 'en:microwave-meals', 'fr:poulet-yassa']",0,[],[],143.0,5.3,1.23,1.7,2.3,8.5,1.3
Poulet Basquaise,3299512161911,"['en:meals', 'en:meals-with-meat', 'en:poultry-meals', 'en:meals-with-chicken', 'en:chicken-basque-style']",0,[],[],115.0,3.4,0.5,1.4,0.7,6.6,0.8
Paella royale,4056489970101,"['en:meals', 'en:meals-with-meat', 'en:rice-dishes', 'en:paella']",1,[],['en:e392'],141.0,3.5,1.2,1.5,1.3,8.0,0.66
Bombey chicken&rice,5413110542004,"['en:meals', 'en:meals-with-meat', 'en:poultry-meals', 'en:meals-with-chicken']",0,[],[],172.0,8.6,3.2,3.6,0.5,5.7,0.38
Pinch Bangin’ Butter Chicken & Nutty Pilau Rice,5051873005796,"['en:meals', 'en:meals-with-meat', 'en:rice-dishes', 'en:poultry-meals', 'en:meals-with-chicken']",2,[],"['en:e100', 'en:e160c']",148.0,6.5,2.0,3.3,1.4,7.0,0.553
poulet au pesto rosso mini penne et ratatouille,3261055954138,"['en:meals', 'en:meals-with-meat', 'en:poultry-meals', 'en:meals-with-chicken', 'en:microwave-meals', 'fr:poulet-au-pesto-rosso-mini-penne-et-ratatouille']",4,[],"['en:e160a', 'en:e160ai', 'en:e160b', 'en:e331', 'en:e509']",137.0,6.9,1.3,1.9,1.1,8.1,0.7
"Paëlla de la Mer, riz cuisiné au safran",3302740085086,"['en:meals', 'en:meals-with-meat', 'en:rice-dishes', 'en:microwave-meals', 'en:paella']",1,[],['en:e428'],151.0,6.9,0.9,1.0,0.9,6.8,0.59
panés savoyard x2,3266980257958,"['en:meats-and-their-products', 'en:meals', 'en:meats', 'en:fresh-foods', 'en:poultries', 'en:meals-with-meat', 'en:turkey-and-its-products', 'en:breaded-products', 'en:fresh-meals', 'en:poultry-meals', 'en:turkeys', 'en:turkey-dishes', 'fr:panes-de-dinde']",4,[],"['en:e14xx', 'en:e301', 'en:e331', 'en:e407']",225.0,12.0,3.6,1.4,2.7,9.0,1.1
Salade repas poulet rôti crudités,26019154,"['en:meals', 'en:fresh-foods', 'en:pasta-dishes', 'en:prepared-salads', 'en:meals-with-meat', 'en:fresh-meals', 'en:pasta-salads', 'en:poultry-meals', 'en:meals-with-chicken', 'en:salads']",7,[],"['en:e1105', 'en:e407a', 'en:e422', 'en:e450', 'en:e451', 'en:e471', 'en:e500']",201.0,9.7,2.1,3.8,1.7,7.8,0.55
2 Mini-Calzones Jambon Mozzarella,3270160890156,"['en:meats-and-their-products', 'en:frozen-foods', 'en:meals', 'en:pizzas-pies-and-quiches', 'en:meals-with-meat', 'en:pizzas', 'en:pork-meals', 'en:frozen-pizzas-and-pies', 'en:ham-pizzas', 'it:calzone', 'en:cured-ham-pizza', 'en:frozen-pizzas']",2,[],"['en:e250', 'en:e301']",189.0,4.4,2.6,1.5,2.1,11.0,1.5
Emincés de volaille cuits kebab sachet de 500g,3256225067800,"['en:meats-and-their-products', 'en:frozen-foods', 'en:meals', 'en:meats', 'en:chicken-and-its-products', 'en:poultries', 'en:frozen-meats', 'en:meals-with-meat', 'en:chickens', 'en:poultry-meals', 'en:frozen-poultry']",0,[],[],147.0,6.4,1.5,0.5,1.4,21.0,1.1
Lasagnes à la bolognaise,3248830116530,"['en:meats-and-their-products', 'en:frozen-foods', 'en:meals', 'en:pasta-dishes', 'en:meals-with-meat', 'en:prepared-lasagne', 'en:beef-dishes', 'en:meat-lasagnas', 'en:bolognese-lasagne', 'en:frozen-lasagne']",0,[],[],144.0,6.3,2.7,2.7,1.3,6.1,0.67
Cheeseburgers au bœuf,20023416,"['en:meats-and-their-products', 'en:frozen-foods', 'en:meals', 'en:sandwiches', 'en:meals-with-meat', 'en:beef-dishes', 'en:combination-meals', 'en:cheeseburgers', 'en:frozen-ready-made-meals', 'en:hamburgers', 'en:beef-hamburgers']",8,[],"['en:e1412', 'en:e14xx', 'en:e160c', 'en:e224', 'en:e300', 'en:e330', 'en:e331', 'en:e471']",262.0,14.0,5.4,3.4,,12.0,1.5
Petit salé aux lentilles,3564700024461,"['en:canned-foods', 'en:meats-and-their-products', 'en:meals', 'en:meals-with-meat', 'en:canned-meals', 'en:lentil-dishes', 'en:salt-cured-pork-belly-with-lentils']",5,[],"['en:e14xx', 'en:e250', 'en:e407a', 'en:e451', 'en:e509']",105.0,3.8,1.2,0.5,2.4,8.2,0.87
8 Burgers de Poulet goût Rôti,3512690004222,"['en:meats-and-their-products', 'en:frozen-foods', 'en:meals', 'en:meat-preparations', 'en:meats', 'en:chicken-and-its-products', 'en:poultries', 'en:meals-with-meat', 'en:chickens', 'en:poultry-meals', 'en:meals-with-chicken', 'fr:preparations-de-viande-de-poulet-hachee-surgelees']",0,[],[],203.0,13.7,2.9,1.9,,14.3,1.275
SAUCISSE GRILLÉE et sa purée de pomme de terre Sauce aux deux Moutardes,3245413588241,"['en:meats-and-their-products', 'en:meals', 'en:fresh-foods', 'en:meals-with-meat', 'en:fresh-meals', 'en:pork-meals', 'en:microwave-meals']",4,[],"['en:e14xx', 'en:e222', 'en:e250', 'en:e407']",160.0,10.0,5.3,1.0,1.5,7.3,1.0
Salade piémontaise au jambon - 500g,3256225718191,"['en:meals', 'en:prepared-salads', 'en:meals-with-meat', 'en:pork-meals', 'en:potato-dishes', 'en:potato-salads', 'en:piemontese-salads', 'en:piemontese-salads-with-ham']",3,[],"['en:e14xx', 'en:e415', 'en:e428']",115.0,6.5,0.7,0.5,2.1,4.3,1.0
Le Spaghetti Bolognaise,3038352890304,"['en:canned-foods', 'en:meats-and-their-products', 'en:meals', 'en:pasta-dishes', 'en:meals-with-meat', 'en:beef-dishes', 'en:bolognese-style-pasta', 'en:canned-meals', 'en:bolognese-spaghetti']",1,[],['en:e14xx'],70.0,1.3,0.4,1.8,1.3,4.0,1.625
Hachis Parmentier,20165697,"['en:meats-and-their-products', 'en:meals', 'en:meals-with-meat', 'en:beef-dishes', 'en:microwave-meals', 'en:beef-cottage-pies']",2,[],"['en:e14xx', 'en:e407']",119.0,6.5,3.6,0.6,,4.5,0.79
La Tortilla - Omelette à la pomme de terre,8420056010105,"['en:meats-and-their-products', 'en:meals', 'en:fresh-foods', 'en:meals-with-meat', 'en:fresh-meals', 'en:pork-meals', 'en:refrigerated-foods', 'en:refrigerated-meals', 'en:spanish-omelettes']",6,[],"['en:e14xx', 'en:e330', 'en:e407', 'en:e410', 'en:e415', 'en:e508']",184.0,12.0,2.3,0.5,2.0,4.9,1.2
Pizza fresca jamón serrano,8410762220646,"['en:meats-and-their-products', 'en:meals', 'en:pizzas-pies-and-quiches', 'en:meals-with-meat', 'en:pizzas', 'en:pork-meals', 'en:pizza-with-ham-and-cheese']",2,[],"['en:e252', 'en:e301']",261.0,9.4,4.9,2.4,,15.5,1.8
Mühlen Frikadellen 100% Geflügel,4000405002605,"['en:meats-and-their-products', 'en:meals', 'en:meat-preparations', 'en:meats', 'en:prepared-meats', 'en:poultries', 'en:meals-with-meat', 'en:poultry-meals']",1,[],['en:e415'],196.0,13.0,4.0,2.1,,14.0,2.0
2 Pastillas à l'agneau,3270160479146,"['en:meats-and-their-products', 'en:frozen-foods', 'en:meals', 'en:meals-with-meat', 'en:frozen-ready-made-meals', 'fr:pastilla', 'fr:pastillas-a-l-agneau']",1,[],['en:e920'],248.0,15.0,6.2,3.1,2.9,11.0,0.8
Magret de Canard du Sud-Ouest Séché et au Poivre,3564709019857,"['en:meals', 'en:meats-and-their-products', 'en:meats', 'en:poultries', 'en:meals-with-meat', 'en:ducks', 'en:poultry-meals', 'en:duck-dishes', 'en:duck-breasts', 'fr:magrets-de-canard-seches']",2,[],"['en:e250', 'en:e301']",409.0,36.0,12.0,0.3,0.5,22.0,3.3
Tagliatelles à la Carbonara Aux lardons fumés,3270190253112,"['en:meals', 'en:pasta-dishes', 'en:meals-with-meat', 'en:pork-meals', 'en:microwave-meals', 'en:carbonara-style-pasta', 'en:tagliatelle-with-carbonara']",3,[],"['en:e250', 'en:e316', 'en:e415']",172.0,9.4,4.5,0.9,1.2,5.9,0.69
Poulet pandan et riz cuisiné,3270160862009,"['en:meats-and-their-products', 'en:frozen-foods', 'en:meals', 'en:meals-with-meat', 'en:rice-dishes', 'en:poultry-meals', 'en:frozen-ready-made-meals', 'en:meals-with-chicken', 'en:microwave-meals']",0,[],[],162.0,4.1,2.1,3.1,0.6,6.8,0.77
Langue de Boeuf et ses pommes de terre,3261055761002,"['en:meats-and-their-products', 'en:beef-and-its-products', 'en:meals', 'en:meat-preparations', 'en:meats', 'en:beef', 'en:meals-with-meat', 'en:beef-dishes', 'en:beef-preparations', 'en:microwave-meals', 'en:beef-tongues', 'en:beef-tongues-with-madeira-sauce', 'fr:plats-prepares-a-rechauffer-au-bain-marie']",4,[],"['en:e14xx', 'en:e223', 'en:e412', 'en:e415']",130.0,6.5,3.3,0.9,1.5,8.5,0.88
Poulet basquaise,3270160608508,"['en:meals', 'en:meats-and-their-products', 'en:frozen-foods', 'en:meals-with-meat', 'en:poultry-meals', 'en:meals-with-chicken', 'en:microwave-meals', 'en:chicken-basque-style']",0,[],[],92.0,3.0,0.8,2.6,1.7,13.0,0.81
Salade crudites poulet,4056489276777,"['en:meats-and-their-products', 'en:meals', 'en:prepared-salads', 'en:meals-with-meat', 'en:poultry-meals', 'en:meals-with-chicken', 'en:salads']",4,[],"['en:e262', 'en:e326', 'en:e407a', 'en:e415']",97.0,7.2,0.7,3.0,1.7,4.7,0.53
MAGGI Papillotes Poulet Curry à l'indienne 30g,7613033404344,"['en:condiments', 'en:meats-and-their-products', 'en:meals', 'en:meals-with-meat', 'en:poultry-meals', 'en:meals-with-chicken', 'en:chicken-curry', 'en:groceries']",1,[],['en:e160c'],329.0,8.4,3.6,9.3,6.4,7.6,15.2
Petit salé aux lentilles Boîte de 420g,3256225736096,"['en:canned-foods', 'en:meats-and-their-products', 'en:meals', 'en:meals-with-meat', 'en:canned-meals', 'en:lentil-dishes', 'en:salt-cured-pork-belly-with-lentils']",2,[],"['en:e451', 'en:e509']",102.0,3.4,1.0,0.5,2.4,8.9,0.76
Choucroute garnie royale,3560070976201,"['en:plant-based-foods-and-beverages', 'en:plant-based-foods', 'en:fruits-and-vegetables-based-foods', 'en:canned-foods', 'en:meats-and-their-products', 'en:vegetables-based-foods', 'en:meals', 'en:fermented-vegetables', 'en:meals-with-meat', 'en:pork-meals', 'en:sauerkrauts', 'en:canned-meals', 'en:sauerkraut-with-garnish']",2,[],"['en:e300', 'en:e407']",105.0,8.0,3.1,0.5,2.5,5.9,1.0
8 fajitas au poulet,3270160720460,"['en:meals', 'en:meats-and-their-products', 'en:frozen-foods', 'en:meals-with-meat', 'en:combination-meals', 'en:poultry-meals', 'en:frozen-ready-made-meals', 'en:meals-with-chicken', 'en:fajitas']",11,[],"['en:e296', 'en:e300', 'en:e330', 'en:e401', 'en:e412', 'en:e415', 'en:e422', 'en:e450', 'en:e466', 'en:e471', 'en:e500']",85.0,3.6,1.1,0.5,2.2,9.8,0.4725
Porc au caramel et riz basmati,3560070575947,"['en:meats-and-their-products', 'en:meals', 'en:meals-with-meat', 'en:rice-dishes', 'en:pork-meals', 'en:microwave-meals', 'en:caramel-pork']",1,[],['en:e412'],153.0,2.8,0.9,5.5,0.6,6.0,0.68
Moussaka,3245411440114,"['en:meats-and-their-products', 'en:frozen-foods', 'en:meals', 'en:meals-with-meat', 'en:beef-dishes', 'en:frozen-ready-made-meals', 'en:microwave-meals', 'en:moussaka']",1,[],['en:e160c'],120.0,8.3,2.5,2.4,2.4,4.0,0.78
Piémontaise au jambon,26008103,"['en:meats-and-their-products', 'en:meals', 'en:prepared-salads', 'en:meals-with-meat', 'en:pork-meals', 'en:potato-dishes', 'en:potato-salads', 'en:piemontese-salads', 'en:piemontese-salads-with-ham', 'en:salads']",9,[],"['en:e14xx', 'en:e202', 'en:e223', 'en:e250', 'en:e301', 'en:e412', 'en:e415', 'en:e428', 'en:e509']",115.0,6.5,0.6,1.0,2.0,4.0,0.75
Hachés de poulet rôtis 720g étui,3230890843921,"['en:meats-and-their-products', 'en:frozen-foods', 'en:meals', 'en:meats', 'en:chicken-and-its-products', 'en:poultries', 'en:steaks', 'en:frozen-meats', 'en:ground-steaks', 'en:meals-with-meat', 'en:chickens', 'en:cooked-poultries', 'en:frozen-steaks', 'en:poultry-meals', 'en:cooked-chicken', 'en:frozen-ground-steaks', 'en:frozen-poultry', 'fr:haches-de-poulet']",0,[],[],183.0,10.0,3.0,1.6,2.1,18.0,0.8
"Ravioli pur boeuf 7,5% Boîte de 1,2kg",3256225428779,"['en:plant-based-foods-and-beverages', 'en:plant-based-foods', 'en:canned-foods', 'en:cereals-and-potatoes', 'en:meats-and-their-products', 'en:cereals-and-their-products', 'en:meals', 'en:pasta-dishes', 'en:pastas', 'en:meals-with-meat', 'en:stuffed-pastas', 'en:beef-dishes', 'en:pasta-stuffed-with-meat', 'en:ravioli', 'en:canned-meals', 'en:meat-ravioli', 'en:microwave-meals', 'en:beef-ravioli', 'en:canned-raviolis']",2,[],"['en:e14xx', 'en:e330']",82.0,1.7,0.8,2.1,2.4,3.5,0.83
Brochettes de medaillons de poulet à la provençale,20213916,"['en:meats-and-their-products', 'en:meals', 'en:meat-preparations', 'en:meats', 'en:skewers', 'en:chicken-and-its-products', 'en:meat-skewers', 'en:poultries', 'en:chicken-preparations', 'en:meals-with-meat', 'en:poultry-skewers', 'en:chicken-skewers', 'en:chickens', 'en:poultry-meals']",1,[],['en:e415'],154.0,8.0,1.3,0.6,,20.0,1.0
4 nems au poulet,4056489370994,"['en:meats-and-their-products', 'en:meals', 'en:meals-with-meat', 'en:poultry-meals', 'en:meals-with-chicken', 'en:nems', 'en:chicken-nems']",0,[],[],221.0,11.3,2.2,3.9,,6.5,1.88
Pizza royale (cuite au feu de bois),3250390305699,"['en:meals', 'en:frozen-foods', 'en:pizzas-pies-and-quiches', 'en:meals-with-meat', 'en:pizzas', 'en:pork-meals', 'en:frozen-pizzas-and-pies', 'en:frozen-pizzas', 'en:pizza-with-ham-and-cheese', 'en:regina-pizza']",2,[],"['en:e250', 'en:e316']",196.0,6.7,2.9,4.7,2.7,8.5,1.3
Museau de porc 300g,3256225718214,"['en:meats-and-their-products', 'en:meals', 'en:prepared-salads', 'en:meals-with-meat', 'en:pork-meals', 'en:pork-snout-in-salad-dressing-sauce', 'en:salads', 'fr:salade-de-museau']",6,[],"['en:e14xx', 'en:e250', 'en:e270', 'en:e316', 'en:e330', 'en:e415']",196.0,17.0,5.0,0.7,0.7,8.7,1.3
Parmentier de canard,20929091,"['en:meats-and-their-products', 'en:frozen-foods', 'en:meals', 'en:meals-with-meat', 'en:poultry-meals', 'en:duck-dishes', 'en:shepherd-s-pie-with-duck']",1,[],['en:e14xx'],163.0,9.6,3.9,1.0,1.8,7.5,0.7575
Mexican Style Chicken,4008366003334,"['en:meals', 'en:meals-with-meat', 'en:poultry-meals', 'en:meals-with-chicken', 'de:pfannengericht']",0,[],[],92.0,1.3,0.2,2.1,1.6,5.6,0.94
Poulet Chasseur Aux champignons,3560071083274,"['en:meals', 'en:meals-with-meat', 'en:poultry-meals', 'en:meals-with-chicken']",3,[],"['en:e14xx', 'en:e412', 'en:e415']",81.0,4.0,1.6,1.2,0.7,8.7,0.67
Brochettes de médaillons de poulet à l'espagnol,20213909,"['en:meats-and-their-products', 'en:meals', 'en:meat-preparations', 'en:meats', 'en:skewers', 'en:chicken-and-its-products', 'en:meat-skewers', 'en:poultries', 'en:chicken-preparations', 'en:meals-with-meat', 'en:poultry-skewers', 'en:chicken-skewers', 'en:chickens', 'en:cooked-poultries', 'en:poultry-meals', 'en:cooked-chicken']",0,[],[],140.0,6.0,0.9,0.6,0.0,21.0,1.3
Poulet sauce curry coco et pâtes risoni,3292590877545,"['en:meals', 'en:frozen-foods', 'en:meals-with-meat', 'en:poultry-meals', 'en:meals-with-chicken']",1,[],['en:e330'],140.0,5.6,3.5,1.1,1.2,7.1,0.39
Paëlla Royale,3564700165812,"['en:meats-and-their-products', 'en:meals', 'en:fresh-foods', 'en:meals-with-meat', 'en:rice-dishes', 'en:fresh-meals', 'en:poultry-meals', 'en:meals-with-chicken', 'en:microwave-meals', 'en:paella']",8,[],"['en:e100', 'en:e160c', 'en:e223', 'en:e250', 'en:e301', 'en:e330', 'en:e331', 'en:e415']",131.0,5.6,1.4,1.5,1.3,1.9,0.75
Moussaka,20353001,"['en:meats-and-their-products', 'en:meals', 'en:meals-with-meat', 'en:beef-dishes', 'en:moussaka']",2,[],"['en:e14xx', 'en:e160']",134.0,7.5,1.9,3.0,1.8,5.5,0.85
Le Cassoulet,3049580541210,"['en:canned-foods', 'en:meals', 'en:meats-and-their-products', 'en:meals-with-meat', 'en:bean-dishes', 'en:canned-meals', 'en:cassoulets']",6,[],"['en:e250', 'en:e316', 'en:e407a', 'en:e450', 'en:e451', 'en:e452']",114.0,4.7,1.85,0.6,,7.3,0.8
Petit salé à l'auvergnate cuisiné aux lentilles 420g,3250391489442,"['en:meats-and-their-products', 'en:meals', 'en:meals-with-meat', 'en:pork-meals', 'en:lentil-dishes', 'en:salt-cured-pork-belly-with-lentils']",3,[],"['en:e14xx', 'en:e451', 'en:e509']",99.0,3.9,1.3,0.8,2.4,8.7,0.81
Boeuf KYOTO & nouilles,5413110070170,"['en:meats-and-their-products', 'en:meals', 'en:meals-with-meat', 'en:beef-dishes', 'en:microwave-meals']",3,[],"['en:e412', 'en:e415', 'en:e473']",146.0,3.8,0.7,5.8,1.6,7.6,1.3
BOX Bolognaise / Bolognese Festonate,3560070507887,"['en:meats-and-their-products', 'en:meals', 'en:fresh-foods', 'en:pasta-dishes', 'en:meals-with-meat', 'en:beef-dishes', 'en:fresh-meals', 'en:refrigerated-foods', 'en:instant-pasta', 'en:microwave-meals', 'en:refrigerated-meals', 'en:pots', 'en:bolognese-style-pasta-spaghetti-tagliatelle']",1,[],['en:e415'],157.0,6.4,1.7,2.3,1.1,6.3,0.3
Les saucisses de Toulouse aux lentilles cuisinées,3375644008789,"['en:meats-and-their-products', 'en:meals', 'en:meats', 'en:prepared-meats', 'en:sausages', 'en:french-sausages', 'en:meals-with-meat', 'en:lentil-dishes', 'en:toulouse-sausages', 'en:sausages-with-lentils', 'fr:saucisses-de-toulouse-aux-lentilles']",0,[],[],153.0,9.0,3.9,0.5,2.0,8.4,0.76
Marks & Spencer   Chicken Saag Masala,00647434,"['en:meats-and-their-products', 'en:meals', 'en:meals-with-meat', 'en:poultry-meals', 'en:meals-with-chicken', 'en:chicken-breast-curry-with-tomato-spinach-sauce']",0,[],[],114.0,5.2,1.0,2.6,2.6,12.3,0.65
"Tripes a la mode de Caen, cuisinees au Calvados",3155060001300,"['en:meats-and-their-products', 'en:meals', 'en:fish-and-meat-and-eggs', 'en:meals-with-meat', 'en:offals', 'en:tripe-dishes', 'en:specialty-made-with-tripe', 'en:caen-style-tripes', 'en:tripe']",1,[],['en:e330'],109.0,3.0,1.5,0.1,1.0,20.0,1.1
Poélé Poulet Indienne IDS 900g,3250391127399,"['en:frozen-foods', 'en:meals', 'en:meats-and-their-products', 'en:meats', 'en:chicken-and-its-products', 'en:poultries', 'en:meals-with-meat', 'en:rice-dishes', 'en:chickens', 'en:combination-meals', 'en:cooked-poultries', 'en:poultry-meals', 'en:cooked-chicken', 'en:frozen-ready-made-meals', 'en:meals-with-chicken', 'fr:viande-legumes-feculents']",0,[],[],128.0,5.0,1.6,1.5,0.9,5.6,0.62
4 nems au porc + 1 sauce Nuoc Mam,3366760023008,"['en:meats-and-their-products', 'en:frozen-foods', 'en:meals', 'en:fresh-foods', 'en:meals-with-meat', 'en:fresh-meals', 'en:pork-meals', 'en:nems', 'en:pork-nems']",0,[],[],214.0,11.0,2.8,2.0,,6.0,1.0
Chinese style sweet sour,4260334165110,"['en:meats-and-their-products', 'en:meals', 'en:meals-with-meat', 'en:poultry-meals', 'en:meals-with-chicken']",1,[],['en:e412'],106.0,2.09,0.295,4.09,0.909,4.91,1.38
Ravioli au Boeuf Bio,3431590006504,"['en:canned-foods', 'en:meats-and-their-products', 'en:meals', 'en:pasta-dishes', 'en:meals-with-meat', 'en:stuffed-pastas', 'en:beef-dishes', 'en:pasta-stuffed-with-meat', 'en:ravioli', 'en:canned-meals', 'en:meat-ravioli', 'en:beef-ravioli', 'en:canned-raviolis']",0,[],[],100.7,2.51,0.8,2.1,1.1,3.5,1.0
Escalope Milanaise Spaghetti à la sauce tomate,3560070722112,"['en:meats-and-their-products', 'en:meals', 'en:fresh-foods', 'en:pasta-dishes', 'en:meals-with-meat', 'en:fresh-meals', 'en:poultry-meals', 'en:meals-with-chicken', 'en:microwave-meals', 'en:turkey-dishes', 'fr:escalopes-milanaises-aux-spaghettis']",0,[],[],139.0,4.8,0.6,3.3,0.8,7.7,0.51
Feuilletés tressés jambon emmental,3245412730092,"['en:meats-and-their-products', 'en:meals', 'en:meals-with-meat', 'en:pork-meals', 'en:puff-pastry-meals', 'en:puff-pastries-with-ham-and-cheese']",3,[],"['en:e250', 'en:e316', 'en:e461']",305.0,18.0,12.0,2.3,1.7,10.0,1.1
Porc moutarde,3560071083281,"['en:meats-and-their-products', 'en:meals', 'en:meals-with-meat']",4,[],"['en:e14xx', 'en:e222', 'en:e412', 'en:e415']",90.0,4.3,1.5,1.0,1.1,9.6,0.71
Delikatess Mini Frikadellen,4311596430161,"['en:meats-and-their-products', 'en:meals', 'en:meals-with-meat']",0,[],[],292.0,21.5,8.7,0.5,,13.5,1.7
Cheeseburgers - Burger de poulet au Gouda sur un petit pain au sésame,20995300,"['en:meats-and-their-products', 'en:meals', 'en:sandwiches', 'en:meals-with-meat', 'en:poultry-meals', 'en:refrigerated-foods', 'en:hamburgers', 'en:meals-with-chicken', 'en:refrigerated-meals', 'de:chickenburger']",1,[],['en:e301'],216.0,7.6,3.008,3.6,,16.0,3.36
Filet de poulet à la basquaise et riz de Camargue,3270160866908,"['en:meats-and-their-products', 'en:meals', 'en:meals-with-meat', 'en:rice-dishes', 'en:poultry-meals', 'en:meals-with-chicken', 'en:microwave-meals', 'en:chicken-basque-style']",0,[],[],106.0,2.5,0.3,1.6,0.8,8.5,0.72
Gyros,20001742,"['en:meats-and-their-products', 'en:frozen-foods', 'en:meals', 'en:meat-preparations', 'en:meats', 'en:frozen-meats', 'en:meals-with-meat', 'en:frozen-meat-preparations', 'en:pan-fried-dishes', 'en:pork-meals']",1,[],['en:e220'],148.0,7.0,2.8,1.5,0.0,19.0,1.88
Chef Select American Style Cheeseburger,20995317,"['en:meats-and-their-products', 'en:meals', 'en:sandwiches', 'en:meals-with-meat', 'en:poultry-meals', 'en:cheeseburgers', 'en:microwave-meals']",2,[],"['en:e300', 'en:e472e']",294.0,16.0,4.5,2.9,,13.0,1.8
Coq au vin,3560071255282,"['en:meals', 'en:meats-and-their-products', 'en:meals-with-meat', 'en:poultry-meals', 'en:meals-with-chicken', 'en:cockerel-in-red-wine-sauce']",0,[],[],97.0,4.2,1.2,1.1,0.5,7.9,1.1
Confit de canard au sel de Guérande,3113010141728,"['en:meats-and-their-products', 'en:meals', 'en:meats', 'en:poultries', 'en:meals-with-meat', 'en:ducks', 'en:poultry-meals', 'en:duck-dishes', 'en:duck-confit']",0,[],[],297.0,22.0,7.6,0.5,,25.0,1.8
"Le cassoulet au confit de canard de Castelnaudary cuisiné dans son bouillon de légumes frais, boîte 2/1",3375640002163,"['en:canned-foods', 'en:meats-and-their-products', 'en:meals', 'en:meals-with-meat', 'en:poultry-meals', 'en:bean-dishes', 'en:canned-meals', 'en:duck-dishes', 'en:cassoulets', 'en:cassoulets-with-duck-confit']",0,[],[],153.0,9.2,3.8,0.5,4.7,9.5,0.56
Cassoulet au porc,3113010143722,"['en:meats-and-their-products', 'en:meals', 'en:meals-with-meat', 'en:poultry-meals', 'en:bean-dishes', 'en:duck-dishes', 'en:cassoulets', 'en:cassoulets-with-duck-confit', 'fr:cassoulets-de-castelnaudary']",0,[],[],127.0,5.5,1.9,0.7,3.1,9.7,0.8
Chili Con Carne Eintopf Bio,4280000878502,"['en:meats-and-their-products', 'en:meals', 'en:meals-with-meat', 'en:beef-dishes', 'en:chili-con-carne']",0,[],[],107.0,4.4,1.5,3.8,,5.7,1.2
Chicken Korma,00670890,"['en:meals', 'en:meats-and-their-products', 'en:meals-with-meat', 'en:poultry-meals', 'en:refrigerated-foods', 'en:meals-with-chicken', 'en:microwave-meals', 'en:refrigerated-meals']",0,[],[],153.0,8.5,3.7,2.7,0.6,14.1,0.62
Nems au poulet avec sauce nuoc-mâm,3350033041325,"['en:meats-and-their-products', 'en:meals', 'en:meals-with-meat', 'en:poultry-meals', 'en:meals-with-chicken', 'en:nems', 'en:chicken-nems']",0,[],[],161.0,5.7,1.0,2.2,1.3,5.7,1.2
Tagliatelles poulet & champignons,3564706553897,"['en:meats-and-their-products', 'en:meals', 'en:pasta-dishes', 'en:meals-with-meat', 'en:poultry-meals', 'en:meals-with-chicken', 'en:microwave-meals']",0,[],[],143.0,6.0,2.7,1.0,0.8,7.9,0.78
Braseado de verduras con pollo,8480017235190,"['en:meals', 'en:meals-with-meat', 'en:poultry-meals', 'en:meals-with-chicken']",0,[],[],72.0,2.7,0.4,4.9,,5.1,0.93
"Salade à l'indienne Poulet rôti, Curcuma",3560071457617,"['en:meats-and-their-products', 'en:meals', 'en:fresh-foods', 'en:meals-with-meat', 'en:fresh-meals', 'en:poultry-meals', 'en:meals-with-chicken']",1,[],['en:e415'],165.0,8.6,0.9,2.3,2.8,5.3,0.86
Chili con Carne,4061458027144,"['en:meats-and-their-products', 'en:meals', 'en:meals-with-meat', 'en:beef-dishes', 'en:chili-con-carne']",0,[],[],119.0,4.8,1.6,2.9,,9.1,0.9
Chili con carne bte 4/4 820g,3256229542839,"['en:canned-foods', 'en:meats-and-their-products', 'en:frozen-foods', 'en:meals', 'en:meals-with-meat', 'en:canned-meals', 'en:chili-con-carne']",0,[],[],139.0,4.6,2.2,1.8,5.2,7.0,0.67
Waitrose Indian Chicken Tikka Masala,5000169247082,"['en:meats-and-their-products', 'en:meals', 'en:meals-with-meat', 'en:poultry-meals', 'en:meals-with-chicken', 'en:chicken-tikka-masala']",1,[],['en:e160c'],165.0,17.6,6.3,5.8,,12.2,1.01
Cassoulet au porc,3113010142633,"['en:meats-and-their-products', 'en:frozen-foods', 'en:meals', 'en:meals-with-meat', 'en:bean-dishes', 'en:cassoulets', 'en:pork-cassoulets']",0,[],[],115.0,4.9,1.7,0.5,3.6,9.1,0.9
Escalope Milanaise - Spaghetti tomate,3188720006421,"['en:meals', 'en:meals-with-meat', 'en:poultry-meals', 'en:turkey-dishes', 'fr:escalope-milanaise']",2,[],"['en:e412', 'en:e415']",150.0,6.4,0.9,2.0,2.1,7.3,0.875
Pizza Traditionale  Speciale,4001724038443,"['en:meats-and-their-products', 'en:frozen-foods', 'en:meals', 'en:pizzas-pies-and-quiches', 'en:meals-with-meat', 'en:pizzas', 'en:pork-meals', 'en:frozen-pizzas-and-pies', 'en:ham-pizzas', 'en:cured-ham-pizza', 'en:frozen-pizzas', 'en:pizza-with-ham-and-cheese']",5,[],"['en:e250', 'en:e301', 'en:e392', 'en:e450', 'en:e451']",227.0,7.9,3.0,3.1,1.9,9.7,1.2
