product_name,code,categories_tags,additives_n,additives,additives_tags,energy_kcal_100g,fat_100g,saturated_fat_100g,sugars_100g,fiber_100g,proteins_100g,salt_100g
"Lentilles cuisinées, riz & soja",3175681170872,"['en:plant-based-foods-and-beverages', 'en:plant-based-foods', 'en:legumes-and-their-products', 'en:legumes', 'en:seeds', 'en:legume-seeds', 'en:meals', 'en:pulses', 'en:lentils', 'fr:cereales-preparees', 'en:microwave-meals', 'en:plant-based-meals', 'en:prepared-lentils']",0,[],[],153.0,6.4,1.1,1.6,8.9,6.4,0.72
Petites gambas compotée de tomates Tagliatelles au pesto,3166352967211,"['en:meals', 'en:fresh-foods', 'en:pasta-dishes', 'en:fresh-meals', 'en:meals-with-shellfish', 'en:microwave-meals', 'fr:plats-a-base-de-crustaces']",0,[],[],130.0,4.5,0.9,1.7,1.1,6.7,0.825
Cabillaud sauce Citron riz aux petits légumes,3166353931402,"['en:seafood', 'en:fishes-and-their-products', 'en:fishes', 'en:meals', 'en:fresh-foods', 'en:meals-with-fish', 'en:rice-dishes', 'en:fresh-meals', 'en:microwave-meals', 'en:meals-with-cod']",0,[],[],141.0,5.9,1.5,0.7,0.8,8.6,0.67
Poulet🐔 au Curry et Noix de Coco 🥥,3248832940539,"['en:condiments', 'en:meals', 'en:meats-and-their-products', 'en:specific-products', 'en:refrigerated-foods', 'en:meals-with-meat', 'en:refrigerated-meals', 'en:rice-dishes', 'en:sauces', 'en:meal-sauces', 'en:poultry-meals', 'en:meals-with-chicken', 'en:microwave-meals', 'en:chicken-curry', 'en:licensed-products', 'en:low-fat-prepared-meals']",0,[],[],90.0,2.5,1.6,2.5,1.1,6.3,0.6
Couscous Oriental légumes cuisinés et poulet émincé,3248832940522,"['en:meats-and-their-products', 'en:meals', 'en:fresh-foods', 'en:meals-with-meat', 'en:savory-semolina-dishes', 'en:fresh-meals', 'en:poultry-meals', 'en:prepared-couscous', 'en:couscous-with-meat', 'en:meals-with-chicken', 'en:microwave-meals', 'en:chicken-couscous', 'en:couscous', 'en:low-fat-prepared-meals', 'fr:plats-prepares-a-rechauffer-au-bain-marie']",0,[],[],91.0,1.8,0.3,2.2,1.4,6.9,0.69
"Parmentier de saumon, sauce ricotta épinards",3302740030932,"['en:meals', 'en:pasta-dishes', 'en:meals-with-fish', 'en:meals-with-salmon', 'en:microwave-meals']",0,[],[],130.0,7.2,3.6,1.5,1.0,6.4,0.67
Cuisiné cappelletti,3175681061460,"['en:plant-based-foods-and-beverages', 'en:plant-based-foods', 'en:cereals-and-potatoes', 'en:cereals-and-their-products', 'en:meals', 'en:pasta-dishes', 'en:stuffed-pastas', 'en:pasta-stuffed-with-vegetables', 'en:microwave-meals', 'en:pasta-stuffed-with-cheese', 'en:plant-based-meals']",1,[],['en:e330'],98.0,2.7,0.5,3.2,3.2,3.7,0.56
Le couscous à la Marocaine,3302740003868,"['en:meals', 'en:frozen-foods', 'en:savory-semolina-dishes', 'en:prepared-couscous', 'en:microwave-meals', 'en:couscous']",0,[],[],143.0,7.1,1.8,2.8,1.3,8.2,0.72
Pastabox Bolognaise,3242272270157,"['en:plant-based-foods-and-beverages', 'en:plant-based-foods', 'en:meals', 'en:pasta-dishes', 'en:pastas', 'en:fresh-pasta', 'en:instant-pasta', 'en:microwave-meals', 'en:pasta-with-meat', 'en:pots']",2,[],"['en:e202', 'en:e262', 'en:e262i']",128.0,2.8,0.7,2.1,2.0,7.5,0.64
Brandade de Morue parmentière 2 personnes,3760002340456,"['en:meals', 'en:meals-with-fish', 'en:microwave-meals', 'en:cod-brandade', 'fr:brandades-de-morue-parmentiere', 'fr:preparations-a-base-de-chair-de-poisson']",0,[],[],153.0,9.8,1.1,0.5,,6.6,0.8
11/12/2024,3166352940092,"['en:plant-based-foods-and-beverages', 'en:plant-based-foods', 'en:meals', 'en:fresh-foods', 'en:pasta-dishes', 'en:pastas', 'en:meals-with-fish', 'en:fresh-meals', 'en:meals-with-shellfish', 'en:microwave-meals', 'en:dishes-with-scallops', 'en:low-fat-prepared-meals', 'en:torti', 'fr:platss-prepares-a-base-de-mollusques']",2,[],"['en:e164', 'en:e415']",110.0,2.4,0.7,2.1,1.1,6.6,0.57
"Risotto poulet & cèpes, crème fraîche, petits oignons",3302740606106,"['en:meats-and-their-products', 'en:meals', 'en:meals-with-meat', 'en:rice-dishes', 'en:poultry-meals', 'en:risottos', 'en:meals-with-chicken', 'en:microwave-meals', 'en:vegetable-risottos', 'en:chicken-risottos', 'en:mushrooms-risottos', 'en:risottos-with-porcini-mushrooms']",0,[],[],129.0,5.6,2.9,0.8,0.5,5.6,0.66
Paupiette de veau jardinière de légumes,3166359678103,"['en:meats-and-their-products', 'en:meals', 'en:meats', 'en:meals-with-meat', 'en:beef-dishes', 'en:veal-meat', 'en:microwave-meals', 'en:veal-meat-dishes', 'en:olive-veal']",0,[],[],111.0,4.9,1.5,1.6,2.1,8.1,0.58
Filet de Saumon Purée de Brocolis,3302740483103,"['en:meals', 'en:meals-with-fish', 'en:microwave-meals']",0,[],[],109.0,5.0,1.9,2.4,1.2,6.8,0.66
Penne au Poulet et au Pesto,3248832960209,"['en:meals', 'en:pasta-dishes', 'en:meals-with-meat', 'en:poultry-meals', 'en:meals-with-chicken', 'en:microwave-meals']",0,[],[],186.0,7.9,1.5,1.6,1.2,8.0,0.65
Le Chili Con Carne et son riz blanc,3302740484100,"['en:meats-and-their-products', 'en:meals', 'en:meals-with-meat', 'en:rice-dishes', 'en:beef-dishes', 'en:microwave-meals', 'en:chili-con-carne']",0,[],[],354.0,9.3,3.0,5.7,7.8,19.0,2.37
La Moussaka Boeuf & Aubergines avec une touche de menthe douce,3302740044786,"['en:meats-and-their-products', 'en:meals', 'en:meals-with-meat', 'en:beef-dishes', 'en:microwave-meals', 'en:moussaka', 'fr:plats-prepares-a-rechauffer-au-four']",1,[],['en:e428'],128.0,8.0,2.7,3.9,1.3,6.7,0.73
St Jacques fondue de poireaux & Riz Basmati,3248832967611,"['en:plant-based-foods-and-beverages', 'en:plant-based-foods', 'en:fruits-and-vegetables-based-foods', 'en:vegetables-based-foods', 'en:meals', 'en:fresh-foods', 'en:meals-with-fish', 'en:rice-dishes', 'en:fresh-meals', 'en:meals-with-shellfish', 'en:microwave-meals', 'en:dishes-with-scallops', 'en:leeks-fondue', 'fr:plats-prepares-a-rechauffer-au-bain-marie', 'fr:plats-a-base-de-mollusques']",0,[],[],144.0,6.2,3.0,1.2,0.6,5.8,0.59
Lentilles façon petit salé,3760020508883,"['en:plant-based-foods-and-beverages', 'en:plant-based-foods', 'en:legumes-and-their-products', 'en:legumes', 'en:seeds', 'en:legume-seeds', 'en:meals', 'en:pulses', 'en:lentils', 'en:microwave-meals', 'en:prepared-lentils']",1,[],['en:e300'],135.0,2.3,0.3,0.6,7.2,8.0,0.65
Macaroni sauce tomate et boulettes au bœuf,3248832967284,"['en:meals', 'en:pasta-dishes', 'en:meals-with-meat', 'en:beef-dishes', 'en:microwave-meals', 'fr:macaronis-boulettes-de-boeuf']",0,[],[],154.0,5.7,1.2,2.8,1.3,7.0,0.67
Poisson à l'andalouse riz safrané et courgettes grillées,3166352967037,"['en:meals', 'en:meals-with-fish', 'en:rice-dishes', 'en:microwave-meals']",1,[],['en:e164'],104.0,3.7,0.6,1.1,1.0,7.5,0.61
Emincés de boeuf sauce poivre & pommes de terre,3302746964026,"['en:plant-based-foods-and-beverages', 'en:plant-based-foods', 'en:cereals-and-potatoes', 'en:condiments', 'en:meats-and-their-products', 'en:beef-and-its-products', 'en:meals', 'en:meats', 'en:beef', 'en:meals-with-meat', 'en:sauces', 'en:beef-dishes', 'en:microwave-meals', 'en:pepper-sauces', 'fr:e']",0,[],[],143.0,7.5,1.79,0.786,1.0,6.43,0.607
Le Filet de Poulet et ses Pommes de Terre à la Sarladaise,3302748427024,"['en:meats-and-their-products', 'en:meals', 'en:meals-with-meat', 'en:poultry-meals', 'en:meals-with-chicken', 'en:microwave-meals']",0,[],[],157.0,6.5,1.9,0.9,1.3,10.0,0.73
Paëlla royale aux petites gambas et au safran,3248830724971,"['en:seafood', 'en:fishes-and-their-products', 'en:fishes', 'en:frozen-foods', 'en:meals', 'en:meats-and-their-products', 'en:meals-with-meat', 'en:rice-dishes', 'en:combination-meals', 'en:frozen-ready-made-meals', 'en:microwave-meals', 'en:paella', 'fr:plats-a-base-de-mollusques']",0,[],[],98.0,2.5,0.6,1.2,0.8,5.4,0.79
Penne au saumon et crème d'épinards,3248832960025,"['en:meals', 'en:pasta-dishes', 'en:meals-with-fish', 'en:meals-with-salmon', 'en:microwave-meals', 'en:pasta-with-fish', 'en:pasta-with-salmon']",0,[],[],135.0,4.7,1.4,1.4,0.9,6.6,0.6
Le Parmentier de Boeuf Charolais purée à la crème fraîche,3302740030925,"['en:meats-and-their-products', 'en:meals', 'en:meals-with-meat', 'en:beef-dishes', 'en:microwave-meals', 'en:beef-cottage-pies']",1,[],['en:e392'],137.0,6.5,3.4,2.6,1.2,9.2,0.71
Parmentier de Poisson à la Ciboulette,3302741970107,"['en:seafood', 'en:meals', 'en:specific-products', 'en:fresh-foods', 'en:products-for-specific-diets', 'en:gratins', 'en:meals-with-fish', 'en:products-without-gluten', 'en:fresh-meals', 'en:potato-dishes', 'en:fish-gratin', 'en:microwave-meals', 'en:fish-brandade']",0,[],[],121.0,5.4,2.0,1.7,1.1,6.5,0.63
Spicy Mexican Rive,5010034014152,"['en:meals', 'en:microwave-meals', 'en:pots', 'en:rice-in-pots']",0,[],[],159.0,3.0,0.2,1.1,1.5,3.8,0.4925
Tajine de Légumes Grillés 1/2,3083681029994,"['en:plant-based-foods-and-beverages', 'en:plant-based-foods', 'en:fruits-and-vegetables-based-foods', 'en:vegetable-based-foods-and-beverages', 'en:canned-foods', 'en:meals', 'en:vegetables-based-foods', 'en:canned-plant-based-foods', 'en:canned-vegetables', 'en:prepared-vegetables', 'en:canned-meals', 'en:microwave-meals', 'en:plant-based-meals', 'en:tajine', 'en:vegetables-prepared-processed-shelf-stable', 'fr:melange-de-legumes-cuisines']",0,[],[],77.0,3.8,0.5,6.7,1.8,1.4,0.8
PastaBox - Tortellini Ricotta Epinards Sauce au parmesan,3242272250050,"['en:meals', 'en:fresh-foods', 'en:pasta-dishes', 'en:stuffed-pastas', 'en:fresh-meals', 'en:microwave-meals', 'en:tortellini', 'en:pots']",3,[],"['en:e202', 'en:e262', 'en:e262i', 'en:e330']",159.0,5.7,3.1,2.0,2.5,6.3,0.6
"Purée lentilles corail, potimarron",3175681104112,"['en:plant-based-foods-and-beverages', 'en:plant-based-foods', 'en:legumes-and-their-products', 'en:meals', 'en:vegetable-based-foods-and-beverages', 'en:prepared-vegetables', 'en:purees', 'en:mashed-vegetables', 'en:microwave-meals', 'en:plant-based-meals']",0,[],[],89.0,3.1,0.5,1.4,4.4,4.5,0.66
"Tagliatelles au Poulet 🐔, Champignons🍄Crème",3166352940054,"['en:plant-based-foods-and-beverages', 'en:plant-based-foods', 'en:meals', 'en:fresh-foods', 'en:pasta-dishes', 'en:meals-with-meat', 'en:fresh-meals', 'en:poultry-meals', 'en:meals-with-chicken', 'en:microwave-meals', 'en:low-fat-prepared-meals', 'fr:platss-prepares']",0,[],[],103.0,2.4,0.9,1.0,0.9,7.8,0.88
Façon Chili,3175681210981,"['en:plant-based-foods-and-beverages', 'en:plant-based-foods', 'en:fruits-and-vegetables-based-foods', 'en:legumes-and-their-products', 'en:legumes', 'en:meals', 'en:vegetable-based-foods-and-beverages', 'en:bean-dishes', 'en:microwave-meals', 'en:plant-based-meals', 'en:chili-sin-carne', 'en:low-fat-prepared-meals']",0,[],[],111.0,3.5,0.4,2.3,6.9,7.6,0.66
"Orge, lentilles vertes, riz rouge au naturel",3175681120556,"['en:meals', 'fr:cereales-preparees', 'en:microwave-meals']",0,[],[],164.0,5.8,0.9,0.0,7.7,4.1,0.41
Pois cassés à la paysanne Bio - 300 g - Jardin Bio,3760020508562,"['en:plant-based-foods-and-beverages', 'en:plant-based-foods', 'en:legumes-and-their-products', 'en:legumes', 'en:seeds', 'en:legume-seeds', 'en:meals', 'en:pulses', 'en:prepared-vegetables', 'en:purees', 'en:mashed-vegetables', 'en:microwave-meals', 'en:plant-based-meals', 'en:mashed-split-peas', 'en:peas']",0,[],[],82.0,1.0,0.3,1.0,3.0,4.8,0.68
Frozen Baked Jacket Potatoes,5010228000145,"['en:plant-based-foods-and-beverages', 'en:plant-based-foods', 'en:cereals-and-potatoes', 'en:frozen-foods', 'en:meals', 'en:frozen-plant-based-foods', 'en:prepared-potatoes', 'en:frozen-plant-based-foods-mixes', 'en:potatoes', 'en:microwave-meals', 'en:roasted-potatoes', 'en:frozen-baked-potatoes']",0,[],[],80.0,0.25,0.1,1.9,1.95,2.15,0.005
Aiguillettes de poulet au miel et aux épices semoule,3270160862481,"['en:meats-and-their-products', 'en:frozen-foods', 'en:meals', 'en:meats', 'en:chicken-and-its-products', 'en:poultries', 'en:meals-with-meat', 'en:savory-semolina-dishes', 'en:chickens', 'en:combination-meals', 'en:poultry-meals', 'en:frozen-ready-made-meals', 'en:meals-with-chicken', 'en:microwave-meals', 'en:low-fat-prepared-meals', 'fr:aiguillettes-de-poulet']",0,[],[],123.0,1.5,0.3,4.9,4.7,8.4,0.35
DUO DE QUINOA AUX LEGUMES,3478820013192,"['en:plant-based-foods-and-beverages', 'en:plant-based-foods', 'en:meals', 'en:microwave-meals', 'en:plant-based-meals']",0,[],[],145.0,3.2,0.4,1.5,4.4,4.8,0.65
"La Paëlla Valenciana, poulet rôti, chorizo et fruits de mer",3302741859105,"['en:meals', 'en:meats-and-their-products', 'en:fresh-foods', 'en:refrigerated-foods', 'en:meals-with-meat', 'en:refrigerated-meals', 'en:rice-dishes', 'en:fresh-meals', 'en:poultry-meals', 'en:meals-with-chicken', 'en:microwave-meals', 'en:paella']",1,[],['en:e428'],182.0,8.0,1.6,0.7,1.2,11.0,0.71
Quinoa poulet et sésame,3478820003193,"['en:canned-foods', 'en:meats-and-their-products', 'en:meals', 'en:meals-with-meat', 'en:poultry-meals', 'fr:cereales-preparees', 'en:meals-with-chicken', 'en:microwave-meals', 'en:quinoa-dishes']",0,[],[],175.0,6.9,1.2,3.0,6.5,6.9,0.7
Pad Thai,3175681259089,"['en:plant-based-foods-and-beverages', 'en:plant-based-foods', 'en:cereals-and-potatoes', 'en:cereals-and-their-products', 'en:frozen-foods', 'en:meals', 'en:pasta-dishes', 'en:pastas', 'en:noodles', 'en:chinese-noodles', 'en:microwave-meals', 'en:pad-thai']",0,[],[],122.0,4.5,0.5,1.1,5.1,5.8,0.98
Parmentier de boeuf Aubrac,3338310000296,"['en:meals', 'en:meats-and-their-products', 'en:fresh-foods', 'en:meals-with-meat', 'en:beef-dishes', 'en:fresh-meals', 'en:microwave-meals', 'en:beef-cottage-pies']",0,[],[],172.0,11.0,3.6,1.7,1.7,6.3,15.0
"Escalope Milanaise, Dinde 100% filet",3166352967907,"['en:meats-and-their-products', 'en:meals', 'en:meats', 'en:fresh-foods', 'en:pasta-dishes', 'en:poultries', 'en:meals-with-meat', 'en:fresh-meals', 'en:poultry-meals', 'en:microwave-meals', 'en:turkey-dishes', 'fr:escalopes-milanaises-aux-spaghettis']",0,[],[],160.0,6.4,0.9,2.6,1.2,7.9,0.65
Quinoa Royal - Carottes jaunes et cumin,3175681248557,"['en:plant-based-foods-and-beverages', 'en:plant-based-foods', 'en:meals', 'en:microwave-meals', 'en:plant-based-meals', 'en:low-fat-prepared-meals', 'en:quinoa-dishes']",0,[],[],90.0,2.4,0.2,2.0,3.6,3.3,0.68
Curry thaï,3175681281936,"['en:plant-based-foods-and-beverages', 'en:plant-based-foods', 'en:meals', 'en:microwave-meals', 'en:plant-based-meals']",0,[],[],109.0,4.1,1.0,1.5,6.4,6.6,0.53
Le Rougail Saucisse et son riz créole,3302740031038,"['en:meats-and-their-products', 'en:meals', 'en:meals-with-meat', 'en:rice-dishes', 'en:pork-meals', 'en:microwave-meals', 'fr:rougail-saucisse']",0,[],[],155.0,7.6,2.1,1.9,1.3,5.1,0.725
Nouilles japonaises saveur boeuf teppanyaki,3229820765372,"['en:plant-based-foods-and-beverages', 'en:plant-based-foods', 'en:cereals-and-potatoes', 'en:meals', 'en:cereals-and-their-products', 'en:dried-products', 'en:pastas', 'en:dried-products-to-be-rehydrated', 'en:meals-with-meat', 'en:noodles', 'en:beef-dishes', 'en:instant-noodles', 'en:chinese-noodles', 'en:instant-noodle-soups', 'en:microwave-meals']",1,[],['en:e635'],80.0,3.5,0.4,0.6,0.6,1.9,0.85
Pastabox Carbonara,3242272270256,"['en:meals', 'en:fresh-foods', 'en:pasta-dishes', 'en:fresh-meals', 'en:instant-pasta', 'en:microwave-meals', 'en:carbonara-style-pasta', 'en:pots']",4,[],"['en:e202', 'en:e250', 'en:e262', 'en:e262i', 'en:e316']",166.0,7.6,3.7,1.9,1.2,7.1,0.66
Orge & pruneaux a la marocaine,3175681137776,"['en:plant-based-foods-and-beverages', 'en:plant-based-foods', 'en:fruits-and-vegetables-based-foods', 'en:legumes-and-their-products', 'en:cereals-and-potatoes', 'en:legumes', 'en:seeds', 'en:cereals-and-their-products', 'en:meals', 'en:vegetable-based-foods-and-beverages', 'en:cereal-grains', 'en:fresh-foods', 'en:fresh-plant-based-foods', 'en:microwave-meals', 'en:plant-based-meals', 'en:barley', 'en:low-fat-prepared-meals', 'en:mix-of-cereals-and-legumes', 'fr:plats-a-base-d-orge']",0,[],[],137.0,3.2,0.4,4.7,5.1,5.6,0.7
Gnocchis au chèvre et aux épinards et à la sauce tomate,3270160860166,"['en:plant-based-foods-and-beverages', 'en:plant-based-foods', 'en:cereals-and-potatoes', 'en:frozen-foods', 'en:meals', 'en:pasta-dishes', 'en:gnocchi', 'en:frozen-ready-made-meals', 'en:microwave-meals']",0,[],[],157.0,5.0,3.33,5.67,1.87,5.67,0.656
Quinotto Légumes verts Parmesan,3456300005837,"['en:plant-based-foods-and-beverages', 'en:plant-based-foods', 'en:cereals-and-potatoes', 'en:meals', 'en:seeds', 'en:cereals-and-their-products', 'en:cereal-grains', 'en:microwave-meals', 'en:plant-based-meals', 'en:quinoa', 'en:quinoa-dishes']",0,[],[],132.0,3.9,1.4,2.5,3.1,7.6,0.7
Poulet & Purée de Courgettes pointe de crème fraîche,3302740975103,"['en:meats-and-their-products', 'en:meals', 'en:meals-with-meat', 'en:poultry-meals', 'en:meals-with-chicken', 'en:microwave-meals']",0,[],[],111.0,5.0,2.4,2.7,1.4,5.7,0.67
Lasagnes à la bolognaise,3166352968591,"['en:meats-and-their-products', 'en:meals', 'en:pasta-dishes', 'en:meals-with-meat', 'en:prepared-lasagne', 'en:beef-dishes', 'en:meat-lasagnas', 'en:microwave-meals', 'en:bolognese-lasagne']",0,[],[],136.0,5.3,2.6,3.3,1.0,7.5,0.67
Poulet et petites pâtes sauce aux champignons,3270160695881,"['en:meats-and-their-products', 'en:frozen-foods', 'en:meals', 'en:pasta-dishes', 'en:meals-with-meat', 'en:poultry-meals', 'en:frozen-ready-made-meals', 'en:meals-with-chicken', 'en:microwave-meals']",0,[],[],130.0,3.4,2.1,1.0,1.1,7.8,0.59
XtremBox - Radiatori  Bœuf Sauce au poivre,3242272261650,"['en:condiments', 'en:meals', 'en:meats-and-their-products', 'en:pasta-dishes', 'en:meals-with-meat', 'en:sauces', 'en:beef-dishes', 'en:instant-pasta', 'en:microwave-meals', 'en:pasta-with-meat', 'en:pasta-with-beef', 'en:pots']",2,[],"['en:e202', 'en:e262', 'en:e262i']",166.0,4.7,2.6,0.7,1.3,8.6,0.48
"Poêlée de gnocchis (tomates, mozzarella)",3270160860333,"['en:plant-based-foods-and-beverages', 'en:plant-based-foods', 'en:cereals-and-potatoes', 'en:frozen-foods', 'en:meals', 'en:gnocchi', 'en:pan-fried-dishes', 'en:frozen-ready-made-meals', 'en:microwave-meals', 'en:potato-gnocchi', 'fr:gnocchis-surgeles']",1,[],['en:e330'],159.0,4.1,1.4,8.4,2.7,5.2,0.6
Cannelloni Ricotta et Epinards,3166352940115,"['en:plant-based-foods-and-beverages', 'en:plant-based-foods', 'en:meals', 'en:pasta-dishes', 'en:stuffed-pastas', 'en:cannelloni', 'en:microwave-meals', 'en:plant-based-meals', 'en:low-fat-prepared-meals']",1,[],['en:e406'],79.0,2.7,0.9,2.8,1.7,3.3,0.725
Le Kebab de Poulet et sa Semoule à l'Orientale,3302748083022,"['en:meats-and-their-products', 'en:meals', 'en:meals-with-meat', 'en:savory-semolina-dishes', 'en:poultry-meals', 'en:meals-with-chicken', 'en:microwave-meals']",0,[],[],171.0,8.5,1.3,2.6,0.8,7.3,0.73
Émincés de poulet conchiglie complètes et légumes à l'italienne,3270160862870,"['en:plant-based-foods-and-beverages', 'en:plant-based-foods', 'en:meats-and-their-products', 'en:frozen-foods', 'en:meals', 'en:pastas', 'en:meals-with-meat', 'en:combination-meals', 'en:poultry-meals', 'en:frozen-ready-made-meals', 'en:meals-with-chicken', 'en:microwave-meals', 'en:conchiglie', 'en:plats-prepares', 'en:plats-prepares-surgeles', 'en:plats-prepares-a-la-viande', 'en:plats-prepares-a-rechauffer-au-micro-ondes', 'en:plats-a-base-de-pates', 'en:plats-a-la-volaille', 'en:produits-a-la-viande', 'en:surgeles']",0,[],[],98.0,2.2,0.7,2.7,3.1,7.9,0.32
"Lasagnes saumon, epinard",3270160696871,"['en:frozen-foods', 'en:meals', 'en:pasta-dishes', 'en:meals-with-fish', 'en:prepared-lasagne', 'en:fish-lasagnas', 'en:meals-with-salmon', 'en:frozen-ready-made-meals', 'en:microwave-meals', 'en:salmon-lasagne', 'en:frozen-lasagne', 'en:salmon-and-spinach-lasagna']",0,[],[],102.0,3.7,1.9,1.7,1.5,6.3,0.7
Hachis parmentier les classiques du chef,4056489194873,"['en:meats-and-their-products', 'en:frozen-foods', 'en:meals', 'en:meals-with-meat', 'en:beef-dishes', 'en:microwave-meals', 'en:beef-cottage-pies']",0,[],[],141.0,7.7,4.5,2.8,,7.4,0.67
"Colin d'Alaska au citron et au basilic, risotto verde",3270160725915,"['en:frozen-foods', 'en:meals', 'en:meals-with-fish', 'en:rice-dishes', 'en:risottos', 'en:frozen-ready-made-meals', 'en:microwave-meals']",0,[],[],85.0,1.6,1.0,1.2,2.1,6.2,0.27
Boulghour de blé à la Tunisienne au Raz-El-Hanout,3175681072763,"['en:plant-based-foods-and-beverages', 'en:plant-based-foods', 'en:fruits-and-vegetables-based-foods', 'en:legumes-and-their-products', 'en:cereals-and-potatoes', 'en:legumes', 'en:cereals-and-their-products', 'en:meals', 'en:vegetable-based-foods-and-beverages', 'en:fresh-foods', 'en:fresh-plant-based-foods', 'en:savory-semolina-dishes', 'en:groats', 'en:prepared-couscous', 'fr:cereales-preparees', 'en:microwave-meals', 'en:plant-based-meals', 'en:wheat-groats', 'en:bulgur', 'en:bulgur-dishes', 'en:couscous-with-vegetables', 'en:low-fat-prepared-meals', 'en:mix-of-cereals-and-legumes']",1,[],['en:e330'],159.0,4.1,0.6,4.7,6.5,6.3,0.78
CremioBox - Poulet & Emmental râpé,3242272256854,"['en:meats-and-their-products', 'en:meals', 'en:pasta-dishes', 'en:meals-with-meat', 'en:instant-pasta', 'en:microwave-meals', 'en:pots']",2,[],"['en:e202', 'en:e262', 'en:e262i']",166.0,5.71,2.86,1.5,1.54,7.86,0.808
Blanquette de poulet,3248830691013,"['en:meats-and-their-products', 'en:meals', 'en:meals-with-meat', 'en:rice-dishes', 'en:poultry-meals', 'en:meals-with-chicken', 'en:microwave-meals', 'en:low-fat-prepared-meals', 'fr:blanquette-de-poulet']",0,[],[],97.0,2.8,1.2,1.3,1.1,6.4,0.75
Dahl,3175681259096,"['en:plant-based-foods-and-beverages', 'en:plant-based-foods', 'en:meals', 'en:lentil-dishes', 'en:microwave-meals', 'en:plant-based-meals', 'fr:dahl']",0,[],[],92.0,3.9,0.8,2.1,5.7,4.6,0.8
"Dahl de lentilles corail, coco & épices",3760257091011,"['en:plant-based-foods-and-beverages', 'en:plant-based-foods', 'en:fruits-and-vegetables-based-foods', 'en:meals', 'en:rice-dishes', 'en:soups', 'en:reheatable-soups', 'en:vegetable-soups', 'en:lentil-dishes', 'en:microwave-meals', 'en:reheatable-vegetable-soups', 'en:lentil-soups']",0,[],[],144.0,4.6,3.1,1.1,2.7,5.4,0.76
Beef Ravioli,5000157068750,"['en:canned-foods', 'en:meats-and-their-products', 'en:meals', 'en:pasta-dishes', 'en:meals-with-meat', 'en:stuffed-pastas', 'en:beef-dishes', 'en:pasta-stuffed-with-meat', 'en:ravioli', 'en:canned-meals', 'en:meat-ravioli', 'en:microwave-meals', 'en:beef-ravioli', 'en:canned-raviolis']",0,[],[],74.0,1.6,0.7,3.1,0.8,2.5,0.6
Coquillettes au Jambon et au Fromage,3248832967277,"['en:plant-based-foods-and-beverages', 'en:plant-based-foods', 'en:meats-and-their-products', 'en:meals', 'en:fresh-foods', 'en:pasta-dishes', 'en:pastas', 'en:meals-with-meat', 'en:fresh-meals', 'en:pork-meals', 'en:microwave-meals', 'fr:coquillettes', 'fr:coquillettes-jambon-fromage']",1,[],['en:e300'],164.0,7.7,3.0,1.0,0.7,7.3,0.61
"Cuisiné Lentilles, Millet & Petits légumes",3175681171442,"['en:plant-based-foods-and-beverages', 'en:plant-based-foods', 'en:legumes-and-their-products', 'en:legumes', 'en:seeds', 'en:legume-seeds', 'en:meals', 'en:microwave-meals', 'en:plant-based-meals']",1,[],['en:e412'],156.0,6.4,1.3,1.3,6.5,6.4,0.95
Tagliatelles à la carbonara,3270160634439,"['en:meats-and-their-products', 'en:frozen-foods', 'en:meals', 'en:pasta-dishes', 'en:meals-with-meat', 'en:pork-meals', 'en:frozen-ready-made-meals', 'en:microwave-meals', 'en:carbonara-style-pasta', 'en:tagliatelle-with-carbonara']",1,[],['en:e300'],162.0,8.9,5.1,1.1,1.1,6.9,0.66
Saumon sauce oseille & son riz pilaf,20224042,"['en:seafood', 'en:fishes-and-their-products', 'en:fishes', 'en:fatty-fishes', 'en:meals', 'en:pasta-dishes', 'en:meals-with-fish', 'en:rice-dishes', 'en:meals-with-salmon', 'en:salmons', 'en:microwave-meals', 'en:salmon-with-sorrel', 'fr:saumon-a-l-oseille-et-riz']",2,[],"['en:e14xx', 'en:e415']",150.0,6.7,2.0,0.7,0.6,7.1,0.7
Chicken tikka,5060084345539,"['en:meals', 'en:meals-with-meat', 'en:poultry-meals', 'en:lentil-dishes', 'en:meals-with-chicken', 'en:microwave-meals']",0,[],[],96.0,1.7,1.18,1.8,3.15,8.5,0.295
Couscous légumes du soleil,3760020508913,"['en:plant-based-foods-and-beverages', 'en:plant-based-foods', 'en:canned-foods', 'en:cereals-and-potatoes', 'en:cereals-and-their-products', 'en:meals', 'en:cereal-semolinas', 'en:savory-semolina-dishes', 'en:prepared-couscous', 'en:wheat-semolinas', 'fr:cereales-preparees', 'en:canned-meals', 'en:durum-wheat-semolinas', 'en:microwave-meals', 'en:couscous-with-vegetables']",0,[],[],147.0,3.3,0.5,3.0,2.8,4.0,0.66
Gratin de Choux-Fleurs au Jambon & à l'emmental,3302744121025,"['en:meals', 'en:gratins', 'en:microwave-meals', 'en:vegetable-gratins', 'en:cauliflower-gratins']",2,[],"['en:e300', 'en:e428']",98.9,5.71,3.5,2.21,1.0,7.5,0.71
"Crevettes à l'indienne, lentilles corail et légumes",3270160695621,"['en:meals', 'en:frozen-foods', 'en:combination-meals', 'en:frozen-ready-made-meals', 'en:lentil-dishes', 'en:meals-with-shellfish', 'en:microwave-meals', 'en:meals-with-shrimps']",0,[],[],93.0,2.8,1.4,1.7,3.1,8.1,0.33
Tagliatelles au saumon à la crème ciboulette,3302743330022,"['en:plant-based-foods-and-beverages', 'en:plant-based-foods', 'en:meals', 'en:pasta-dishes', 'en:meals-with-fish', 'en:meals-with-salmon', 'en:microwave-meals', 'en:pasta-with-fish', 'en:pasta-with-salmon']",3,[],"['en:e14xx', 'en:e415', 'en:e428']",156.0,7.1,1.9,2.0,1.0,6.5,0.66
Buddha Bowl Pâtes au basilic,3270160861606,"['en:plant-based-foods-and-beverages', 'en:plant-based-foods', 'en:meals', 'en:frozen-foods', 'en:pasta-dishes', 'en:prepared-salads', 'en:combination-meals', 'en:pasta-salads', 'en:frozen-ready-made-meals', 'en:microwave-meals', 'en:plant-based-meals', 'en:buddha-bowl', 'en:vegetarian-pasta-salads']",0,[],[],137.0,4.3,0.7,0.5,4.6,6.4,0.3
"Émincés de poulet, tagliatelles complètes et légumes façon wok",3270160726165,"['en:meats-and-their-products', 'en:frozen-foods', 'en:meals', 'en:pasta-dishes', 'en:meals-with-meat', 'en:poultry-meals', 'en:frozen-ready-made-meals', 'en:meals-with-chicken', 'en:microwave-meals', 'en:low-fat-prepared-meals']",0,[],[],104.0,1.7,0.4,3.1,2.3,9.1,0.43
XtremBox - Radiatori 4 fromages,3242272261056,"['en:meals', 'en:pasta-dishes', 'en:instant-pasta', 'en:microwave-meals', 'en:pots']",2,[],"['en:e202', 'en:e262', 'en:e262i']",178.0,6.7,4.2,1.2,1.7,8.1,0.67
Canard confit & écrasé de PDT,3248830692287,"['en:meats-and-their-products', 'en:meals', 'en:meats', 'en:poultries', 'en:meals-with-meat', 'en:ducks', 'en:poultry-meals', 'en:duck-dishes', 'en:microwave-meals', 'en:duck-confit']",0,[],[],148.0,9.1,5.0,0.9,1.0,7.2,0.6
Tagliatelles au Poulet sauce Pesto,3302740030901,"['en:meals', 'en:meats-and-their-products', 'en:pasta-dishes', 'en:meals-with-meat', 'en:poultry-meals', 'en:meals-with-chicken', 'en:microwave-meals', 'en:pots']",0,[],[],139.0,5.7,1.9,2.2,1.2,6.3,0.6
"Poulet au curry et au lait de coco, duo de riz",3270160812936,"['en:meats-and-their-products', 'en:frozen-foods', 'en:meals', 'en:meats', 'en:chicken-and-its-products', 'en:poultries', 'en:meals-with-meat', 'en:rice-dishes', 'en:chickens', 'en:cooked-poultries', 'en:poultry-meals', 'en:cooked-chicken', 'en:frozen-ready-made-meals', 'en:meals-with-chicken', 'en:microwave-meals', 'en:chicken-curry', 'en:chicken-with-curry-and-coconut-milk-sauce']",0,[],[],131.0,4.4,2.5,1.6,0.7,6.7,0.5
Ravioli chèvre et ciboulette,3456300007992,"['en:plant-based-foods-and-beverages', 'en:plant-based-foods', 'en:cereals-and-potatoes', 'en:cereals-and-their-products', 'en:meals', 'en:pasta-dishes', 'en:pastas', 'en:stuffed-pastas', 'en:ravioli', 'en:microwave-meals', 'en:pasta-stuffed-with-cheese', 'en:plant-based-meals', 'en:cheese-ravioli']",0,[],[],87.0,1.7,0.6,4.9,1.8,3.0,0.54
"Colin d'Alaska, sauce citron & son riz",20165680,"['en:meals', 'en:meals-with-fish', 'en:rice-dishes', 'en:microwave-meals', 'fr:b']",3,[],"['en:e14xx', 'en:e412', 'en:e415']",107.0,2.2,1.0,0.9,0.7,6.8,0.8
Fasola biała w sosie pomidorowym,20009847,"['en:plant-based-foods-and-beverages', 'en:plant-based-foods', 'en:legumes-and-their-products', 'en:canned-foods', 'en:legumes', 'en:seeds', 'en:canned-plant-based-foods', 'en:legume-seeds', 'en:meals', 'en:pulses', 'en:common-beans', 'en:prepared-vegetables', 'en:baked-beans-in-tomato-sauce', 'en:canned-legumes', 'en:white-beans', 'en:canned-meals', 'en:microwave-meals', 'en:canned-common-beans', 'en:canned-white-common-beans']",1,[],['en:e14xx'],83.0,0.6,0.2,5.0,5.9,4.1,0.85
Beef Lasagne,00206310,"['en:meals', 'en:pasta-dishes', 'en:prepared-lasagne', 'en:meat-lasagnas', 'en:microwave-meals', 'en:bolognese-lasagne', 'en:beef-lasagne']",0,[],[],161.0,9.2,3.7,2.3,0.9,7.6,0.639
Mexican rice,4056489240792,"['en:plant-based-foods-and-beverages', 'en:plant-based-foods', 'en:cereals-and-potatoes', 'en:seeds', 'en:cereals-and-their-products', 'en:meals', 'en:cereal-grains', 'en:rice-dishes', 'en:rices', 'en:microwave-meals', 'en:precooked-rices']",2,[],"['en:e100', 'en:e412']",146.0,1.6,0.24,1.6,2.48,2.88,0.346
Parmentier de canard confit,3302740076466,"['en:meals', 'en:frozen-foods', 'en:meals-with-meat', 'en:poultry-meals', 'en:duck-dishes', 'en:microwave-meals', 'en:shepherd-s-pie-with-duck', 'fr:plats-prepares-a-rechauffer-au-four-traditionnel']",0,[],[],123.0,6.0,3.33,2.2,1.1,7.33,1.92
Pastabox saumon,3242272270454,"['en:meals', 'en:fresh-foods', 'en:pasta-dishes', 'en:meals-with-fish', 'en:fresh-meals', 'en:meals-with-salmon', 'en:instant-pasta', 'en:microwave-meals', 'en:pots']",2,[],"['en:e202', 'en:e262', 'en:e262i']",137.0,5.2,2.9,0.6,1.2,5.8,0.79
"Poulet sauce citron vert et coriandre, purée de patate douce",3270160817221,"['en:meats-and-their-products', 'en:frozen-foods', 'en:meals', 'en:meals-with-meat', 'en:poultry-meals', 'en:frozen-ready-made-meals', 'en:meals-with-chicken', 'en:microwave-meals']",0,[],[],114.0,5.2,2.1,4.4,0.9,5.0,0.49
Saumon et tagliatelles sauce à l'oseille Plat de la mer d'aucy 300g,3017800132463,"['en:seafood', 'en:fishes-and-their-products', 'en:canned-foods', 'en:fishes', 'en:meals', 'en:fatty-fishes', 'en:pasta-dishes', 'en:meals-with-fish', 'en:salmons', 'en:combination-meals', 'en:meals-with-salmon', 'en:canned-meals', 'en:microwave-meals', 'en:pasta-with-fish', 'en:pasta-with-salmon', 'en:ready-to-eat-combination-meals', 'en:salmon-with-sorrel']",0,[],[],130.0,6.1,1.9,0.5,1.1,8.0,0.71
Saucisse de Toulouse aux Lentilles cuisinées,3245362031959,"['en:meats-and-their-products', 'en:meals', 'en:meals-with-meat', 'en:pork-meals', 'en:lentil-dishes', 'en:microwave-meals', 'en:sausages-with-lentils', 'fr:plats-prepares-a-rechauffer-au-bain-marie']",0,[],[],157.0,9.0,3.2,0.2,2.4,9.4,0.7
"Lasagnes Légumes Grillés, Mozzarella",3270160813681,"['en:frozen-foods', 'en:meals', 'en:pasta-dishes', 'en:prepared-lasagne', 'en:frozen-ready-made-meals', 'en:microwave-meals', 'en:vegetable-lasagnas', 'en:frozen-lasagne', 'en:vegetarian-lasagne']",1,[],['en:e330'],114.0,4.7,2.4,3.2,1.8,5.0,0.57
Colin d'Alaska à la bordelaise et riz aux légumes,3270160636914,"['en:frozen-foods', 'en:meals', 'en:meals-with-fish', 'en:rice-dishes', 'en:frozen-ready-made-meals', 'en:meals-with-cooked-white-fish', 'en:microwave-meals', 'en:fish-with-bordelaise-sauce', 'fr:colin-d-alaska-a-la-bordelaise', 'fr:plats-a-base-de-colin']",0,[],[],149.0,6.1,3.5,0.9,0.6,6.0,0.74
"POULET BASQUAISE, RIZ ET COURGETTES WW 300G",3248830000655,"['en:meats-and-their-products', 'en:meals', 'en:meals-with-meat', 'en:rice-dishes', 'en:poultry-meals', 'en:meals-with-chicken', 'en:microwave-meals', 'en:chicken-basque-style']",1,[],['en:e406'],100.0,2.7,0.4,1.8,0.9,6.5,0.76
"Poulet et mini-Farfalles, Sauce aux 3 Fromages",3270160863976,"['en:meats-and-their-products', 'en:frozen-foods', 'en:meals', 'en:pasta-dishes', 'en:meals-with-meat', 'en:poultry-meals', 'en:frozen-ready-made-meals', 'en:meals-with-chicken', 'en:microwave-meals']",1,[],['en:e1105'],146.0,5.3,3.3,1.5,1.1,8.3,0.55
Gratin d'aubergines,3270160113040,"['en:frozen-foods', 'en:meals', 'en:gratins', 'en:frozen-ready-made-meals', 'en:microwave-meals', 'en:vegetable-gratins', 'en:eggplant-gratin']",1,[],['en:e1105'],152.0,12.9,3.2,2.4,3.5,4.4,0.71
La Paëlla de la Mer,3571492510003,"['en:meats-and-their-products', 'en:meals', 'en:fresh-foods', 'en:meals-with-meat', 'en:rice-dishes', 'en:fresh-meals', 'en:microwave-meals', 'en:paella', 'fr:paellas-de-la-mer']",4,[],"['en:e100', 'en:e160c', 'en:e223', 'en:e330']",148.0,6.3,0.8,0.2,1.8,6.9,0.71
Boeuf Bourguignon et ses pommes de terre,3071502161336,"['en:meats-and-their-products', 'en:meals', 'en:meals-with-meat', 'en:beef-dishes', 'en:beef-stews', 'en:microwave-meals', 'en:boeufs-bourguignons']",2,[],"['en:e451', 'en:e452']",72.0,1.2,0.4,0.9,1.4,6.7,0.78
Blanquette de veau aux champignons et son riz,3261055850607,"['en:meats-and-their-products', 'en:meals', 'en:meals-with-meat', 'en:rice-dishes', 'en:beef-dishes', 'en:microwave-meals', 'en:veal-meat-dishes', 'en:veal-blanquette']",8,[],"['en:e14xx', 'en:e300', 'en:e330', 'en:e407', 'en:e412', 'en:e415', 'en:e451', 'en:e452']",121.0,4.7,2.0,0.4,0.7,6.2,0.7
"Merlu blanc compotée à la provençale, linguine au safran",3248830862987,"['en:meals', 'en:pasta-dishes', 'en:meals-with-fish', 'en:microwave-meals']",1,[],['en:e164'],135.0,5.3,1.5,1.8,1.0,8.2,0.66
Wok & Go Porc et riz Aigre Douce,3302740082481,"['en:meals', 'en:meals-with-meat', 'en:rice-dishes', 'en:pork-meals', 'en:microwave-meals', 'en:caramel-pork']",0,[],[],158.0,7.2,1.0,4.2,1.0,4.7,0.66
Couscous,3270160860753,"['en:meals', 'en:meats-and-their-products', 'en:frozen-foods', 'en:meals-with-meat', 'en:savory-semolina-dishes', 'en:combination-meals', 'en:poultry-meals', 'en:prepared-couscous', 'en:couscous-with-meat', 'en:frozen-ready-made-meals', 'en:meals-with-chicken', 'en:microwave-meals', 'en:chicken-couscous', 'en:couscous-with-mutton']",1,[],['en:e316'],122.0,3.9,1.0,0.5,1.9,6.9,0.71
"Cabillaud fondue de poireaux, et riz aux graines de pavot",3248830000457,"['en:seafood', 'en:fishes-and-their-products', 'en:fishes', 'en:meals', 'en:lean-fishes', 'en:meals-with-fish', 'en:microwave-meals', 'en:meals-with-cod', 'fr:plats-prepares-a-rechauffer-au-bain-marie']",0,[],[],104.0,2.7,1.1,1.5,1.0,7.4,0.6
Risotto au saumon & épinards à la crème,3302748093021,"['en:meals', 'en:meals-with-fish', 'en:rice-dishes', 'en:risottos', 'en:microwave-meals', 'en:risotto-with-seafood', 'en:salmon-risottos']",0,[],[],141.0,6.7,2.0,0.6,1.0,6.7,0.6
Le Saumon à l'oseille et son riz basmati,3302740003837,"['en:seafood', 'en:fishes-and-their-products', 'en:fishes', 'en:fatty-fishes', 'en:frozen-foods', 'en:meals', 'en:meals-with-fish', 'en:rice-dishes', 'en:meals-with-salmon', 'en:salmons', 'en:microwave-meals', 'en:salmon-with-sorrel', 'fr:saumon-a-l-oseille-et-riz']",0,[],[],158.0,5.9,1.6,0.9,0.5,8.1,0.67
Lasagne bolognaise,3270160235322,"['en:meats-and-their-products', 'en:frozen-foods', 'en:meals', 'en:pasta-dishes', 'en:meals-with-meat', 'en:prepared-lasagne', 'en:beef-dishes', 'en:frozen-ready-made-meals', 'en:meat-lasagnas', 'en:microwave-meals', 'en:bolognese-lasagne', 'en:frozen-lasagne']",0,[],[],144.0,6.9,3.4,3.0,1.4,8.1,0.64
Cooked lentils and chickpeas (Jardin Bio),3760020509026,"['en:plant-based-foods-and-beverages', 'en:plant-based-foods', 'en:fruits-and-vegetables-based-foods', 'en:legumes-and-their-products', 'en:canned-foods', 'en:legumes', 'en:seeds', 'en:vegetables-based-foods', 'en:canned-plant-based-foods', 'en:legume-seeds', 'en:meals', 'en:canned-vegetables', 'en:pulses', 'en:prepared-vegetables', 'en:lentils', 'en:microwave-meals', 'en:plant-based-meals']",0,[],[],137.0,5.2,0.7,1.7,7.4,6.9,0.59
Cuisine riz et soja a l'espagnole,3175681204140,"['en:meals', 'fr:cereales-preparees', 'en:microwave-meals']",1,[],['en:e164'],163.0,3.3,0.5,1.2,4.2,5.2,0.97
Noix de Saint-Jacques fondue de poireaux & riz,20712105,"['en:meals', 'en:rice-dishes', 'en:refrigerated-foods', 'en:meals-with-shellfish', 'en:microwave-meals', 'en:refrigerated-meals']",0,[],[],143.0,6.1,2.9,1.2,,5.8,0.59
Lasagnes aux légumes,3270160861590,"['en:frozen-foods', 'en:meals', 'en:pasta-dishes', 'en:prepared-lasagne', 'en:frozen-ready-made-meals', 'en:microwave-meals', 'en:vegetable-lasagnas', 'en:frozen-lasagne', 'en:vegetarian-lasagne']",0,[],[],113.0,3.6,1.4,4.5,2.3,5.2,0.63
L'Écrasé de pommes de terre,3422440002500,"['en:plant-based-foods-and-beverages', 'en:plant-based-foods', 'en:cereals-and-potatoes', 'en:meals', 'en:purees', 'en:potato-preparations', 'en:mashed-potatoes', 'en:microwave-meals', 'fr:ecrase-de-pomme-de-terre']",0,[],[],106.0,4.3,0.7,1.4,1.7,2.1,0.6
XtremBox - Radiatori Bolognaise,3242272260554,"['en:meals', 'en:pasta-dishes', 'en:instant-pasta', 'en:microwave-meals', 'en:pots', 'fr:pasta-box']",2,[],"['en:e202', 'en:e262', 'en:e262i']",153.0,4.25,0.85,3.0,2.05,7.0,0.8
Risotto au Poulet et Champignons à la crème,3248830720188,"['en:meals', 'en:meats-and-their-products', 'en:frozen-foods', 'en:meals-with-meat', 'en:rice-dishes', 'en:combination-meals', 'en:poultry-meals', 'en:risottos', 'en:frozen-ready-made-meals', 'en:meals-with-chicken', 'en:microwave-meals', 'en:chicken-risottos']",0,[],[],129.0,4.9,2.4,0.7,0.0,5.3,0.67
Arroz integral,8410184800150,"['en:plant-based-foods-and-beverages', 'en:plant-based-foods', 'en:cereals-and-potatoes', 'en:seeds', 'en:cereals-and-their-products', 'en:meals', 'en:cereal-grains', 'en:rices', 'en:brown-rices', 'en:microwave-meals', 'en:plant-based-meals', 'en:precooked-rices']",1,[],"['en:e322', 'en:e322i']",168.0,2.9,0.4,0.0,3.8,4.0,0.000675
XtremBox Radiatori carbo,3242272260059,"['en:meals', 'en:pasta-dishes', 'en:instant-pasta', 'en:microwave-meals', 'en:carbonara-style-pasta', 'en:pots']",4,[],"['en:e202', 'en:e250', 'en:e262', 'en:e262i', 'en:e316']",179.0,7.2,3.3,1.7,1.4,8.0,0.7175
"Saumon et Colin d'Alaska à l'oseille, pommes de terre",3270160813001,"['en:seafood', 'en:fishes-and-their-products', 'en:fishes', 'en:fatty-fishes', 'en:frozen-foods', 'en:meals', 'en:meals-with-fish', 'en:combination-meals', 'en:meals-with-salmon', 'en:salmons', 'en:frozen-ready-made-meals', 'en:meals-with-cooked-white-fish', 'en:microwave-meals', 'en:salmon-with-sorrel', 'fr:colin-d-alaska-a-l-oseille', 'fr:saumon-a-l-oseille-et-riz']",3,[],"['en:e14xx', 'en:e412', 'en:e415']",92.0,4.2,2.3,1.7,1.3,4.8,0.45
Saumon Atlantique Fondue de poireaux - crème fraiche et estragon,3248833084614,"['en:seafood', 'en:frozen-foods', 'en:meals', 'en:meals-with-fish', 'en:meals-with-salmon', 'en:frozen-ready-made-meals', 'en:microwave-meals']",0,[],[],172.0,13.0,5.2,1.2,0.7,11.0,0.56
porc au caramel,3356531160001,"['en:meals', 'en:meals-with-meat', 'en:rice-dishes', 'en:pork-meals', 'en:microwave-meals', 'en:caramel-pork']",0,[],[],151.0,4.1,0.8,7.0,0.0,6.4,0.53
Mini Penne au Chorizo Sauce à la Tomate,3270160866687,"['en:meats-and-their-products', 'en:frozen-foods', 'en:meals', 'en:pasta-dishes', 'en:meals-with-meat', 'en:microwave-meals']",1,[],['en:e301'],161.0,7.67,3.33,1.17,1.47,7.0,0.633
Bo bun,3270160724925,"['en:meats-and-their-products', 'en:frozen-foods', 'en:meals', 'en:meals-with-meat', 'en:poultry-meals', 'en:frozen-ready-made-meals', 'en:meals-with-chicken', 'en:microwave-meals']",1,[],['en:e14xx'],138.0,4.4,0.7,0.5,1.4,7.0,0.75
,3245361001953,"['en:meats-and-their-products', 'en:meals', 'en:meals-with-meat', 'en:poultry-meals', 'en:bean-dishes', 'en:duck-dishes', 'en:microwave-meals', 'en:cassoulets', 'en:cassoulets-with-duck-confit']",0,[],[],161.0,9.0,2.7,0.7,0.0,11.0,0.94
Saumon sauce Oseille et riz pilaf,3261055862303,"['en:seafood', 'en:fishes-and-their-products', 'en:fishes', 'en:fatty-fishes', 'en:meals', 'en:meals-with-fish', 'en:rice-dishes', 'en:meals-with-salmon', 'en:salmons', 'en:microwave-meals', 'en:salmon-with-sorrel', 'fr:saumon-a-l-oseille-et-riz', 'fr:plats-prepares-a-rechauffer-au-bain-marie']",3,[],"['en:e14xx', 'en:e407', 'en:e415']",139.0,6.5,2.3,0.6,1.0,6.6,1.75
Poulet Tikka et riz basmati,3270160218653,"['en:meals', 'en:frozen-foods', 'en:meals-with-meat', 'en:rice-dishes', 'en:combination-meals', 'en:poultry-meals', 'en:frozen-ready-made-meals', 'en:meals-with-chicken', 'en:microwave-meals', 'en:chicken-tikka-masala']",1,[],['en:e407'],146.0,4.0,1.4,1.0,1.6,12.0,0.44
Petit salé aux lentilles vertes,3270160865291,"['en:meats-and-their-products', 'en:frozen-foods', 'en:meals', 'en:meals-with-meat', 'en:pork-meals', 'en:lentil-dishes', 'en:microwave-meals', 'en:salt-cured-pork-belly-with-lentils']",3,[],"['en:e250', 'en:e300', 'en:e316']",156.0,8.4,3.5,0.5,4.0,11.0,0.85
Boeuf bourguignon aux pommes de terre,20224035,"['en:meals', 'en:meals-with-meat', 'en:beef-dishes', 'en:potato-dishes', 'en:beef-stews', 'en:microwave-meals', 'en:boeufs-bourguignons']",4,[],"['en:e14xx', 'en:e150c', 'en:e407a', 'en:e451']",67.0,1.0,0.3,1.8,,6.2,0.9
"Poulet à la crème et aux champignons, farfalles",3166352968386,"['en:meats-and-their-products', 'en:meals', 'en:pasta-dishes', 'en:meals-with-meat', 'en:poultry-meals', 'en:meals-with-chicken', 'en:microwave-meals']",0,[],[],157.0,8.2,3.4,1.0,0.6,8.5,0.67
Classic Lentil Tarka Daal,5052675001177,"['en:meals', 'en:microwave-meals']",0,[],[],100.0,3.0999999046326,0.30000001192093,1.2000000476837,,5.4000000953674,0.87
Saucisses de Toulouse Aux lentilles vertes du Berry IGP,3560070846788,"['en:meats-and-their-products', 'en:meals', 'en:meats', 'en:prepared-meats', 'en:sausages', 'en:french-sausages', 'en:meals-with-meat', 'en:pork-meals', 'en:lentil-dishes', 'en:microwave-meals', 'en:toulouse-sausages', 'en:sausages-with-lentils', 'fr:saucisses-de-toulouse-aux-lentilles']",0,[],[],172.0,10.0,3.7,0.6,1.6,9.5,0.94
Mon chili,3265470088638,"['en:plant-based-foods-and-beverages', 'en:plant-based-foods', 'en:legumes-and-their-products', 'en:legumes', 'en:meals', 'en:fresh-foods', 'en:fresh-plant-based-foods', 'en:microwave-meals', 'en:mix-of-cereals-and-legumes']",0,[],[],91.0,2.0,0.2,2.8,4.4,3.5,0.84
Petites Gambas & tagliatelles au basilic,3302740719028,"['en:meals', 'en:fresh-foods', 'en:pasta-dishes', 'en:meals-with-fish', 'en:fresh-meals', 'en:microwave-meals']",0,[],[],132.0,5.7,0.9,2.3,1.4,7.0,0.8
Poulet rôti et sa purée à l'Ancienne,3188720601114,"['en:meats-and-their-products', 'en:meals', 'en:meals-with-meat', 'en:poultry-meals', 'en:meals-with-chicken', 'en:microwave-meals']",3,[],"['en:e150a', 'en:e412', 'en:e415']",102.0,5.3,1.6,0.2,0.5,6.2,0.78
Saumon en croûte d'amande,3270160860234,"['en:seafood', 'en:frozen-foods', 'en:meals', 'en:meals-with-fish', 'en:rice-dishes', 'en:frozen-ready-made-meals', 'en:microwave-meals']",0,[],[],143.0,7.5,3.3,1.4,1.2,6.6,0.56
"Gnocchetti au poulet, crème au parmesan, parmigiano reggiano AOP et tomates marinées",3248830001614,"['en:meals', 'en:meats-and-their-products', 'en:pasta-dishes', 'en:meals-with-meat', 'en:poultry-meals', 'en:meals-with-chicken', 'en:microwave-meals']",0,[],[],174.0,7.7,3.3,1.6,1.0,8.6,0.64
All'Italiania parmesan basilic,3242271000397,"['en:meals', 'en:pasta-dishes', 'en:microwave-meals', 'en:pots']",0,[],[],197.0,9.8,2.9,0.3,1.6,7.5,0.58
"Boulgour, Quinoa et Sésame",3229820787343,"['en:plant-based-foods-and-beverages', 'en:plant-based-foods', 'en:cereals-and-potatoes', 'en:cereals-and-their-products', 'en:meals', 'en:groats', 'en:microwave-meals', 'en:wheat-groats', 'en:bulgur']",0,[],[],180.0,5.3,0.7,0.5,5.7,6.1,0.8
Escalope milanaise & spaghetti à la sauce tomate,3302740447020,"['en:meats-and-their-products', 'en:meals', 'en:fresh-foods', 'en:pasta-dishes', 'en:meals-with-meat', 'en:fresh-meals', 'en:poultry-meals', 'en:meals-with-chicken', 'en:microwave-meals', 'en:turkey-dishes']",0,[],[],135.0,4.3,0.5,2.8,1.2,7.3,0.8
Chili con carne,3270160861040,"['en:meats-and-their-products', 'en:frozen-foods', 'en:meals', 'en:meals-with-meat', 'en:beef-dishes', 'en:microwave-meals', 'en:chili-con-carne']",0,[],[],119.0,3.7,1.3,1.5,3.0,6.2,0.375
"Tomates Farcies, Boulgour cuisiné aux petits légumes",3248830690214,"['en:plant-based-foods-and-beverages', 'en:plant-based-foods', 'en:fruits-and-vegetables-based-foods', 'en:meals', 'en:rice-dishes', 'en:microwave-meals', 'en:bulgur-dishes']",0,[],[],75.0,2.0,1.0,2.0,1.0,4.0,0.74
Brandade de morue,3269660014582,"['en:meals', 'en:refrigerated-foods', 'en:meals-with-fish', 'en:refrigerated-meals', 'en:microwave-meals', 'en:cod-brandade', 'fr:brandades-de-morue-parmentiere', 'en:preparations-made-from-fish-meat']",0,[],[],147.0,8.3,2.5,0.5,,9.3,1.05
"Colin d'Alaska à la Bordelaise, Surgelé",3245413162595,"['en:frozen-foods', 'en:meals', 'en:meals-with-fish', 'en:frozen-ready-made-meals', 'en:meals-with-cooked-white-fish', 'en:microwave-meals', 'en:fish-with-bordelaise-sauce', 'fr:colin-d-alaska-a-la-bordelaise', 'fr:colins-prepares', 'fr:plats-prepares-a-rechauffer-au-four-traditionnel', 'fr:poissons-prepares']",1,[],"['en:e503', 'en:e503i']",104.0,4.1,0.4,1.4,0.7,9.2,0.7
Palak dal et riz basmati,3270160863372,"['en:frozen-foods', 'en:meals', 'en:rice-dishes', 'en:combination-meals', 'en:frozen-ready-made-meals', 'en:microwave-meals']",0,[],[],146.0,7.3,2.6,1.4,3.3,3.8,0.42
Le Poulet tandoori semoule aux petits légumes,3302748600021,"['en:meats-and-their-products', 'en:meals', 'en:fresh-foods', 'en:meals-with-meat', 'en:savory-semolina-dishes', 'en:fresh-meals', 'en:poultry-meals', 'en:meals-with-chicken', 'en:microwave-meals']",1,[],['en:e428'],164.0,7.9,2.4,2.4,1.2,8.5,0.8
Blanquette de Poulet Riz Basmati & Petits Légumes (3% MG),3021690019797,"['en:meats-and-their-products', 'en:meals', 'en:meals-with-meat', 'en:rice-dishes', 'en:poultry-meals', 'en:meals-with-chicken', 'en:microwave-meals', 'en:low-fat-prepared-meals', 'fr:blanquette-de-poulet']",2,[],"['en:e14xx', 'en:e451']",109.0,2.3,1.1,0.5,1.1,5.4,0.8
Rigatoni au chèvre et épinards à la crème,3248830688846,"['en:plant-based-foods-and-beverages', 'en:plant-based-foods', 'en:meals', 'en:fresh-foods', 'en:fresh-meals', 'en:microwave-meals', 'en:plant-based-meals', 'en:low-fat-prepared-meals', 'fr:plats-prepares-a-rechauffer-au-bain-marie']",0,[],[],120.0,2.9,1.5,1.2,1.1,5.0,0.6
Quinotto champignon parmesan,3456300012941,"['en:meals', 'en:microwave-meals', 'en:quinoa-dishes']",0,[],[],121.0,3.4,1.2,1.2,3.3,3.9,0.6
Basmati micro rice,5054781024828,"['en:plant-based-foods-and-beverages', 'en:plant-based-foods', 'en:cereals-and-potatoes', 'en:seeds', 'en:cereals-and-their-products', 'en:meals', 'en:cereal-grains', 'en:rices', 'en:aromatic-rices', 'en:indica-rices', 'en:long-grain-rices', 'en:microwave-meals', 'en:basmati-rices']",0,[],[],145.0,0.8,0.1,0.5,2.0,2.9,0.1475
"Riz, lentilles a l'indienne veggie",3229820791760,"['en:plant-based-foods-and-beverages', 'en:plant-based-foods', 'en:cereals-and-potatoes', 'en:meals', 'fr:cereales-preparees', 'en:microwave-meals', 'en:plant-based-meals']",0,[],[],143.0,2.5,0.5,1.0,3.0,5.6,1.15
"Linguine au Saumon et aux Épinards, sauce Citron Basilic",3270160861781,"['en:plant-based-foods-and-beverages', 'en:plant-based-foods', 'en:frozen-foods', 'en:meals', 'en:pasta-dishes', 'en:pastas', 'en:meals-with-fish', 'en:meals-with-salmon', 'en:frozen-ready-made-meals', 'en:microwave-meals', 'en:linguine', 'en:pasta-with-fish', 'en:pasta-with-salmon']",1,[],['en:e415'],114.0,4.5,2.1,1.1,1.1,5.1,0.61
Sauté de veau et ses petits légumes,3261056901483,"['en:canned-foods', 'en:meats-and-their-products', 'en:meals', 'en:meals-with-meat', 'en:beef-dishes', 'en:microwave-meals', 'en:veal-meat-dishes', 'en:low-fat-prepared-meals', 'fr:saute-de-veau']",5,[],"['en:e14xx', 'en:e300', 'en:e330', 'en:e415', 'en:e451']",55.0,1.9,0.8,1.0,1.2,5.1,0.37
Riz basmati nature,3564700411919,"['en:plant-based-foods-and-beverages', 'en:plant-based-foods', 'en:cereals-and-potatoes', 'en:meals', 'en:seeds', 'en:cereals-and-their-products', 'en:cereal-grains', 'en:rices', 'en:aromatic-rices', 'en:indica-rices', 'en:long-grain-rices', 'fr:cereales-preparees', 'en:microwave-meals', 'en:plant-based-meals', 'en:prepared-rices', 'en:basmati-rices']",0,[],[],152.0,1.2,0.1,0.5,1.5,3.5,0.7
Parmentier de canard préparé en Aveyron,3564709052632,"['en:meats-and-their-products', 'en:meals', 'en:meals-with-meat', 'en:poultry-meals', 'en:duck-dishes', 'en:microwave-meals']",6,[],"['en:e14xx', 'en:e223', 'en:e330', 'en:e407', 'en:e450', 'en:e450i', 'en:e471']",89.0,3.4,1.2,0.5,2.1,5.3,0.95
Saumon et son duo de riz sauce oseille,26070797,"['en:meals', 'en:pasta-dishes', 'en:prepared-lasagne', 'en:meat-lasagnas', 'en:microwave-meals', 'en:bolognese-lasagne']",3,[],"['en:e100', 'en:e412', 'en:e415']",126.0,4.8,0.9,0.0,0.7,6.2,0.73
Petit salé aux lentilles vertes,20712150,"['en:meats-and-their-products', 'en:meals', 'en:fresh-foods', 'en:meals-with-meat', 'en:fresh-meals', 'en:pork-meals', 'en:microwave-meals']",3,[],"['en:e250', 'en:e300', 'en:e415']",116.0,3.9,1.4,0.6,4.2,9.2,0.725
Paëlla,4056489564652,"['en:meats-and-their-products', 'en:frozen-foods', 'en:meals', 'en:meals-with-meat', 'en:rice-dishes', 'en:poultry-meals', 'en:microwave-meals', 'en:paella']",3,[],"['en:e100', 'en:e330', 'en:e331']",156.0,6.3,1.1,0.9,,9.0,0.87
Filet de saumon purée de brocolis,3560071415631,"['en:seafood', 'en:fishes-and-their-products', 'en:fishes', 'en:meals', 'en:frozen-foods', 'en:fish-preparations', 'en:meals-with-fish', 'en:microwave-meals']",1,[],['en:e471'],106.0,4.5,1.9,2.6,1.3,6.7,0.67
"Knorr Soupe Liquide Bio Mouliné de Tomates, Oignons et Pointe Thym 1L",8714100762677,"['en:plant-based-foods-and-beverages', 'en:plant-based-foods', 'en:fruits-and-vegetables-based-foods', 'en:vegetables-based-foods', 'en:meals', 'en:vegetable-based-foods-and-beverages', 'en:prepared-vegetables', 'en:soups', 'en:tomatoes-and-their-products', 'en:cream-soups', 'en:reheatable-soups', 'en:vegetable-soups', 'en:cream-of-vegetable-soups', 'en:microwave-meals', 'en:cream-of-tomato-soups', 'en:tomato-soups', 'fr:veloutes-de-legumes-du-soleil']",0,[],[],35.0,1.0,0.5,3.5,0.5,0.7,0.62
"Parmentier de Canard, Surgelé",3270160634279,"['en:meats-and-their-products', 'en:frozen-foods', 'en:meals', 'en:meals-with-meat', 'en:poultry-meals', 'en:duck-dishes', 'en:frozen-ready-made-meals', 'en:microwave-meals', 'en:shepherd-s-pie-with-duck']",3,[],"['en:e14xx', 'en:e392', 'en:e471']",139.0,7.5,3.2,2.2,1.1,7.8,0.72
Chili con carne et riz,3270160860722,"['en:meats-and-their-products', 'en:frozen-foods', 'en:meals', 'en:meals-with-meat', 'en:rice-dishes', 'en:beef-dishes', 'en:frozen-ready-made-meals', 'en:microwave-meals', 'en:chili-con-carne']",1,[],['en:e160b'],120.0,3.8,1.4,1.5,2.9,6.3,0.5
Aubergines cuisinées à la Provençal,3083681042429,"['en:plant-based-foods-and-beverages', 'en:plant-based-foods', 'en:fruits-and-vegetables-based-foods', 'en:vegetable-based-foods-and-beverages', 'en:canned-foods', 'en:meals', 'en:vegetables-based-foods', 'en:vegetables', 'en:prepared-vegetables', 'en:canned-meals', 'en:microwave-meals', 'en:plant-based-meals', 'en:aubergines', 'en:vegetables-prepared-processed-shelf-stable', 'fr:legumes-cuisines']",0,[],[],83.0,5.2,0.6,5.6,2.2,1.2,0.76
Merlu blanc Riz long sauce au beurre blanc Plat de la mer d'aucy 300g,3017800132456,"['en:seafood', 'en:canned-foods', 'en:meals', 'en:meals-with-fish', 'en:rice-dishes', 'en:combination-meals', 'en:canned-meals', 'en:microwave-meals', 'en:ready-to-eat-combination-meals', 'fr:plats-au-merlu']",0,[],[],119.0,3.5,1.5,0.6,1.5,5.7,0.68
Bœuf aux oignons et nouilles chinoises aux légumes,3270160396252,"['en:plant-based-foods-and-beverages', 'en:plant-based-foods', 'en:cereals-and-potatoes', 'en:meats-and-their-products', 'en:cereals-and-their-products', 'en:frozen-foods', 'en:meals', 'en:pasta-dishes', 'en:pastas', 'en:meals-with-meat', 'en:noodles', 'en:beef-dishes', 'en:chinese-noodles', 'en:frozen-ready-made-meals', 'en:microwave-meals']",2,[],"['en:e14xx', 'en:e150']",126.0,4.3,0.8,2.4,1.7,8.7,0.79
Butter chicken et riz pilaf,3270160396337,"['en:meals', 'en:meats-and-their-products', 'en:meals-with-meat', 'en:rice-dishes', 'en:poultry-meals', 'en:meals-with-chicken', 'en:microwave-meals', 'en:butter-chicken', 'en:chicken-curry', 'en:frozen-meals-with-meat', 'en:plats-a-base-de-riz', 'en:plats-a-la-volaille', 'en:plats-prepares', 'en:plats-prepares-a-la-viande', 'en:plats-prepares-surgeles', 'en:produits-a-la-viande', 'en:surgeles', 'fr:poulets-marines-aux-epices-surgeles']",1,[],['en:e160c'],141.0,4.6,1.6,2.4,0.8,8.4,0.34
Saucisses de Toulouse aux lentilles vertes du Berry,3564709052595,"['en:meats-and-their-products', 'en:meals', 'en:meals-with-meat', 'en:lentil-dishes', 'en:microwave-meals', 'en:sausages-with-lentils', 'fr:saucisses-de-toulouse-aux-lentilles']",0,[],[],165.0,8.9,3.1,0.8,3.1,9.7,0.84
Dal makhani,8901047816208,"['en:condiments', 'en:meals', 'en:sauces', 'en:microwave-meals', 'en:curry-sauces', 'en:dal-makhani', 'en:pre-cooked-dal-microwave-pouch']",0,[],[],91.0,2.9,0.4,1.0,4.2,5.1,0.7075
2 Galettes au sarrasin champignon jambon emmental,3270160471966,"['en:meats-and-their-products', 'en:frozen-foods', 'en:meals', 'en:crepes-and-galettes', 'en:crepes', 'en:meals-with-meat', 'en:combination-meals', 'en:filled-buckwheat-crepes', 'en:filled-crepes', 'en:pork-meals', 'en:frozen-ready-made-meals', 'en:microwave-meals', 'en:salty-filled-buckwheat-crepes', 'en:savoury-filled-crepes', 'en:buckwheat-crepe-filled-with-cheese-ham-and-mushrooms', 'en:galettes', 'en:plain-buckwheat-crepes']",1,[],['en:e428'],146.0,5.3,3.4,1.6,1.5,7.6,0.8
Riz cantonais,3356533502007,"['en:meals', 'fr:cereales-preparees', 'en:microwave-meals', 'en:prepared-rices', 'en:fried-rice']",3,[],"['en:e330', 'en:e331', 'en:e415']",157.0,5.1,0.8,1.4,1.1,5.1,0.8
Colin d'Alaska et petites St Jacques Pommes de terre en persillade,3248830720201,"['en:seafood', 'en:frozen-foods', 'en:meals', 'en:meals-with-fish', 'en:frozen-ready-made-meals', 'en:microwave-meals']",0,[],[],125.0,5.7,1.0,0.9,1.5,5.7,0.74
Poule au riz,20224028,"['en:meats-and-their-products', 'en:meals', 'en:meals-with-meat', 'en:rice-dishes', 'en:poultry-meals', 'en:meals-with-chicken', 'en:microwave-meals']",3,[],"['en:e407', 'en:e451', 'en:e452']",115.0,3.0,1.1,0.8,1.2,6.5,1.1
Poulet rôti frites dorées au four,3302740058776,"['en:meats-and-their-products', 'en:meals', 'en:meals-with-meat', 'en:poultry-meals', 'en:refrigerated-foods', 'en:meals-with-chicken', 'en:microwave-meals', 'en:refrigerated-meals']",0,[],[],139.0,5.1,0.9,0.5,1.4,7.6,0.725
Purée de pommes de terre et brocolis avec du filet de saumon.,4056489760429,"['en:seafood', 'en:fishes-and-their-products', 'en:fishes', 'en:fatty-fishes', 'en:meals', 'en:fish-fillets', 'en:meals-with-fish', 'en:salmons', 'en:microwave-meals', 'en:salmon-fillets']",1,[],['en:e471'],106.0,4.5,1.9,2.6,1.3,6.7,0.67
Chili sin carne,3760257091219,"['en:plant-based-foods-and-beverages', 'en:plant-based-foods', 'en:meals', 'en:microwave-meals', 'en:plant-based-meals', 'en:chili-sin-carne', 'fr:plat-bio']",0,[],[],112.0,3.0,0.4,1.8,2.8,4.8,0.65
"Ravioli ricotta épinard, sauce à la tomate",3270160867431,"['en:plant-based-foods-and-beverages', 'en:plant-based-foods', 'en:cereals-and-potatoes', 'en:cereals-and-their-products', 'en:frozen-foods', 'en:meals', 'en:pasta-dishes', 'en:pastas', 'en:stuffed-pastas', 'en:ravioli', 'en:frozen-ready-made-meals', 'en:microwave-meals', 'en:pasta-stuffed-with-cheese', 'en:tortellini', 'en:cheese-ravioli', 'en:ravioli-with-ricotta-and-spinach']",2,[],"['en:e14xx', 'en:e330']",123.0,4.0,1.9,4.0,1.8,5.4,0.7875
Boulettes au boeuf à la Napolitaine,3181238930165,"['en:meats-and-their-products', 'en:beef-and-its-products', 'en:meals', 'en:meat-preparations', 'en:meats', 'en:beef', 'en:meals-with-meat', 'en:beef-dishes', 'en:beef-preparations', 'en:meat-balls', 'en:microwave-meals', 'en:beef-meat-balls']",1,[],['en:e14xx'],86.0,3.5,1.8,2.8,1.8,8.1,1.3
Buddha Bowl Tikka,3270160861835,"['en:plant-based-foods-and-beverages', 'en:plant-based-foods', 'en:meals', 'en:frozen-foods', 'en:prepared-salads', 'en:combination-meals', 'en:frozen-ready-made-meals', 'en:microwave-meals', 'en:plant-based-meals', 'en:buddha-bowl']",0,[],[],122.0,3.6,2.8,1.7,3.5,4.4,0.44
Pâtes cuisinées à la chinoise et aux légumes,3248830690405,"['en:plant-based-foods-and-beverages', 'en:plant-based-foods', 'en:cereals-and-potatoes', 'en:cereals-and-their-products', 'en:meals', 'en:pasta-dishes', 'en:pastas', 'en:noodles', 'en:microwave-meals', 'fr:nouilles-chinoises-aux-legumes', 'fr:nouilles-chinoises-aux-legumes']",0,[],[],129.0,4.0,0.4,1.7,2.4,4.0,0.67
Couscous à la Marocaine - Poulet et merguez,3261055782601,"['en:meats-and-their-products', 'en:meals', 'en:meals-with-meat', 'en:savory-semolina-dishes', 'en:poultry-meals', 'en:prepared-couscous', 'en:couscous-with-meat', 'en:meals-with-chicken', 'en:microwave-meals', 'en:chicken-couscous', 'en:couscous']",5,[],"['en:e14xx', 'en:e412', 'en:e415', 'en:e451', 'en:e452']",128.0,5.5,2.0,1.0,1.4,6.9,0.8
Le Poulet Rôti Potatoes et sa sauce blanche,3302748087020,"['en:meats-and-their-products', 'en:meals', 'en:fresh-foods', 'en:meals-with-meat', 'en:fresh-meals', 'en:poultry-meals', 'en:meals-with-chicken', 'en:microwave-meals']",1,[],['en:e428'],128.0,5.8,1.4,1.6,1.4,5.0,0.8
Quinoa blanca y roja,8410184030137,"['en:plant-based-foods-and-beverages', 'en:plant-based-foods', 'en:cereals-and-potatoes', 'en:seeds', 'en:cereals-and-their-products', 'en:meals', 'en:cereal-grains', 'fr:cereales-preparees', 'en:microwave-meals', 'en:plant-based-meals', 'en:quinoa']",1,[],"['en:e322', 'en:e322i']",160.0,3.6,0.5,1.2,3.7,6.0,0.5
Lentilles riz complet et soja sachet micro-ondable de 250g,3256221675542,"['en:plant-based-foods-and-beverages', 'en:plant-based-foods', 'en:legumes-and-their-products', 'en:legumes', 'en:meals', 'en:seeds', 'en:legume-seeds', 'en:pulses', 'en:lentils', 'en:microwave-meals']",0,[],[],124.0,3.9,0.58,1.3,5.6,8.4,0.76
"Tagliatelles au Saumon, sauce tomatée, légumes",3270160861767,"['en:plant-based-foods-and-beverages', 'en:plant-based-foods', 'en:frozen-foods', 'en:meals', 'en:pasta-dishes', 'en:meals-with-fish', 'en:combination-meals', 'en:meals-with-salmon', 'en:frozen-ready-made-meals', 'en:microwave-meals']",0,[],[],110.0,4.2,1.5,1.0,0.9,5.7,0.53
Curry vert de légumes et riz thaï,3270160897209,"['en:plant-based-foods-and-beverages', 'en:plant-based-foods', 'en:frozen-foods', 'en:meals', 'en:rice-dishes', 'en:combination-meals', 'en:frozen-ready-made-meals', 'en:microwave-meals', 'en:plant-based-meals', 'fr:plat']",0,[],[],102.0,3.2,1.3,1.6,2.2,4.3,0.35
Légumes du soleil et ricotta,3175681290556,"['en:plant-based-foods-and-beverages', 'en:plant-based-foods', 'en:cereals-and-potatoes', 'en:meals', 'en:cereals-and-their-products', 'en:meat-alternatives', 'en:cereal-semolinas', 'en:wheat-semolinas', 'en:durum-wheat-semolinas', 'en:microwave-meals', 'en:plant-based-meals', 'en:pre-cooked-durum-wheat-in-a-microwaveable-bag']",1,[],['en:e330'],106.0,3.0,0.6,2.6,1.7,5.9,0.74
Thai green chicken curry,5033665213923,"['en:meals', 'en:rice-dishes', 'en:combination-meals', 'en:microwave-meals', 'en:not-ready-to-eat-combination-meals']",0,[],[],154.0,5.7,3.3,2.6,0.9,6.6,0.4725
Saumon à l'aneth & tagliatelles aux œufs,3245414145146,"['en:meals', 'en:pasta-dishes', 'en:meals-with-fish', 'en:meals-with-salmon', 'en:microwave-meals', 'en:pasta-with-fish', 'en:pasta-with-salmon']",3,[],"['en:e14xx', 'en:e412', 'en:e415']",128.0,6.0,2.1,0.5,1.1,7.9,0.79
Filet de cabillaud riz et fondue de poireaux,4056489194989,"['en:seafood', 'en:fishes-and-their-products', 'en:fishes', 'en:meals', 'en:lean-fishes', 'en:fish-fillets', 'en:meals-with-fish', 'en:cods', 'en:cod-fillets', 'en:microwave-meals', 'en:meals-with-cod']",1,[],['en:e428'],124.0,4.4,2.2,1.4,1.0,5.5,0.76
Parmentier de boeuf Charolais,3270160860791,"['en:meats-and-their-products', 'en:frozen-foods', 'en:meals', 'en:meals-with-meat', 'en:beef-dishes', 'en:combination-meals', 'en:frozen-ready-made-meals', 'en:microwave-meals', 'en:beef-cottage-pies']",0,[],[],165.0,9.8,6.3,3.2,2.4,10.0,0.73
Couscous poulet et merguez,4056489564706,"['en:meals', 'en:meals-with-meat', 'en:savory-semolina-dishes', 'en:poultry-meals', 'en:prepared-couscous', 'en:couscous-with-meat', 'en:meals-with-chicken', 'en:microwave-meals', 'en:chicken-couscous']",1,[],['en:e14xx'],172.0,10.2,2.8,1.9,1.5,8.6,0.8
Slow Cooked Lamb Shoulder,00448482,"['en:plant-based-foods-and-beverages', 'en:plant-based-foods', 'en:meals', 'en:meats-and-their-products', 'en:meats', 'en:pasta-dishes', 'en:pastas', 'en:lamb-meat', 'en:microwave-meals', 'en:lamb-shoulder']",0,[],[],136.0,6.85,2.8,4.1,0.75,13.8,0.287
Mezzelune duo d'olive,3175681290532,"['en:plant-based-foods-and-beverages', 'en:plant-based-foods', 'en:meals', 'en:pasta-dishes', 'en:pastas', 'en:stuffed-pastas', 'en:microwave-meals', 'en:plant-based-meals']",1,[],['en:e330'],96.0,3.0,0.5,2.2,2.5,4.1,0.72
Savoury chicken rice,4088600341613,"['en:plant-based-foods-and-beverages', 'en:plant-based-foods', 'en:cereals-and-potatoes', 'en:seeds', 'en:cereals-and-their-products', 'en:meals', 'en:cereal-grains', 'en:rices', 'en:microwave-meals', 'en:pots', 'en:precooked-rices', 'en:rice-in-pots']",1,[],['en:e412'],146.0,1.52,0.32,0.4,2.56,3.28,0.425
Macaroni cheese,5059697751066,"['en:meals', 'en:pasta-dishes', 'en:microwave-meals', 'en:macaroni-and-cheese']",0,[],[],157.0,5.3,3.2,1.7,1.2,6.7,0.42
Tagliatelles Truffes Blanches d'Été et Champignons de Paris,3270160493340,"['en:plant-based-foods-and-beverages', 'en:plant-based-foods', 'en:fruits-and-vegetables-based-foods', 'en:vegetables-based-foods', 'en:frozen-foods', 'en:meals', 'en:mushrooms-and-their-products', 'en:pasta-dishes', 'en:frozen-ready-made-meals', 'en:microwave-meals', 'en:pasta-with-mushrooms', 'fr:tagliatelles-aux-champignons', 'fr:tagliatelles-aux-truffes', 'fr:pates-aux-truffes']",0,[],[],210.0,11.0,5.4,1.8,1.1,5.6,0.83
,3175681211018,"['en:plant-based-foods-and-beverages', 'en:plant-based-foods', 'en:legumes-and-their-products', 'en:cereals-and-potatoes', 'en:legumes', 'en:seeds', 'en:cereals-and-their-products', 'en:meals', 'en:cereal-grains', 'en:fresh-foods', 'en:fresh-plant-based-foods', 'en:rice-dishes', 'en:rices', 'en:aromatic-rices', 'fr:cereales-preparees', 'en:microwave-meals', 'en:plant-based-meals', 'en:low-fat-prepared-meals', 'en:mix-of-cereals-and-legumes', 'en:groceries']",0,[],[],156.0,4.3,1.2,2.0,5.4,8.6,0.63
Saucisse de Toulouse grillée & purée au beurre,3166352968485,"['en:meats-and-their-products', 'en:meals', 'en:meals-with-meat', 'en:pork-meals', 'en:microwave-meals']",0,[],[],160.0,12.0,6.2,1.1,1.0,4.8,0.63
Matelote de thon et petits légumes Plat de la mer d'aucy 300g,3017800132425,"['en:canned-foods', 'en:meals', 'en:meals-with-fish', 'en:combination-meals', 'en:canned-meals', 'en:microwave-meals', 'en:ready-to-eat-combination-meals']",0,[],[],74.0,3.3,0.4,2.1,1.3,7.0,0.78
Boulghour fin Bio - 250 g - Céréal Bio,3175681028210,"['en:plant-based-foods-and-beverages', 'en:plant-based-foods', 'en:cereals-and-potatoes', 'en:seeds', 'en:cereals-and-their-products', 'en:meals', 'en:cereal-grains', 'en:groats', 'fr:cereales-preparees', 'en:microwave-meals', 'en:wheat-groats', 'en:wheats', 'en:bulgur', 'fr:boulghour-fin-bio', 'fr:boulghours-bio', 'fr:plats-prepares-a-rechauffer-au-bain-marie']",0,[],[],145.0,2.6,0.4,0.0,4.6,4.2,0.83
Blé cuisiné à la tomate et au basilic,3487400004390,"['en:plant-based-foods-and-beverages', 'en:plant-based-foods', 'en:cereals-and-potatoes', 'en:seeds', 'en:cereals-and-their-products', 'en:frozen-foods', 'en:meals', 'en:cereal-grains', 'en:cereal-semolinas', 'en:wheat-semolinas', 'en:durum-wheat-semolinas', 'en:microwave-meals', 'en:plant-based-meals', 'en:wheats', 'en:bulgur-dishes', 'en:durum-wheats', 'en:pre-cooked-durum-wheat-in-a-microwaveable-bag']",2,[],"['en:e160c', 'en:e330']",152.0,2.3,0.3,0.5,5.6,6.1,0.0
Lasagnes aux Légumes du Soleil 300G,3083681140972,"['en:plant-based-foods-and-beverages', 'en:plant-based-foods', 'en:cereals-and-potatoes', 'en:frozen-foods', 'en:meals', 'en:cereals-and-their-products', 'en:pasta-dishes', 'en:stuffed-pastas', 'en:gratins', 'en:prepared-lasagne', 'en:combination-meals', 'en:frozen-ready-made-meals', 'en:microwave-meals', 'en:vegetable-lasagnas', 'en:cooked-fresh-pasta-stuffed-with-cheese-and-vegetables', 'en:frozen-lasagne', 'en:lasagna-with-cooked-vegetables', 'en:pasta-gratin', 'en:vegetarian-lasagne', 'en:vegetables-prepared-processed-frozen']",0,[],[],108.0,3.4,1.3,2.8,2.6,4.0,0.66
Spaghetti bolognese,00429405,"['en:meals', 'en:pasta-dishes', 'en:meals-with-meat', 'en:beef-dishes', 'en:bolognese-style-pasta', 'en:microwave-meals', 'en:bolognese-spaghetti']",0,[],[],156.0,6.6,2.3,1.6,1.1,6.9,0.423
Garden Pea & Wiltshire Cured Ham soup,5000358399073,"['en:meals', 'en:soups', 'en:microwave-meals', 'en:pea-and-ham-soups']",1,[],['en:e250'],66.0,2.2,1.3,2.4,1.9,3.7,0.5
Fusilli au Poulet,3302740003516,"['en:meals', 'en:pasta-dishes', 'en:meals-with-meat', 'en:poultry-meals', 'en:meals-with-chicken', 'en:microwave-meals', 'fr:fusilli-au-poulet']",0,[],[],122.0,3.5,1.6,1.0,1.0,7.0,0.6
Moussaka surgelée,3270160290994,"['en:meats-and-their-products', 'en:frozen-foods', 'en:meals', 'en:meals-with-meat', 'en:beef-dishes', 'en:combination-meals', 'en:frozen-ready-made-meals', 'en:microwave-meals', 'en:moussaka', 'fr:moussaka-surgelee']",2,[],"['en:e1105', 'en:e330']",159.0,12.0,4.1,3.2,1.9,6.6,0.6
Brandade de morue parmentier,3165440301371,"['en:frozen-foods', 'en:meals', 'en:meals-with-fish', 'en:frozen-ready-made-meals', 'en:microwave-meals', 'en:cod-brandade', 'fr:brandades-de-morue-parmentiere', 'en:preparations-made-from-fish-meat', 'fr:brandades']",3,[],"['en:e14xx', 'en:e450', 'en:e450i', 'en:e471']",136.0,6.6,1.9,1.1,1.7,6.2,1.0
Linguine au jambon fumé,3248830692362,"['en:meats-and-their-products', 'en:meals', 'en:pasta-dishes', 'en:meals-with-meat', 'en:pork-meals', 'en:microwave-meals', 'en:low-fat-prepared-meals']",0,[],[],101.0,2.7,0.9,2.3,1.4,5.5,0.5
Hachis parmentier,3248830723431,"['en:meats-and-their-products', 'en:frozen-foods', 'en:meals', 'en:meals-with-meat', 'en:beef-dishes', 'en:combination-meals', 'en:frozen-ready-made-meals', 'en:microwave-meals', 'en:beef-cottage-pies']",0,[],[],129.0,7.1,3.6,2.3,1.3,5.8,0.62
Couscous Poulet Merguez,3270190250418,"['en:meats-and-their-products', 'en:meals', 'en:fresh-foods', 'en:meals-with-meat', 'en:savory-semolina-dishes', 'en:beef-dishes', 'en:fresh-meals', 'en:poultry-meals', 'en:prepared-couscous', 'en:couscous-with-meat', 'en:meals-with-chicken', 'en:microwave-meals', 'en:chicken-couscous']",1,[],['en:e415'],139.0,7.1,2.0,1.3,1.4,7.0,0.76
Assiette végétarienne de légumes et de quinoa,3245411217969,"['en:plant-based-foods-and-beverages', 'en:plant-based-foods', 'en:meals', 'en:microwave-meals', 'en:plant-based-meals', 'en:quinoa-dishes']",1,[],['en:e330'],72.0,1.6,0.2,2.5,2.0,2.0,0.81
Riz Basmati,3560070166046,"['en:plant-based-foods-and-beverages', 'en:plant-based-foods', 'en:cereals-and-potatoes', 'en:seeds', 'en:cereals-and-their-products', 'en:meals', 'en:cereal-grains', 'en:rices', 'en:aromatic-rices', 'en:indica-rices', 'en:long-grain-rices', 'fr:cereales-preparees', 'en:microwave-meals', 'en:prepared-rices', 'en:basmati-rices']",0,[],[],149.0,1.9,0.3,0.5,0.5,3.1,0.17
Blanquette de veau à la crème d'Isigny et riz cuisiné,3270160862337,"['en:meats-and-their-products', 'en:frozen-foods', 'en:meals', 'en:meals-with-meat', 'en:beef-dishes', 'en:microwave-meals', 'en:veal-meat-dishes', 'en:veal-blanquette', 'fr:nutriscore-a']",0,[],[],126.0,5.1,1.8,1.0,1.0,9.0,0.65
Macaroni boulettes SAUCE TOMATE,3560070797394,"['en:meats-and-their-products', 'en:meals', 'en:pasta-dishes', 'en:meals-with-meat', 'en:pork-meals', 'en:microwave-meals']",0,[],[],151.0,4.7,1.0,2.4,1.2,6.5,0.48
"Risoni aux légumes, basilic et chèvre",3270160867448,"['en:frozen-foods', 'en:meals', 'en:pasta-dishes', 'en:combination-meals', 'en:frozen-ready-made-meals', 'en:microwave-meals']",0,[],[],139.0,5.6,1.3,1.1,0.9,4.4,0.68
Poulet Basquaise au Piment du Pays Basque,3021690030327,"['en:meats-and-their-products', 'en:meals', 'en:meals-with-meat', 'en:poultry-meals', 'en:meals-with-chicken', 'en:microwave-meals', 'en:chicken-basque-style']",1,[],['en:e331'],114.0,3.9,0.9,1.9,0.7,6.3,0.72
Chicken katsu curry,5056297000006,"['en:meals', 'en:microwave-meals']",16,[],"['en:e1400', 'en:e150', 'en:e160', 'en:e170', 'en:e170i', 'en:e270', 'en:e296', 'en:e300', 'en:e306', 'en:e322', 'en:e330', 'en:e471', 'en:e473', 'en:e500', 'en:e621', 'en:e627', 'en:e631']",155.0,5.98,2.33,1.24,,4.78,0.826
Jamaican Jerk Spiced Chicken Soup,00122061,"['en:meals', 'en:soups', 'en:refrigerated-foods', 'en:microwave-meals', 'en:refrigerated-meals', 'en:jamaican-jerk', 'en:soupes-au-poulet', 'en:spiced-chicken-soup']",0,[],[],66.0,1.7,0.3,3.4,2.6,3.9,0.33
Lasagnes ricotta épinards,3302740084645,"['en:meals', 'en:frozen-foods', 'en:pasta-dishes', 'en:prepared-lasagne', 'en:combination-meals', 'en:frozen-ready-made-meals', 'en:microwave-meals']",0,[],[],109.0,5.2,3.1,2.4,1.1,4.9,0.67
Chicken Tikka Masala,5060084348325,"['en:meals', 'en:meals-with-meat', 'en:poultry-meals', 'en:meals-with-chicken', 'en:microwave-meals', 'en:chicken-tikka-masala']",2,[],"['en:e160c', 'en:e330']",91.2,1.55,0.4,3.25,2.0,7.5,0.344
Brandade de morue,3270160299584,"['en:frozen-foods', 'en:meals', 'en:meals-with-fish', 'en:frozen-ready-made-meals', 'en:microwave-meals', 'en:cod-brandade', 'fr:brandades-de-morue-parmentiere', 'en:preparations-made-from-fish-meat']",0,[],[],165.0,11.0,3.4,1.7,1.1,9.5,0.68
Hachis Parmentier Pur Bœuf,3038356803584,"['en:meats-and-their-products', 'en:meals', 'en:meals-with-meat', 'en:beef-dishes', 'en:microwave-meals', 'en:beef-cottage-pies']",4,[],"['en:e14xx', 'en:e223', 'en:e330', 'en:e407']",102.0,4.3,2.4,0.5,1.2,5.6,0.9
Confit de canard pommes-de-terre à la Sarlaise,3245361341950,"['en:meats-and-their-products', 'en:meals', 'en:meats', 'en:poultries', 'en:meals-with-meat', 'en:ducks', 'en:potato-dishes', 'en:poultry-meals', 'en:duck-dishes', 'en:microwave-meals', 'en:duck-confit']",0,[],[],162.045889101338,8.7,2.9,0.2,1.1,12.0,0.7475
Filet Mignon de Porc - Écrasé de pommes de terre,3188720001624,"['en:meats-and-their-products', 'en:meals', 'en:meats', 'en:cooked-meats', 'en:pork-and-its-products', 'en:cooked-white-meat', 'en:meals-with-meat', 'en:pork', 'en:pork-meals', 'en:cooked-pork-meat', 'en:microwave-meals', 'en:pork-filet-mignon', 'en:cooked-pork-filet-mignon']",4,[],"['en:e14xx', 'en:e224', 'en:e330', 'en:e415']",97.0,4.1,2.1,0.2,1.3,5.9,0.81
"Ravioli au Saumon, Fondue d'épinards à la crème",3248832940690,"['en:meals', 'en:pasta-dishes', 'en:meals-with-fish', 'en:stuffed-pastas', 'en:meals-with-salmon', 'en:ravioli', 'en:refrigerated-foods', 'en:microwave-meals', 'en:refrigerated-meals', 'en:pasta-stuffed-with-fish', 'en:pasta-with-fish', 'en:pasta-with-salmon', 'fr:plats-prepares-a-base-de-saumon']",0,[],[],106.0,2.9,1.0,2.7,1.0,5.5,0.67
Poulet basquaise - Riz cuisiné aux tomates,3248833083846,"['en:meats-and-their-products', 'en:frozen-foods', 'en:meals', 'en:meals-with-meat', 'en:rice-dishes', 'en:poultry-meals', 'en:frozen-ready-made-meals', 'en:meals-with-chicken', 'en:microwave-meals', 'en:chicken-basque-style']",0,[],[],107.0,2.0,0.3,1.5,0.8,6.9,0.63
Haché de Colin Citron et Persil,3564700573860,"['en:seafood', 'en:fishes-and-their-products', 'en:fishes', 'en:meals', 'en:lean-fishes', 'en:fish-preparations', 'en:meals-with-fish', 'en:microwave-meals', 'en:pollocks', 'fr:haches-de-poissons']",0,[],[],167.0,9.9,1.4,0.5,1.1,15.0,0.87
Spaghetti à la Bolognaise,3270160861101,"['en:meats-and-their-products', 'en:frozen-foods', 'en:meals', 'en:pasta-dishes', 'en:meals-with-meat', 'en:bolognese-style-pasta', 'en:microwave-meals', 'en:bolognese-spaghetti']",0,[],[],113.0,4.0,2.1,2.0,1.4,5.6,0.65
Choucroute garnie cuisinée au Riesling,3245366921959,"['en:plant-based-foods-and-beverages', 'en:plant-based-foods', 'en:fruits-and-vegetables-based-foods', 'en:meals', 'en:meats-and-their-products', 'en:vegetables-based-foods', 'en:meats', 'en:fermented-vegetables', 'en:meals-with-meat', 'en:pork-meals', 'en:sauerkrauts', 'en:microwave-meals', 'en:sauerkraut-with-garnish']",5,[],"['en:e250', 'en:e300', 'en:e301', 'en:e451', 'en:e575']",137.0,11.0,4.4,0.5,1.7,5.5,0.97
Courgettes à la Provençale 4/4,3083681042450,"['en:plant-based-foods-and-beverages', 'en:plant-based-foods', 'en:fruits-and-vegetables-based-foods', 'en:vegetable-based-foods-and-beverages', 'en:canned-foods', 'en:meals', 'en:vegetables-based-foods', 'en:canned-plant-based-foods', 'en:vegetables', 'en:canned-vegetables', 'en:zucchini', 'en:canned-meals', 'en:microwave-meals', 'en:plant-based-meals', 'en:vegetables-prepared-processed-shelf-stable', 'fr:legumes-cuisines']",0,[],[],62.0,3.4,0.5,5.2,1.3,1.8,0.71
Crevettes sauce piquante et riz thaï,3270160861248,"['en:frozen-foods', 'en:meals', 'en:rice-dishes', 'en:frozen-ready-made-meals', 'en:microwave-meals']",0,[],[],110.0,3.1,0.48,2.2,0.6,6.5,0.62
Saumon pâtes au basilic et sauce citronnée,4056489194996,"['en:meals', 'en:pasta-dishes', 'en:meals-with-fish', 'en:meals-with-salmon', 'en:microwave-meals', 'en:pasta-with-fish', 'en:pasta-with-salmon']",1,[],['en:e428'],150.0,6.1,1.7,1.7,0.9,7.2,0.72
Poulet Tikka Massala et riz basmati,3248830000907,"['en:meals', 'en:meats-and-their-products', 'en:meals-with-meat', 'en:rice-dishes', 'en:poultry-meals', 'en:meals-with-chicken', 'en:microwave-meals', 'en:chicken-tikka-masala']",0,[],[],121.0,2.8,1.6,2.1,0.7,8.6,0.66
Penne au Pesto basilic et tomates cerises,3302740059315,"['en:plant-based-foods-and-beverages', 'en:plant-based-foods', 'en:cereals-and-potatoes', 'en:cereals-and-their-products', 'en:meals', 'en:pasta-dishes', 'en:pastas', 'en:cereal-pastas', 'en:durum-wheat-pasta', 'en:microwave-meals', 'en:durum-wheat-penne']",0,[],[],159.0,8.3,2.8,2.4,1.4,5.4,0.8
Vegetable Gyoza Yakisoba,5056297000051,"['en:frozen-foods', 'en:meals', 'en:combination-meals', 'en:frozen-ready-made-meals', 'en:microwave-meals']",7,[],"['en:e14xx', 'en:e150', 'en:e220', 'en:e330', 'en:e500', 'en:e501', 'en:e621']",131.0,3.53,0.333,6.16,,3.29,0.852
Steak Ragu Pappardelle,5052004603010,"['en:meals', 'en:pasta-dishes', 'en:meals-with-meat', 'en:beef-dishes', 'en:microwave-meals']",0,[],[],138.0,2.6,1.0,1.1,1.3,9.4,0.001
Curry vert de poulet et riz au shiso,3270160866588,"['en:meals', 'en:meats-and-their-products', 'en:frozen-foods', 'en:meats', 'en:chicken-and-its-products', 'en:poultries', 'en:meals-with-meat', 'en:rice-dishes', 'en:chickens', 'en:combination-meals', 'en:cooked-poultries', 'en:poultry-meals', 'en:cooked-chicken', 'en:frozen-ready-made-meals', 'en:meals-with-chicken', 'en:microwave-meals', 'en:chicken-curry']",0,[],[],153.0,7.3,1.7,1.1,1.4,6.7,0.56
Chicken Shawarma,29388660,"['en:meals', 'en:microwave-meals']",0,[],[],115.0,4.0,0.5,2.6,2.1,9.2,0.4
Tagliatelles à la Carbonara lardons fumés et crème fraîche,3166350006271,"['en:meats-and-their-products', 'en:meals', 'en:pasta-dishes', 'en:meals-with-meat', 'en:pork-meals', 'en:microwave-meals', 'en:carbonara-style-pasta', 'en:tagliatelle-with-carbonara']",1,[],['en:e300'],174.0,9.6,4.4,0.9,0.5,5.6,0.58
Couscous de légumes et boulettes aux lentilles Plat Veggie d'aucy 320g,3017800235461,"['en:canned-foods', 'en:meals', 'en:savory-semolina-dishes', 'en:combination-meals', 'en:prepared-couscous', 'en:canned-meals', 'en:microwave-meals', 'en:ready-to-eat-combination-meals']",0,[],[],110.0,2.8,0.4,1.5,3.2,5.8,0.71
Risotto aux cèpes,3270160579624,"['en:frozen-foods', 'en:meals', 'en:rice-dishes', 'en:combination-meals', 'en:risottos', 'en:frozen-ready-made-meals', 'en:microwave-meals', 'en:vegetable-risottos', 'en:mushroom-risottos', 'en:risottos-with-porcini-mushrooms']",1,[],['en:e14xx'],154.0,5.9,3.6,1.1,0.5,3.8,0.75
Bœuf Bourguignon Torsades,3248830015277,"['en:meats-and-their-products', 'en:meals', 'en:pasta-dishes', 'en:meals-with-meat', 'en:beef-dishes', 'en:beef-stews', 'en:microwave-meals', 'en:boeufs-bourguignons']",0,[],[],131.0,4.4,1.4,1.2,0.9,8.5,0.66
Express Cantonais,3564700411995,"['en:meals', 'fr:cereales-preparees', 'en:microwave-meals', 'en:prepared-rices', 'en:fried-rice']",5,[],"['en:e14xx', 'en:e250', 'en:e407a', 'en:e415', 'en:e451', 'en:e451i']",178.0,4.0,0.9,0.8,1.8,4.9,1.4
Ratatouille - Boîte de 750g,3256225429158,"['en:plant-based-foods-and-beverages', 'en:plant-based-foods', 'en:fruits-and-vegetables-based-foods', 'en:canned-foods', 'en:vegetables-based-foods', 'en:canned-plant-based-foods', 'en:meals', 'en:canned-vegetables', 'en:prepared-vegetables', 'en:canned-meals', 'en:microwave-meals', 'en:plant-based-meals', 'en:ratatouille', 'fr:legumes-cuisines']",2,[],"['en:e14xx', 'en:e330']",36.0,1.3,0.2,3.6,1.4,0.9,0.81
Mon moment Choucroute aux 4 charcuteries au Riesling d'Alsace,3180950063731,"['en:plant-based-foods-and-beverages', 'en:plant-based-foods', 'en:fruits-and-vegetables-based-foods', 'en:meats-and-their-products', 'en:vegetables-based-foods', 'en:meals', 'en:meats', 'en:prepared-meats', 'en:fermented-vegetables', 'en:sauerkrauts', 'en:microwave-meals', 'en:sauerkraut-with-garnish', 'fr:choucroute-d-alsace']",3,[],"['en:e250', 'en:e300', 'en:e301']",122.0,8.6,2.6,0.5,1.9,5.9,1.1
Colin d Alaska sauce citron et son riz safran,3564700505205,"['en:meals', 'en:meals-with-fish', 'en:rice-dishes', 'en:microwave-meals']",3,[],"['en:e100', 'en:e270', 'en:e575']",107.0,2.3,1.0,0.5,0.5,5.4,0.93
Veau et ses petits légumes,3564700659694,"['en:meats-and-their-products', 'en:meals', 'en:meals-with-meat', 'en:beef-dishes', 'en:microwave-meals', 'en:veal-meat-dishes']",3,[],"['en:e270', 'en:e451', 'en:e575']",66.0,2.3,1.0,2.4,1.5,6.2,1.0
Xtrembox radiatori poulet bacon,3242272263050,"['en:meats-and-their-products', 'en:meals', 'en:pasta-dishes', 'en:meals-with-meat', 'en:poultry-meals', 'en:microwave-meals', 'en:pots']",4,[],"['en:e202', 'en:e250', 'en:e262', 'en:e262i', 'en:e301']",171.0,5.8,2.6,1.2,1.6,8.3,0.63
Le colombo de Poulet et son riz long,3302740044427,"['en:meals', 'en:meats-and-their-products', 'en:meals-with-meat', 'en:rice-dishes', 'en:poultry-meals', 'en:meals-with-chicken', 'en:microwave-meals', 'fr:colombo-de-poulet']",0,[],[],158.0,8.1,3.7,0.6,1.0,7.7,0.8
Bami Goreng,4056489127284,"['en:plant-based-foods-and-beverages', 'en:plant-based-foods', 'en:meats-and-their-products', 'en:frozen-foods', 'en:meals', 'en:pasta-dishes', 'en:pastas', 'en:meals-with-meat', 'en:noodles', 'en:poultry-meals', 'en:meals-with-chicken', 'en:microwave-meals']",0,[],[],128.0,3.31,0.507,1.81,2.0,6.69,0.708
Risotto poulet et champignons,3487400005823,"['en:plant-based-foods-and-beverages', 'en:plant-based-foods', 'en:cereals-and-potatoes', 'en:meals', 'en:seeds', 'en:cereals-and-their-products', 'en:cereal-grains', 'en:meals-with-meat', 'en:rice-dishes', 'en:rices', 'en:poultry-meals', 'en:risottos', 'en:meals-with-chicken', 'en:microwave-meals', 'en:vegetable-risottos', 'en:chicken-risottos', 'en:mushroom-risottos', 'en:pots', 'en:rice-in-pots']",0,[],[],177.0,3.0,0.6,0.5,0.9,4.6,0.82
Parmentier de bœuf charolais effiloché,3248830001485,"['en:meals', 'en:meats-and-their-products', 'en:frozen-foods', 'en:meals-with-meat', 'en:beef-dishes', 'en:microwave-meals', 'en:beef-cottage-pies']",0,[],[],157.0,9.9,5.9,1.4,1.5,6.2,0.68
Cassolette merlu blanc et saumon Plat de la mer d'aucy 300g,3017800506196,"['en:canned-foods', 'en:frozen-foods', 'en:meals', 'en:meals-with-fish', 'en:rice-dishes', 'en:combination-meals', 'en:meals-with-salmon', 'en:canned-meals', 'en:microwave-meals', 'en:ready-to-eat-combination-meals']",1,[],['en:e412'],92.0,3.8,1.5,0.9,1.3,5.1,0.86
Sweet chilli chicken,5056297000136,"['en:meals', 'en:microwave-meals']",11,[],"['en:e14xx', 'en:e150', 'en:e1510', 'en:e160', 'en:e220', 'en:e223', 'en:e260', 'en:e330', 'en:e500', 'en:e501', 'en:e621']",138.0,4.84,0.333,8.07,,5.69,0.837
Lasagnes à la Bolognaise,3270160861026,"['en:meals', 'en:meats-and-their-products', 'en:frozen-foods', 'en:pasta-dishes', 'en:meals-with-meat', 'en:prepared-lasagne', 'en:beef-dishes', 'en:combination-meals', 'en:frozen-ready-made-meals', 'en:meat-lasagnas', 'en:microwave-meals', 'en:bolognese-lasagne', 'en:frozen-lasagne']",0,[],[],127.0,6.2,3.0,3.0,1.4,6.5,0.78
Bouchées de legumes,3270160874613,"['en:frozen-foods', 'en:meals', 'en:frozen-ready-made-meals', 'en:microwave-meals']",1,[],['en:e14xx'],194.0,10.0,2.4,2.0,3.0,6.1,0.425
Lapin Chasseur et ses pommes de terre,3261055862006,"['en:meals', 'en:meats-and-their-products', 'en:meals-with-meat', 'en:meals-with-rabbit-or-hare', 'en:microwave-meals', 'en:rabbit-dishes', 'fr:lapin-chasseur']",6,[],"['en:e14xx', 'en:e300', 'en:e330', 'en:e415', 'en:e451', 'en:e452']",81.0,1.5,0.3,1.7,1.8,4.9,1.0
"Ravioli aux Cèpes, sauce au Parmigiano Reggiano",3270160812196,"['en:plant-based-foods-and-beverages', 'en:plant-based-foods', 'en:cereals-and-potatoes', 'en:cereals-and-their-products', 'en:frozen-foods', 'en:meals', 'en:pasta-dishes', 'en:pastas', 'en:stuffed-pastas', 'en:combination-meals', 'en:pasta-stuffed-with-vegetables', 'en:ravioli', 'en:frozen-ready-made-meals', 'en:microwave-meals', 'en:pasta-stuffed-with-cheese', 'en:ravioli-with-vegetables', 'en:cheese-ravioli', 'en:frozen-ravioli', 'en:mushroom-ravioli', 'en:ravioli-with-porcini-mushrooms', 'fr:plats-prepares-a-rechauffer-au-four-traditionnel']",2,[],"['en:e14xx', 'en:e330']",174.0,10.0,6.2,2.3,2.1,7.2,0.63
Lentilles vertes du Puy,3039822720015,"['en:plant-based-foods-and-beverages', 'en:plant-based-foods', 'en:legumes-and-their-products', 'en:legumes', 'en:seeds', 'en:legume-seeds', 'en:meals', 'en:pulses', 'en:lentils', 'en:green-lentils', 'en:microwave-meals', 'en:plant-based-meals', 'en:prepared-lentils', 'fr:lentille-verte-du-puy']",0,[],[],95.0,1.0,0.1,1.0,5.2,6.4,0.7
Lasagnes chèvre-épinard À L'EMMENTAL GRATINE,3560070941629,"['en:meals', 'en:pasta-dishes', 'en:prepared-lasagne', 'en:microwave-meals', 'en:vegetable-lasagnas', 'en:lasagne-with-goat-cheese-and-spinach', 'en:vegetarian-lasagne']",1,[],['en:e14xx'],146.0,6.4,3.6,2.9,0.8,6.9,0.73
"Colin d'Alaska à l'Oseille, Surgelé",3564700068151,"['en:frozen-foods', 'en:meals', 'en:meals-with-fish', 'en:frozen-ready-made-meals', 'en:meals-with-cooked-white-fish', 'en:microwave-meals', 'fr:colin-d-alaska-a-l-oseille', 'fr:colins-prepares', 'fr:plats-prepares-a-rechauffer-au-bain-marie', 'fr:poissons-prepares']",1,[],['en:e14xx'],76.0,2.7,1.7,1.5,0.5,9.0,0.9
Céréales et lentilles,3760020508067,"['en:plant-based-foods-and-beverages', 'en:plant-based-foods', 'en:canned-foods', 'en:cereals-and-potatoes', 'en:cereals-and-their-products', 'en:meals', 'en:canned-meals', 'en:microwave-meals', 'en:plant-based-meals']",0,[],[],138.0,3.5,0.4,3.3,4.1,5.6,0.64
Poulet Basquaise et son riz,3564700653319,"['en:meats-and-their-products', 'en:meals', 'en:meals-with-meat', 'en:rice-dishes', 'en:poultry-meals', 'en:meals-with-chicken', 'en:microwave-meals', 'en:chicken-basque-style']",3,[],"['en:e14xx', 'en:e160c', 'en:e451']",128.0,4.1,0.9,1.6,0.7,6.4,0.91
"Blanquette de veau, Riz crémeux et Champignons émincés",3248830227236,"['en:meats-and-their-products', 'en:meals', 'en:meals-with-meat', 'en:rice-dishes', 'en:beef-dishes', 'en:microwave-meals', 'en:veal-meat-dishes', 'en:veal-blanquette']",0,[],[],132.0,6.0,2.9,1.0,0.8,7.0,0.47
Colin d'alaska beurre citron - Zestes de citrons,3248839628003,"['en:seafood', 'en:fishes-and-their-products', 'en:fishes', 'en:frozen-foods', 'en:meals', 'en:lean-fishes', 'en:meals-with-fish', 'en:frozen-ready-made-meals', 'en:microwave-meals', 'en:pollocks', 'en:alaska-pollock', 'fr:colins-d-alaska-sauce-beurre-citron', 'fr:colins-prepares', 'fr:poissons-prepares']",0,[],[],100.0,5.5,3.4,1.1,0.0,9.5,0.7
Chicken Arrabbiata,00339469,"['en:meats-and-their-products', 'en:meals', 'en:fresh-foods', 'en:meals-with-meat', 'en:fresh-meals', 'en:poultry-meals', 'en:meals-with-chicken', 'en:microwave-meals']",1,[],['en:e440'],114.0,2.9,0.6,1.9,1.1,7.7,0.619
Boil in bag long grain rice,4088600017280,"['en:plant-based-foods-and-beverages', 'en:plant-based-foods', 'en:cereals-and-potatoes', 'en:seeds', 'en:cereals-and-their-products', 'en:meals', 'en:cereal-grains', 'en:rices', 'en:long-grain-rices', 'en:microwave-meals', 'en:pots', 'en:rice-in-pots']",0,[],[],117.0,0.382,0.0637,0.318,0.892,2.93,0.00637
"Emincés se dinde sauce au citron, linguines complètes",3270160864164,"['en:frozen-foods', 'en:meals', 'en:combination-meals', 'en:frozen-ready-made-meals', 'en:microwave-meals', 'fr:eminces-de-dinde']",0,[],[],93.0,2.0,0.8,1.6,2.1,7.6,0.35
Poulet émincé à la normande,3248830002291,"['en:meats-and-their-products', 'en:meals', 'en:meats', 'en:chicken-and-its-products', 'en:poultries', 'en:meals-with-meat', 'en:chickens', 'en:poultry-meals', 'en:meals-with-chicken', 'en:microwave-meals']",0,[],[],143.0,7.67,3.1,1.1,1.6,6.67,0.61
Blésotto de légumes verts,3270160895472,"['en:frozen-foods', 'en:meals', 'en:combination-meals', 'en:frozen-ready-made-meals', 'en:microwave-meals']",0,[],[],101.0,2.7,0.8,2.2,2.5,5.0,0.47
Mac Cheese au Fromage,3270160897582,"['en:frozen-foods', 'en:meals', 'en:pasta-dishes', 'en:frozen-ready-made-meals', 'en:microwave-meals']",6,[],"['en:e160b', 'en:e160c', 'en:e161b', 'en:e250', 'en:e300', 'en:e392']",181.0,8.9,5.7,1.6,1.3,8.4,0.5
Chili con carne et riz Bio,3560070482788,"['en:meals', 'en:meats-and-their-products', 'en:meals-with-meat', 'en:beef-dishes', 'en:microwave-meals', 'en:chili-con-carne']",1,[],['en:e412'],124.0,2.6,1.1,2.4,4.2,7.0,0.4
Rôti de Porc Gratin Dauphinois,3188720002447,"['en:meats-and-their-products', 'en:meals', 'en:gratins', 'en:meals-with-meat', 'en:pork-meals', 'en:potato-gratin', 'en:microwave-meals', 'en:dauphine-style-creamed-potatoes-au-gratin']",3,[],"['en:e412', 'en:e415', 'en:e451']",140.0,8.0,4.0,1.6,1.6,8.8,0.86
Papillote de cabillaud Riz aux petits légumes,3248830000495,"['en:frozen-foods', 'en:meals', 'en:meals-with-fish', 'en:rice-dishes', 'en:microwave-meals', 'en:meals-with-cod']",0,[],[],139.0,6.9,0.7,1.1,0.8,5.8,0.57
Potée aux choux,3049580540022,"['en:canned-foods', 'en:meats-and-their-products', 'en:meals', 'en:meals-with-meat', 'en:canned-meals', 'en:microwave-meals', 'fr:potees', 'fr:potees-aux-choux']",5,[],"['en:e223', 'en:e250', 'en:e407a', 'en:e451', 'en:e452']",66.0,2.9,1.4,1.7,2.0,5.5,0.9
Volaille et lentilles aux petits légumes,3560070358274,"['en:meats-and-their-products', 'en:meals', 'en:meals-with-meat', 'en:poultry-meals', 'en:lentil-dishes', 'en:microwave-meals']",2,[],"['en:e412', 'en:e415']",99.0,2.4,0.5,2.4,5.1,9.1,0.78
Hachis parmentier,3248830723448,"['en:meats-and-their-products', 'en:frozen-foods', 'en:meals', 'en:meals-with-meat', 'en:beef-dishes', 'en:combination-meals', 'en:frozen-ready-made-meals', 'en:microwave-meals', 'en:beef-cottage-pies']",0,[],[],128.0,7.0,3.6,2.4,1.3,5.8,0.62
"Colin d'Alaska à la Parisienne, Surgelé",3564700608180,"['en:seafood', 'en:fishes-and-their-products', 'en:fishes', 'en:frozen-foods', 'en:meals', 'en:fish-preparations', 'en:meals-with-fish', 'en:frozen-ready-made-meals', 'en:microwave-meals', 'fr:colins-d-alaska-a-la-parisienne', 'fr:colins-prepares', 'fr:plats-prepares-a-rechauffer-au-bain-marie', 'fr:poissons-prepares']",2,[],"['en:e14xx', 'en:e150a']",79.0,3.3,2.2,1.0,0.6,8.4,0.46
Cassoulet,3245414146389,"['en:meats-and-their-products', 'en:meals', 'en:meals-with-meat', 'en:pork-meals', 'en:bean-dishes', 'en:microwave-meals', 'en:cassoulets']",3,[],"['en:e14xx', 'en:e392', 'en:e509']",144.0,7.5,2.6,0.7,3.6,9.2,0.88
Filet de Poulet et ses pommes de terre à la Sarladaise,3564700776629,"['en:meats-and-their-products', 'en:meals', 'en:meals-with-meat', 'en:poultry-meals', 'en:meals-with-chicken', 'en:microwave-meals']",1,[],['en:e407'],133.0,4.6,1.4,1.3,1.6,8.4,0.9
Porc Au Caramel Et Riz,3379670017432,"['en:meats-and-their-products', 'en:meals', 'en:meals-with-meat', 'en:pork-meals', 'en:microwave-meals', 'en:caramel-pork']",3,[],"['en:e14xx', 'en:e407a', 'en:e451']",134.0,2.5,0.7,4.5,0.9,8.1,0.88
Admiral's Pie,5000205047850,"['en:seafood', 'en:frozen-foods', 'en:meals', 'en:pies', 'en:pizzas-pies-and-quiches', 'en:gratins', 'en:meals-with-fish', 'en:salted-pies', 'en:combination-meals', 'en:fish-gratin', 'en:frozen-ready-made-meals', 'en:meals-with-cooked-white-fish', 'en:microwave-meals', 'en:cheese-pies', 'en:fish-brandade']",5,[],"['en:e100', 'en:e160b', 'en:e160bii', 'en:e160c', 'en:e170', 'en:e170i', 'en:e330']",109.0,3.9,1.8,2.0,0.8,4.4,0.6
Katsu Curry Inspired Rice,5010034015647,"['en:plant-based-foods-and-beverages', 'en:plant-based-foods', 'en:cereals-and-potatoes', 'en:meals', 'en:seeds', 'en:cereals-and-their-products', 'en:cereal-grains', 'en:rices', 'fr:cereales-preparees', 'en:microwave-meals']",0,[],[],147.0,1.9,0.2,2.0,1.4,3.0,0.4925
Merlu blanc sauce au cidre et pommes de terre grenaille,3270160866786,"['en:seafood', 'en:frozen-foods', 'en:meals', 'en:meals-with-fish', 'en:frozen-ready-made-meals', 'en:microwave-meals']",0,[],[],96.0,3.6,2.5,1.5,1.4,6.3,0.5
Boulettes au soja façon couscous,3560071083328,"['en:plant-based-foods-and-beverages', 'en:plant-based-foods', 'en:meals', 'en:meat-alternatives', 'en:meat-analogues', 'en:savory-semolina-dishes', 'en:prepared-couscous', 'en:meat-analogues-from-soy-or-wheat-proteins', 'en:microwave-meals', 'en:plant-based-meals', 'en:vegetarian-balls', 'en:couscous-with-vegetables']",2,[],"['en:e160c', 'en:e330']",143.0,6.1,0.6,1.8,3.0,6.5,0.89
Dinde rôtie champignons et Duo de riz,3188720004403,"['en:meals', 'en:meats-and-their-products', 'en:meals-with-meat', 'en:poultry-meals', 'en:microwave-meals']",0,[],[],107.0,2.3,1.2,0.2,0.6,7.0,0.96
Coquillettes nature avec une noix de beurre,3038353933000,"['en:plant-based-foods-and-beverages', 'en:plant-based-foods', 'en:cereals-and-potatoes', 'en:cereals-and-their-products', 'en:meals', 'en:pasta-dishes', 'en:pastas', 'en:microwave-meals', 'fr:coquillettes', 'fr:coquillettes-au-beurre']",1,[],['en:e412'],130.0,2.1,0.5,0.8,1.0,5.2,0.67
So Soupe au Pistou,3270160138739,"['en:frozen-foods', 'en:meals', 'en:soups', 'en:frozen-ready-made-meals', 'en:microwave-meals', 'en:pistou-soup', 'en:frozen-soups']",1,[],['en:e14xx'],76.0,4.4,1.0,1.9,2.9,3.1,0.4
Riz basmati micro-ondable,20186159,"['en:plant-based-foods-and-beverages', 'en:plant-based-foods', 'en:meals', 'fr:cereales-preparees', 'en:microwave-meals', 'en:plant-based-meals', 'en:prepared-rices']",0,[],[],159.0,2.4,0.3,0.2,,4.0,0.5
Galette de blé noir Jambon Fromages,3560070365807,"['en:meals', 'en:crepes-and-galettes', 'en:crepes', 'en:microwave-meals', 'en:galettes', 'en:plain-buckwheat-crepes']",1,[],['en:e407'],145.0,5.8,3.2,0.5,1.0,8.5,1.1
Riz cuisiné à l'italienne surgelé,3270160755721,"['en:frozen-foods', 'en:meals', 'en:combination-meals', 'en:frozen-ready-made-meals', 'en:microwave-meals']",1,[],['en:e415'],103.0,2.6,0.3,2.5,1.5,1.9,0.53
CremioBox - Thon à la crème,3242272256953,"['en:meals', 'en:pasta-dishes', 'en:meals-with-fish', 'en:instant-pasta', 'en:microwave-meals', 'en:pots']",3,[],"['en:e202', 'en:e262', 'en:e262i', 'en:e330']",168.0,6.07,3.54,1.0,1.82,7.86,0.632
La box du volailler Nuggets extra-croustillants 100% filet,20929749,"['en:meats-and-their-products', 'en:meals', 'en:meat-preparations', 'en:meats', 'en:chicken-and-its-products', 'en:poultries', 'en:chicken-preparations', 'en:breaded-products', 'en:chickens', 'en:cooked-poultries', 'en:microwave-meals', 'en:poultry-nuggets', 'en:breaded-chicken', 'en:pots']",3,[],"['en:e100', 'en:e14xx', 'en:e160c']",203.0,7.5,1.0,1.7,,16.0,1.2
Porc au caramel et son riz thaï,3564700320341,"['en:meats-and-their-products', 'en:meals', 'en:meals-with-meat', 'en:pork-meals', 'en:microwave-meals', 'en:caramel-pork']",2,[],"['en:e14xx', 'en:e150a']",146.0,2.7,0.7,2.6,1.2,6.8,0.74
Sauté  de Porc et Pommes de Terre à la Paysanne,3188720601138,"['en:meats-and-their-products', 'en:meals', 'en:meals-with-meat', 'en:pork-meals', 'en:microwave-meals', 'en:canned-meals-with-meat']",5,[],"['en:e14xx', 'en:e250', 'en:e316', 'en:e412', 'en:e415']",93.0,4.0,2.3,1.5,,6.3,0.7
Petite Gambas🦐 sauce curry coco🥥 riz 🍚 basmati,3248830001201,"['en:meals', 'en:rice-dishes', 'en:microwave-meals', 'en:plats-prepares', 'en:plats-prepares-a-rechauffer-au-micro-ondes', 'en:plats-a-base-de-riz', 'en:surgeles']",2,[],"['en:e406', 'en:e415']",300.0,8.1,2.4,4.8,3.3,16.0,2.3
Risotto au poulet et aux cèpes,3564706553699,"['en:meals', 'en:meats-and-their-products', 'en:meals-with-meat', 'en:rice-dishes', 'en:poultry-meals', 'en:risottos', 'en:meals-with-chicken', 'en:microwave-meals', 'en:vegetable-risottos', 'en:chicken-risottos', 'en:mushroom-risottos', 'en:risottos-with-porcini-mushrooms']",0,[],[],125.0,3.6,1.8,1.0,0.6,5.9,0.74
Posh Noodles Korean Sweet Chilli Ramen,5060430292067,"['en:plant-based-foods-and-beverages', 'en:plant-based-foods', 'en:meals', 'en:pastas', 'en:noodles', 'en:microwave-meals', 'en:microwave-noodles']",4,[],"['en:e160c', 'en:e170', 'en:e170i', 'en:e330', 'en:e501', 'en:e501i']",130.0,4.2,0.3,5.3,1.5,2.9,0.41
Penne aux deux saumons,3564706723368,"['en:meals', 'en:pasta-dishes', 'en:meals-with-fish', 'en:meals-with-salmon', 'en:microwave-meals', 'en:pasta-with-fish', 'en:pasta-with-salmon']",0,[],[],148.0,5.5,2.2,0.9,1.8,7.2,0.54
Salade gnocchetti complets légumes poulet,3270160895151,"['en:meals', 'en:pasta-dishes', 'en:prepared-salads', 'en:meals-with-meat', 'en:pasta-salads', 'en:poultry-meals', 'en:salads-with-meat', 'en:microwave-meals', 'en:pasta-salad-with-meat', 'en:pasta-salad-with-chicken']",0,[],[],108.0,2.5,0.4,1.5,3.1,7.2,0.3
Color your day Jaune éclat,3270160865659,"['en:frozen-foods', 'en:meals', 'en:meals-with-meat', 'en:rice-dishes', 'en:poultry-meals', 'en:frozen-ready-made-meals', 'en:meals-with-chicken', 'en:microwave-meals']",0,[],[],136.0,6.2,1.9,1.9,1.7,7.7,0.4
Quinotto Tomate parmesan,3456300009316,"['en:plant-based-foods-and-beverages', 'en:plant-based-foods', 'en:meals', 'en:microwave-meals', 'en:plant-based-meals', 'en:quinoa-dishes']",0,[],[],117.0,2.9,0.8,3.4,2.9,7.8,0.61
Noodle box crevettes sauce curry rouge,3270160861330,"['en:frozen-foods', 'en:meals', 'en:frozen-ready-made-meals', 'en:microwave-meals', 'en:pots']",1,[],['en:e451'],144.0,5.2,2.7,4.2,2.0,6.7,1.1
Poulet Forestier Torsades et Champignons,3261051670506,"['en:meats-and-their-products', 'en:meals', 'en:pasta-dishes', 'en:meals-with-meat', 'en:poultry-meals', 'en:meals-with-chicken', 'en:microwave-meals']",7,[],"['en:e14xx', 'en:e300', 'en:e330', 'en:e407', 'en:e412', 'en:e451', 'en:e452']",87.0,3.7,1.5,0.8,1.8,6.0,1.0
Brandade de morue parmentier,3282740301365,"['en:frozen-foods', 'en:meals', 'en:meals-with-fish', 'en:frozen-ready-made-meals', 'en:microwave-meals', 'en:cod-brandade', 'fr:brandades-de-morue-parmentiere', 'en:preparations-made-from-fish-meat', 'fr:brandades', 'fr:plats-prepares-a-rechauffer-au-four-traditionnel']",0,[],[],149.0,8.39,2.81,1.81,1.19,7.74,0.903
Chicken & Veggiez with Noodlez,20416034,"['en:meals', 'en:meats-and-their-products', 'en:pasta-dishes', 'en:refrigerated-foods', 'en:meals-with-meat', 'en:refrigerated-meals', 'en:poultry-meals', 'en:meals-with-chicken', 'en:microwave-meals']",1,[],['en:potassium-iodide'],122.0,3.31,0.314,2.2,,4.91,1.4
Purée de pomme de terre au beurre et crème d'Isigny,3270160875528,"['en:plant-based-foods-and-beverages', 'en:plant-based-foods', 'en:cereals-and-potatoes', 'en:frozen-foods', 'en:meals', 'en:purees', 'en:potato-preparations', 'en:mashed-potatoes', 'en:microwave-meals', 'en:unsalted-potato-puree-with-milk-and-butter']",0,[],[],177.0,13.0,9.1,0.5,1.2,1.7,0.48
Penne au saumon à la crème d'épinards,3248830720225,"['en:frozen-foods', 'en:meals', 'en:pasta-dishes', 'en:meals-with-fish', 'en:meals-with-salmon', 'en:microwave-meals', 'en:pasta-with-fish', 'en:pasta-with-salmon']",0,[],[],133.0,5.7,2.2,0.9,0.9,6.0,0.7
Poulet basquaise et son riz,3245412062674,"['en:meats-and-their-products', 'en:meals', 'en:meals-with-meat', 'en:rice-dishes', 'en:poultry-meals', 'en:meals-with-chicken', 'en:microwave-meals', 'en:chicken-basque-style']",5,[],"['en:e160c', 'en:e330', 'en:e412', 'en:e415', 'en:e579']",126.0,3.5,0.8,1.3,2.8,6.8,0.68
Lentilles vertes à l'huile de tournesol sachet micro-ondable de250g,3256226376079,"['en:plant-based-foods-and-beverages', 'en:plant-based-foods', 'en:legumes-and-their-products', 'en:legumes', 'en:seeds', 'en:legume-seeds', 'en:meals', 'en:pulses', 'en:lentils', 'en:green-lentils', 'en:microwave-meals', 'en:plant-based-meals', 'en:prepared-lentils']",0,[],[],118.0,1.8,0.3,0.5,7.4,8.8,0.78
Colin d'Alaska sauce citron et son riz,3261050021286,"['en:meals', 'en:meals-with-fish', 'en:rice-dishes', 'en:microwave-meals']",6,[],"['en:e14xx', 'en:e300', 'en:e330', 'en:e407', 'en:e412', 'en:e415']",95.0,2.6,1.3,0.5,1.1,5.4,0.95
Hachis Parmentier,3560070758586,"['en:meats-and-their-products', 'en:meals', 'en:fresh-foods', 'en:meals-with-meat', 'en:beef-dishes', 'en:fresh-meals', 'en:microwave-meals', 'en:beef-cottage-pies']",2,[],"['en:e392', 'en:e471']",142.0,7.8,4.5,2.3,1.2,7.9,0.8
Couscous poulet merguez,3564700165836,"['en:meats-and-their-products', 'en:meals', 'en:meals-with-meat', 'en:savory-semolina-dishes', 'en:poultry-meals', 'en:prepared-couscous', 'en:couscous-with-meat', 'en:meals-with-chicken', 'en:microwave-meals', 'en:chicken-couscous']",4,[],"['en:e120', 'en:e14xx', 'en:e160c', 'en:e316']",134.0,5.5,1.6,2.2,2.0,7.2,0.85
,5412344985014,"['en:meals', 'en:meats-and-their-products', 'en:meals-with-meat', 'en:rice-dishes', 'en:poultry-meals', 'en:meals-with-chicken', 'en:microwave-meals', 'en:chicken-curry', 'en:chicken-tikka', 'en:chicken-tikka-masala']",0,[],[],135.0,5.0,1.9,2.5,0.0,6.1,0.85
Lasagnes à la bolognaise,4056489412373,"['en:meals', 'en:pasta-dishes', 'en:prepared-lasagne', 'en:meat-lasagnas', 'en:microwave-meals', 'en:bolognese-lasagne']",1,[],['en:e14xx'],153.0,7.5,2.6,2.7,1.0,6.8,0.69
Petits legumes citron coriandre et sauce sriracha,3175681278103,"['en:meals', 'en:microwave-meals']",0,[],[],122.0,4.5,0.5,1.1,5.1,5.8,0.99
Émincés de poulet Lardons fumés  purée de petits pois,3248830002093,"['en:frozen-foods', 'en:meals', 'en:meals-with-meat', 'en:poultry-meals', 'en:meals-with-chicken', 'en:microwave-meals']",1,[],['en:e300'],135.0,9.0,5.1,1.4,2.6,8.0,0.67
Saint Jacques à la bretonne riz et carottes cuisinées,3248830002284,"['en:meals', 'en:rice-dishes', 'en:meals-with-shellfish', 'en:microwave-meals', 'en:dishes-with-scallops']",0,[],[],117.0,6.0,2.7,1.2,1.0,4.3,0.61
Xtrembox Tomate Mozzalle,3242271000755,"['en:meals', 'en:pasta-dishes', 'en:prepared-salads', 'en:pasta-salads', 'en:microwave-meals']",2,[],"['en:e202', 'en:e262', 'en:e262i']",160.0,5.9,2.6,1.9,2.0,6.6,0.61
Le Petit Salé et ses Lentilles Vertes de Vendée,3302741846105,"['en:meats-and-their-products', 'en:meals', 'en:meals-with-meat', 'en:pork-meals', 'en:lentil-dishes', 'en:microwave-meals', 'en:salt-cured-pork-belly-with-lentils']",0,[],[],130.0,7.0,2.4,0.9,3.0,9.6,0.8
"Colin d'Alaska à la Bordelaise, Surgelé (2 personnes)",3564700000175,"['en:seafood', 'en:fishes-and-their-products', 'en:fishes', 'en:frozen-foods', 'en:meals', 'en:meals-with-fish', 'en:frozen-ready-made-meals', 'en:meals-with-cooked-white-fish', 'en:microwave-meals', 'en:fish-with-bordelaise-sauce', 'fr:colin-d-alaska-a-la-bordelaise', 'fr:colins-prepares', 'fr:plats-prepares-a-rechauffer-au-four-traditionnel', 'fr:poissons-prepares']",0,[],[],117.0,4.7,0.8,0.7,0.9,13.0,0.79
Poulet sauce aux olives et quinoa Bio,3560070575886,"['en:meats-and-their-products', 'en:meals', 'en:meals-with-meat', 'en:poultry-meals', 'en:meals-with-chicken', 'en:microwave-meals', 'en:quinoa-dishes']",1,[],['en:e412'],117.0,4.5,0.8,1.1,2.8,7.6,0.78
Saumon et Torsades sauce a l’Oseille,3564700410011,"['en:seafood', 'en:fishes-and-their-products', 'en:fishes', 'en:fatty-fishes', 'en:meals', 'en:pasta-dishes', 'en:meals-with-fish', 'en:meals-with-salmon', 'en:salmons', 'en:microwave-meals', 'en:pasta-with-fish', 'en:pasta-with-salmon', 'en:salmon-with-sorrel']",1,[],['en:e14xx'],97.0,4.7,1.6,0.5,0.7,7.5,0.7
Encornets aux légumes du soleil,3571495020080,"['en:meals', 'en:refrigerated-foods', 'en:microwave-meals', 'en:refrigerated-meals']",2,[],"['en:e330', 'en:e331']",98.0,4.6,0.6,1.7,0.0,4.2,0.94
Quinoa graines gourmandes,3760020509040,"['en:plant-based-foods-and-beverages', 'en:plant-based-foods', 'en:snacks', 'en:cereals-and-potatoes', 'en:salty-snacks', 'en:seeds', 'en:appetizers', 'en:cereals-and-their-products', 'en:chips-and-fries', 'en:meals', 'en:cereal-grains', 'en:crisps', 'en:microwave-meals', 'en:plant-based-meals', 'en:quinoa', 'fr:quinoa-prepares']",0,[],[],189.0,8.0,1.1,0.9,6.2,6.1,0.62
"Mélange de légumes - Brocolis, choux-fleurs, jeunes carottes",3270160104383,"['en:plant-based-foods-and-beverages', 'en:plant-based-foods', 'en:fruits-and-vegetables-based-foods', 'en:vegetables-based-foods', 'en:frozen-foods', 'en:meals', 'en:frozen-plant-based-foods', 'en:frozen-vegetables', 'en:frozen-ready-made-meals', 'en:microwave-meals', 'en:plant-based-meals']",0,[],[],30.0,0.4,0.1,2.1,2.5,2.2,0.04
Moules Cuisinées,3456700084005,"['en:seafood', 'en:meals', 'en:mollusc', 'en:refrigerated-foods', 'en:microwave-meals', 'en:mussels', 'en:refrigerated-meals', 'fr:moules-preparees']",1,[],['en:e14xx'],59.0,2.1,1.0,0.6,0.0,5.8,1.5
Arroz redondo tradicional,8410184013086,"['en:plant-based-foods-and-beverages', 'en:plant-based-foods', 'en:cereals-and-potatoes', 'en:seeds', 'en:cereals-and-their-products', 'en:meals', 'en:cereal-grains', 'en:rices', 'en:microwave-meals', 'en:precooked-rices']",1,[],"['en:e322', 'en:e322i']",182.0,2.7,0.3,0.1,0.6,3.4,0.31
Poulet à l'Estragon et Pâtes torsades,3245363952017,"['en:meats-and-their-products', 'en:meals', 'en:pasta-dishes', 'en:meals-with-meat', 'en:poultry-meals', 'en:meals-with-chicken', 'en:microwave-meals']",1,[],['en:e407'],159.0,7.6,3.6,0.8,1.4,7.9,0.7
Saumon au citron,3261055930262,"['en:seafood', 'en:fishes-and-their-products', 'en:fishes', 'en:fatty-fishes', 'en:meals', 'en:meals-with-fish', 'en:rice-dishes', 'en:meals-with-salmon', 'en:salmons', 'en:microwave-meals']",2,[],"['en:e14xx', 'en:e407']",104.0,4.0,1.8,0.5,1.0,5.4,1.0
Aligot 32% de Tome,3338310230006,"['en:meals', 'en:microwave-meals', 'en:aligots']",0,[],[],175.0,11.0,7.8,0.7,,8.4,0.86
Colin d'Alaska à la provençale MSC 400g,3250390024767,"['en:seafood', 'en:fishes-and-their-products', 'en:fishes', 'en:meals', 'en:frozen-foods', 'en:lean-fishes', 'en:fish-preparations', 'en:meals-with-fish', 'en:combination-meals', 'en:frozen-ready-made-meals', 'en:meals-with-cooked-white-fish', 'en:microwave-meals', 'en:pollocks', 'en:white-fish-with-provencal-sauce', 'fr:colin-d-alaska-a-la-provencale', 'fr:colins-prepares', 'fr:plats-prepares-a-rechauffer-au-bain-marie', 'fr:poisson-en-sauce', 'fr:poissons-prepares']",1,[],['en:e14xx'],61.0,1.0,0.2,2.8,2.0,9.2,0.63
Lasagnes pur bœuf,3564700859544,"['en:meats-and-their-products', 'en:meals', 'en:pasta-dishes', 'en:meals-with-meat', 'en:prepared-lasagne', 'en:beef-dishes', 'en:meat-lasagnas', 'en:microwave-meals', 'en:bolognese-lasagne']",0,[],[],97.0,5.2,1.7,1.9,1.9,5.2,0.7
Poulet basquaise,3261055851109,"['en:meats-and-their-products', 'en:meals', 'en:meals-with-meat', 'en:rice-dishes', 'en:poultry-meals', 'en:meals-with-chicken', 'en:microwave-meals', 'en:chicken-basque-style']",5,[],"['en:e14xx', 'en:e415', 'en:e451', 'en:e452', 'en:e621']",106.0,3.0,0.7,1.2,1.3,6.0,0.85
Choucroute royale alsacienne,3564709159379,"['en:plant-based-foods-and-beverages', 'en:plant-based-foods', 'en:fruits-and-vegetables-based-foods', 'en:meats-and-their-products', 'en:vegetables-based-foods', 'en:meals', 'en:fermented-vegetables', 'en:meals-with-meat', 'en:pork-meals', 'en:sauerkrauts', 'en:microwave-meals', 'en:sauerkraut-with-garnish']",6,[],"['en:e250', 'en:e300', 'en:e301', 'en:e450', 'en:e451', 'en:e452']",122.0,10.0,3.8,0.1,2.7,6.8,1.3
"Arroz integral con chía, quinoa, espelta y lino",8410184033749,"['en:plant-based-foods-and-beverages', 'en:plant-based-foods', 'en:cereals-and-potatoes', 'en:meals', 'en:seeds', 'en:cereals-and-their-products', 'en:cereal-grains', 'en:rices', 'fr:cereales-preparees', 'en:brown-rices', 'en:microwave-meals', 'en:precooked-rices']",1,[],"['en:e322', 'en:e322i']",204.0,4.5,0.6,0.4,4.2,5.1,0.54
Saumon Atlantique au beurre blanc - échalotes confites au vin blanc,3248839595008,"['en:seafood', 'en:fishes-and-their-products', 'en:fishes', 'en:fatty-fishes', 'en:frozen-foods', 'en:meals', 'en:meals-with-fish', 'en:salmons', 'en:frozen-ready-made-meals', 'en:microwave-meals']",0,[],[],138.0,9.3,5.2,0.7,0.0,11.0,0.625
Macaroni boulettes au boeuf et sauce tomate,26014722,"['en:meals', 'en:pasta-dishes', 'en:microwave-meals']",9,[],"['en:e14xx', 'en:e250', 'en:e330', 'en:e331', 'en:e407', 'en:e415', 'en:e450', 'en:e451', 'en:e452']",141.0,3.7,0.6,3.2,2.3,6.7,0.67
Colin d'Alaska,3017800501306,"['en:meals', 'en:meals-with-fish', 'en:rice-dishes', 'en:meals-with-salmon', 'en:microwave-meals']",0,[],[],99.0,2.5,0.8,1.3,1.3,5.8,0.65
Buddha bowl à la libanaise,3270160863761,"['en:meals', 'en:frozen-foods', 'en:prepared-salads', 'en:combination-meals', 'en:frozen-ready-made-meals', 'en:microwave-meals', 'en:buddha-bowl']",0,[],[],146.0,6.5,1.5,5.1,4.6,6.2,0.47
Poulet Yassa,3270160863426,"['en:meals', 'en:meats-and-their-products', 'en:frozen-foods', 'en:meals-with-meat', 'en:poultry-meals', 'en:meals-with-chicken', 'en:microwave-meals', 'fr:poulet-yassa']",0,[],[],130.0,3.5,0.7,1.1,1.6,8.7,0.49
Smoky Veggii Chilli,5030101028158,"['en:meals', 'en:microwave-meals']",1,[],['en:e330'],89.0,2.1,0.2,2.9,5.1,4.6,0.252
Penne au saumon SAUCE À LA CRÈME FRAÎCHE ET AUX EPINARDS,3560071418748,"['en:plant-based-foods-and-beverages', 'en:plant-based-foods', 'en:meals', 'en:pasta-dishes', 'en:meals-with-fish', 'en:meals-with-salmon', 'en:microwave-meals', 'en:pasta-with-fish', 'en:pasta-with-salmon']",0,[],[],157.0,7.3,2.8,1.1,0.9,6.3,0.55
Indian style butter chicken,4260334163727,"['en:meals', 'en:meals-with-meat', 'en:rice-dishes', 'en:poultry-meals', 'en:meals-with-chicken', 'en:microwave-meals']",1,[],['en:e412'],144.0,7.1,3.9,1.7,1.2,5.3,0.55
Chicken Katsu Yakisoba,5056297000020,"['en:meals', 'en:microwave-meals']",11,[],"['en:e14xx', 'en:e150', 'en:e160', 'en:e220', 'en:e270', 'en:e300', 'en:e306', 'en:e330', 'en:e500', 'en:e501', 'en:e621']",159.0,5.16,0.467,5.33,,6.36,0.922
MEGABOX Radiatori BOEUF AU POIVRE,3560071488772,"['en:plant-based-foods-and-beverages', 'en:plant-based-foods', 'en:meals', 'en:pasta-dishes', 'en:pastas', 'en:meals-with-meat', 'en:beef-dishes', 'en:egg-pastas', 'en:microwave-meals', 'en:pots', 'fr:pates-alimentaires-cuites']",1,[],['en:e415'],157.0,4.6,2.1,3.8,0.8,6.6,0.53
Aligot de l'Aveyron et saucisse de Toulouse,3270160865314,"['en:frozen-foods', 'en:meals', 'en:meals-with-meat', 'en:microwave-meals', 'en:aligots', 'en:frozen-meals-with-meat']",0,[],[],167.0,11.0,5.5,0.5,0.9,11.0,0.95
Four Cheese Ravioli,00154222,"['en:meals', 'en:microwave-meals']",1,[],['en:e440'],160.0,7.7,3.2,3.5,1.1,7.6,2.035
Quinoa et légumes,3599741007128,"['en:plant-based-foods-and-beverages', 'en:plant-based-foods', 'en:fruits-and-vegetables-based-foods', 'en:vegetables-based-foods', 'en:frozen-foods', 'en:meals', 'en:vegetables', 'en:frozen-plant-based-foods', 'en:frozen-vegetables', 'en:frozen-plant-based-foods-mixes', 'en:mixed-vegetables', 'en:frozen-mixed-vegetables', 'en:microwave-meals', 'en:plant-based-meals']",0,[],[],71.0,2.0,0.2,2.2,2.6,3.1,0.69
Cabillaud sauce citron et riz aux légumes,2006050061822,"['en:frozen-foods', 'en:meals', 'en:meals-with-fish', 'en:rice-dishes', 'en:microwave-meals', 'en:meals-with-cod']",1,[],['en:e415'],105.0,3.8,1.3,0.7,0.8,6.8,0.27
Petites escalopes de volaille à la moutarde pommes de terre,3248830002123,"['en:meals', 'en:meals-with-meat', 'en:potato-dishes', 'en:poultry-meals', 'en:meals-with-chicken', 'en:microwave-meals']",0,[],[],95.0,3.0,0.7,0.6,1.1,8.9,0.78
Chicken shawarma,4056489903444,"['en:meals', 'en:meals-with-meat', 'en:poultry-meals', 'en:meals-with-chicken', 'en:microwave-meals']",0,[],[],100.0,1.7,0.2,1.5,2.6,9.4,0.001175
Linguine Façon Bolognaise Végétale,3270160895052,"['en:plant-based-foods-and-beverages', 'en:plant-based-foods', 'en:frozen-foods', 'en:meals', 'en:pasta-dishes', 'en:combination-meals', 'en:frozen-ready-made-meals', 'en:microwave-meals', 'en:plant-based-meals']",0,[],[],120.0,4.0,0.4,2.5,2.8,5.3,0.61
Confit de Canard du Sud-Ouest,3560070846818,"['en:meats-and-their-products', 'en:meals', 'en:meats', 'en:poultries', 'en:meals-with-meat', 'en:ducks', 'en:poultry-meals', 'en:duck-dishes', 'en:microwave-meals', 'en:duck-confit']",0,[],[],168.0,9.6,3.1,0.5,1.6,12.0,0.82
Pavé colin d'alaska,3021690022933,"['en:frozen-foods', 'en:meals', 'en:meals-with-fish', 'en:rice-dishes', 'en:microwave-meals', 'en:low-fat-prepared-meals']",1,[],['en:e14xx'],96.0,2.2,1.4,0.5,1.0,5.5,0.64
"Saint-Jacques Gratinées*-Fondue de poireaux et pommes de terre, Surgelées",3282740380216,"['en:frozen-foods', 'en:meals', 'en:frozen-ready-made-meals', 'en:meals-with-shellfish', 'en:microwave-meals', 'en:dishes-with-scallops', 'fr:plats-prepares-a-rechauffer-au-four-traditionnel']",2,[],"['en:e14xx', 'en:e450', 'en:e450i']",76.0,3.5,1.9,1.9,1.3,4.0,0.75
"Couscous oriental, poulet et boulgour",3021690019780,"['en:meats-and-their-products', 'en:meals', 'en:meals-with-meat', 'en:savory-semolina-dishes', 'en:poultry-meals', 'en:prepared-couscous', 'en:couscous-with-meat', 'en:meals-with-chicken', 'en:microwave-meals', 'en:chicken-couscous', 'en:couscous', 'en:low-fat-prepared-meals']",2,[],"['en:e14xx', 'en:e451']",94.0,2.5,0.5,1.0,2.2,5.8,0.69
Legumes à la campagnarde sauce moutarde,3270160873043,"['en:frozen-foods', 'en:meals', 'en:frozen-ready-made-meals', 'en:microwave-meals']",2,[],"['en:e228', 'en:e330']",121.0,7.3,4.4,0.7,2.7,2.3,0.6
So Soupe bouillabaisse,3270160137664,"['en:frozen-foods', 'en:meals', 'en:meals-with-fish', 'en:soups', 'en:reheatable-soups', 'en:frozen-ready-made-meals', 'en:microwave-meals', 'en:fish-soups', 'en:frozen-soups', 'fr:bouillabaisses']",1,[],['en:e164'],63.0,2.8,0.6,1.1,0.7,5.8,0.6
Blanquette de Veau et son riz,3564700653234,"['en:meats-and-their-products', 'en:meals', 'en:meals-with-meat', 'en:rice-dishes', 'en:beef-dishes', 'en:microwave-meals', 'en:veal-meat-dishes', 'en:veal-blanquette']",4,[],"['en:e14xx', 'en:e407a', 'en:e428', 'en:e451']",107.0,2.3,1.0,0.3,0.8,8.2,0.73
Lasagnes à la bolognaise à l'emmental,3270190256076,"['en:meats-and-their-products', 'en:meals', 'en:pasta-dishes', 'en:meals-with-meat', 'en:prepared-lasagne', 'en:beef-dishes', 'en:meat-lasagnas', 'en:microwave-meals', 'en:bolognese-lasagne']",1,[],['en:e14xx'],142.0,6.9,2.7,1.1,1.6,6.4,0.66
"Paella Royale, Surgelé",3564700018453,"['en:meats-and-their-products', 'en:frozen-foods', 'en:meals', 'en:meals-with-meat', 'en:rice-dishes', 'en:poultry-meals', 'en:frozen-ready-made-meals', 'en:meals-with-chicken', 'en:microwave-meals', 'en:paella']",4,[],"['en:e100', 'en:e14xx', 'en:e160c', 'en:e301']",111.0,3.2,0.8,1.5,1.2,6.9,1.0
"Galette de blé noir Jambon, emmental",20275020,"['en:meats-and-their-products', 'en:meals', 'en:crepes-and-galettes', 'en:meals-with-meat', 'en:pork-meals', 'en:refrigerated-foods', 'en:microwave-meals', 'en:refrigerated-meals', 'en:galettes', 'en:plain-buckwheat-crepes', 'fr:galettes-garnies']",1,[],['en:e407'],145.0,5.8,3.2,0.2,1.0,8.5,1.05
Trio de quinoa à la mexicaine,4056489193791,"['en:plant-based-foods-and-beverages', 'en:plant-based-foods', 'en:cereals-and-potatoes', 'en:seeds', 'en:cereals-and-their-products', 'en:meals', 'en:cereal-grains', 'en:microwave-meals', 'en:plant-based-meals', 'en:quinoa', 'en:quinoa-dishes']",0,[],[],103.0,1.9,0.3,1.4,4.0,4.3,0.56
Porc à la Dijonnaise et ses pommes de terre,3245414146068,"['en:meals', 'en:meats-and-their-products', 'en:meals-with-meat', 'en:pork-meals', 'en:microwave-meals', 'fr:porc-a-la-dijonnaise']",9,[],"['en:e14xx', 'en:e222', 'en:e223', 'en:e250', 'en:e300', 'en:e407', 'en:e412', 'en:e415', 'en:e451']",87.0,3.5,1.2,1.3,2.6,6.6,0.82
Moussaka,3564700423196,"['en:meats-and-their-products', 'en:meals', 'en:meals-with-meat', 'en:beef-dishes', 'en:microwave-meals', 'en:moussaka']",3,[],"['en:e14xx', 'en:e330', 'en:e415']",143.0,11.0,3.4,3.1,2.0,7.1,0.62
BARQUETTE Chili con carne et riz,3250391489237,"['en:meats-and-their-products', 'en:meals', 'en:meals-with-meat', 'en:microwave-meals', 'en:chili-con-carne', 'fr:autres-plats-cuisines-appertises']",2,[],"['en:e14xx', 'en:e412']",122.0,2.6,1.0,1.3,2.3,6.5,0.56
Poulet au riz Côté table,3564700653470,"['en:meats-and-their-products', 'en:meals', 'en:meats', 'en:poultries', 'en:meals-with-meat', 'en:rice-dishes', 'en:poultry-meals', 'en:meals-with-chicken', 'en:microwave-meals']",2,[],"['en:e100', 'en:e451']",99.0,1.8,0.7,0.5,1.0,6.1,0.9
Chef Select American Style Cheeseburger,20995324,"['en:meats-and-their-products', 'en:meals', 'en:sandwiches', 'en:meals-with-meat', 'en:pork-meals', 'en:cheeseburgers', 'en:hamburgers', 'en:microwave-meals']",2,[],"['en:e300', 'en:e472e']",303.0,16.8,6.5,3.4,,12.0,2.88
Rigatoni Aubergines Tomates et Ricotta,3302740059308,"['en:plant-based-foods-and-beverages', 'en:plant-based-foods', 'en:meals', 'en:pasta-dishes', 'en:pastas', 'en:microwave-meals', 'en:rigatoni']",0,[],[],175.0,9.7,2.6,3.5,1.4,5.1,0.74
Poulet basquaise et riz,3250391899227,"['en:meats-and-their-products', 'en:meals', 'en:meals-with-meat', 'en:rice-dishes', 'en:poultry-meals', 'en:meals-with-chicken', 'en:microwave-meals', 'en:chicken-basque-style']",4,[],"['en:e330', 'en:e412', 'en:e415', 'en:e579']",116.0,3.4,0.8,1.2,1.5,6.2,0.83
Saucisse grillée Purée de pomme de terre,3250392378967,"['en:meats-and-their-products', 'en:meals', 'en:meals-with-meat', 'en:pork-meals', 'en:microwave-meals', 'fr:saucisses-grille-puree-de-pommes-de-terre']",0,[],[],121.0,8.2,3.7,0.5,,6.0,1.21
Chicken tagliatelle,00937641,"['en:meals', 'en:meals-with-meat', 'en:poultry-meals', 'en:meals-with-chicken', 'en:microwave-meals']",1,[],['en:e440'],127.0,3.7,0.4,2.6,1.3,7.1,0.443
Rustlers Classic Quarter Pounder,5390605004073,"['en:meals', 'en:sandwiches', 'en:cheeseburgers', 'en:microwave-meals']",12,[],"['en:e160a', 'en:e160c', 'en:e202', 'en:e282', 'en:e300', 'en:e330', 'en:e331', 'en:e339', 'en:e451', 'en:e452', 'en:e471', 'en:e472e']",261.0,13.1,5.26,3.11,,12.9,1.35
Macaroni Cheese with Bacon,5033665211110,"['en:meals', 'en:pasta-dishes', 'en:microwave-meals']",3,[],"['en:e1105', 'en:e250', 'en:e300']",200.0,11.1,6.21,1.41,,9.47,0.768
Spaghetti Meatballs,5060121673847,"['en:meals', 'en:microwave-meals']",0,[],[],117.0,4.1,1.6,2.8,1.5,5.0,0.17
Vegetable biryani,00248877,"['en:meals', 'en:microwave-meals']",1,[],['en:e164'],120.0,4.95,0.4,3.2,2.15,2.27,35.9
Beef and Mushroom Stroganoff,00466691,"['en:meals', 'en:meals-with-meat', 'en:rice-dishes', 'en:beef-dishes', 'en:microwave-meals']",0,[],[],118.0,2.7,1.1,1.6,1.4,6.9,0.43
Soupe Kao Soi,3270160722600,"['en:frozen-foods', 'en:meals', 'en:soups', 'en:frozen-ready-made-meals', 'en:microwave-meals']",0,[],[],101.0,5.7,4.4,3.1,0.5,3.7,0.82
Hachis parmentier,3560070482818,"['en:meats-and-their-products', 'en:meals', 'en:meals-with-meat', 'en:beef-dishes', 'en:microwave-meals', 'en:beef-cottage-pies']",1,[],['en:e415'],101.0,5.6,2.5,0.8,1.4,7.5,0.43
Blanquette de Veau aux champignons & riz,20065645,"['en:meats-and-their-products', 'en:meals', 'en:meals-with-meat', 'en:rice-dishes', 'en:beef-dishes', 'en:microwave-meals', 'en:veal-meat-dishes', 'en:veal-blanquette']",8,[],"['en:e14xx', 'en:e300', 'en:e330', 'en:e407', 'en:e412', 'en:e415', 'en:e451', 'en:e452']",128.0,4.0,2.0,0.5,0.9,7.6,0.97
Festonate Carbonara,26013947,"['en:meats-and-their-products', 'en:meals', 'en:fresh-foods', 'en:pasta-dishes', 'en:meals-with-meat', 'en:fresh-meals', 'en:refrigerated-foods', 'en:instant-pasta', 'en:microwave-meals', 'en:refrigerated-meals']",3,[],"['en:e250', 'en:e316', 'en:e415']",167.0,7.3,3.3,3.0,1.0,6.8,0.65
Émincés de Filets de Poulet au curry,3435660690341,"['en:meats-and-their-products', 'en:meals', 'en:meats', 'en:chicken-and-its-products', 'en:poultries', 'en:meals-with-meat', 'en:chickens', 'en:cooked-poultries', 'en:poultry-meals', 'en:cooked-chicken', 'en:meals-with-chicken', 'en:microwave-meals', 'en:chicken-breasts', 'fr:eminces', 'fr:viandes-de-poulet']",5,[],"['en:e14xx', 'en:e160c', 'en:e262', 'en:e316', 'en:e326']",126.0,2.2,0.6,1.9,0.6,23.0,1.4
QUINOA & BOULGOUR A l'huile d'olive vierge extra 2%,3560071003562,"['en:plant-based-foods-and-beverages', 'en:plant-based-foods', 'en:meals', 'fr:cereales-preparees', 'en:microwave-meals', 'en:plant-based-meals']",0,[],[],181.0,3.9,0.7,0.5,5.7,7.2,0.69
Merlu blanc marinière et son riz basmati,3245412059377,"['en:meals', 'en:meals-with-fish', 'en:rice-dishes', 'en:microwave-meals', 'fr:plats-au-merlu']",2,[],"['en:e100', 'en:e415']",144.0,4.5,1.5,0.0,0.9,8.3,0.68
Riz au poulet et aux champignons,3560070739738,"['en:meats-and-their-products', 'en:meals', 'en:meals-with-meat', 'en:rice-dishes', 'en:poultry-meals', 'en:meals-with-chicken', 'en:microwave-meals']",3,[],"['en:e300', 'en:e330', 'en:e415']",131.0,4.5,1.6,0.8,0.7,4.2,0.75
Melanzane alla Parmigiana,20456436,"['en:plant-based-foods-and-beverages', 'en:plant-based-foods', 'en:fruits-and-vegetables-based-foods', 'en:vegetables-based-foods', 'en:frozen-foods', 'en:meals', 'en:vegetables', 'en:prepared-vegetables', 'en:aubergines', 'en:frozen-ready-made-meals', 'en:microwave-meals', 'fr:aubergines-preparees']",2,[],"['en:e14xx', 'en:e330']",140.0,11.3,3.0,3.33,1.33,4.0,1.0
Poulet sauce tandoori et riz aux épices,3270160897216,"['en:meats-and-their-products', 'en:frozen-foods', 'en:meals', 'en:meals-with-meat', 'en:rice-dishes', 'en:poultry-meals', 'en:meals-with-chicken', 'en:microwave-meals']",0,[],[],143.0,4.4,1.2,1.3,1.8,6.0,0.52
Aubergines à la Provençale,3560070520565,"['en:plant-based-foods-and-beverages', 'en:plant-based-foods', 'en:fruits-and-vegetables-based-foods', 'en:vegetable-based-foods-and-beverages', 'en:meals', 'en:vegetables-based-foods', 'en:frozen-foods', 'en:vegetables', 'en:frozen-plant-based-foods', 'en:frozen-vegetables', 'en:prepared-vegetables', 'en:microwave-meals', 'en:plant-based-meals', 'en:prepared-eggplants', 'en:aubergines', 'en:riste-with-eggplant-and-tomatoes-and-onions', 'fr:aubergines-a-la-provencale']",1,[],['en:e330'],79.0,5.4,0.6,4.0,2.4,1.1,0.98
Lasagne Bolognese,20002589,"['en:meats-and-their-products', 'en:meals', 'en:pasta-dishes', 'en:meals-with-meat', 'en:prepared-lasagne', 'en:pork-meals', 'en:meat-lasagnas', 'en:microwave-meals', 'en:bolognese-lasagne']",1,[],['en:e14xx'],147.0,7.5,2.6,2.0,1.5,6.5,0.7875
Parmentier de Poulet,3338310001347,"['en:meats-and-their-products', 'en:meals', 'en:fresh-foods', 'en:meals-with-meat', 'en:fresh-meals', 'en:poultry-meals', 'en:meals-with-chicken', 'en:microwave-meals', 'fr:parmentiers-de-poulet']",1,[],['en:e14xx'],180.0,12.0,4.3,1.5,,5.0,0.84
Sushi box,4056489371144,"['en:meals', 'en:sushi-and-maki', 'en:makis', 'en:microwave-meals', 'en:sushis', 'en:pots', 'en:sushi-medley', 'en:plats-prepares']",0,[],[],165.0,5.1,1.3,5.9,,5.7,2.0
raviolis vapeur,3366760043594,"['en:plant-based-foods-and-beverages', 'en:plant-based-foods', 'en:cereals-and-potatoes', 'en:cereals-and-their-products', 'en:meals', 'en:fresh-foods', 'en:pasta-dishes', 'en:pastas', 'en:stuffed-pastas', 'en:fresh-meals', 'en:ravioli', 'en:microwave-meals', 'en:chinese-raviolis', 'en:cooked-steamed-shrimp-dumplings', 'fr:ravioli-a-la-crevette']",5,[],"['en:e14xx', 'en:e223', 'en:e330', 'en:e412', 'en:e415']",133.0,1.9,0.3,1.4,0.0,5.4,1.1
Riz basmati nature micro-ondable 2 minutes sachet de 250g,3256220071444,"['en:plant-based-foods-and-beverages', 'en:plant-based-foods', 'en:cereals-and-potatoes', 'en:seeds', 'en:cereals-and-their-products', 'en:meals', 'en:cereal-grains', 'en:rices', 'en:aromatic-rices', 'en:indica-rices', 'en:long-grain-rices', 'en:microwave-meals', 'en:plant-based-meals', 'en:basmati-rices']",0,[],[],172.0,1.8,0.2,0.5,0.7,3.9,0.19
Liguine aux petites gambas,3248830000969,"['en:meals', 'en:frozen-foods', 'en:pasta-dishes', 'en:microwave-meals']",0,[],[],102.0,2.3,0.3,1.3,1.2,5.8,0.76
Fusilli Festonate,4056489276197,"['en:plant-based-foods-and-beverages', 'en:plant-based-foods', 'en:meals', 'en:pasta-dishes', 'en:pastas', 'en:instant-pasta', 'en:microwave-meals', 'en:pots']",1,[],['en:e415'],157.0,6.2,3.4,2.0,,6.4,0.54
Rigatoni all’ arrabbiata,3270160862153,"['en:plant-based-foods-and-beverages', 'en:plant-based-foods', 'en:frozen-foods', 'en:meals', 'en:pasta-dishes', 'en:frozen-ready-made-meals', 'en:microwave-meals']",1,[],['en:e270'],150.3,7.8,1.9,2.9,1.8,4.0,0.9
Khao soi,3175681281943,"['en:meals', 'en:microwave-meals']",0,[],[],72.0,3.9,1.8,1.0,3.4,3.7,0.5
Gyros Reis-Pfanne,4056489127291,"['en:meats-and-their-products', 'en:frozen-foods', 'en:meals', 'en:meals-with-meat', 'en:pork-meals', 'en:microwave-meals']",0,[],[],97.0,1.9,0.4,1.9,1.1,5.2,0.845
Nouilles chinoises aux légumes,3248830690399,"['en:plant-based-foods-and-beverages', 'en:plant-based-foods', 'en:cereals-and-potatoes', 'en:cereals-and-their-products', 'en:meals', 'en:pastas', 'en:noodles', 'en:chinese-noodles', 'en:microwave-meals']",0,[],[],129.0,4.0,0.4,1.7,2.4,4.0,0.67
Poulet Korma et riz,3379670017463,"['en:meats-and-their-products', 'en:meals', 'en:meals-with-meat', 'en:rice-dishes', 'en:poultry-meals', 'en:meals-with-chicken', 'en:microwave-meals', 'en:chicken-curry', 'en:chicken-with-curry-and-coconut-milk-sauce']",1,[],['en:e451'],135.0,4.0,2.5,0.2,1.4,7.8,0.74
Burrito-Bowl-Reis - Fach 14,4006237642637,"['en:meals', 'en:microwave-meals', 'de:mikrowellenreis']",0,[],[],139.0,3.2,0.4,1.4,2.3,2.8,0.57
Risotto au poulet aux champignons,3560071418731,"['en:meals', 'en:meats-and-their-products', 'en:frozen-foods', 'en:meals-with-meat', 'en:rice-dishes', 'en:poultry-meals', 'en:risottos', 'en:meals-with-chicken', 'en:microwave-meals', 'en:vegetable-risottos', 'en:chicken-risottos', 'en:mushroom-risottos']",0,[],[],110.0,3.9,1.9,0.7,0.5,6.1,0.66
Golden Veg Micro Rice,5054781024873,"['en:meals', 'en:microwave-meals']",2,[],"['en:e100', 'en:e412']",138.0,1.04,0.08,1.52,2.64,3.04,0.378
Mac & Cheese Original,0021000010875,"['en:meals', 'en:pasta-dishes', 'en:microwave-meals', 'en:macaroni-and-cheese', 'en:pasta-with-cheese-sauce']",7,[],"['en:e160b', 'en:e270', 'en:e330', 'en:e412', 'en:e415', 'en:e451', 'en:e451i', 'en:e471']",379.0,6.03,3.45,8.62,1.72,12.1,2.11
Poulet basquaise,3245360004924,"['en:meats-and-their-products', 'en:meals', 'en:meals-with-meat', 'en:rice-dishes', 'en:poultry-meals', 'en:meals-with-chicken', 'en:microwave-meals', 'en:chicken-basque-style']",0,[],[],130.0,4.4,1.1,0.8,1.2,8.1,0.73
Creamy cheese vegetable penne pasta,5000116109357,"['en:meals', 'en:pasta-dishes', 'en:microwave-meals', 'en:frozen-pasta']",0,[],[],122.0,3.7,1.0,2.0,,5.0,0.37
Mild Chicken Korma,5060121673809,"['en:meals', 'en:microwave-meals']",0,[],[],124.0,3.8,1.9,1.3,1.8,4.8,0.07
Paupiette de veau forestière avec riz,3188720000207,"['en:meats-and-their-products', 'en:meals', 'en:meats', 'en:meals-with-meat', 'en:beef-dishes', 'en:veal-meat', 'en:microwave-meals', 'en:veal-meat-dishes', 'en:olive-veal']",0,[],[],131.0,5.9,2.3,0.2,1.0,6.4,0.88
Duo de poissons riz cuisiné sauce beurre citron,3302740084690,"['en:meals', 'en:meals-with-fish', 'en:rice-dishes', 'en:microwave-meals']",0,[],[],130.0,4.9,2.0,1.3,1.1,5.0,0.59
Nana’s Mushroom Bolognese,5056684900094,"['en:meals', 'en:microwave-meals']",0,[],[],114.0,3.1,0.4,2.9,2.9,3.6,0.5
"Curry de légumes et pois chiches, duo de riz et risoni de lentilles corail",3270160895526,"['en:plant-based-foods-and-beverages', 'en:plant-based-foods', 'en:frozen-foods', 'en:meals', 'en:combination-meals', 'en:frozen-ready-made-meals', 'en:microwave-meals', 'en:plant-based-meals']",0,[],[],95.0,2.7,0.8,2.6,3.7,3.7,0.51
Riz soja légumes,3229820787329,"['en:plant-based-foods-and-beverages', 'en:plant-based-foods', 'en:meals', 'fr:cereales-preparees', 'en:microwave-meals', 'en:plant-based-meals']",0,[],[],144.0,4.6,0.7,1.3,6.2,7.6,0.8
Donburi au poulet,3270160861224,"['en:meats-and-their-products', 'en:frozen-foods', 'en:meals', 'en:meals-with-meat', 'en:rice-dishes', 'en:poultry-meals', 'en:frozen-ready-made-meals', 'en:meals-with-chicken', 'en:microwave-meals', 'fr:donburi']",0,[],[],147.0,2.3,0.4,2.3,0.6,6.7,0.65
Nasi Goreng,20416041,"['en:meats-and-their-products', 'en:frozen-foods', 'en:meals', 'en:meals-with-meat', 'en:poultry-meals', 'en:refrigerated-foods', 'en:frozen-ready-made-meals', 'en:meals-with-chicken', 'en:microwave-meals', 'en:refrigerated-meals']",2,[],"['en:e415', 'en:potassium-iodide']",136.0,3.5,0.4,2.6,2.5,6.6,1.33
Saucisse Grillée & Purée de Pomme de Terre,3188720001679,"['en:meats-and-their-products', 'en:meals', 'en:meals-with-meat', 'en:pork-meals', 'en:microwave-meals']",6,[],"['en:e224', 'en:e250', 'en:e262', 'en:e262i', 'en:e316', 'en:e330', 'en:e415']",121.0,7.9,3.4,0.5,,6.9,1.2
"Poulet bulgogi, kinchi et riz cuisiné",3270160866113,"['en:meats-and-their-products', 'en:frozen-foods', 'en:meals', 'en:meals-with-meat', 'en:rice-dishes', 'en:poultry-meals', 'en:frozen-ready-made-meals', 'en:meals-with-chicken', 'en:microwave-meals']",1,[],['en:e14xx'],142.0,4.1,0.7,2.0,0.3,6.9,0.5
"4 Coquilles Saint-Jacques* à la Bretonne, Surgelées",3165440370407,"['en:seafood', 'en:snacks', 'en:salty-snacks', 'en:appetizers', 'en:frozen-foods', 'en:meals', 'en:mollusc', 'en:frozen-ready-made-meals', 'en:meals-with-shellfish', 'en:microwave-meals', 'en:dishes-with-scallops', 'en:st-jacques-shells', 'fr:coquilles-saint-jacques-a-la-bretonne', 'fr:entrees-chaudes', 'fr:plats-prepares-a-rechauffer-au-four-traditionnel']",2,[],"['en:e14xx', 'en:e150a']",103.0,5.8,3.8,0.9,1.0,4.6,0.98
Carrefour Bio,3560070575855,"['en:plant-based-foods-and-beverages', 'en:plant-based-foods', 'en:meals', 'en:microwave-meals', 'en:plant-based-meals']",3,[],"['en:e300', 'en:e330', 'en:e412']",145.0,5.3,1.1,2.3,2.1,5.9,0.61
Lasagnes de légumes BIO - 300g,3250391967919,"['en:plant-based-foods-and-beverages', 'en:plant-based-foods', 'en:meals', 'en:pasta-dishes', 'en:prepared-lasagne', 'en:prepared-vegetables', 'en:microwave-meals', 'en:vegetable-lasagnas', 'en:vegetarian-lasagne', 'fr:lasagnes-plat-complet']",1,[],['en:e415'],59.0,0.2,0.1,3.7,2.2,2.1,0.65
Penne aux champignons à la crème,3270160598878,"['en:plant-based-foods-and-beverages', 'en:plant-based-foods', 'en:frozen-foods', 'en:meals', 'en:pasta-dishes', 'en:pastas', 'en:frozen-ready-made-meals', 'en:microwave-meals', 'en:penne']",1,[],['en:e1105'],164.0,4.9,2.1,0.7,1.6,4.7,0.4
Boeuf Bourguignon et Ses Pommes de Terre,3564700505281,"['en:meats-and-their-products', 'en:meals', 'en:meals-with-meat', 'en:beef-dishes', 'en:beef-stews', 'en:microwave-meals', 'en:boeufs-bourguignons']",4,[],"['en:e14xx', 'en:e150c', 'en:e407a', 'en:e451']",78.0,2.1,1.1,1.2,1.3,6.4,0.72
Tartiflette,3248830242383,"['en:meals', 'en:gratins', 'en:potato-gratin', 'en:refrigerated-foods', 'en:microwave-meals', 'en:refrigerated-meals', 'en:tartiflettes']",1,[],['en:e300'],152.0,8.5,4.9,2.6,1.1,5.4,0.67
Emincés de poulet sauce curry & son riz basmati,4056489138747,"['en:meats-and-their-products', 'en:meals', 'en:meats', 'en:chicken-and-its-products', 'en:poultries', 'en:meals-with-meat', 'en:rice-dishes', 'en:chickens', 'en:poultry-meals', 'en:meals-with-chicken', 'en:microwave-meals', 'en:chicken-curry']",3,[],"['en:e14xx', 'en:e331', 'en:e415']",107.0,3.5,1.3,0.4,0.5,6.5,0.7
Ravioli Tofu Tomates et Basilic,3259011203901,"['en:plant-based-foods-and-beverages', 'en:plant-based-foods', 'en:meals', 'en:fresh-foods', 'en:pasta-dishes', 'en:vegetable-based-foods-and-beverages', 'en:stuffed-pastas', 'en:ravioli', 'en:fresh-meals', 'en:pasta-stuffed-with-vegetables', 'en:microwave-meals', 'en:plant-based-meals', 'en:ravioli-with-vegetables', 'fr:raviolis-au-tofu']",0,[],[],111.0,3.1,0.4,2.9,3.8,3.8,0.74
Colin d'Alaska à la bordelaise MSC 400g,3250390024804,"['en:meals', 'en:frozen-foods', 'en:meals-with-fish', 'en:combination-meals', 'en:frozen-ready-made-meals', 'en:meals-with-cooked-white-fish', 'en:microwave-meals', 'en:fish-with-bordelaise-sauce', 'fr:colin-d-alaska-a-la-bordelaise', 'fr:colins-prepares', 'fr:poisson-en-sauce', 'fr:poissons-prepares']",1,[],['en:e415'],122.0,5.7,2.3,0.7,1.6,11.0,0.8
Joue de boeuf,3273230393793,"['en:meats-and-their-products', 'en:beef-and-its-products', 'en:meals', 'en:meats', 'en:beef', 'en:meals-with-meat', 'en:beef-dishes', 'en:microwave-meals', 'en:beef-cheek']",0,[],[],116.0,2.6,1.1,0.8,0.5,22.0,0.91
Colin d'Alaska à l'Oseille MSC,3250390380054,"['en:seafood', 'en:fishes-and-their-products', 'en:fishes', 'en:frozen-foods', 'en:meals', 'en:fish-preparations', 'en:meals-with-fish', 'en:frozen-ready-made-meals', 'en:meals-with-cooked-white-fish', 'en:microwave-meals', 'fr:colin-d-alaska-a-l-oseille', 'fr:colins-prepares', 'fr:plats-prepares-a-rechauffer-au-bain-marie', 'fr:poissons-prepares']",1,[],['en:e14xx'],84.0,3.9,2.7,0.5,0.5,8.7,0.74
Lasagnes à la bolognaise,3250390024842,"['en:meals', 'en:pasta-dishes', 'en:prepared-lasagne', 'en:meat-lasagnas', 'en:microwave-meals', 'en:bolognese-lasagne']",0,[],[],116.0,4.1,1.7,2.6,1.7,5.3,0.75
Tartiflette,3245390147943,"['en:meals', 'en:gratins', 'en:potato-gratin', 'en:microwave-meals', 'en:tartiflettes', 'fr:plats-prepares-a-rechauffer-au-four-traditionnel']",3,[],"['en:e250', 'en:e301', 'en:e330']",163.0,9.9,6.0,0.8,1.6,6.8,0.73
Filet de poulet et ses pommes de terre a la sarladaise,3560070722082,"['en:meats-and-their-products', 'en:meals', 'en:meals-with-meat', 'en:poultry-meals', 'en:meals-with-chicken', 'en:microwave-meals']",0,[],[],139.0,5.1,1.7,1.6,1.9,8.8,0.66
Tartiflette au Reblochon de Savoie AOP,3245360001107,"['en:meals', 'en:gratins', 'en:potato-gratin', 'en:microwave-meals', 'en:tartiflettes']",4,[],"['en:e160b', 'en:e160bii', 'en:e221', 'en:e223', 'en:e407']",134.0,7.8,4.7,0.4,,5.3,0.68
Bœuf Bourguignon Mitonné au Vin de Bourgogne,3181238930080,"['en:meats-and-their-products', 'en:meals', 'en:meals-with-meat', 'en:beef-dishes', 'en:refrigerated-foods', 'en:beef-stews', 'en:microwave-meals', 'en:refrigerated-meals', 'en:boeufs-bourguignons']",7,[],"['en:e14xx', 'en:e250', 'en:e262', 'en:e300', 'en:e301', 'en:e330', 'en:e392']",90.0,2.1,0.8,1.1,,13.0,1.075
Coquillettes Jambon,3560070758005,"['en:meals', 'en:pasta-dishes', 'en:microwave-meals', 'fr:coquillettes-jambon-fromage']",3,[],"['en:e14xx', 'en:e250', 'en:e316']",168.0,7.8,4.1,2.4,0.6,7.1,0.7
Tartiflette,3564700859421,"['en:meals', 'en:gratins', 'en:potato-gratin', 'en:microwave-meals', 'en:tartiflettes']",8,[],"['en:e14xx', 'en:e160b', 'en:e223', 'en:e250', 'en:e300', 'en:e316', 'en:e412', 'en:e415']",80.0,3.7,1.9,0.9,1.3,3.2,0.86
Tagliatelles aux Œufs Frais à la Carbonara,3564700361870,"['en:plant-based-foods-and-beverages', 'en:plant-based-foods', 'en:meats-and-their-products', 'en:meals', 'en:pasta-dishes', 'en:pastas', 'en:meals-with-meat', 'en:noodles', 'en:egg-pastas', 'en:pork-meals', 'en:microwave-meals', 'en:carbonara-style-pasta', 'en:egg-noodles', 'en:egg-tagliatelle', 'en:tagliatelle-with-carbonara']",2,[],"['en:e250', 'en:e301']",175.0,9.5,4.9,0.6,1.2,6.9,0.66
Pavé de merlu sauce citronnée riz safrané - 300g,3250392367039,"['en:meals', 'en:meals-with-fish', 'en:rice-dishes', 'en:microwave-meals', 'fr:plats-au-merlu', 'fr:poissons-feculents-plat-complet']",7,[],"['en:e100', 'en:e14xx', 'en:e160c', 'en:e164', 'en:e330', 'en:e412', 'en:e415']",126.0,3.9,1.3,0.0,1.1,6.2,0.56
Emincés de bœuf sauce au poivre,3248830000976,"['en:meats-and-their-products', 'en:meals', 'en:meals-with-meat', 'en:beef-dishes', 'en:microwave-meals']",0,[],[],145.0,8.8,5.1,1.0,0.9,7.5,0.64
Chicken & bacon pasta bake,00221719,"['en:meats-and-their-products', 'en:meals', 'en:pasta-dishes', 'en:meals-with-meat', 'en:refrigerated-foods', 'en:microwave-meals', 'en:refrigerated-meals']",3,[],"['en:e250', 'en:e301', 'en:e440']",160.0,6.7,2.6,1.4,0.7,9.5,1.57
Tomato & Basil Spaghetti,00997362,"['en:meals', 'en:refrigerated-foods', 'en:microwave-meals', 'en:refrigerated-meals']",1,[],['en:e440'],113.0,3.7,1.2,2.0,1.0,3.7,0.54
Boil in Bag Wholegrain Rice,5410673003690,"['en:plant-based-foods-and-beverages', 'en:plant-based-foods', 'en:cereals-and-potatoes', 'en:seeds', 'en:cereals-and-their-products', 'en:meals', 'en:cereal-grains', 'en:rices', 'en:microwave-meals', 'en:pots', 'en:rice-in-pots']",0,[],[],167.0,1.0,0.2,0.5,1.5,3.8,0.01
Long Grain Micro Rice,5054781024811,"['en:plant-based-foods-and-beverages', 'en:plant-based-foods', 'en:cereals-and-potatoes', 'en:seeds', 'en:cereals-and-their-products', 'en:meals', 'en:cereal-grains', 'en:rices', 'en:long-grain-rices', 'en:microwave-meals']",0,[],[],148.0,0.7,0.1,0.5,2.24,3.2,0.02
Chicken chow mein,5054269267976,"['en:meals', 'en:meals-with-meat', 'en:poultry-meals', 'en:meals-with-chicken', 'en:microwave-meals']",0,[],[],97.8,2.8,0.375,1.43,1.1,7.72,0.642
Cassolette BIO de ravioles & courgettes sauce tomate au basilic,3266140063252,"['en:condiments', 'en:meals', 'en:pasta-dishes', 'en:stuffed-pastas', 'en:sauces', 'en:meal-sauces', 'en:tomato-sauces', 'fr:ravioles', 'en:microwave-meals', 'en:tomato-sauces-with-basil']",0,[],[],205.0,13.0,8.2,1.9,,6.6,0.86
Cottage pie,5032824017303,"['en:meals', 'en:microwave-meals']",1,[],['en:e330'],73.2,2.7,1.3,3.9,1.9,4.62,0.46
Chicken & Veg Risotto,5060121673885,"['en:meals', 'en:microwave-meals']",0,[],[],99.0,3.7,1.7,1.8,1.9,6.5,0.16
MEGA BOX Radiatori CARBONARA,3560071477301,"['en:meals', 'en:microwave-meals', 'en:pots']",1,[],['en:e415'],152.0,6.0,2.2,1.1,0.8,7.1,0.54
Poulet tikka riz basmati,2006050138258,"['en:meals', 'en:frozen-foods', 'en:meals-with-meat', 'en:rice-dishes', 'en:poultry-meals', 'en:meals-with-chicken', 'en:microwave-meals', 'en:chicken-tikka-masala']",2,[],"['en:e220', 'en:e415']",142.0,4.5,1.7,2.4,0.5,8.3,0.78
Parmentier de canard confit à la sarladaise,3248830002130,"['en:meals', 'en:frozen-foods', 'en:meals-with-meat', 'en:poultry-meals', 'en:duck-dishes', 'en:microwave-meals', 'en:shepherd-s-pie-with-duck']",0,[],[],180.0,11.0,3.4,1.8,1.5,6.5,0.65
Protein Sweet & Sour Chicken,4061462108532,"['en:meals', 'en:meals-with-meat', 'en:poultry-meals', 'en:meals-with-chicken', 'en:microwave-meals']",1,[],['en:e150a'],92.6,1.34,0.211,3.68,0.921,8.05,0.353
Sauté de Veau & petits légumes,20165673,"['en:meats-and-their-products', 'en:meals', 'en:meals-with-meat', 'en:beef-dishes', 'en:microwave-meals', 'en:veal-meat-dishes', 'fr:saute-de-veau']",7,[],"['en:e14xx', 'en:e300', 'en:e330', 'en:e415', 'en:e451', 'en:e452', 'en:e631']",55.0,1.9,0.8,0.9,1.3,5.1,0.9
Conchiglioni farcis au fromage Corse et au jambon fumé,3270160860173,"['en:frozen-foods', 'en:meals', 'en:pasta-dishes', 'en:gratins', 'en:frozen-ready-made-meals', 'en:microwave-meals', 'en:pasta-gratin']",0,[],[],130.0,6.7,3.5,2.8,1.4,6.2,0.61
Quinoa pois chiches,3229820188737,"['en:plant-based-foods-and-beverages', 'en:plant-based-foods', 'en:seeds', 'en:meals', 'en:microwave-meals', 'en:plant-based-meals']",0,[],[],154.0,2.7,0.3,0.4,4.3,5.7,0.56
Poulet karaage,3270160864287,"['en:meats-and-their-products', 'en:frozen-foods', 'en:meals', 'en:meals-with-meat', 'en:rice-dishes', 'en:poultry-meals', 'en:frozen-ready-made-meals', 'en:meals-with-chicken', 'en:microwave-meals']",6,[],"['en:e14xx', 'en:e341', 'en:e412', 'en:e415', 'en:e450', 'en:e500']",189.0,7.9,0.7,2.4,1.2,5.1,0.8
"Boulgour au cumin, sauce piquante et boulettes au pois chiche",3560071180515,"['en:plant-based-foods-and-beverages', 'en:plant-based-foods', 'en:cereals-and-potatoes', 'en:cereals-and-their-products', 'en:meals', 'en:groats', 'en:microwave-meals', 'en:plant-based-meals', 'en:bulgur-dishes']",0,[],[],119.0,4.1,0.9,1.3,2.8,6.7,0.73
Pastabox tortellini jambon,3242272250555,"['en:plant-based-foods-and-beverages', 'en:plant-based-foods', 'en:cereals-and-potatoes', 'en:cereals-and-their-products', 'en:meals', 'en:fresh-foods', 'en:pasta-dishes', 'en:pastas', 'en:stuffed-pastas', 'en:fresh-meals', 'en:instant-pasta', 'en:microwave-meals', 'en:pots']",8,[],"['en:e202', 'en:e250', 'en:e262', 'en:e262i', 'en:e270', 'en:e301', 'en:e316', 'en:e407a', 'en:e451']",149.0,5.71,3.29,1.21,1.75,7.86,0.772
Parmentier de poulet,3021690025019,"['en:meals', 'en:meals-with-meat', 'en:beef-dishes', 'en:poultry-meals', 'en:meals-with-chicken', 'en:microwave-meals', 'en:beef-cottage-pies', 'fr:parmentiers-de-poulet']",2,[],"['en:e14xx', 'en:e223']",69.0,2.5,1.0,0.5,1.2,3.8,0.79
"Colin d'Alaska à la Florentine, Surgelé",3245413161840,"['en:seafood', 'en:frozen-foods', 'en:meals', 'en:gratins', 'en:meals-with-fish', 'en:fish-gratin', 'en:frozen-ready-made-meals', 'en:microwave-meals', 'fr:colins-d-alaska-a-la-florentine', 'fr:plats-prepares-a-rechauffer-au-four-traditionnel', 'fr:plats-a-base-de-colin']",2,[],"['en:e14xx', 'en:e150a']",94.0,4.0,2.6,1.4,1.6,10.0,0.63
Les cocottes - Petit salé aux lentilles,3261051670407,"['en:meats-and-their-products', 'en:meals', 'en:meals-with-meat', 'en:lentil-dishes', 'en:microwave-meals', 'en:salt-cured-pork-belly-with-lentils']",3,[],"['en:e331', 'en:e412', 'en:e415']",117.0,3.5,1.3,0.9,2.9,8.9,1.0
grignottes rôties en sac,3266980119881,"['en:meats-and-their-products', 'en:meals', 'en:meats', 'en:chicken-and-its-products', 'en:poultries', 'en:chickens', 'en:cooked-poultries', 'en:refrigerated-foods', 'en:cooked-chicken', 'en:microwave-meals', 'en:refrigerated-meals', 'en:chicken-drumsticks']",1,[],['en:e407'],184.0,11.0,3.0,1.0,0.0,20.0,1.3
Palets aux légumes du soleil,3560070379026,"['en:frozen-foods', 'en:meals', 'en:combination-meals', 'en:frozen-ready-made-meals', 'en:microwave-meals']",1,[],['en:e14xx'],122.0,7.4,0.8,2.8,2.3,3.3,0.63
Parmentier de Morue à la crème fraîche et au beurre,3560070748969,"['en:meals', 'en:meals-with-fish', 'en:microwave-meals', 'en:cod-brandade', 'fr:parmentiers-de-morue']",2,[],"['en:e412', 'en:e415']",78.0,3.2,2.7,0.9,1.3,4.0,0.82
colin d'Alaska à la parisienne,3245414091221,"['en:seafood', 'en:fishes-and-their-products', 'en:fishes', 'en:frozen-foods', 'en:meals', 'en:fish-preparations', 'en:meals-with-fish', 'en:frozen-ready-made-meals', 'en:microwave-meals', 'fr:colins-d-alaska-a-la-parisienne', 'fr:colins-prepares', 'fr:plats-prepares-a-rechauffer-au-bain-marie', 'fr:poissons-prepares']",0,[],[],75.0,2.5,1.0,0.9,0.5,9.5,0.47
Xtrembox radiatori lardons raclette,3242272262558,"['en:meals', 'en:pasta-dishes', 'en:instant-pasta', 'en:microwave-meals', 'en:pots']",5,[],"['en:e202', 'en:e235', 'en:e250', 'en:e262', 'en:e262i', 'en:e316']",184.0,8.0,4.4,0.5,1.6,9.7,0.77
Hachis Parmentier,3245413955470,"['en:meats-and-their-products', 'en:meals', 'en:meals-with-meat', 'en:beef-dishes', 'en:microwave-meals', 'en:beef-cottage-pies']",0,[],[],112.0,5.9,2.7,0.5,1.4,5.9,0.81
Soupe aux pois cassés,3431590007228,"['en:plant-based-foods-and-beverages', 'en:plant-based-foods', 'en:fruits-and-vegetables-based-foods', 'en:meals', 'en:soups', 'en:reheatable-soups', 'en:vegetable-soups', 'en:microwave-meals', 'en:plant-based-meals', 'en:reheatable-vegetable-soups', 'en:split-peas-soup']",0,[],[],67.0,2.2,0.2,1.0,1.9,3.2,0.6
Hachis parmentier,3248830116547,"['en:meats-and-their-products', 'en:frozen-foods', 'en:meals', 'en:meals-with-meat', 'en:beef-dishes', 'en:combination-meals', 'en:frozen-ready-made-meals', 'en:microwave-meals', 'en:beef-cottage-pies']",0,[],[],124.0,6.2,3.4,2.3,1.3,6.4,0.61
Colin d'Alaska sauce à la bordelaise,3596710435418,"['en:seafood', 'en:fishes-and-their-products', 'en:fishes', 'en:meals', 'en:frozen-foods', 'en:frozen-seafood', 'en:meals-with-fish', 'en:combination-meals', 'en:frozen-fishes', 'en:frozen-ready-made-meals', 'en:meals-with-cooked-white-fish', 'en:microwave-meals']",0,[],[],128.0,6.2,1.1,1.0,0.5,11.0,0.92
Poulet Tikka Massala,5413110011326,"['en:meals', 'en:meats-and-their-products', 'en:meals-with-meat', 'en:rice-dishes', 'en:poultry-meals', 'en:meals-with-chicken', 'en:microwave-meals', 'en:chicken-tikka-masala', 'en:chicken-tikka-massala', 'fr:poulet-tikka-massala']",3,[],"['en:e162', 'en:e412', 'en:e415']",179.0,8.8,2.9,2.4,1.0,5.8,0.48
6 Empanadas au bœuf,3270160862283,"['en:frozen-foods', 'en:meals', 'en:meals-with-meat', 'en:beef-dishes', 'en:combination-meals', 'en:frozen-ready-made-meals', 'en:microwave-meals', 'en:frozen-meals-with-meat', 'fr:empanadas-au-boeuf']",0,[],[],341.0,21.0,13.0,2.8,2.3,8.8,1.1
Tagliatelles au Saumon À LA CIBOULETTE,3560070763573,"['en:meals', 'en:pasta-dishes', 'en:meals-with-fish', 'en:meals-with-salmon', 'en:microwave-meals', 'en:pasta-with-fish', 'en:pasta-with-salmon']",1,[],['en:e415'],150.0,6.6,2.5,1.4,0.8,6.2,0.61
Moussaka,3292590879525,"['en:meats-and-their-products', 'en:frozen-foods', 'en:meals', 'en:meals-with-meat', 'en:beef-dishes', 'en:frozen-ready-made-meals', 'en:microwave-meals', 'en:moussaka']",2,[],"['en:e14xx', 'en:e300']",130.0,9.2,2.8,2.8,2.4,6.6,0.89
Hachis Parmentier,3564700329085,"['en:meats-and-their-products', 'en:meals', 'en:fresh-foods', 'en:meals-with-meat', 'en:beef-dishes', 'en:fresh-meals', 'en:microwave-meals', 'en:beef-cottage-pies']",2,[],"['en:e14xx', 'en:e471']",134.0,7.9,3.5,1.7,1.2,6.5,0.8
Plat cuisiné Poulet basquaise et riz blanc micro-ondable 300g,3256228125552,"['en:meats-and-their-products', 'en:meals', 'en:meals-with-meat', 'en:rice-dishes', 'en:poultry-meals', 'en:meals-with-chicken', 'en:microwave-meals', 'en:chicken-basque-style']",4,[],"['en:e330', 'en:e412', 'en:e415', 'en:e579']",111.0,3.2,0.6,1.8,1.5,7.0,0.88
Pasta mit Lachs,4061458042086,"['en:plant-based-foods-and-beverages', 'en:plant-based-foods', 'en:frozen-foods', 'en:meals', 'en:pasta-dishes', 'en:microwave-meals', 'de:gefrorene-fertiggerichte']",0,[],[],131.0,5.8,2.3,1.7,1.0,5.1,0.55
Cassoulet au Confit de Canard,3560070610563,"['en:meats-and-their-products', 'en:meals', 'en:fresh-foods', 'en:meals-with-meat', 'en:pork-meals', 'en:poultry-meals', 'en:refrigerated-foods', 'en:bean-dishes', 'en:duck-dishes', 'en:microwave-meals', 'en:refrigerated-meals', 'en:cassoulets', 'en:cassoulets-with-duck-confit']",1,[],['en:e14xx'],140.0,7.9,2.5,0.8,3.0,11.0,0.79
Penne aux légumes et basilic Plat Veggie d'aucy 300g,3017800506189,"['en:plant-based-foods-and-beverages', 'en:plant-based-foods', 'en:canned-foods', 'en:meals', 'en:pasta-dishes', 'en:combination-meals', 'en:canned-meals', 'en:microwave-meals', 'en:ready-to-eat-combination-meals']",1,[],['en:e412'],104.0,3.7,1.7,2.3,2.5,4.1,0.74
Express Reis Parboiled Mexikanische Art,4061461543921,"['en:plant-based-foods-and-beverages', 'en:plant-based-foods', 'en:cereals-and-potatoes', 'en:seeds', 'en:cereals-and-their-products', 'en:meals', 'en:cereal-grains', 'en:rices', 'en:microwave-meals']",0,[],[],152.0,2.7,0.4,2.3,,3.3,0.68
tikka masala légumes et coco,3760257091349,"['en:meals', 'en:microwave-meals', 'fr:tikka-masala-legumes-et-coco', 'fr:emince-vegetal']",0,[],[],134.0,4.7,3.4,1.9,1.8,4.0,0.67
MEGA BOX Radiatori BOLOGNAISE,3560071488925,"['en:meals', 'en:pasta-dishes', 'en:instant-pasta', 'en:microwave-meals']",1,[],['en:e415'],143.0,4.9,1.4,2.7,1.3,6.1,0.52
Butter Chicken with Basmati Rice,00990325,"['en:meats-and-their-products', 'en:meals', 'en:meals-with-meat', 'en:rice-dishes', 'en:poultry-meals', 'en:meals-with-chicken', 'en:microwave-meals']",1,[],['en:e330'],113.0,3.67,1.27,0.847,0.565,6.78,0.452
Chicken tikka au poulet,4260334163789,"['en:meals', 'en:frozen-foods', 'en:meals-with-meat', 'en:rice-dishes', 'en:poultry-meals', 'en:meals-with-chicken', 'en:microwave-meals', 'en:chicken-tikka-masala']",2,[],"['en:e412', 'en:e471']",129.0,5.4,3.0,1.8,1.2,6.9,0.78
BBQ Beef Yakisoba,5056297000723,"['en:plant-based-foods-and-beverages', 'en:plant-based-foods', 'en:meats-and-their-products', 'en:beef-and-its-products', 'en:meals', 'en:meats', 'en:beef', 'en:pastas', 'en:noodles', 'en:microwave-meals']",13,[],"['en:e1400', 'en:e14xx', 'en:e150', 'en:e1510', 'en:e220', 'en:e260', 'en:e300', 'en:e330', 'en:e415', 'en:e500', 'en:e501', 'en:e621', 'en:e635']",123.0,3.42,0.675,4.95,,5.6,0.639
Red Thai Chicken Curry,00466820,"['en:meats-and-their-products', 'en:meals', 'en:meats', 'en:chicken-and-its-products', 'en:poultries', 'en:meals-with-meat', 'en:rice-dishes', 'en:chickens', 'en:cooked-poultries', 'en:poultry-meals', 'en:refrigerated-foods', 'en:cooked-chicken', 'en:meals-with-chicken', 'en:microwave-meals', 'en:refrigerated-meals', 'en:chicken-curry']",0,[],[],113.0,2.4,1.2,1.0,1.3,6.7,0.4
Chicken chow mein,01235005,"['en:meals', 'en:microwave-meals']",1,[],['en:e150a'],93.0,2.7,0.4,1.4,,7.4,0.58
Chicken arrabiata,5000128622561,"['en:condiments', 'en:meals', 'en:sauces', 'en:microwave-meals', 'en:groceries']",0,[],[],121.0,2.5,0.4,2.5,1.5,7.0,0.379
Chicken salad,8008110035686,"['en:meats-and-their-products', 'en:meals', 'en:meats', 'en:chicken-and-its-products', 'en:poultries', 'en:chickens', 'en:cooked-poultries', 'en:cooked-chicken', 'en:microwave-meals']",4,[],"['en:e267', 'en:e301', 'en:e407', 'en:e452']",105.0,1.7,0.5,0.0,0.0,20.0,1.6
Choux cuisinés & Crozets 330g,3083681161311,"['en:plant-based-foods-and-beverages', 'en:plant-based-foods', 'en:meals', 'en:prepared-vegetables', 'en:microwave-meals', 'en:vegetables-prepared-processed-frozen']",0,[],[],127.0,7.9,1.6,1.9,2.3,4.0,0.68
Sodebo all'italiana jambon speck poivrons ricotta,3242271000427,"['en:plant-based-foods-and-beverages', 'en:plant-based-foods', 'en:meals', 'en:pasta-dishes', 'en:pastas', 'en:fresh-pasta', 'en:instant-pasta', 'en:microwave-meals']",4,[],"['en:e250', 'en:e301', 'en:e316', 'en:e330']",195.0,8.3,3.2,1.1,2.6,11.0,0.95
Red Thai Curry,4061459674446,"['en:frozen-foods', 'en:meals', 'en:pasta-dishes', 'en:microwave-meals', 'de:asia-nudelgericht-mit-roter-currysauce', 'de:dampfgargericht']",0,[],[],105.0,4.4,2.9,4.1,2.2,2.6,0.6
Gunpowder Chickpea Jalfrezi,5056684900179,"['en:condiments', 'en:meals', 'en:rice-dishes', 'en:sauces', 'en:microwave-meals']",1,[],['en:e160c'],125.0,4.1,0.5,2.8,2.9,3.1,0.4
Aji de Gallina,3270160863709,"['en:frozen-foods', 'en:meals', 'en:meals-with-meat', 'en:poultry-meals', 'en:meals-with-chicken', 'en:microwave-meals', 'en:frozen-meals-with-meat']",1,[],['en:e260'],118.0,3.6,0.6,1.6,0.9,7.4,0.67
Thai Green Lentil Curry,5056215600738,"['en:meals', 'en:microwave-meals']",2,[],"['en:e160c', 'en:e330']",99.0,2.5,2.2,1.2,3.1,5.4,0.0016
Lentilles Petits Légumes Tofu Fumé,3229820794457,"['en:plant-based-foods-and-beverages', 'en:plant-based-foods', 'en:legumes-and-their-products', 'en:legumes', 'en:seeds', 'en:legume-seeds', 'en:meals', 'en:pulses', 'en:lentils', 'en:microwave-meals', 'en:plant-based-meals', 'en:prepared-lentils']",0,[],[],104.0,1.7,0.2,1.8,3.4,6.5,0.53
"Riz, Soja, Sésame au naturel",3175681061491,"['en:plant-based-foods-and-beverages', 'en:plant-based-foods', 'en:legumes-and-their-products', 'en:cereals-and-potatoes', 'en:legumes', 'en:seeds', 'en:cereals-and-their-products', 'en:meals', 'en:cereal-grains', 'en:fresh-foods', 'en:fresh-plant-based-foods', 'en:rice-dishes', 'fr:cereales-preparees', 'en:microwave-meals', 'en:plant-based-meals', 'en:low-fat-prepared-meals', 'en:mix-of-cereals-and-legumes']",0,[],[],196.0,7.9,1.4,1.2,8.5,9.0,0.43
Bibimbap,3270160866120,"['en:meats-and-their-products', 'en:frozen-foods', 'en:meals', 'en:meals-with-meat', 'en:rice-dishes', 'en:beef-dishes', 'en:frozen-ready-made-meals', 'en:microwave-meals', 'fr:bibimbap']",1,[],['en:e14xx'],147.0,6.9,1.3,2.1,0.9,5.8,0.82
Bœuf bourguignon pommes de terre et carottes,3261051670209,"['en:meats-and-their-products', 'en:meals', 'en:meals-with-meat', 'en:beef-dishes', 'en:beef-stews', 'en:microwave-meals', 'en:boeufs-bourguignons']",3,[],"['en:e14xx', 'en:e451', 'en:e452']",65.0,1.0,0.3,1.4,1.6,5.8,0.9
Coquillettes jambon fumé & emmental,20534721,"['en:plant-based-foods-and-beverages', 'en:plant-based-foods', 'en:meals', 'en:pasta-dishes', 'en:pastas', 'en:microwave-meals', 'fr:coquillettes', 'fr:coquillettes-jambon-fromage']",0,[],[],164.0,7.7,3.0,1.0,0.7,7.3,0.61
Riz cuisiné légumes et poulet,3456300010503,"['en:snacks', 'en:meats-and-their-products', 'en:salty-snacks', 'en:appetizers', 'en:chips-and-fries', 'en:meals', 'en:crisps', 'en:meals-with-meat', 'en:poultry-meals', 'en:meals-with-chicken', 'en:microwave-meals']",0,[],[],125.0,3.1,0.7,1.2,1.5,3.6,0.7
Coquilles Saint-Jacques à la Bretonne,3165440302507,"['en:seafood', 'en:snacks', 'en:salty-snacks', 'en:appetizers', 'en:frozen-foods', 'en:meals', 'en:mollusc', 'en:combination-meals', 'en:scallop', 'en:frozen-ready-made-meals', 'en:meals-with-shellfish', 'en:microwave-meals', 'en:scallops-with-coral', 'en:dishes-with-scallops', 'en:frozen-scallops-with-coral', 'en:frozen-snacks-and-starters', 'en:st-jacques-shells', 'fr:coquilles-saint-jacques-a-la-bretonne', 'fr:entrees-chaudes', 'fr:plats-prepares-a-rechauffer-au-four-traditionnel']",2,[],"['en:e14xx', 'en:e150a']",104.0,6.1,4.0,1.0,0.7,4.8,0.89
Lasagnes à la Bolognaise (Pur Bœuf) Bio,3188720060102,"['en:meats-and-their-products', 'en:meals', 'en:pasta-dishes', 'en:meals-with-meat', 'en:prepared-lasagne', 'en:beef-dishes', 'en:meat-lasagnas', 'en:microwave-meals', 'en:bolognese-lasagne']",0,[],[],126.0,5.8,2.4,3.2,2.2,7.3,1.0
Saucisse grillée,3245362341959,"['en:meats-and-their-products', 'en:meals', 'en:meals-with-meat', 'en:pork-meals', 'en:microwave-meals']",1,[],['en:e407'],146.0,8.7,3.4,0.8,,5.8,0.9
Plat cuisiné Merlu blanc sauce citron et riz barquette micro-ondable de 300g,3256220661263,"['en:meals', 'en:meals-with-fish', 'en:rice-dishes', 'en:microwave-meals', 'fr:plats-au-merlu']",0,[],[],115.0,2.8,1.0,0.5,1.2,5.7,0.6
"Tofu Épeautre, butternut, châtaignes",3560071083359,"['en:plant-based-foods-and-beverages', 'en:plant-based-foods', 'en:meals', 'en:microwave-meals', 'en:plant-based-meals']",1,[],['en:e330'],133.0,3.7,0.6,2.2,3.2,6.3,0.58
Pizzatasche Bolognese,20637996,"['en:meats-and-their-products', 'en:frozen-foods', 'en:meals', 'en:pizzas-pies-and-quiches', 'en:meals-with-meat', 'en:pizzas', 'en:beef-dishes', 'en:frozen-pizzas-and-pies', 'en:microwave-meals', 'en:frozen-pizzas']",3,[],"['en:e450', 'en:e450i', 'en:e500', 'en:e500ii', 'en:e920']",240.0,7.8,3.4,3.2,,9.7,1.21
Paëlla,3564700653395,"['en:meats-and-their-products', 'en:meals', 'en:meals-with-meat', 'en:rice-dishes', 'en:poultry-meals', 'en:meals-with-chicken', 'en:microwave-meals', 'en:paella']",2,[],"['en:e100', 'en:e451']",135.0,3.2,0.7,0.6,1.1,6.0,0.9
Riz Cantonais,3564700571590,"['en:frozen-foods', 'en:meals', 'fr:cereales-preparees', 'en:frozen-ready-made-meals', 'en:microwave-meals', 'en:prepared-rices', 'en:fried-rice']",9,[],"['en:e14xx', 'en:e250', 'en:e301', 'en:e330', 'en:e407', 'en:e412', 'en:e415', 'en:e428', 'en:e450']",125.0,2.2,0.4,0.8,0.7,5.1,0.64
Sauté de porc à la tomate et aux olives,3270160158225,"['en:meats-and-their-products', 'en:frozen-foods', 'en:meals', 'en:meals-with-meat', 'en:pork-meals', 'en:frozen-ready-made-meals', 'en:microwave-meals']",1,[],['en:e330'],133.0,8.1,2.33,1.57,1.9,12.4,0.71
Plat cuisiné Petit salé aux lentilles barquette micro-ondable de 300g,3256220496384,"['en:meats-and-their-products', 'en:meals', 'en:meals-with-meat', 'en:pork-meals', 'en:lentil-dishes', 'en:microwave-meals', 'en:salt-cured-pork-belly-with-lentils']",2,[],"['en:e300', 'en:e509']",108.0,4.0,1.3,1.0,2.7,9.2,0.72
Poêlée Savoyarde & lardons fumés,3302746298022,"['en:meats-and-their-products', 'en:meals', 'en:meals-with-meat', 'en:pan-fried-dishes', 'en:pork-meals', 'en:microwave-meals', 'fr:poelees-savoyardes']",2,[],"['en:e160b', 'en:e160bii', 'en:e300']",187.0,11.0,3.0,1.5,1.4,5.4,0.61
"Lentilles, Riz et Soja",3259011178827,"['en:plant-based-foods-and-beverages', 'en:plant-based-foods', 'en:legumes-and-their-products', 'en:legumes', 'en:seeds', 'en:legume-seeds', 'en:meals', 'en:pulses', 'en:lentils', 'en:microwave-meals', 'en:plant-based-meals', 'en:prepared-lentils']",0,[],[],153.0,6.4,1.1,1.6,8.9,6.4,0.72
Colin d'Alaska sauce citron et riz,3560070343935,"['en:meals', 'en:meals-with-fish', 'en:rice-dishes', 'en:microwave-meals', 'fr:plats-prepares-a-rechauffer-au-bain-marie']",5,[],"['en:e14xx', 'en:e300', 'en:e330', 'en:e412', 'en:e415']",101.0,2.7,1.4,0.9,0.9,6.8,0.3
Escalope de Dinde Milanaise et Spaghetti Sauce Basilic,3564700577264,"['en:meats-and-their-products', 'en:meals', 'en:meats', 'en:pasta-dishes', 'en:poultries', 'en:meals-with-meat', 'en:poultry-meals', 'en:microwave-meals']",1,[],['en:e392'],147.0,5.2,0.8,2.0,1.7,7.7,0.61
Colin d'Alaska à la parisienne MSC 450g,3250390024781,"['en:seafood', 'en:fishes-and-their-products', 'en:fishes', 'en:meals', 'en:frozen-foods', 'en:fish-preparations', 'en:meals-with-fish', 'en:combination-meals', 'en:frozen-ready-made-meals', 'en:microwave-meals', 'fr:colins-d-alaska-a-la-parisienne', 'fr:colins-prepares', 'fr:plats-prepares-a-rechauffer-au-bain-marie', 'fr:poisson-en-sauce', 'fr:poissons-prepares']",1,[],['en:e14xx'],69.0,2.0,1.0,1.2,0.5,9.8,0.5
BARQUETTE Assiette végétarienne de légumes et de quinoa - BIO - 350 g =>,3250392600419,"['en:meals', 'en:microwave-meals', 'en:quinoa-dishes', 'fr:legumes-et-feculents-cuisines']",1,[],['en:e330'],73.0,1.9,0.2,2.5,2.7,1.8,0.78
Poulet tomates purée courgettes,3564706553774,"['en:meats-and-their-products', 'en:meals', 'en:meals-with-meat', 'en:poultry-meals', 'en:meals-with-chicken', 'en:microwave-meals']",0,[],[],96.0,3.2,1.7,2.6,1.5,6.1,0.81
Filets de poulet & risotto cremeux de champignons,3181580275952,"['en:meals', 'en:meats-and-their-products', 'en:frozen-foods', 'en:meals-with-meat', 'en:rice-dishes', 'en:poultry-meals', 'en:risottos', 'en:meals-with-chicken', 'en:microwave-meals', 'en:vegetable-risottos', 'en:chicken-risottos', 'en:mushroom-risottos']",2,[],"['en:e407', 'en:e451']",157.0,9.8,5.6,2.2,,6.6,1.1
Tajine de poulet pruneaux & semoule,3250392357450,"['en:meats-and-their-products', 'en:meals', 'en:meals-with-meat', 'en:poultry-meals', 'en:meals-with-chicken', 'en:microwave-meals', 'en:tajine', 'en:chicken-tajine']",2,[],"['en:e412', 'en:e415']",136.0,4.9,0.8,3.0,3.1,7.2,0.89
Lasagnes à la Bolognaise,3560070558179,"['en:meats-and-their-products', 'en:meals', 'en:pasta-dishes', 'en:meals-with-meat', 'en:prepared-lasagne', 'en:beef-dishes', 'en:meat-lasagnas', 'en:microwave-meals', 'en:bolognese-lasagne', 'fr:plats-prepares-a-rechauffer-au-bain-marie']",3,[],"['en:e14xx', 'en:e412', 'en:e415']",103.0,4.3,2.1,2.4,1.4,4.2,0.78
2 Galettes de Bretagne Jambon et Emmental,3564709052373,"['en:meats-and-their-products', 'en:meals', 'en:crepes-and-galettes', 'en:meals-with-meat', 'en:pork-meals', 'en:refrigerated-foods', 'en:microwave-meals', 'en:refrigerated-meals', 'en:galettes', 'en:plain-buckwheat-crepes', 'fr:galettes-garnies']",2,[],"['en:e250', 'en:e316']",203.0,9.8,6.0,0.5,1.5,11.0,1.1
BOX PENNE CARBONARA 300g,3250391535439,"['en:meals', 'en:pasta-dishes', 'en:instant-pasta', 'en:microwave-meals', 'en:carbonara-style-pasta', 'en:pots']",1,[],['en:e415'],194.0,8.9,5.2,2.6,1.5,6.5,0.65
Culinea Nasi Goreng,4056489127277,"['en:meals', 'en:rice-dishes', 'en:microwave-meals', 'ro:orez']",0,[],[],102.0,2.51,0.4,1.81,,5.49,0.91
Gratin de légumes 450g,3256225434794,"['en:plant-based-foods-and-beverages', 'en:plant-based-foods', 'en:fruits-and-vegetables-based-foods', 'en:vegetables-based-foods', 'en:frozen-foods', 'en:meals', 'en:frozen-plant-based-foods', 'en:frozen-vegetables', 'en:gratins', 'en:combination-meals', 'en:frozen-ready-made-meals', 'en:microwave-meals', 'en:vegetable-gratins']",1,[],['en:e415'],98.0,6.5,4.5,1.1,1.8,4.5,0.61
GRATIN DE CHOUX FLEURS AU JAMBON 280g,3250392553593,"['en:meals', 'en:frozen-foods', 'en:gratins', 'en:combination-meals', 'en:frozen-ready-made-meals', 'en:microwave-meals', 'en:vegetable-gratins', 'en:cauliflower-gratins', 'fr:autres-gratins']",2,[],"['en:e150a', 'en:e330']",108.0,6.4,3.6,1.9,1.3,6.7,0.66
HACHIS PARMENTIER 300g,3250392227685,"['en:meats-and-their-products', 'en:meals', 'en:meals-with-meat', 'en:beef-dishes', 'en:refrigerated-foods', 'en:microwave-meals', 'en:refrigerated-meals', 'en:beef-cottage-pies']",2,[],"['en:e224', 'en:e330']",138.0,6.2,3.6,0.8,1.5,5.2,0.6
Hachis parmentier,3250391134236,"['en:meals', 'en:meats-and-their-products', 'en:meals-with-meat', 'en:beef-dishes', 'en:microwave-meals', 'en:beef-cottage-pies', 'fr:hachis-parmentier-plat-complet']",1,[],['en:e415'],97.0,4.5,2.6,0.4,1.4,6.0,1.0
"Purée de légumes Orangecarotte, potiron et patate douce",3596710475407,"['en:plant-based-foods-and-beverages', 'en:plant-based-foods', 'en:fruits-and-vegetables-based-foods', 'en:meals', 'en:vegetables-based-foods', 'en:frozen-foods', 'en:frozen-plant-based-foods', 'en:frozen-vegetables', 'en:prepared-vegetables', 'en:purees', 'en:mashed-vegetables', 'en:microwave-meals', 'en:mashed-carrots', 'en:pots', 'fr:carrot-based-meals']",0,[],[],57.0,1.8,1.1,4.0,2.3,1.2,0.1
Cassoulet à la graisse de canard,3222473272112,"['en:meats-and-their-products', 'en:meals', 'en:meals-with-meat', 'en:bean-dishes', 'en:microwave-meals', 'en:cassoulets', 'fr:plats-repas-prepares']",3,[],"['en:e160c', 'en:e250', 'en:e451']",118.0,4.6,1.7,1.7,5.1,9.4,0.93
Cabillaud sauce beurre blanc riz cuisiné,3302740001833,"['en:meals', 'en:meals-with-fish', 'en:rice-dishes', 'en:microwave-meals', 'en:meals-with-cod']",0,[],[],134.0,6.1,3.2,0.5,0.8,7.3,0.67
Indian Favourites Menu to Share,00776554,"['en:meals', 'en:microwave-meals']",4,[],"['en:e160c', 'en:e170', 'en:e170i', 'en:e450', 'en:e500', 'en:e500ii']",160.0,3.85,0.321,13.5,3.21,3.85,0.304
Lasagnes au saumon et aux épinards,3292590876142,"['en:meals', 'en:pasta-dishes', 'en:meals-with-fish', 'en:prepared-lasagne', 'en:fish-lasagnas', 'en:meals-with-salmon', 'en:microwave-meals', 'en:salmon-lasagne', 'en:salmon-and-spinach-lasagna']",0,[],[],114.0,5.1,2.8,1.6,1.0,7.3,0.56
Indian Style Vegan Butter Chicken,4260334164120,"['en:meals', 'en:microwave-meals']",1,[],['en:e415'],146.0,7.1,1.3,1.4,1.4,4.1,0.6
Lasagnes saumon épinards,3596710496310,"['en:meals', 'en:pasta-dishes', 'en:meals-with-fish', 'en:prepared-lasagne', 'en:fish-lasagnas', 'en:meals-with-salmon', 'en:microwave-meals', 'en:salmon-lasagne', 'en:salmon-and-spinach-lasagna']",1,[],['en:e14xx'],117.0,3.7,2.4,1.1,1.6,6.2,0.75
IGPronti lenticchie e cereali antichi,8008703159416,"['en:meals', 'en:microwave-meals']",0,[],[],147.0,2.9,0.5,0.4,6.7,8.1,0.46
Chicken Tikka Masala with Pilau Rice,5000129322620,"['en:meals', 'en:meals-with-meat', 'en:poultry-meals', 'en:meals-with-chicken', 'en:microwave-meals', 'en:chicken-tikka-masala']",2,[],"['en:e100', 'en:e160c']",118.0,4.0,1.1,2.2,0.9,6.5,0.375
Fish pie,5060121673762,"['en:meals', 'en:baby-foods', 'en:main-meals-for-babies', 'en:microwave-meals', 'en:fish-menus-for-babies']",0,[],[],101.0,5.1,2.9,0.6,1.7,3.9,0.109
Chilli con Carne with Long Grain Rice,00269636,"['en:meats-and-their-products', 'en:meals', 'en:meals-with-meat', 'en:rice-dishes', 'en:beef-dishes', 'en:refrigerated-foods', 'en:microwave-meals', 'en:refrigerated-meals', 'en:chili-con-carne']",2,[],"['en:e330', 'en:e509']",83.1,1.51,0.41,1.31,1.69,5.59,0.277
Thai Red Chicken Curry with Brown Rice,5090383101000,"['en:meals', 'en:meats-and-their-products', 'en:meats', 'en:chicken-and-its-products', 'en:poultries', 'en:meals-with-meat', 'en:rice-dishes', 'en:chickens', 'en:poultry-meals', 'en:meals-with-chicken', 'en:microwave-meals']",1,[],"['en:e452', 'en:e452vi']",122.0,4.4,3.0,0.9,1.1,9.0,0.467
Cauliflower,20225728,"['en:plant-based-foods-and-beverages', 'en:plant-based-foods', 'en:fruits-and-vegetables-based-foods', 'en:vegetables-based-foods', 'en:frozen-foods', 'en:meals', 'en:vegetables', 'en:frozen-plant-based-foods', 'en:frozen-vegetables', 'en:leaf-vegetables', 'en:microwave-meals', 'en:pots', 'en:vegetable-pots']",0,[],[],29.0,0.9,0.2,2.4,1.9,1.9,0.02
Parmigiana di melanzane,8001665723756,"['en:meals', 'en:microwave-meals', 'it:melanzane']",0,[],[],136.0,8.6,3.6,5.1,0.0,6.7,1.0
Chicken In Cream Mushroom Sauce,00783118,"['en:meats-and-their-products', 'en:meals', 'en:meals-with-meat', 'en:poultry-meals', 'en:refrigerated-foods', 'en:meals-with-chicken', 'en:microwave-meals', 'en:refrigerated-meals']",1,[],['en:e428'],74.0,1.61,0.701,0.805,1.09,7.79,0.325
Red cabbage & apple,5057008570276,"['en:meals', 'en:microwave-meals']",3,[],"['en:e330', 'en:e331', 'en:e440']",84.1,1.81,1.09,11.7,1.3,1.52,0.000652
Rougail saucisse,3188720000221,"['en:meals', 'en:microwave-meals']",0,[],[],125.0,5.4,1.65,1.9,1.5,6.4,1.1
Pad Thaï Nouilles sautées au poulet,3760184013568,"['en:plant-based-foods-and-beverages', 'en:plant-based-foods', 'en:meals', 'en:pastas', 'en:noodles', 'en:microwave-meals', 'en:pad-thai']",0,[],[],149.0,3.3,0.67,8.9,0.0,4.8,1.6
Cauli-panang curry,29215379,"['en:meals', 'en:microwave-meals']",1,[],['en:e440'],99.0,4.3,1.2,3.1,2.1,3.2,0.275
Protein Beef Ragu,4088600568041,"['en:meals', 'en:microwave-meals', 'en:beef-ragu']",0,[],[],158.0,5.97,3.8,1.91,3.06,9.06,0.863
Creamy Chicken & Greens,5010525235165,"['en:meals', 'en:microwave-meals', 'en:healthy']",0,[],[],76.3,1.47,0.684,1.47,1.63,7.11,0.303
Poulet yassa et boulgour,3379670021798,"['en:meals', 'en:meats-and-their-products', 'en:meals-with-meat', 'en:poultry-meals', 'en:meals-with-chicken', 'en:microwave-meals', 'fr:poulet-yassa']",0,[],[],143.0,5.3,1.23,1.7,2.3,8.5,1.3
Pasta carbonara,3338310002375,"['en:plant-based-foods-and-beverages', 'en:plant-based-foods', 'en:meals', 'en:fresh-foods', 'en:pastas', 'en:fresh-meals', 'en:fresh-pasta', 'en:microwave-meals']",5,[],"['en:e250', 'en:e252', 'en:e316', 'en:e326', 'en:e428']",213.0,13.0,7.4,0.9,,7.7,0.68
M&S Thai Green Salmon,29388622,"['en:seafood', 'en:fishes-and-their-products', 'en:fishes', 'en:fatty-fishes', 'en:meals', 'en:meals-with-fish', 'en:salmons', 'en:cooked-salmons', 'en:microwave-meals', 'en:salmons-from-farming', 'en:microwaved-salmons-from-farming']",4,[],"['en:e170', 'en:e170i', 'en:e330', 'en:e440', 'en:e511']",76.0,4.0,0.8,0.1,1.7,7.6,0.4
Express-Reis - Mediterrane Art,4316268690140,"['en:plant-based-foods-and-beverages', 'en:plant-based-foods', 'en:cereals-and-potatoes', 'en:meals', 'en:seeds', 'en:cereals-and-their-products', 'en:cereal-grains', 'en:rices', 'en:microwave-meals', 'de:reiszubereitungen']",0,[],[],171.0,3.2,0.4,2.6,,3.1,0.78
poulet au pesto rosso mini penne et ratatouille,3261055954138,"['en:meals', 'en:meals-with-meat', 'en:poultry-meals', 'en:meals-with-chicken', 'en:microwave-meals', 'fr:poulet-au-pesto-rosso-mini-penne-et-ratatouille']",4,[],"['en:e160a', 'en:e160ai', 'en:e160b', 'en:e331', 'en:e509']",137.0,6.9,1.3,1.9,1.1,8.1,0.7
Asian Box Poulet Aigre-Douce,3242271001615,"['en:meals', 'en:pasta-dishes', 'en:microwave-meals', 'en:pasta-with-meat', 'en:pots']",2,[],"['en:e202', 'en:e262', 'en:e262i']",149.0,3.2,0.6,4.1,1.5,6.4,0.79
"Paëlla de la Mer, riz cuisiné au safran",3302740085086,"['en:meals', 'en:meals-with-meat', 'en:rice-dishes', 'en:microwave-meals', 'en:paella']",1,[],['en:e428'],151.0,6.9,0.9,1.0,0.9,6.8,0.59
,3270160864645,"['en:meals', 'en:frozen-foods', 'en:rice-dishes', 'en:combination-meals', 'en:frozen-ready-made-meals', 'en:microwave-meals']",0,[],[],125.239005736138,4.6,1.7,1.5,2.5,6.3,0.7675
Cannelloni ricotta épinard et sauce tomate,3270160860227,"['en:frozen-foods', 'en:meals', 'en:pasta-dishes', 'en:stuffed-pastas', 'en:cannelloni', 'en:frozen-ready-made-meals', 'en:microwave-meals', 'en:vegetarian-cannelloni', 'en:cannelloni-with-cooked-vegetables-and-goat-cheese', 'en:cannelloni-with-ricotta-and-spinach', 'en:vegetarian-canelloni']",2,[],"['en:e14xx', 'en:e330']",132.0,7.0,4.4,1.7,1.4,5.7,0.6
Lustucru box tortellini 4 fromages 360g,3240931540641,"['en:plant-based-foods-and-beverages', 'en:plant-based-foods', 'en:condiments', 'en:meals', 'en:pasta-dishes', 'en:pastas', 'en:sauces', 'en:stuffed-pastas', 'en:instant-pasta', 'en:microwave-meals', 'en:pasta-stuffed-with-cheese', 'en:cheese-sauces', 'en:pots', 'fr:sauces-4-fromages', 'en:groceries']",5,[],"['en:e202', 'en:e262', 'en:e262i', 'en:e322', 'en:e407', 'en:e415']",199.0,9.2,4.4,1.7,1.1,7.4,1.0
"So Soupe Patate Douce, Carotte, Lait de Coco, Gingembre",3270160689439,"['en:plant-based-foods-and-beverages', 'en:plant-based-foods', 'en:fruits-and-vegetables-based-foods', 'en:frozen-foods', 'en:meals', 'en:soups', 'en:combination-meals', 'en:vegetable-soups', 'en:frozen-ready-made-meals', 'en:microwave-meals', 'en:frozen-soups']",0,[],[],57.0,3.7,2.6,2.5,1.2,0.7,0.58
"Gratin gnocchi, champignon de Paris, courgette",3270160878208,"['en:plant-based-foods-and-beverages', 'en:plant-based-foods', 'en:frozen-foods', 'en:meals', 'en:pasta-dishes', 'en:gratins', 'en:combination-meals', 'en:frozen-ready-made-meals', 'en:microwave-meals', 'en:pasta-gratin']",0,[],[],144.0,7.2,5.0,3.2,1.7,5.1,0.66
Riz À la méditerranéenne,3560070159260,"['en:meals', 'fr:cereales-preparees', 'en:microwave-meals', 'en:prepared-rices']",1,[],['en:e160c'],183.0,4.0,0.5,4.1,2.0,3.5,0.69
SAUCISSE GRILLÉE et sa purée de pomme de terre Sauce aux deux Moutardes,3245413588241,"['en:meats-and-their-products', 'en:meals', 'en:fresh-foods', 'en:meals-with-meat', 'en:fresh-meals', 'en:pork-meals', 'en:microwave-meals']",4,[],"['en:e14xx', 'en:e222', 'en:e250', 'en:e407']",160.0,10.0,5.3,1.0,1.5,7.3,1.0
Hachis Parmentier,20165697,"['en:meats-and-their-products', 'en:meals', 'en:meals-with-meat', 'en:beef-dishes', 'en:microwave-meals', 'en:beef-cottage-pies']",2,[],"['en:e14xx', 'en:e407']",119.0,6.5,3.6,0.6,,4.5,0.79
"Moules cuisinées Beurre, Ail et Persil",20840433,"['en:seafood', 'en:meals', 'en:crustaceans', 'en:mollusc', 'en:refrigerated-foods', 'en:microwave-meals', 'en:mussels', 'en:refrigerated-meals', 'fr:moules-cuisinees']",3,[],"['en:e141', 'en:e141i', 'en:e141ii', 'en:e14xx']",69.0,3.0,0.9,0.5,,7.6,1.6
Colin d'Alaksa sauce beurre citron 400g,3256224160687,"['en:seafood', 'en:fishes-and-their-products', 'en:fishes', 'en:frozen-foods', 'en:meals', 'en:lean-fishes', 'en:meals-with-fish', 'en:frozen-ready-made-meals', 'en:microwave-meals', 'en:pollocks']",0,[],[],97.0,5.3,3.3,1.0,0.5,9.4,0.74
Tagliatelles à la Carbonara Aux lardons fumés,3270190253112,"['en:meals', 'en:pasta-dishes', 'en:meals-with-meat', 'en:pork-meals', 'en:microwave-meals', 'en:carbonara-style-pasta', 'en:tagliatelle-with-carbonara']",3,[],"['en:e250', 'en:e316', 'en:e415']",172.0,9.4,4.5,0.9,1.2,5.9,0.69
Poulet pandan et riz cuisiné,3270160862009,"['en:meats-and-their-products', 'en:frozen-foods', 'en:meals', 'en:meals-with-meat', 'en:rice-dishes', 'en:poultry-meals', 'en:frozen-ready-made-meals', 'en:meals-with-chicken', 'en:microwave-meals']",0,[],[],162.0,4.1,2.1,3.1,0.6,6.8,0.77
Langue de Boeuf et ses pommes de terre,3261055761002,"['en:meats-and-their-products', 'en:beef-and-its-products', 'en:meals', 'en:meat-preparations', 'en:meats', 'en:beef', 'en:meals-with-meat', 'en:beef-dishes', 'en:beef-preparations', 'en:microwave-meals', 'en:beef-tongues', 'en:beef-tongues-with-madeira-sauce', 'fr:plats-prepares-a-rechauffer-au-bain-marie']",4,[],"['en:e14xx', 'en:e223', 'en:e412', 'en:e415']",130.0,6.5,3.3,0.9,1.5,8.5,0.88
Poulet basquaise,3270160608508,"['en:meals', 'en:meats-and-their-products', 'en:frozen-foods', 'en:meals-with-meat', 'en:poultry-meals', 'en:meals-with-chicken', 'en:microwave-meals', 'en:chicken-basque-style']",0,[],[],92.0,3.0,0.8,2.6,1.7,13.0,0.81
Ravioli 6 Légumes,3596710326280,"['en:plant-based-foods-and-beverages', 'en:plant-based-foods', 'en:canned-foods', 'en:cereals-and-potatoes', 'en:meals', 'en:cereals-and-their-products', 'en:pasta-dishes', 'en:pastas', 'en:stuffed-pastas', 'en:ravioli', 'en:pasta-stuffed-with-vegetables', 'en:canned-meals', 'en:microwave-meals', 'en:plant-based-meals', 'en:ravioli-with-vegetables', 'en:stuffed-pastas-in-sauce', 'en:canned-raviolis']",1,[],['en:e14xx'],85.0,1.4,0.2,2.8,2.2,3.1,0.8
Riz à la provençale micro-onde sachet de 250g,3256220071468,"['en:plant-based-foods-and-beverages', 'en:plant-based-foods', 'en:meals', 'en:microwave-meals', 'en:plant-based-meals', 'fr:riz-cuisines']",1,[],['en:e160c'],154.0,3.5,0.4,2.1,2.7,3.1,0.76
Merlu blanc & boulgour aux légumes Sauce citron,3560070938193,"['en:meals', 'en:meals-with-fish', 'en:microwave-meals', 'en:bulgur-dishes', 'fr:plats-au-merlu']",3,[],"['en:e392', 'en:e412', 'en:e415']",97.0,3.4,0.9,1.3,2.0,7.0,0.58
Porc au caramel et riz basmati,3560070575947,"['en:meats-and-their-products', 'en:meals', 'en:meals-with-meat', 'en:rice-dishes', 'en:pork-meals', 'en:microwave-meals', 'en:caramel-pork']",1,[],['en:e412'],153.0,2.8,0.9,5.5,0.6,6.0,0.68
Moussaka,3245411440114,"['en:meats-and-their-products', 'en:frozen-foods', 'en:meals', 'en:meals-with-meat', 'en:beef-dishes', 'en:frozen-ready-made-meals', 'en:microwave-meals', 'en:moussaka']",1,[],['en:e160c'],120.0,8.3,2.5,2.4,2.4,4.0,0.78
4 Mini gratins petits légumes 480g,3250391511877,"['en:frozen-foods', 'en:meals', 'en:gratins', 'en:combination-meals', 'en:potato-gratin', 'en:frozen-ready-made-meals', 'en:microwave-meals', 'en:vegetable-gratins', 'fr:galette-gratin-flan-de-legumes']",1,[],['en:e14xx'],109.0,6.7,4.5,3.2,1.7,3.9,0.65
"Ravioli pur boeuf 7,5% Boîte de 1,2kg",3256225428779,"['en:plant-based-foods-and-beverages', 'en:plant-based-foods', 'en:canned-foods', 'en:cereals-and-potatoes', 'en:meats-and-their-products', 'en:cereals-and-their-products', 'en:meals', 'en:pasta-dishes', 'en:pastas', 'en:meals-with-meat', 'en:stuffed-pastas', 'en:beef-dishes', 'en:pasta-stuffed-with-meat', 'en:ravioli', 'en:canned-meals', 'en:meat-ravioli', 'en:microwave-meals', 'en:beef-ravioli', 'en:canned-raviolis']",2,[],"['en:e14xx', 'en:e330']",82.0,1.7,0.8,2.1,2.4,3.5,0.83
"Brocolis, choux-fleurs & carottes Juste à réchauffer d'aucy 750g",3248451065699,"['en:plant-based-foods-and-beverages', 'en:plant-based-foods', 'en:fruits-and-vegetables-based-foods', 'en:vegetables-based-foods', 'en:frozen-foods', 'en:meals', 'en:vegetables', 'en:frozen-plant-based-foods', 'en:frozen-vegetables', 'en:frozen-plant-based-foods-mixes', 'en:mixed-vegetables', 'en:frozen-mixed-vegetables', 'en:frozen-ready-made-meals', 'en:microwave-meals', 'en:plant-based-meals']",0,[],[],26.0,0.3,0.04,2.2,2.5,1.7,0.04
2 ENDIVES AU JAMBON 280g,3250392178925,"['en:meals', 'en:fresh-foods', 'en:fresh-meals', 'en:microwave-meals', 'en:endives-with-ham', 'fr:autres-plats-cuisines-frais']",3,[],"['en:e250', 'en:e301', 'en:e428']",111.0,6.9,4.7,2.3,1.6,6.2,0.53
Fusilli bolognaise,3564700542606,"['en:meals', 'en:pasta-dishes', 'en:instant-pasta', 'en:microwave-meals', 'en:pots']",1,[],['en:e415'],140.0,5.1,1.7,2.5,1.7,5.6,0.61
"Thon basquaise, légumes et riz complet bio",3560070575916,"['en:meals', 'en:meals-with-fish', 'en:rice-dishes', 'en:microwave-meals', 'en:meals-with-tuna']",2,[],"['en:e412', 'en:e415']",103.0,2.3,0.3,1.9,3.5,7.1,0.9
Paëlla Royale,3564700165812,"['en:meats-and-their-products', 'en:meals', 'en:fresh-foods', 'en:meals-with-meat', 'en:rice-dishes', 'en:fresh-meals', 'en:poultry-meals', 'en:meals-with-chicken', 'en:microwave-meals', 'en:paella']",8,[],"['en:e100', 'en:e160c', 'en:e223', 'en:e250', 'en:e301', 'en:e330', 'en:e331', 'en:e415']",131.0,5.6,1.4,1.5,1.3,1.9,0.75
Boeuf KYOTO & nouilles,5413110070170,"['en:meats-and-their-products', 'en:meals', 'en:meals-with-meat', 'en:beef-dishes', 'en:microwave-meals']",3,[],"['en:e412', 'en:e415', 'en:e473']",146.0,3.8,0.7,5.8,1.6,7.6,1.3
4 Mini Gratin de pomme de terre 480g,3250391511952,"['en:frozen-foods', 'en:meals', 'en:gratins', 'en:potato-gratin', 'en:frozen-ready-made-meals', 'en:microwave-meals']",2,[],"['en:e412', 'en:e415']",118.0,5.8,3.9,2.0,1.6,4.2,0.64
BOX Bolognaise / Bolognese Festonate,3560070507887,"['en:meats-and-their-products', 'en:meals', 'en:fresh-foods', 'en:pasta-dishes', 'en:meals-with-meat', 'en:beef-dishes', 'en:fresh-meals', 'en:refrigerated-foods', 'en:instant-pasta', 'en:microwave-meals', 'en:refrigerated-meals', 'en:pots', 'en:bolognese-style-pasta-spaghetti-tagliatelle']",1,[],['en:e415'],157.0,6.4,1.7,2.3,1.1,6.3,0.3
Assortiment vapeurs,3366760042191,"['en:meals', 'en:fresh-foods', 'en:fresh-meals', 'en:microwave-meals']",3,[],"['en:e14xx', 'en:e412', 'en:e415']",153.0,4.3,1.0,6.3,,3.9,1.4
Escalope Milanaise Spaghetti à la sauce tomate,3560070722112,"['en:meats-and-their-products', 'en:meals', 'en:fresh-foods', 'en:pasta-dishes', 'en:meals-with-meat', 'en:fresh-meals', 'en:poultry-meals', 'en:meals-with-chicken', 'en:microwave-meals', 'en:turkey-dishes', 'fr:escalopes-milanaises-aux-spaghettis']",0,[],[],139.0,4.8,0.6,3.3,0.8,7.7,0.51
Filet de poulet à la basquaise et riz de Camargue,3270160866908,"['en:meats-and-their-products', 'en:meals', 'en:meals-with-meat', 'en:rice-dishes', 'en:poultry-meals', 'en:meals-with-chicken', 'en:microwave-meals', 'en:chicken-basque-style']",0,[],[],106.0,2.5,0.3,1.6,0.8,8.5,0.72
"Saumon et colin, sauce beurre citron et riz aux petits légumes",3292590877583,"['en:frozen-foods', 'en:meals', 'en:meals-with-fish', 'en:rice-dishes', 'en:frozen-ready-made-meals', 'en:microwave-meals']",0,[],[],159.0,7.7,4.4,0.0,0.0,5.7,0.56
Chef Select American Style Cheeseburger,20995317,"['en:meats-and-their-products', 'en:meals', 'en:sandwiches', 'en:meals-with-meat', 'en:poultry-meals', 'en:cheeseburgers', 'en:microwave-meals']",2,[],"['en:e300', 'en:e472e']",294.0,16.0,4.5,2.9,,13.0,1.8
Chicken Korma,00670890,"['en:meals', 'en:meats-and-their-products', 'en:meals-with-meat', 'en:poultry-meals', 'en:refrigerated-foods', 'en:meals-with-chicken', 'en:microwave-meals', 'en:refrigerated-meals']",0,[],[],153.0,8.5,3.7,2.7,0.6,14.1,0.62
Tagliatelles poulet & champignons,3564706553897,"['en:meats-and-their-products', 'en:meals', 'en:pasta-dishes', 'en:meals-with-meat', 'en:poultry-meals', 'en:meals-with-chicken', 'en:microwave-meals']",0,[],[],143.0,6.0,2.7,1.0,0.8,7.9,0.78
Couscous poulet merguez 300g,3256229267176,"['en:meals', 'en:meals-with-meat', 'en:savory-semolina-dishes', 'en:poultry-meals', 'en:prepared-couscous', 'en:couscous-with-meat', 'en:meals-with-chicken', 'en:microwave-meals', 'en:chicken-couscous']",0,[],[],130.0,3.9,1.5,1.4,1.6,8.2,0.72
Beef Lasagne,00632812,"['en:meats-and-their-products', 'en:meals', 'en:pasta-dishes', 'en:meals-with-meat', 'en:prepared-lasagne', 'en:meat-lasagnas', 'en:microwave-meals', 'en:bolognese-lasagne']",1,[],['en:e440'],90.0,1.5,0.6,2.6,1.2,6.1,0.25
Poulet tikka massala,3770007763846,"['en:meals', 'en:meats-and-their-products', 'en:meals-with-meat', 'en:rice-dishes', 'en:poultry-meals', 'en:meals-with-chicken', 'en:microwave-meals', 'en:chicken-tikka-masala']",0,[],[],134.0,6.0,2.7,2.5,,7.1,0.6
Mild Chicken Tikka,5060232660118,"['en:meals', 'en:meals-with-meat', 'en:poultry-meals', 'en:meals-with-chicken', 'en:microwave-meals']",1,[],['en:e260'],108.0,1.9,0.7,2.1,1.8,6.4,0.21
Kania Minestrone Soup with Pasta,20450236,"['en:canned-foods', 'en:meals', 'en:soups', 'en:canned-meals', 'en:microwave-meals', 'en:minestrone-soups', 'en:canned-soups']",2,[],"['en:e14xx', 'en:e412']",50.0,1.7,0.2,2.2,,1.5,0.83
Hähnchen Mediterraneo,4027016506063,"['en:meals', 'en:pasta-dishes', 'en:microwave-meals']",0,[],[],115.0,3.9,1.4,2.7,,6.3,0.78
Blanquette de veau & son riz,3560071444754,"['en:meats-and-their-products', 'en:frozen-foods', 'en:meals', 'en:meals-with-meat', 'en:beef-dishes', 'en:microwave-meals', 'en:veal-meat-dishes', 'en:veal-blanquette']",4,[],"['en:e14xx', 'en:e412', 'en:e415', 'en:e451']",121.0,4.7,1.6,0.0,1.2,7.9,0.71
Beef lasagna,5060084348356,"['en:meals', 'en:microwave-meals']",0,[],[],94.5,2.42,1.07,2.3,1.05,7.25,0.376
Sainsburys Saag Paneer,01210941,"['en:meals', 'en:microwave-meals', 'en:curry', 'en:healthly-snack', 'en:saag-paneer', 'en:sag-paneer']",0,[],[],134.0,9.7,3.9,3.7,2.3,6.3,0.48
Poulet Tikka Massala,3760298510755,"['en:meals', 'en:meals-with-meat', 'en:rice-dishes', 'en:poultry-meals', 'en:meals-with-chicken', 'en:microwave-meals', 'en:chicken-tikka-masala']",0,[],[],171.0,7.5,1.8,1.0,0.7,7.5,0.77
Poulet à la basquaise,4056489614173,"['en:meats-and-their-products', 'en:frozen-foods', 'en:meals', 'en:meals-with-meat', 'en:rice-dishes', 'en:poultry-meals', 'en:meals-with-chicken', 'en:microwave-meals', 'en:chicken-basque-style']",2,[],"['en:e14xx', 'en:e415']",118.0,2.3,0.4,1.5,1.1,6.7,0.6
Korean Beef Chilli,5060084345553,"['en:meals', 'en:meals-with-meat', 'en:rice-dishes', 'en:beef-dishes', 'en:microwave-meals']",1,[],['en:e260'],101.0,2.85,0.925,1.57,2.6,8.0,0.369
Fruity Chicken Curry,00942720,"['en:meals', 'en:meals-with-meat', 'en:rice-dishes', 'en:poultry-meals', 'en:refrigerated-foods', 'en:meals-with-chicken', 'en:microwave-meals', 'en:refrigerated-meals', 'en:chicken-curry']",0,[],[],128.0,4.1,1.2,2.9,0.9,7.0,0.35
Red Lentil rice,5060178073553,"['en:meals', 'en:microwave-meals', 'en:pots', 'en:rice-in-pots']",0,[],[],334.0,1.7,0.04,1.2,7.6,26.0,0.1
"Plat cuisiné individuel Riz Cantonnais, 400G",3256229528734,"['en:meals', 'fr:cereales-preparees', 'en:microwave-meals', 'en:prepared-rices', 'en:fried-rice']",3,[],"['en:e250', 'en:e301', 'en:e500', 'en:e500i']",157.0,4.7,0.8,1.2,1.0,5.1,0.62
Saumon sauce a l’oseille et riz,2006050138319,"['en:seafood', 'en:fishes-and-their-products', 'en:fishes', 'en:fatty-fishes', 'en:frozen-foods', 'en:meals', 'en:meals-with-fish', 'en:rice-dishes', 'en:meals-with-salmon', 'en:salmons', 'en:microwave-meals', 'en:salmon-with-sorrel', 'fr:saumon-a-l-oseille-et-riz']",1,[],['en:e415'],147.0,6.3,2.3,0.5,0.5,6.1,0.59
Cabillaud en croûte de noisettes,3270160865543,"['en:meals', 'en:frozen-foods', 'en:meals-with-fish', 'en:combination-meals', 'en:frozen-ready-made-meals', 'en:meals-with-cooked-white-fish', 'en:microwave-meals']",0,[],[],119.0,7.0,4.3,4.8,1.6,5.2,0.38
Mac 'N' Cheese,5057545678336,"['en:meals', 'en:pasta-dishes', 'en:stuffed-pastas', 'en:combination-meals', 'en:instant-pasta', 'en:microwave-meals', 'en:pasta-stuffed-with-cheese', 'en:instant-pasta-with-cheese', 'en:macaroni-and-cheese', 'en:ready-to-eat-combination-meals']",2,[],"['en:e160b', 'en:e160bii', 'en:e170', 'en:e170i']",121.0,2.7,1.5,1.0,1.1,4.4,0.6
Tomato And Mozzarella Pasta Bake,5000128909754,"['en:meals', 'en:pasta-dishes', 'en:microwave-meals']",0,[],[],134.0,4.7,1.4,2.9,1.5,5.8,0.31
Chicken pad thai,5000169426937,"['en:meals', 'en:microwave-meals']",0,[],[],147.0,6.3,1.2,2.4,1.3,5.6,0.4
"Thai Green Curry with tofu sheets, vegetables and Jasmine Rice",00707893,"['en:frozen-foods', 'en:meals', 'en:meals-with-meat', 'en:rice-dishes', 'en:frozen-ready-made-meals', 'en:microwave-meals', 'en:frozen-meals-with-meat']",0,[],[],147.0,5.94,3.44,1.88,2.19,4.38,0.166
Spaghetti bolognese,00280525,"['en:meals', 'en:microwave-meals']",0,[],[],157.9827915621,6.2,1.8,5.6,3.4,5.9,1.05
Chicken Carbonara,5010482187545,"['en:meals', 'en:microwave-meals', 'en:chicken-carbonara']",5,[],"['en:e300', 'en:e301', 'en:e392', 'en:e407', 'en:e451']",110.0,1.9,1.0,1.0,0.9,10.1,0.59
KIMBAP Korean Tofu and Vegetable Seaweed Rice Roll,00760232,"['en:frozen-foods', 'en:meals', 'en:frozen-ready-made-meals', 'en:microwave-meals', 'en:kimbap']",0,[],[],182.0,5.19,0.649,2.6,1.3,5.19,1.04
Pasta Gorgonzola,3338310002399,"['en:meals', 'en:pasta-dishes', 'en:microwave-meals']",1,[],['en:e428'],205.0,11.0,7.5,1.8,,6.1,0.83
Pan Poppin Pasanda & Nutty Pilau Rice,5051873005819,"['en:meals', 'en:microwave-meals', 'en:pasanda']",2,[],"['en:e100', 'en:e160c']",130.0,4.9,1.5,3.48,1.1,8.2,0.598
Spaghetti au poulet pesto de courgettes,3248830001676,"['en:meals', 'en:pasta-dishes', 'en:meals-with-meat', 'en:poultry-meals', 'en:meals-with-chicken', 'en:microwave-meals']",0,[],[],115.0,2.8,0.7,1.4,1.2,7.9,0.68
Original Bun's Bolognaise,8710438105674,"['en:meats-and-their-products', 'en:frozen-foods', 'en:meals', 'en:meals-with-meat', 'en:beef-dishes', 'en:frozen-ready-made-meals', 'en:microwave-meals']",4,[],"['en:e160a', 'en:e160ai', 'en:e450', 'en:e452', 'en:e461']",258.0,11.5,5.5,5.0,2.0,9.0,1.0
,8710438105612,"['en:meats-and-their-products', 'en:frozen-foods', 'en:meals', 'en:meals-with-meat', 'en:pork-meals', 'en:frozen-ready-made-meals', 'en:microwave-meals']",8,[],"['en:e160a', 'en:e160ai', 'en:e250', 'en:e300', 'en:e301', 'en:e392', 'en:e410', 'en:e451', 'en:e461']",257.0,11.0,5.2,9.0,3.0,9.0,1.4
Rognons de bœuf sauce au madère,3181238930004,"['en:meals', 'en:meats-and-their-products', 'en:beef-and-its-products', 'en:fresh-foods', 'en:meats', 'en:beef', 'en:meals-with-meat', 'en:beef-dishes', 'en:fresh-meals', 'en:microwave-meals', 'en:beef-kidney']",1,[],['en:e14xx'],99.0,3.9,1.5,1.0,,12.0,1.02
Tagliatelles à la carbonara,20534752,"['en:meats-and-their-products', 'en:meals', 'en:fresh-foods', 'en:pasta-dishes', 'en:meals-with-meat', 'en:fresh-meals', 'en:pork-meals', 'en:microwave-meals', 'en:carbonara-style-pasta', 'en:tagliatelle-with-carbonara']",0,[],[],177.0,10.0,4.6,1.1,0.5,5.6,0.64
Colin d'Alaska Sauce à l'oseille,3245414091078,"['en:seafood', 'en:fishes-and-their-products', 'en:fishes', 'en:frozen-foods', 'en:meals', 'en:fish-preparations', 'en:meals-with-fish', 'en:frozen-ready-made-meals', 'en:meals-with-cooked-white-fish', 'en:microwave-meals', 'fr:colin-d-alaska-a-l-oseille', 'fr:colins-prepares', 'fr:plats-prepares-a-rechauffer-au-bain-marie', 'fr:poissons-prepares']",2,[],"['en:e14xx', 'en:e224']",68.0,2.0,1.3,1.2,0.5,8.1,0.61
Poulet rôti et purée de pommes de terre,3560070558698,"['en:meats-and-their-products', 'en:meals', 'en:meals-with-meat', 'en:poultry-meals', 'en:meals-with-chicken', 'en:microwave-meals']",3,[],"['en:e150a', 'en:e412', 'en:e415']",105.0,5.7,2.0,0.5,1.1,6.2,0.83
"Blé, riz et quinoa paquet de 250g",3256221675535,"['en:meals', 'fr:cereales-preparees', 'en:microwave-meals', 'fr:feculents']",0,[],[],158.0,2.9,0.39,0.7,4.4,5.6,0.76
Parmentier de Poisson,3564700356470,"['en:seafood', 'en:meals', 'en:fresh-foods', 'en:gratins', 'en:meals-with-fish', 'en:fresh-meals', 'en:fish-gratin', 'en:microwave-meals', 'en:fish-brandade']",2,[],"['en:e407', 'en:e471']",122.0,6.3,3.9,0.8,1.2,7.6,0.7
Poulet Tikka Massala et riz Basmati,5413110011104,"['en:meats-and-their-products', 'en:meals', 'en:fresh-foods', 'en:meals-with-meat', 'en:rice-dishes', 'en:fresh-meals', 'en:poultry-meals', 'en:meals-with-chicken', 'en:microwave-meals', 'en:chicken-tikka-masala', 'fr:plats-prepares-a-rechauffer-au-bain-marie']",4,[],"['en:e160a', 'en:e160ai', 'en:e162', 'en:e412', 'en:e415']",179.0,8.8,2.9,2.4,1.0,5.8,0.48
Veloute champignons et cepes,3490213000084,"['en:plant-based-foods-and-beverages', 'en:plant-based-foods', 'en:fruits-and-vegetables-based-foods', 'en:vegetables-based-foods', 'en:meals', 'en:mushrooms-and-their-products', 'en:soups', 'en:cream-soups', 'en:refrigerated-foods', 'en:reheatable-soups', 'en:vegetable-soups', 'en:cream-of-mushroom-soups', 'en:cream-of-vegetable-soups', 'en:microwave-meals', 'en:mushroom-soups', 'en:refrigerated-meals', 'en:refrigerated-soups']",0,[],[],32.0,1.5,0.9,0.5,0.7,1.0,0.6
Dahl lait de coco,3770013496059,"['en:plant-based-foods-and-beverages', 'en:plant-based-foods', 'en:fruits-and-vegetables-based-foods', 'en:meals', 'en:soups', 'en:reheatable-soups', 'en:vegetable-soups', 'en:lentil-dishes', 'en:microwave-meals', 'en:plant-based-meals', 'en:reheatable-vegetable-soups', 'en:lentil-soups', 'fr:dahl-de-lentilles']",1,[],['en:e392'],123.0,4.3,3.0,2.4,3.2,6.2,0.6
Wok thaï légumes et poulet,3250391721634,"['en:meats-and-their-products', 'en:frozen-foods', 'en:meals', 'en:meals-with-meat', 'en:pan-fried-dishes', 'en:poultry-meals', 'en:frozen-ready-made-meals', 'en:meals-with-chicken', 'en:microwave-meals']",3,[],"['en:e160c', 'en:e392', 'en:e415']",55.0,0.7,0.2,1.2,2.1,8.9,0.33
Saumon Beurre blanc & Riz de Camargue,3188720601107,"['en:meals', 'en:meals-with-fish', 'en:rice-dishes', 'en:meals-with-salmon', 'en:microwave-meals']",5,[],"['en:e100', 'en:e14xx', 'en:e160c', 'en:e412', 'en:e415']",139.0,3.8,1.3,1.7,1.6,7.6,1.1
"Colin D'alaska Sauce Beurre Et Citron, Boîte De 400 Grammes",3270160579709,"['en:seafood', 'en:fishes-and-their-products', 'en:fishes', 'en:meals', 'en:frozen-foods', 'en:lean-fishes', 'en:fish-preparations', 'en:meals-with-fish', 'en:combination-meals', 'en:frozen-ready-made-meals', 'en:microwave-meals', 'en:pollocks', 'en:alaska-pollock', 'en:frozen-alaska-pollock']",1,[],['en:e14xx'],111.0,7.4,5.3,0.6,0.1,9.5,0.38
Lapin chasseur & pommes de terre,3560070558636,"['en:meals', 'en:meats-and-their-products', 'en:pasta-dishes', 'en:meals-with-meat', 'en:meals-with-rabbit-or-hare', 'en:microwave-meals', 'en:rabbit-dishes', 'fr:lapin-chasseur']",2,[],"['en:e14xx', 'en:e300']",77.0,1.9,1.1,1.0,1.5,6.8,0.69
PAELLA 400g,3250392335564,"['en:meats-and-their-products', 'en:meals', 'en:meals-with-meat', 'en:rice-dishes', 'en:poultry-meals', 'en:meals-with-chicken', 'en:microwave-meals', 'en:paella']",2,[],"['en:e160c', 'en:e428']",151.0,7.2,1.7,0.7,1.6,8.4,0.87
Poêlée de nouilles chinoises,3560071222499,"['en:plant-based-foods-and-beverages', 'en:plant-based-foods', 'en:fruits-and-vegetables-based-foods', 'en:vegetables-based-foods', 'en:frozen-foods', 'en:meals', 'en:pastas', 'en:noodles', 'en:chinese-noodles', 'en:frozen-ready-made-meals', 'en:microwave-meals']",1,[],['en:e511'],84.0,2.1,0.2,3.9,2.1,3.2,0.56
"Fricassée de Poulet, Riz et Légumes",3564700018491,"['en:meats-and-their-products', 'en:frozen-foods', 'en:meals', 'en:meals-with-meat', 'en:rice-dishes', 'en:pan-fried-dishes', 'en:poultry-meals', 'en:frozen-ready-made-meals', 'en:meals-with-chicken', 'en:microwave-meals', 'fr:fricassee', 'fr:fricassee-de-poulet', 'fr:plats-a-base-de-legumes']",0,[],[],118.0,3.9,0.4,2.2,1.2,6.1,0.8
DOS DE CABILLAUD A LA PROVENCALE ET ECRASE DE POMMES DE TERRE 280g,3250392200954,"['en:meals', 'en:meals-with-fish', 'en:microwave-meals', 'en:meals-with-cod', 'fr:poissons-feculents']",0,[],[],108.0,6.3,3.2,1.5,1.7,5.1,0.66
Plat cuisiné Saumon à l'oseille et duo de riz barquette micro-ondablede 300g,3256225727643,"['en:seafood', 'en:fishes-and-their-products', 'en:fishes', 'en:fatty-fishes', 'en:meals', 'en:meals-with-fish', 'en:rice-dishes', 'en:meals-with-salmon', 'en:salmons', 'en:microwave-meals', 'en:salmon-with-sorrel', 'fr:saumon-a-l-oseille-et-riz']",3,[],"['en:e100', 'en:e412', 'en:e415']",134.0,6.9,1.9,0.5,1.2,6.9,0.84
BOX FUSILLI BOLOGNAISE 300g,3250391535408,"['en:meals', 'en:meats-and-their-products', 'en:pasta-dishes', 'en:meals-with-meat', 'en:beef-dishes', 'en:bolognese-style-pasta', 'en:microwave-meals', 'fr:penne-bolognaise']",0,[],[],142.0,3.2,1.3,2.3,1.9,6.6,0.45
"Colin d'Alaska, épinards,sauce beurre blanc et farfalle",3292590877552,"['en:frozen-foods', 'en:meals', 'en:pasta-dishes', 'en:meals-with-fish', 'en:frozen-ready-made-meals', 'en:microwave-meals']",0,[],[],139.0,5.5,3.4,0.6,1.5,5.7,0.5
Basmati Express 1min30 micro ondes,3250391208104,"['en:plant-based-foods-and-beverages', 'en:plant-based-foods', 'en:cereals-and-potatoes', 'en:seeds', 'en:cereals-and-their-products', 'en:meals', 'en:cereal-grains', 'en:rices', 'en:aromatic-rices', 'en:indica-rices', 'en:long-grain-rices', 'en:microwave-meals', 'en:basmati-rices', 'en:precooked-rices']",0,[],[],156.0,3.1,0.4,0.5,1.8,3.4,0.55
Plat cuisiné individuel Poulet au curry et riz basmati 300g,3256227744648,"['en:meats-and-their-products', 'en:frozen-foods', 'en:meals', 'en:meats', 'en:chicken-and-its-products', 'en:poultries', 'en:meals-with-meat', 'en:rice-dishes', 'en:chickens', 'en:poultry-meals', 'en:frozen-ready-made-meals', 'en:meals-with-chicken', 'en:microwave-meals']",0,[],[],129.0,3.1,1.3,1.9,0.5,6.1,0.4
Truffade,3338310230075,"['en:meals', 'en:refrigerated-foods', 'en:microwave-meals', 'en:refrigerated-meals', 'en:truffades']",0,[],[],191.0,12.0,7.2,1.1,,7.7,0.92
Tripes sauce à la catalane et pommes de terre vapeur,3245366332014,"['en:meals', 'en:fish-and-meat-and-eggs', 'en:offals', 'en:tripe-dishes', 'en:microwave-meals', 'en:tripe']",1,[],['en:e150a'],108.0,3.9,1.8,0.5,,13.2,0.95
SPAGHETTIS TAGLIATELLES A LA BOLOGNAISE 330g SPAGHETTI BOLOGNAISE 2020 spa,3250392220266,"['en:meats-and-their-products', 'en:meals', 'en:pasta-dishes', 'en:meals-with-meat', 'en:beef-dishes', 'en:bolognese-style-pasta', 'en:microwave-meals', 'en:bolognese-tagliatelle']",1,[],['en:e428'],137.0,3.9,1.1,2.7,2.1,6.0,0.66
Lasagnes aux Légumes Grillés et Chèvre,3292590882495,"['en:meals', 'en:pasta-dishes', 'en:prepared-lasagne', 'en:microwave-meals', 'en:vegetable-lasagnas', 'en:lasagne-with-goat-cheese-and-spinach', 'en:vegetarian-lasagne']",1,[],['en:e14xx'],119.0,7.8,3.8,3.0,,4.5,0.81
GRATIN DAUPHINOIS AU JAMBON 300g,3250390928171,"['en:meals', 'en:gratins', 'en:potato-gratin', 'en:microwave-meals', 'en:dauphine-style-creamed-potatoes-au-gratin', 'fr:autres-plats-a-base-de-pomme-de-terre']",4,[],"['en:e14xx', 'en:e250', 'en:e301', 'en:e428']",102.0,3.9,2.5,1.6,1.5,6.1,0.75
Poulet et riz basmati sauce curry,3250391659296,"['en:meats-and-their-products', 'en:meals', 'en:meats', 'en:chicken-and-its-products', 'en:poultries', 'en:meals-with-meat', 'en:rice-dishes', 'en:chickens', 'en:cooked-poultries', 'en:poultry-meals', 'en:cooked-chicken', 'en:meals-with-chicken', 'en:microwave-meals', 'en:chicken-curry']",5,[],"['en:e100', 'en:e14xx', 'en:e160c', 'en:e412', 'en:e415']",130.0,3.6,1.1,0.5,0.0,7.5,0.62
Mélange de 4 céréales,20006761,"['en:plant-based-foods-and-beverages', 'en:plant-based-foods', 'en:meals', 'fr:cereales-preparees', 'en:microwave-meals', 'en:plant-based-meals']",0,[],[],178.0,3.2999999523163,0.60000002384186,0.0,,7.0799999237061,0.81999999284744
LASAGNE BOLOGNAISE 350g (Ancien EAN3250390787303 dans PAC 2021),3250392208530,"['en:meats-and-their-products', 'en:meals', 'en:pasta-dishes', 'en:meals-with-meat', 'en:prepared-lasagne', 'en:beef-dishes', 'en:refrigerated-foods', 'en:meat-lasagnas', 'en:microwave-meals', 'en:refrigerated-meals', 'en:bolognese-lasagne']",0,[],[],135.0,7.9,3.0,2.3,1.7,6.4,0.73
Lasaña espinacas y queso,20946807,"['en:plant-based-foods-and-beverages', 'en:frozen-foods', 'en:meals', 'en:pasta-dishes', 'en:prepared-lasagne', 'en:microwave-meals', 'en:frozen-lasagne', 'en:vegetarian-lasagne']",5,[],"['en:e1421', 'en:e1422', 'en:e330', 'en:e331', 'en:e452']",124.0,5.7,1.8,3.0,,4.1,0.7875
Cuisiné riz & soja à l'espagnole,3175681234598,"['en:plant-based-foods-and-beverages', 'en:plant-based-foods', 'en:legumes-and-their-products', 'en:cereals-and-potatoes', 'en:legumes', 'en:seeds', 'en:cereals-and-their-products', 'en:meals', 'en:vegetable-based-foods-and-beverages', 'en:cereal-grains', 'en:fresh-foods', 'en:fresh-plant-based-foods', 'en:rice-dishes', 'en:microwave-meals', 'en:plant-based-meals', 'en:low-fat-prepared-meals', 'en:mix-of-cereals-and-legumes']",1,[],['en:e164'],159.0,3.7,0.5,1.4,3.9,5.5,0.94
LASAGNES AUX LEGUMES BIO,3250392871154,"['en:meals', 'en:pasta-dishes', 'en:prepared-lasagne', 'en:microwave-meals', 'en:vegetable-lasagnas', 'en:vegetarian-lasagne']",1,[],['en:e415'],110.0,4.0,1.1,3.3,3.0,4.0,0.79
Galette garnie 3 fromages 195g,3368955060324,"['en:meals', 'en:crepes-and-galettes', 'en:refrigerated-foods', 'en:microwave-meals', 'en:refrigerated-meals', 'en:galettes', 'fr:galettes-garnies']",1,[],"['en:e160b', 'en:e160bii']",270.0,16.0,10.0,0.5,1.1,15.0,1.2
Gratin gambas et noix st jacques,20929213,"['en:canned-foods', 'en:frozen-foods', 'en:meals', 'en:combination-meals', 'en:canned-meals', 'en:frozen-ready-made-meals', 'en:microwave-meals']",4,[],"['en:e120', 'en:e160c', 'en:e330', 'en:e451']",146.0,8.7,5.9,1.2,0.2,7.0,1.05
Ravioli,3245413965547,"['en:plant-based-foods-and-beverages', 'en:plant-based-foods', 'en:cereals-and-potatoes', 'en:meats-and-their-products', 'en:cereals-and-their-products', 'en:meals', 'en:pasta-dishes', 'en:pastas', 'en:meals-with-meat', 'en:stuffed-pastas', 'en:beef-dishes', 'en:pasta-stuffed-with-meat', 'en:ravioli', 'en:meat-ravioli', 'en:microwave-meals', 'en:beef-ravioli']",2,[],"['en:e14xx', 'en:e300']",110.0,4.2,1.2,2.3,1.9,4.7,0.71
Jambon à la florentine,3292590877620,"['en:meals', 'en:meats-and-their-products', 'en:meals-with-meat', 'en:pork-meals', 'en:microwave-meals']",1,[],['en:e300'],105.0,6.0,3.6,2.0,1.4,6.5,0.91
Festonate Fromages,3596710393398,"['en:meals', 'en:pasta-dishes', 'en:instant-pasta', 'en:microwave-meals', 'en:pots', 'en:refrigerated-dough-based-meals-ready']",1,[],['en:e415'],157.0,6.4,3.3,2.1,0.7,6.6,0.67
Culinea Penne Bolognese in a Tomato Sauce with Minced Beef,20095901,"['en:plant-based-foods-and-beverages', 'en:plant-based-foods', 'en:meats-and-their-products', 'en:frozen-foods', 'en:meals', 'en:pasta-dishes', 'en:pastas', 'en:meals-with-meat', 'en:prepared-lasagne', 'en:beef-dishes', 'en:bolognese-style-pasta', 'en:microwave-meals', 'en:penne']",1,[],['en:e14xx'],128.0,4.7,1.4,3.0,,4.8,0.91
Penne Gorgonzola,20095918,"['en:frozen-foods', 'en:meals', 'en:pasta-dishes', 'en:combination-meals', 'en:frozen-ready-made-meals', 'en:microwave-meals', 'en:pasta-with-cheese-sauce']",0,[],[],133.0,4.0,1.5,1.5,,4.8,0.75
Chicken Tikka Masala & Basmati Rice,00457507,"['en:meals', 'en:meats-and-their-products', 'en:meals-with-meat', 'en:rice-dishes', 'en:poultry-meals', 'en:meals-with-chicken', 'en:microwave-meals', 'en:chicken-tikka-masala']",2,[],"['en:e160c', 'en:e164']",158.0,6.5,1.9,1.6,1.2,9.2,0.35
Plat cuisiné Emincé de poulet au curry et riz barquette 300g,3256228942180,"['en:meats-and-their-products', 'en:meals', 'en:meats', 'en:chicken-and-its-products', 'en:poultries', 'en:meals-with-meat', 'en:rice-dishes', 'en:chickens', 'en:cooked-poultries', 'en:poultry-meals', 'en:cooked-chicken', 'en:meals-with-chicken', 'en:microwave-meals', 'en:chicken-curry']",3,[],"['en:e14xx', 'en:e412', 'en:e415']",129.0,4.1,1.3,0.5,0.5,7.7,0.55
Chicken korma and pilau rice,00457521,"['en:meats-and-their-products', 'en:meals', 'en:meals-with-meat', 'en:rice-dishes', 'en:poultry-meals', 'en:meals-with-chicken', 'en:microwave-meals']",0,[],[],65600.0,2520.0,1000.0,400.0,0.0,3190.0,0.0
Poulet TIKKA MASSALA,3276558083858,"['en:meats-and-their-products', 'en:meals', 'en:meats', 'en:chicken-and-its-products', 'en:poultries', 'en:meals-with-meat', 'en:rice-dishes', 'en:chickens', 'en:poultry-meals', 'en:meals-with-chicken', 'en:microwave-meals', 'en:chicken-tikka-masala']",6,[],"['en:e160a', 'en:e160ai', 'en:e162', 'en:e224', 'en:e407', 'en:e412', 'en:e415']",180.0,9.1,3.2,1.7,0.6,6.2,0.5
Paella poulet et fruits de mer,3596710434091,"['en:meats-and-their-products', 'en:meals', 'en:meals-with-meat', 'en:rice-dishes', 'en:poultry-meals', 'en:meals-with-chicken', 'en:microwave-meals', 'en:paella']",7,[],"['en:e100', 'en:e1400', 'en:e250', 'en:e316', 'en:e450', 'en:e451', 'en:e452']",185.0,9.3,1.9,0.7,1.6,6.6,1.1
Fibre Protein Salt 8.49 1.0g 5.5g 0.83g Reference,00787864,"['en:meals', 'en:meals-with-meat', 'en:poultry-meals', 'en:refrigerated-foods', 'en:meals-with-chicken', 'en:microwave-meals', 'en:refrigerated-meals']",0,[],[],182.0,4.0,0.4,8.0,0.8,5.4,0.65
6 vegetables spring rolls,4088600054407,"['en:meals', 'en:microwave-meals']",1,[],['en:e464'],257.0,11.4,0.9,1.6,4.3,5.2,0.8
Mexican style burrito bowl,29339259,"['en:meals', 'en:microwave-meals']",0,[],[],126.0,2.3,0.6,5.1,4.7,2.9,0.33
Red Curry,4047247282628,"['en:meats-and-their-products', 'en:meals', 'en:meals-with-meat', 'en:rice-dishes', 'en:poultry-meals', 'en:meals-with-chicken', 'en:microwave-meals', 'en:chicken-curry']",2,[],"['en:e331', 'en:e415']",132.0,4.8,2.2,2.3,,7.3,0.73
POULET TIKKA MASSALA et RIZ BASMATI,3596710510832,"['en:plant-based-foods-and-beverages', 'en:plant-based-foods', 'en:cereals-and-potatoes', 'en:meals', 'en:meats-and-their-products', 'en:seeds', 'en:cereals-and-their-products', 'en:frozen-foods', 'en:cereal-grains', 'en:meals-with-meat', 'en:rice-dishes', 'en:rices', 'en:aromatic-rices', 'en:combination-meals', 'en:indica-rices', 'en:long-grain-rices', 'en:poultry-meals', 'en:frozen-ready-made-meals', 'en:meals-with-chicken', 'en:microwave-meals', 'en:basmati-rices', 'en:chicken-tikka-masala']",1,[],['en:e160c'],124.0,2.0,1.0,1.8,1.0,8.4,0.6
Chicken Jalfrezi with Spiced Basmati Rice,00702300,"['en:meats-and-their-products', 'en:meals', 'en:meals-with-meat', 'en:poultry-meals', 'en:refrigerated-foods', 'en:meals-with-chicken', 'en:microwave-meals', 'en:refrigerated-meals']",2,[],"['en:e160c', 'en:e164']",93.0,1.7,0.3,1.8,1.3,7.5,0.225
,5000169247143,"['en:meals', 'en:microwave-meals', 'en:chicken-jalfrezi']",1,[],['en:e160c'],119.0,6.2,0.6,3.0,2.2,10.5,0.61
Dal Palak,8901047812064,"['en:condiments', 'en:meals', 'en:sauces', 'en:microwave-meals', 'en:curry-sauces']",0,[],[],82.0,2.7,0.3,1.2,1.9,4.0,0.76
La belle chaurienne,3245360004900,"['en:meals', 'en:microwave-meals']",0,[],[],109.0,3.2,1.2,0.2,1.3,6.3,0.76
Japanese Style Teriyaki vegan,4260334164663,"['en:meals', 'en:vegan-products', 'en:fresh-foods', 'en:microwave-meals', 'en:pots', 'en:rice-in-pots']",1,[],['en:e14xx'],139.0,4.3,0.4,5.5,2.1,4.4,1.1
Singapore Noodles,5060084348301,"['en:meals', 'en:microwave-meals', 'en:chicken-noodles']",3,[],"['en:e150a', 'en:e440', 'en:e502']",81.0,1.2,0.3,2.2,1.3,7.3,0.95
Lamb rogan josh,5059697688423,"['en:meals', 'en:microwave-meals']",1,[],['en:e100'],133.0,3.91,0.798,1.41,1.41,5.61,0.476
Beef Lasagna,5000129338928,"['en:frozen-foods', 'en:meals', 'en:pasta-dishes', 'en:prepared-lasagne', 'en:meat-lasagnas', 'en:microwave-meals', 'en:bolognese-lasagne', 'en:frozen-lasagne']",0,[],[],134.0,5.87,2.67,2.64,1.01,7.2,0.522
Yakitori Chicken w/Japanese-style Fried Rice,0071757056428,"['en:meals', 'en:meals-with-meat', 'en:rice-dishes', 'en:poultry-meals', 'en:meals-with-chicken', 'en:microwave-meals', 'fr:poulet-avec-riz-et-legumes']",4,[],"['en:e1400', 'en:e270', 'en:e627', 'en:e631']",173.0,3.14,0.392,2.75,0.784,7.45,0.882
Chili con Carne mit Reis,4027016505967,"['en:meats-and-their-products', 'en:meals', 'en:meals-with-meat', 'en:microwave-meals', 'en:chili-con-carne']",0,[],[],113.0,4.4,1.0,2.3,,5.8,0.74
Velouté de légumes et vermicelles,3596710494682,"['en:plant-based-foods-and-beverages', 'en:plant-based-foods', 'en:fruits-and-vegetables-based-foods', 'en:vegetable-based-foods-and-beverages', 'en:meals', 'en:vegetables-based-foods', 'en:pasta-dishes', 'en:soups', 'en:bread-coverings', 'en:cooking-helpers', 'en:vegetable-soups', 'en:cream-soups', 'en:food-decorations', 'en:pastry-helpers', 'en:cream-of-vegetable-soups', 'en:microwave-meals', 'en:sprinkles', 'en:soups-prepared-shelf-stable']",0,[],[],29.0,1.0,0.7,1.6,1.1,0.9,0.6
Colombo de porc et riz,3379670021767,"['en:meals', 'en:meals-with-meat', 'en:pork-meals', 'en:microwave-meals', 'fr:colombo-de-porc']",3,[],"['en:e14xx', 'en:e407a', 'en:e451']",144.0,5.1,2.4,0.7,1.2,8.4,1.02
boil in the bag easy cook long grain rice by Sains,00181730,"['en:meals', 'en:microwave-meals', 'en:pots', 'en:rice-in-pots']",0,[],[],161.0,1.4,0.4,0.1,0.2,2.9,0.01
Cauliflower Cheese,01008135,"['en:meals', 'en:microwave-meals']",2,[],"['en:e160b', 'en:e160bii', 'en:e170', 'en:e170i']",117.0,7.8,4.6,2.1,1.5,6.2,0.757
Sweet potato katsu curry,00486323,"['en:meals', 'en:rice-dishes', 'en:microwave-meals']",0,[],[],146.0,5.2,1.1,5.3,2.0,2.2,0.19
Lamb Hot Pot,4088600048536,"['en:meats-and-their-products', 'en:frozen-foods', 'en:meals', 'en:meat-preparations', 'en:meats', 'en:lamb-meat', 'en:meals-with-meat', 'en:combination-meals', 'en:potato-dishes', 'en:frozen-ready-made-meals', 'en:hotpots', 'en:microwave-meals', 'en:sheep-dishes', 'en:lamb-hotpot']",1,[],['en:e150a'],90.0,2.9,1.0,1.9,1.8,4.9,0.7
Savoury Chicken Flavour Rice,9310012060383,"['en:plant-based-foods-and-beverages', 'en:plant-based-foods', 'en:cereals-and-potatoes', 'en:seeds', 'en:cereals-and-their-products', 'en:meals', 'en:cereal-grains', 'en:rices', 'en:microwave-meals', 'en:pots', 'en:rice-in-pots']",0,[],[],155.0,2.0,0.08,1.28,,3.2,0.508
Chicken Teriyaki Yakisoba,5056297000778,"['en:meals', 'en:microwave-meals']",0,[],[],119.0,3.67,0.674,7.56,,6.51,0.938
Plant Chef Vegetable tikka masala & rice,5059697751806,"['en:meals', 'en:microwave-meals']",2,[],"['en:e160c', 'en:e440', 'en:e440ii']",112.0,4.7,1.2,3.1,2.0,1.7,0.37
Spicy Veg Sticky Rice Bowl,29400188,"['en:meals', 'en:microwave-meals']",0,[],[],117.0,3.4,0.3,4.2,1.6,2.1,0.4225
Potato gratin,5000169660430,"['en:meals', 'en:gratins', 'en:potato-gratin', 'en:microwave-meals']",0,[],[],112.0,6.14,3.67,1.14,0.619,4.29,0.557
Chicken Tikka Massala & Rice,5413110541960,"['en:meals', 'en:meals-with-meat', 'en:poultry-meals', 'en:meals-with-chicken', 'en:microwave-meals', 'en:chicken-tikka-masala']",4,[],"['en:e160a', 'en:e160ai', 'en:e162', 'en:e412', 'en:e415']",158.0,9.1,4.1,3.2,2.4,6.5,0.28
CHEFSELECT HIGH PROTEIN SPICY PULLED PORK CARNITAS,4056489903475,"['en:meals', 'en:microwave-meals']",7,[],"['en:e202', 'en:e260', 'en:e330', 'en:e450', 'en:e451', 'en:e451i', 'en:e452', 'en:e509']",97.0,1.5,0.3,1.8,1.9,6.8,0.53
Spaghetti à la bolognaise,3248830002307,"['en:plant-based-foods-and-beverages', 'en:plant-based-foods', 'en:fruits-and-vegetables-based-foods', 'en:condiments', 'en:vegetables-based-foods', 'en:culinary-plants', 'en:meals', 'en:vegetables', 'en:aromatic-plants', 'en:pasta-dishes', 'en:pastas', 'en:herbs', 'en:sauces', 'en:tomatoes-and-their-products', 'en:meal-sauces', 'en:tomato-sauces', 'en:tomatoes', 'en:bolognese-style-pasta', 'en:microwave-meals', 'en:spaghetti', 'en:basil', 'en:bolognese-spaghetti', 'en:tomato-sauces-with-basil']",0,[],[],163.0,7.1,2.2,2.6,1.4,7.0,0.61
Pasta Tartufata,3338310002405,"['en:plant-based-foods-and-beverages', 'en:plant-based-foods', 'en:meals', 'en:fresh-foods', 'en:pasta-dishes', 'en:pastas', 'en:fresh-meals', 'en:fresh-pasta', 'en:microwave-meals']",1,[],['en:e428'],178.0,7.3,4.1,1.8,,5.6,0.7
Riz thaï sauté aux crevettes,3456700231720,"['en:meals', 'en:rice-dishes', 'en:refrigerated-foods', 'fr:cereales-preparees', 'en:microwave-meals', 'en:refrigerated-meals']",0,[],[],157.0,8.3,0.9,1.9,1.3,4.2,0.83
Poulet curry vert et riz,2006050177554,"['en:meals', 'en:microwave-meals']",1,[],['en:e415'],164.0,7.67,3.33,3.27,1.17,5.0,0.623
Pastitsio,5060005421885,"['en:meals', 'en:microwave-meals']",0,[],[],199.0,11.1,3.9,2.9,2.0,8.9,1.03
Express-Reis - Asiatische Art,4316268690409,"['en:meals', 'en:microwave-meals', 'de:reiszubereitungen']",2,[],"['en:e14xx', 'en:e412']",164.0,2.3,0.3,2.2,,3.3,0.58
Colin d'Alaska MSC à la Bordelaise,3599740001608,"['en:seafood', 'en:fishes-and-their-products', 'en:fishes', 'en:frozen-foods', 'en:meals', 'en:fish-preparations', 'en:frozen-seafood', 'en:meals-with-fish', 'en:frozen-fishes', 'en:frozen-ready-made-meals', 'en:microwave-meals']",0,[],[],147.0,7.6,1.7,0.6,0.5,14.0,0.82
Lasagnes aux légumes du soleil Plat Veggie d'aucy 320g,3017800235485,"['en:plant-based-foods-and-beverages', 'en:plant-based-foods', 'en:vegetable-based-foods-and-beverages', 'en:canned-foods', 'en:meals', 'en:fresh-foods', 'en:pasta-dishes', 'en:refrigerated-foods', 'en:prepared-lasagne', 'en:refrigerated-meals', 'en:combination-meals', 'en:fresh-meals', 'en:canned-meals', 'en:microwave-meals', 'en:plant-based-meals', 'en:vegetable-lasagnas', 'en:ready-to-eat-combination-meals', 'en:vegetarian-lasagne']",0,[],[],109.0,5.1,0.9,2.7,2.7,3.0,0.84
Moules sauce au Curry & riz aux graines de pavot,3248830116318,"['en:seafood', 'en:meals', 'en:mollusc', 'en:rice-dishes', 'en:meals-with-shellfish', 'en:microwave-meals', 'en:mussels', 'fr:plats-a-base-de-mollusques']",0,[],[],132.0,5.1,1.7,0.8,0.0,7.5,0.67
Gratin de coquillettes au jambon et à l'emmental,3270160810796,"['en:meats-and-their-products', 'en:frozen-foods', 'en:meals', 'en:pasta-dishes', 'en:gratins', 'en:meals-with-meat', 'en:pork-meals', 'en:frozen-ready-made-meals', 'en:microwave-meals', 'en:pasta-gratin', 'fr:gratins-de-coquillettes']",5,[],"['en:e14xx', 'en:e250', 'en:e301', 'en:e412', 'en:e415']",184.0,9.14,5.71,0.743,1.34,8.86,0.71
Risotto,3270160812356,"['en:frozen-foods', 'en:meals', 'en:rice-dishes', 'en:risottos', 'en:frozen-ready-made-meals', 'en:microwave-meals', 'en:risotto-with-cheese']",1,[],['en:e1105'],193.0,9.6,5.3,0.2,0.8,5.5,0.6
La tartiflette au Reblochon cuisinée aux petits oignons,3302740030963,"['en:meals', 'en:gratins', 'en:potato-gratin', 'en:microwave-meals', 'en:tartiflettes']",3,[],"['en:e160b', 'en:e160bii', 'en:e300', 'en:e428']",133.0,7.3,3.7,1.4,1.4,4.2,0.66
"2 Kebabs, Recette au Bœuf Grillé",3181232518642,"['en:frozen-foods', 'en:meals', 'en:sandwiches', 'en:hamburgers', 'en:microwave-meals', 'en:doner-kebab', 'en:frozen-snacks-and-starters']",12,[],"['en:e14xx', 'en:e202', 'en:e262', 'en:e300', 'en:e322', 'en:e322i', 'en:e330', 'en:e392', 'en:e412', 'en:e415', 'en:e450', 'en:e451', 'en:e471']",237.0,9.6,3.9,2.9,2.6,11.3,1.6
Maxi Bacon Burger,20593940,"['en:meals', 'en:sandwiches', 'en:hamburgers', 'en:microwave-meals']",10,[],"['en:e14xx', 'en:e160c', 'en:e224', 'en:e250', 'en:e282', 'en:e300', 'en:e316', 'en:e331', 'en:e471', 'en:e509']",229.0,8.6,3.4,4.6,,13.4,1.3
La Blanquette de Veau et son duo de riz,3302741847102,"['en:meats-and-their-products', 'en:meals', 'en:meals-with-meat', 'en:rice-dishes', 'en:beef-dishes', 'en:microwave-meals', 'en:veal-meat-dishes', 'en:veal-blanquette']",1,[],['en:e14xx'],164.0,8.0,3.9,0.6,1.0,8.6,0.79
Curry de poulet au lait de coco,3181580275938,"['en:meats-and-their-products', 'en:meals', 'en:meats', 'en:chicken-and-its-products', 'en:poultries', 'en:meals-with-meat', 'en:chickens', 'en:cooked-poultries', 'en:poultry-meals', 'en:cooked-chicken', 'en:meals-with-chicken', 'en:microwave-meals', 'en:chicken-curry']",2,[],"['en:e407', 'en:e451']",122.0,7.3,4.6,3.4,,7.0,1.0
Poulet Tikka Massala,5413110011470,"['en:meats-and-their-products', 'en:meals', 'en:meals-with-meat', 'en:rice-dishes', 'en:poultry-meals', 'en:meals-with-chicken', 'en:microwave-meals', 'en:chicken-tikka-masala']",4,[],"['en:e160a', 'en:e160ai', 'en:e162', 'en:e412', 'en:e415']",179.0,8.8,2.9,2.4,1.0,5.8,0.48
Spaghettini à la Bolognaise,3188720600223,"['en:meats-and-their-products', 'en:meals', 'en:pasta-dishes', 'en:meals-with-meat', 'en:beef-dishes', 'en:microwave-meals']",3,[],"['en:e330', 'en:e412', 'en:e415']",127.0,5.5,1.3,0.6,3.8,6.1,0.6
Aubergines cuisinées à la tomate,3335880004808,"['en:plant-based-foods-and-beverages', 'en:plant-based-foods', 'en:fruits-and-vegetables-based-foods', 'en:canned-foods', 'en:vegetables-based-foods', 'en:frozen-foods', 'en:meals', 'en:vegetables', 'en:frozen-plant-based-foods', 'en:frozen-vegetables', 'en:prepared-vegetables', 'en:canned-meals', 'en:microwave-meals', 'en:plant-based-meals', 'en:prepared-eggplants', 'en:aubergines']",0,[],[],121.0,9.2,1.1,4.6,,1.4,0.6
Lasagnes au Saumon Poireaux cuisinés,3248830000945,"['en:meals', 'en:fresh-foods', 'en:pasta-dishes', 'en:meals-with-fish', 'en:prepared-lasagne', 'en:fish-lasagnas', 'en:fresh-meals', 'en:meals-with-salmon', 'en:microwave-meals', 'en:salmon-lasagne']",0,[],[],142.0,6.9,3.6,2.2,0.9,6.6,0.66
Dinde fermière & 5 légumes printaniers,3188720601152,"['en:meats-and-their-products', 'en:meals', 'en:meals-with-meat', 'en:poultry-meals', 'en:microwave-meals', 'en:turkey-dishes']",3,[],"['en:e150a', 'en:e412', 'en:e415']",75.0,1.7,0.3,1.5,2.2,7.6,0.5
RIZ CANTONAIS 400g,3250390313403,"['en:meals', 'en:fresh-foods', 'en:fresh-meals', 'fr:cereales-preparees', 'en:microwave-meals', 'en:prepared-rices', 'en:fried-rice', 'fr:riz-a-la-cantonaise']",4,[],"['en:e250', 'en:e301', 'en:e407', 'en:e428']",141.0,5.4,0.8,1.1,3.4,6.4,0.853
Petit salé aux Lentilles Vertes,3560070782048,"['en:meats-and-their-products', 'en:meals', 'en:meals-with-meat', 'en:pork-meals', 'en:lentil-dishes', 'en:microwave-meals', 'en:salt-cured-pork-belly-with-lentils']",5,[],"['en:e250', 'en:e300', 'en:e301', 'en:e412', 'en:e415']",171.0,8.5,2.8,0.7,4.7,14.0,0.9
Chili con carne barquette micro ondable de 300g,3256220496353,"['en:meats-and-their-products', 'en:meals', 'en:meals-with-meat', 'en:beef-dishes', 'en:microwave-meals', 'en:chili-con-carne']",0,[],[],139.0,2.7,0.9,1.7,2.3,7.5,0.84
Plat cuisiné Boeuf bourguignon carottes et pomme de terre 300g,3256224360599,"['en:meats-and-their-products', 'en:meals', 'en:meals-with-meat', 'en:beef-dishes', 'en:beef-stews', 'en:microwave-meals', 'en:boeufs-bourguignons']",4,[],"['en:e150a', 'en:e330', 'en:e415', 'en:e451']",75.0,1.5,0.4,1.5,1.7,7.0,0.9
Poulet basquaise et son riz,3222472762218,"['en:meats-and-their-products', 'en:meals', 'en:meals-with-meat', 'en:rice-dishes', 'en:poultry-meals', 'en:meals-with-chicken', 'en:microwave-meals', 'en:chicken-basque-style']",5,[],"['en:e160c', 'en:e330', 'en:e412', 'en:e415', 'en:e579']",116.0,2.7,0.6,2.9,,7.9,0.87
Hachis Parmentier,3250390380948,"['en:meats-and-their-products', 'en:frozen-foods', 'en:meals', 'en:meals-with-meat', 'en:beef-dishes', 'en:combination-meals', 'en:frozen-ready-made-meals', 'en:microwave-meals', 'en:beef-cottage-pies']",0,[],[],137.0,7.7,3.8,1.2,1.1,5.6,0.78
Emincés de volaille aux lentilles cuisinées,3350031954030,"['en:meats-and-their-products', 'en:meals', 'en:meals-with-meat', 'en:poultry-meals', 'en:lentil-dishes', 'en:meals-with-chicken', 'en:microwave-meals']",0,[],[],95.0,2.4,0.4,3.2,4.5,8.5,0.88
Coquillette au jambon et fromage,3245360001114,"['en:meals', 'en:pasta-dishes', 'en:microwave-meals', 'fr:coquillettes-jambon-fromage']",0,[],[],163.0,8.6,5.3,0.3,,8.6,0.68
Tartiflette,3261055866219,"['en:meals', 'en:gratins', 'en:potato-gratin', 'en:microwave-meals', 'en:tartiflettes']",10,[],"['en:e14xx', 'en:e223', 'en:e250', 'en:e316', 'en:e330', 'en:e331', 'en:e339', 'en:e412', 'en:e415', 'en:e450']",82.0,2.1,1.0,0.2,1.7,3.8,0.8
Nouilles royales Bami Goreng,5413110011777,"['en:meats-and-their-products', 'en:meals', 'en:fresh-foods', 'en:pasta-dishes', 'en:meals-with-meat', 'en:fresh-meals', 'en:poultry-meals', 'en:meals-with-chicken', 'en:microwave-meals', 'fr:nouilles-royales']",3,[],"['en:e331', 'en:e412', 'en:e415']",160.0,7.8,1.0,3.9,,5.8,1.2
Colin d'Alaska sauce à la provençale,3596710435432,"['en:seafood', 'en:fishes-and-their-products', 'en:fishes', 'en:frozen-foods', 'en:meals', 'en:fish-preparations', 'en:meals-with-fish', 'en:frozen-ready-made-meals', 'en:microwave-meals']",0,[],[],60.0,1.4,0.1,1.8,1.1,8.0,0.69
Coquillettes dinde emmental sauce tomate,3261055945334,"['en:meats-and-their-products', 'en:meals', 'en:pasta-dishes', 'en:meals-with-meat', 'en:poultry-meals', 'en:microwave-meals', 'en:turkey-dishes']",5,[],"['en:e14xx', 'en:e412', 'en:e415', 'en:e451', 'en:e452']",107.0,3.2,0.6,0.7,1.5,5.9,1.0
Hachis Parmentier gratiné à l'emmental,3270190213321,"['en:meats-and-their-products', 'en:meals', 'en:meals-with-meat', 'en:beef-dishes', 'en:microwave-meals', 'en:beef-cottage-pies', 'en:frozen-meals-with-meat']",1,[],['en:e407'],132.0,7.1,3.2,1.3,1.0,5.5,0.66
Poisson à la Nantaise & Pommes de terre,3188720003505,"['en:meals', 'en:meals-with-fish', 'en:microwave-meals']",0,[],[],104.0,5.4,2.3,0.7,,6.0,0.4
Porc au caramel et riz 300g,3256221978896,"['en:meats-and-their-products', 'en:meals', 'en:meals-with-meat', 'en:rice-dishes', 'en:pork-meals', 'en:microwave-meals']",0,[],[],128.0,2.2,0.5,4.0,0.5,7.1,0.48
Endives au Jambon À L'EMMENTAL,3560071003616,"['en:meats-and-their-products', 'en:meals', 'en:gratins', 'en:meals-with-meat', 'en:pork-meals', 'en:microwave-meals', 'en:endives-with-ham']",3,[],"['en:e250', 'en:e316', 'en:e415']",67.0,2.8,1.6,2.0,0.0,5.3,0.66
Mélange de blé et pois chiches aux graines de courge et épices,3560071197100,"['en:meals', 'en:microwave-meals']",0,[],[],164.0,4.3,0.7,0.5,3.5,7.6,0.7
COQUILLETTES AU JAMBON ET AU FROMAGE 280g,3250392201012,"['en:meals', 'en:pasta-dishes', 'en:meals-with-meat', 'en:microwave-meals', 'fr:coquillettes-jambon-fromage', 'fr:autres-plats-cuisines-frais']",0,[],[],180.0,7.3,3.8,0.5,1.9,8.0,0.83
Lasagnes à la Bolognaise,3596710294541,"['en:meals', 'en:meats-and-their-products', 'en:frozen-foods', 'en:pasta-dishes', 'en:meals-with-meat', 'en:prepared-lasagne', 'en:beef-dishes', 'en:meal-kits', 'en:meat-lasagnas', 'en:microwave-meals', 'en:bolognese-lasagne']",3,[],"['en:e14xx', 'en:e412', 'en:e415']",117.0,5.0,1.4,2.6,1.4,4.8,0.75
Billys Pan Pizza Original,7310960713654,"['en:meats-and-their-products', 'en:frozen-foods', 'en:meals', 'en:pizzas-pies-and-quiches', 'en:meals-with-meat', 'en:pizzas', 'en:pork-meals', 'en:frozen-pizzas-and-pies', 'en:microwave-meals', 'en:frozen-pizzas', 'en:pizza-with-ham-and-cheese']",3,[],"['en:e14xx', 'en:e250', 'en:e300']",246.0,10.0,4.06,1.76,1.47,10.6,1.04
Lasaña de carne,20646882,"['en:frozen-foods', 'en:meals', 'en:pasta-dishes', 'en:prepared-lasagne', 'en:meat-lasagnas', 'en:microwave-meals', 'en:bolognese-lasagne', 'en:frozen-lasagne']",1,[],['en:e14xx'],147.0,6.9,1.5,2.7,,6.8,0.75
Blanquette de veau et son riz de Camargue,3560071240264,"['en:meats-and-their-products', 'en:meals', 'en:meals-with-meat', 'en:rice-dishes', 'en:beef-dishes', 'en:microwave-meals', 'en:veal-meat-dishes', 'en:veal-blanquette', 'en:point-vert', 'en:trimaran']",0,[],[],151.0,5.3,2.5,1.0,0.9,7.2,0.76
Blanquette de volaille et riz,3292590877521,"['en:meats-and-their-products', 'en:frozen-foods', 'en:meals', 'en:meals-with-meat', 'en:rice-dishes', 'en:poultry-meals', 'en:meals-with-chicken', 'en:microwave-meals']",2,[],"['en:e14xx', 'en:e392']",122.0,3.9,2.1,1.0,0.0,6.0,0.61
Cassoulet toulousain,3250391489329,"['en:meals', 'en:meats-and-their-products', 'en:meals-with-meat', 'en:bean-dishes', 'en:microwave-meals', 'en:cassoulets', 'en:cassoulets-with-toulouse-sausage', 'fr:cassoulet-plat-complet']",5,[],"['en:e14xx', 'en:e392', 'en:e407', 'en:e451', 'en:e509']",147.0,8.1,2.8,0.7,3.5,8.9,0.99
Couscous,3292590877590,"['en:frozen-foods', 'en:meals', 'en:savory-semolina-dishes', 'en:prepared-couscous', 'en:frozen-ready-made-meals', 'en:microwave-meals', 'en:couscous']",1,[],['en:e330'],128.0,5.6,1.7,1.9,1.8,6.4,0.76
Coquillettes Bolognaise,3560070772520,"['en:meats-and-their-products', 'en:meals', 'en:pasta-dishes', 'en:meals-with-meat', 'en:beef-dishes', 'en:microwave-meals']",1,[],['en:e14xx'],98.0,3.9,1.2,1.8,1.6,4.4,0.77
Saucisse de Toulouse et lentilles vertes de France,3596710443987,"['en:meats-and-their-products', 'en:meals', 'en:meals-with-meat', 'en:lentil-dishes', 'en:microwave-meals', 'en:sausages-with-lentils']",5,[],"['en:e250', 'en:e262', 'en:e262i', 'en:e316', 'en:e412', 'en:e415']",163.0,9.7,3.5,1.4,2.5,11.0,0.9
Hachis parmentier,3596710470723,"['en:meats-and-their-products', 'en:frozen-foods', 'en:meals', 'en:meals-with-meat', 'en:beef-dishes', 'en:microwave-meals', 'en:beef-cottage-pies']",0,[],[],148.0,7.4,2.9,1.6,0.9,6.5,0.66
Le bœuf bourguignon et son gratin  dauphinois,3302740058677,"['en:meats-and-their-products', 'en:meals', 'en:fresh-foods', 'en:meals-with-meat', 'en:beef-dishes', 'en:fresh-meals', 'en:microwave-meals']",1,[],['en:e300'],117.0,6.2,3.4,1.0,1.0,7.5,0.74
Riz cantonnais,3248830690429,"['en:frozen-foods', 'en:meals', 'en:refrigerated-foods', 'fr:cereales-preparees', 'en:microwave-meals', 'en:prepared-rices', 'en:refrigerated-meals', 'en:fried-rice']",0,[],[],157.3,5.1,0.8,1.4,1.1,5.1,0.8
Ravioli au bœuf,3350031954054,"['en:plant-based-foods-and-beverages', 'en:plant-based-foods', 'en:cereals-and-potatoes', 'en:meats-and-their-products', 'en:cereals-and-their-products', 'en:meals', 'en:pasta-dishes', 'en:pastas', 'en:meals-with-meat', 'en:stuffed-pastas', 'en:beef-dishes', 'en:pasta-stuffed-with-meat', 'en:ravioli', 'en:meat-ravioli', 'en:microwave-meals', 'en:beef-ravioli']",1,[],['en:e415'],94.0,2.3,0.4,4.1,2.3,4.1,1.0
Riz Façon Paella,3257981946095,"['en:meats-and-their-products', 'en:meals', 'en:meals-with-meat', 'en:rice-dishes', 'fr:cereales-preparees', 'en:microwave-meals', 'en:prepared-rices', 'en:paella']",6,[],"['en:e14xx', 'en:e250', 'en:e301', 'en:e407a', 'en:e412', 'en:e451']",169.0,4.8,1.4,1.5,1.7,4.4,0.98
Spicy red beans mix,4056489421344,"['en:meals', 'en:microwave-meals', 'en:quinoa-dishes']",1,[],['en:e330'],154.0,3.2,0.5,1.8,5.0,6.3,0.51
Coquillettes au Jambon Supérieur façon Risotto,3302740059292,"['en:meals', 'en:microwave-meals']",1,[],['en:e300'],149.0,6.4,2.8,1.8,0.8,8.0,0.74
Dinde aux champignons et son blé,3700977701319,"['en:meats-and-their-products', 'en:meals', 'en:meals-with-meat', 'en:poultry-meals', 'en:microwave-meals', 'en:turkey-dishes']",0,[],[],111.0,1.8,0.3,1.2,2.7,7.3,0.71
Vemondo Vegan Ready Meal Lentil Curry,20934163,"['en:frozen-foods', 'en:meals', 'en:frozen-ready-made-meals', 'en:lentil-dishes', 'en:microwave-meals']",1,[],['en:e14xx'],107.0,4.2,3.7,2.7,4.0,4.1,0.9
Poulet et purée à l'ancienne,3596710444021,"['en:meals', 'en:meats-and-their-products', 'en:meals-with-meat', 'en:poultry-meals', 'en:meal-kits', 'en:meals-with-chicken', 'en:microwave-meals']",3,[],"['en:e150a', 'en:e412', 'en:e415']",100.0,4.8,1.7,0.5,1.2,5.7,0.95
Porridge Schokolade,4063367145773,"['en:plant-based-foods-and-beverages', 'en:plant-based-foods', 'en:breakfasts', 'en:cereals-and-potatoes', 'en:cereals-and-their-products', 'en:meals', 'en:breakfast-cereals', 'en:chocolate-cereals', 'en:microwave-meals', 'en:porridge', 'en:porridge-with-chocolate', 'en:fruhstucke']",0,[],[],82.0,2.3,0.9,2.7,2.1,2.3,0.01
Rognons de porc sauce moutarde et pâtes torsadées,3596710464029,"['en:frozen-foods', 'en:meals', 'en:meats-and-their-products', 'en:meats', 'en:pasta-dishes', 'en:pork-and-its-products', 'en:meals-with-meat', 'en:pork', 'en:combination-meals', 'en:pork-meals', 'en:frozen-ready-made-meals', 'en:microwave-meals', 'en:pork-kidney']",0,[],[],142.0,5.8,3.1,0.5,1.2,9.9,0.74
Curry de crevettes à la mangue,4260334163734,"['en:seafood', 'en:meals', 'en:crustaceans', 'en:meals-with-meat', 'en:poultry-meals', 'en:meals-with-chicken', 'en:microwave-meals', 'fr:curry-de-crevettes', 'fr:nouilles-cuites']",2,[],"['en:e14xx', 'en:e412']",113.0,4.5,3.2,2.6,1.7,5.8,0.73
Tagliatelles carbonara lardons fumés et crème fraîche,3596710464012,"['en:meals', 'en:pasta-dishes', 'en:microwave-meals', 'en:carbonara-style-pasta', 'en:frozen-grain-based-meals', 'en:tagliatelle-with-carbonara']",2,[],"['en:e250', 'en:e316']",159.0,7.7,3.8,0.5,0.5,5.3,0.62
Curry avec poulet et riz parfumé,20475369,"['en:plant-based-foods-and-beverages', 'en:plant-based-foods', 'en:meats-and-their-products', 'en:meals', 'en:meats', 'en:chicken-and-its-products', 'en:poultries', 'en:meals-with-meat', 'en:rice-dishes', 'en:chickens', 'en:cooked-poultries', 'en:poultry-meals', 'en:cooked-chicken', 'en:meals-with-chicken', 'en:microwave-meals', 'en:chicken-curry', 'en:groceries']",3,[],"['en:e412', 'en:e415', 'en:e621']",140.0,5.3,0.9,4.8,0.7,5.1,1.35
Emince de poulet au curry,3258561240459,"['en:meats-and-their-products', 'en:meals', 'en:meats', 'en:chicken-and-its-products', 'en:poultries', 'en:meals-with-meat', 'en:rice-dishes', 'en:chickens', 'en:cooked-poultries', 'en:poultry-meals', 'en:cooked-chicken', 'en:meals-with-chicken', 'en:microwave-meals', 'en:chicken-curry']",4,[],"['en:e14xx', 'en:e407', 'en:e407a', 'en:e410']",138.0,3.3,2.6,0.8,1.0,6.5,1.1
Express-Sonnenweizen - Tomate & Basilikum,3487400005243,"['en:meals', 'en:microwave-meals']",1,[],['en:e330'],175.0,5.5,0.6,2.4,5.7,5.8,0.6
Porc au caramel mix de riz,3560071458263,"['en:meals', 'en:meals-with-meat', 'en:rice-dishes', 'en:pork-meals', 'en:microwave-meals', 'en:caramel-pork']",0,[],[],143.0,3.9,0.9,5.3,0.7,6.7,0.65
Poulet riz basmati sauce coco curry,3350033876804,"['en:meals', 'en:meats-and-their-products', 'en:meals-with-meat', 'en:rice-dishes', 'en:poultry-meals', 'en:meals-with-chicken', 'en:microwave-meals', 'en:chicken-curry']",6,[],"['en:e14xx', 'en:e150a', 'en:e300', 'en:e330', 'en:e412', 'en:e415']",147.0,4.9,2.7,1.1,0.0,6.6,0.55
Coquillettes jambon emmental,3222476099280,"['en:plant-based-foods-and-beverages', 'en:plant-based-foods', 'en:meats-and-their-products', 'en:meals', 'en:fresh-foods', 'en:pasta-dishes', 'en:pastas', 'en:meals-with-meat', 'en:fresh-meals', 'en:microwave-meals', 'fr:coquillettes']",1,[],['en:e415'],127.0,5.2,3.0,0.0,0.7,6.7,0.79
Zapiekanka z pieczarkami smażonymi i serem mozarella,20902216,"['en:meals', 'en:microwave-meals']",0,[],[],219.0,6.2,3.0,1.8,1.4,10.9,1.13
Duo de carottes cuisinées et graines de courges,3270160864751,"['en:plant-based-foods-and-beverages', 'en:plant-based-foods', 'en:fruits-and-vegetables-based-foods', 'en:vegetable-based-foods-and-beverages', 'en:frozen-foods', 'en:meals', 'en:vegetables-based-foods', 'en:vegetables', 'en:frozen-plant-based-foods', 'en:frozen-vegetables', 'en:prepared-vegetables', 'en:combination-meals', 'en:frozen-ready-made-meals', 'en:microwave-meals']",0,[],[],82.0,5.8,2.1,2.8,3.4,2.2,0.28
Arroz Basmati,24024839,"['en:plant-based-foods-and-beverages', 'en:plant-based-foods', 'en:cereals-and-potatoes', 'en:seeds', 'en:cereals-and-their-products', 'en:meals', 'en:cereal-grains', 'en:rices', 'en:aromatic-rices', 'en:indica-rices', 'en:long-grain-rices', 'fr:cereales-preparees', 'en:microwave-meals', 'en:plant-based-meals', 'en:prepared-rices', 'en:basmati-rices', 'en:precooked-rices']",1,[],['en:e322'],160.0,2.3,0.4,0.0,,3.4,1.0
"Merlu sauce citron, riz et petits legumes",3596710455010,"['en:seafood', 'en:fishes-and-their-products', 'en:meals', 'en:fish-preparations', 'en:meals-with-fish', 'en:rice-dishes', 'en:microwave-meals', 'en:fish-freshly-prepared', 'fr:plats-au-merlu']",1,[],['en:e14xx'],87.0,2.8,1.3,0.6,0.5,7.4,0.61
Shanghai,00419543,"['en:meats-and-their-products', 'en:meals', 'en:meals-with-meat', 'en:beef-dishes', 'en:refrigerated-foods', 'en:microwave-meals', 'en:refrigerated-meals']",3,[],"['en:e150a', 'en:e170', 'en:e170i', 'en:e330']",136.0,4.6,0.7,1.0,1.9,7.0,0.83
Chicken vegetable chow mein,00674683,"['en:plant-based-foods-and-beverages', 'en:plant-based-foods', 'en:cereals-and-potatoes', 'en:meats-and-their-products', 'en:cereals-and-their-products', 'en:meals', 'en:pastas', 'en:meals-with-meat', 'en:noodles', 'en:poultry-meals', 'en:chinese-noodles', 'en:meals-with-chicken', 'en:microwave-meals', 'en:low-fat-prepared-meals', 'fr:chow-mein', 'fr:cuisine-chinoise']",4,[],"['en:e260', 'en:e330', 'en:e500', 'en:e500ii', 'en:e501']",77.9,1.61,0.211,0.105,1.89,6.61,0.474
Grünkohl-Eintopf,4003082008144,"['en:meals', 'en:microwave-meals', 'en:stews', 'de:grünkohl', 'de:mettenden', 'de:wasserbad']",2,[],"['en:e250', 'en:e412']",113.0,7.3,3.1,1.3,1.5,4.8,1.2
Balanced for you Scottish salmon meal,00466769,"['en:meals', 'en:meals-with-fish', 'en:microwave-meals']",0,[],[],93.0,4.9,1.5,1.5,1.8,7.0,0.23
Spanish Chicken and Roasted Potatoes,5033665209803,"['en:meals', 'en:microwave-meals']",4,[],"['en:e250', 'en:e252', 'en:e392', 'en:e428']",141.0,5.7,1.0,3.9,2.0,7.7,0.77
Cheesy Chilli Beef Nachos,00336765,"['en:snacks', 'en:meats-and-their-products', 'en:salty-snacks', 'en:appetizers', 'en:chips-and-fries', 'en:meals', 'en:crisps', 'en:fresh-foods', 'en:meals-with-meat', 'en:beef-dishes', 'en:fresh-meals', 'en:microwave-meals']",1,[],['en:e260'],267.0,6.73,1.8,2.33,1.8,9.0,1.48
Cottage pie,5060232660095,"['en:meals', 'en:microwave-meals']",1,[],['en:e406'],104.0,4.6,2.4,2.2,0.7,5.2,0.2
Coquillettes jambon fromage,3596710487103,"['en:frozen-foods', 'en:meals', 'en:pasta-dishes', 'en:microwave-meals', 'en:frozen-grain-based-meals', 'fr:coquillettes-jambon-fromage']",0,[],[],169.0,7.2,3.6,0.7,1.3,7.9,0.47
Chicken korma & Pilau rice,5000129322972,"['en:meats-and-their-products', 'en:meals', 'en:meals-with-meat', 'en:rice-dishes', 'en:poultry-meals', 'en:meals-with-chicken', 'en:microwave-meals']",0,[],[],142.0,7.25,3.25,2.2,1.5,6.75,0.379
FUSILLONI AU PESTO,3700009278321,"['en:meals', 'en:pasta-dishes', 'en:microwave-meals']",1,[],['en:e415'],187.0,8.5,1.7,2.2,2.0,5.7,0.39
Poulet butter chicken,5413110070132,"['en:meals', 'en:meals-with-meat', 'en:poultry-meals', 'en:meals-with-chicken', 'en:microwave-meals']",0,[],[],162.0,7.7,2.7,0.9,0.9,6.2,0.7
Hähnchen Süß-Sauer,4061463736338,"['en:frozen-foods', 'en:meals', 'en:meats-and-their-products', 'en:meals-with-meat', 'en:rice-dishes', 'en:combination-meals', 'en:poultry-meals', 'en:meals-with-chicken', 'en:microwave-meals', 'de:gefrorene-fertiggerichte']",0,[],[],91.0,0.7,0.1,6.5,1.2,5.2,1.06
Lasagnes aux champignons et Elemental,3292590878528,"['en:frozen-foods', 'en:meals', 'en:pasta-dishes', 'en:prepared-lasagne', 'en:microwave-meals', 'en:frozen-lasagne']",0,[],[],134.0,6.1,4.1,3.6,1.2,6.4,0.94
Katsu curry chicken,5057753919870,"['en:meals', 'en:microwave-meals']",0,[],[],141.0,9.0,0.5,2.0,1.0,9.0,1.0375
Kerala inspired chicken fry,5000169413128,"['en:meals', 'en:microwave-meals']",1,[],['en:e160c'],205.0,13.1,2.5,3.8,16.0,13.6,0.75
RADIATORI AUX 3 FROMAGES,3700009278352,"['en:plant-based-foods-and-beverages', 'en:plant-based-foods', 'en:meals', 'en:pasta-dishes', 'en:pastas', 'en:microwave-meals']",1,[],['en:e14xx'],204.0,9.4,4.9,3.5,2.1,7.9,0.31
Risotto Milanese au safran,7613404636800,"['en:meals', 'en:rice-dishes', 'en:risottos', 'en:microwave-meals']",1,[],['en:e164'],141.0,5.5,2.8,0.9,0.5,3.6,0.94
chicken & king prawn paella,01693171,"['en:meals', 'en:meats-and-their-products', 'en:meals-with-meat', 'en:rice-dishes', 'en:poultry-meals', 'en:meals-with-chicken', 'en:microwave-meals', 'en:paella']",9,[],"['en:e100', 'en:e160c', 'en:e250', 'en:e252', 'en:e301', 'en:e316', 'en:e331', 'en:e392', 'en:e500', 'en:e500ii']",153.0,4.53,1.0,1.27,1.18,7.12,0.529
Green Curry Bowl,4779039732232,"['en:meals', 'en:microwave-meals']",0,[],[],90.0,4.2,3.8,3.8,2.4,2.4,0.78
Jalfrezi Curry  (Bean Bowl),5390003011307,"['en:meals', 'en:microwave-meals']",0,[],[],94.2,1.2,0.2,4.1,3.9,3.3,0.27
Vegetable Curry,5010525017181,"['en:canned-foods', 'en:meals', 'en:microwave-meals', 'en:tinned-foods', 'en:vegetable-curry']",1,[],['en:e100'],86.0,2.4,0.2,3.4,2.3,2.8,0.54
Fish Pie,5000129297614,"['en:meals', 'en:microwave-meals']",5,[],"['en:e100', 'en:e150a', 'en:e160c', 'en:e170', 'en:e170i', 'en:e428']",93.0,2.9,1.6,1.1,0.9,6.8,0.56
Nudelauflauf Pizza-Style,21213977,"['en:meals', 'en:pasta-dishes', 'en:gratins', 'en:microwave-meals', 'en:pasta-gratin']",0,[],[],150.0,6.5,2.5,3.7,,6.3,1.1
Crema agli asparagi,8001120936882,"['en:meals', 'en:dried-products', 'en:dried-products-to-be-rehydrated', 'en:soups', 'en:cream-soups', 'en:dried-meals', 'en:dehydrated-soups', 'en:microwave-meals']",0,[],[],360.0,4.0,1.8,15.0,3.4,12.0,5.7
Cheeseburger - Schwein,42015499,"['en:meals', 'en:sandwiches', 'en:cheeseburgers', 'en:microwave-meals']",1,[],['en:e300'],303.0,16.8,6.5,3.4,,12.0,1.8
"Mini-penné aux tomates, olives et thon",3261055954107,"['en:meals', 'en:meals-with-fish', 'en:microwave-meals']",0,[],[],107.0,2.7,0.4,2.4,2.8,4.8,0.63
Paella royale barquette 300g,3256229267183,"['en:meals', 'en:microwave-meals', 'fr:a']",2,[],"['en:e392', 'en:e451']",171.0,4.2,0.8,1.2,0.9,7.7,0.97
Takeaway Chicken Korma,5010482870782,"['en:meals', 'en:microwave-meals']",0,[],[],144.0,8.6,3.9,5.1,1.2,9.8,0.8
beef Bolognaise,29147304,"['en:meals', 'en:microwave-meals']",3,[],"['en:e250', 'en:e252', 'en:e301']",170.0,8.8,3.4,1.5,1.1,9.2,0.64
Pollo al curry,8480017299062,"['en:meats-and-their-products', 'en:meals', 'en:meats', 'en:chicken-and-its-products', 'en:poultries', 'en:meals-with-meat', 'en:chickens', 'en:poultry-meals', 'en:meals-with-chicken', 'en:microwave-meals', 'en:chicken-curry']",3,[],"['en:e202', 'en:e262', 'en:e428']",100.0,2.4,0.6,0.1,,2.9,0.5
spicy chicken rabbits pizza,29161874,"['en:meals', 'en:pizzas-pies-and-quiches', 'en:meals-with-meat', 'en:pizzas', 'en:pork-meals', 'en:microwave-meals', 'en:pizza-with-ham-and-cheese']",0,[],[],236.0,8.12,1.42,3.18,1.7,12.5,1.08
Pad thaï,5413110542080,"['en:meals', 'en:pasta-dishes', 'en:meals-with-meat', 'en:poultry-meals', 'en:meals-with-chicken', 'en:microwave-meals']",3,[],"['en:e412', 'en:e415', 'en:e473']",206.0,9.9,1.9,7.4,1.9,5.2,0.4
,5413110542042,"['en:meals', 'en:pasta-dishes', 'en:meals-with-meat', 'en:poultry-meals', 'en:meals-with-chicken', 'en:microwave-meals']",0,[],[],150.0,6.6,1.5,2.4,3.3,7.4,0.52
,5057753927790,"['en:meals', 'en:microwave-meals']",0,[],[],90.7,3.36,1.18,1.24,1.13,16.9,0.367
Thai Green Curry,5059697707162,"['en:meals', 'en:microwave-meals']",0,[],[],122.0,6.1,3.0,3.3,0.08,11.2,0.8075
,3379670023075,"['en:meals', 'en:meals-with-meat', 'en:beef-dishes', 'en:poultry-meals', 'en:meals-with-chicken', 'en:microwave-meals', 'en:tajine', 'en:beef-tajine', 'en:chicken-tajine']",1,[],['en:e451'],103.0,4.4,1.0,1.2,1.8,8.0,0.94
Totani con patate,8001120871756,"['en:frozen-foods', 'en:meals', 'en:potato-dishes', 'en:microwave-meals']",0,[],[],90.0,5.1,0.7,0.0,0.0,6.8,0.8075
Naked Burrito,4056489900658,"['en:meals', 'en:sandwiches', 'en:microwave-meals', 'en:burritos']",0,[],[],113.0,1.59,1.2,3.4,2.59,9.09,0.809
Chicken and Tomato Risotto,29318636,"['en:meals', 'en:rice-dishes', 'en:risottos', 'en:microwave-meals']",0,[],[],101.0,2.31,0.5,2.11,1.11,8.0,0.4
Express-Reis - Langkorn,4316268686259,"['en:meals', 'en:microwave-meals', 'de:reiszubereitungen']",0,[],[],152.0,1.1,0.2,0.1,,3.0,0.5
Chicken Tikka Masala,4056489900641,"['en:frozen-foods', 'en:meals', 'en:meals-with-meat', 'en:combination-meals', 'en:poultry-meals', 'en:frozen-ready-made-meals', 'en:meals-with-chicken', 'en:microwave-meals', 'en:chicken-tikka', 'en:chicken-tikka-masala']",2,[],"['en:e160c', 'en:e330']",139.0,2.59,0.799,3.29,2.81,9.11,0.609
Chicken Katsu Curry,4335619070899,"['en:meals', 'en:meals-with-meat', 'en:rice-dishes', 'en:poultry-meals', 'en:meals-with-chicken', 'en:microwave-meals']",0,[],[],130.0,4.2,1.3,0.19,3.2,12.7,0.552
,3248830002536,"['en:meals', 'en:microwave-meals']",0,[],[],171.0,8.4,2.9,1.2,,7.3,0.59
Smokey Mexican Style Chilli Non Carne,4335619071216,"['en:meals', 'en:microwave-meals']",1,[],['en:e412'],89.0,0.9,0.2,2.7,4.3,5.6,0.0019
Satay Noodle Box,29378135,"['en:meals', 'en:microwave-meals']",1,[],['en:e160c'],165.0,5.4,2.8,2.8,2.4,4.8,0.669
Box serpentini saumon 360g,3240931540566,"['en:seafood', 'en:fishes-and-their-products', 'en:fishes', 'en:fatty-fishes', 'en:meals', 'en:fresh-foods', 'en:pasta-dishes', 'en:meals-with-fish', 'en:meals-with-salmon', 'en:salmons', 'en:smoked-fishes', 'en:microwave-meals', 'en:smoked-salmons', 'en:pasta-with-fish', 'en:pasta-with-salmon', 'en:pots']",4,[],"['en:e202', 'en:e322', 'en:e407', 'en:e415']",167.0,5.9,1.9,1.5,1.2,4.9,0.73
Lustucru box serpentini tomate mozzarrela 360g,3240931540580,"['en:condiments', 'en:meals', 'en:fresh-foods', 'en:pasta-dishes', 'en:sauces', 'en:fresh-meals', 'en:tomato-sauces', 'en:instant-pasta', 'en:microwave-meals', 'en:pots', 'en:groceries', 'fr:pates-cuisinees']",4,[],"['en:e202', 'en:e322', 'en:e407', 'en:e415']",155.0,4.6,1.3,3.1,1.5,4.6,0.77
"Mélange de légumes (courgette grillée, poivron jaune, aubergine grillée, poivron rouge et aubergine préfrite) cuisinés dans une sauce à base de tomate, huile d'olive vierge extra et plantes aromatiques, recouvert d'emmental, prégratiné, surgelé, issu de l'agriculture biologique.",3289476000005,"['en:plant-based-foods-and-beverages', 'en:plant-based-foods', 'en:frozen-foods', 'en:meals', 'en:gratins', 'en:prepared-vegetables', 'en:frozen-ready-made-meals', 'en:microwave-meals', 'en:vegetable-gratins', 'en:ratatouille']",0,[],[],78.0,4.1,1.5,4.2,2.1,3.6,0.28
"Poulet & duo de purées, carottes, pommes de terre",3302746139028,"['en:meats-and-their-products', 'en:meals', 'en:meals-with-meat', 'en:poultry-meals', 'en:meals-with-chicken', 'en:microwave-meals']",0,[],[],95.0,4.5,2.4,2.4,1.6,4.9,0.8
Galette de blé noir lardons chèvre,3560070365838,"['en:meals', 'en:crepes-and-galettes', 'en:fresh-foods', 'en:filled-buckwheat-crepes', 'en:fresh-meals', 'en:microwave-meals', 'en:salty-filled-buckwheat-crepes', 'en:galettes', 'en:plain-buckwheat-crepes', 'fr:galettes-au-chevre-et-aux-lardons']",1,[],['en:e407'],156.0,7.6,4.2,0.5,1.1,7.1,0.96
Maxi Cheese Burger,20534431,"['en:meals', 'en:sandwiches', 'en:cheeseburgers', 'en:hamburgers', 'en:microwave-meals', 'en:beef-hamburgers']",5,[],"['en:e14xx', 'en:e160c', 'en:e224', 'en:e331', 'en:e509']",250.0,11.1,3.8,4.3,,12.3,1.0
"Boulettes pur boeuf, sauce tomate riz lardons",3245369771957,"['en:meats-and-their-products', 'en:meals', 'en:meals-with-meat', 'en:rice-dishes', 'en:beef-dishes', 'en:microwave-meals']",0,[],[],151.0,5.7,2.5,1.3,0.0,6.0,1.0
Nouilles royales - Bami Goreng,5413110011630,"['en:meals', 'en:meats-and-their-products', 'en:fresh-foods', 'en:meals-with-meat', 'en:fresh-meals', 'en:poultry-meals', 'en:meals-with-chicken', 'en:microwave-meals', 'fr:nouilles-royales']",4,[],"['en:e331', 'en:e412', 'en:e415', 'en:e621']",160.0,7.8,1.0,3.9,1.6,5.8,1.2
"Galettes de blé noir, garnies de jambon supérieur et emmental , x2, 300g",3368955060294,"['en:meats-and-their-products', 'en:meals', 'en:crepes-and-galettes', 'en:meals-with-meat', 'en:pork-meals', 'en:refrigerated-foods', 'en:microwave-meals', 'en:refrigerated-meals', 'en:galettes', 'en:plain-buckwheat-crepes', 'fr:galettes-garnies']",2,[],"['en:e250', 'en:e316']",237.0,13.0,9.4,0.5,2.1,13.0,1.1
PETIT SALE AUX LENTILLES 330g,3250390946304,"['en:meats-and-their-products', 'en:meals', 'en:meals-with-meat', 'en:pork-meals', 'en:lentil-dishes', 'en:microwave-meals', 'en:salt-cured-pork-belly-with-lentils', 'fr:saucisses-feculents']",1,[],['en:e300'],141.0,6.6,2.5,0.8,3.0,10.0,1.1
Lasagnes aux légumes et au tofu // lasanha com legumes e tofu,3596710435111,"['en:meals', 'en:pasta-dishes', 'en:prepared-lasagne', 'en:microwave-meals', 'en:vegetarian-lasagne']",0,[],[],118.0,4.3,0.9,2.4,1.4,4.1,0.75
La néo popote! Risotto Champignons & parmesan,3431590012673,"['en:plant-based-foods-and-beverages', 'en:plant-based-foods', 'en:meals', 'en:rice-dishes', 'en:risottos', 'en:microwave-meals', 'en:vegetable-risottos', 'en:mushroom-risottos']",0,[],[],114.0,5.1,2.4,1.8,1.8,2.4,0.84
Lasagnes à la bolognaise,3379670015032,"['en:meats-and-their-products', 'en:meals', 'en:pasta-dishes', 'en:meals-with-meat', 'en:prepared-lasagne', 'en:beef-dishes', 'en:meat-lasagnas', 'en:microwave-meals', 'en:bolognese-lasagne']",1,[],['en:e412'],121.0,5.1,1.7,2.7,1.1,5.8,0.6
Coq au vin des Corbières et ses torsades,3564709053974,"['en:meats-and-their-products', 'en:meals', 'en:pasta-dishes', 'en:meals-with-meat', 'en:poultry-meals', 'en:microwave-meals', 'en:cockerel-in-red-wine-sauce']",1,[],['en:e150a'],107.0,4.9,1.3,1.2,1.8,7.5,0.8
Gratin dauphinois,3245411442262,"['en:frozen-foods', 'en:meals', 'en:gratins', 'en:potato-gratin', 'en:frozen-ready-made-meals', 'en:microwave-meals', 'en:dauphine-style-creamed-potatoes-au-gratin']",1,[],['en:e415'],135.0,8.3,4.8,1.8,1.6,3.9,0.44
"Purée Surgelée Pom'lisse, Pommes De Terre",3564700574362,"['en:plant-based-foods-and-beverages', 'en:plant-based-foods', 'en:cereals-and-potatoes', 'en:frozen-foods', 'en:meals', 'en:purees', 'en:potato-preparations', 'en:frozen-ready-made-meals', 'en:mashed-potatoes', 'en:microwave-meals', 'fr:purees-surgelees']",0,[],[],90.0,2.6,1.8,0.8,1.5,1.9,0.5
Burger pavé graines et poulet,20058531,"['en:meals', 'en:sandwiches', 'en:hamburgers', 'en:microwave-meals', 'en:chicken-hamburgers']",7,[],"['en:e14xx', 'en:e300', 'en:e330', 'en:e415', 'en:e440', 'en:e471', 'en:e472e']",259.0,10.0,4.8,4.0,,13.0,1.2
Plat cuisiné Lapin chasseur barquette micro-ondable de 300g,3256221976694,"['en:meals', 'en:meats-and-their-products', 'en:meals-with-meat', 'en:meals-with-rabbit-or-hare', 'en:microwave-meals', 'en:rabbit-dishes', 'fr:lapin-chasseur']",1,[],['en:e451'],76.0,2.0,0.3,0.5,1.1,6.5,0.6
Mousaka,3292590879518,"['en:frozen-foods', 'en:meals', 'en:meats-and-their-products', 'en:meals-with-meat', 'en:beef-dishes', 'en:microwave-meals', 'en:moussaka']",2,[],"['en:e14xx', 'en:e300']",130.0,9.2,2.8,2.8,2.4,6.6,0.89
Poulet curry & petits légumes,3560070921973,"['en:canned-foods', 'en:meats-and-their-products', 'en:meals', 'en:meats', 'en:chicken-and-its-products', 'en:poultries', 'en:meals-with-meat', 'en:chickens', 'en:cooked-poultries', 'en:poultry-meals', 'en:canned-meals', 'en:cooked-chicken', 'en:meals-with-chicken', 'en:microwave-meals', 'en:chicken-curry']",3,[],"['en:e14xx', 'en:e412', 'en:e415']",93.0,4.6,1.5,2.2,0.8,8.2,0.87
"Colin d'alaska, bisque de crevettes - crème fraîche et persil",3248839630006,"['en:frozen-foods', 'en:meals', 'en:meals-with-fish', 'en:frozen-ready-made-meals', 'en:microwave-meals', 'fr:colins-prepares', 'fr:poissons-prepares']",0,[],[],84.0,3.8,2.3,0.8,0.0,10.0,0.74
Plat cuisiné Blanquette de veau barquette micro-ondable de 300g,3256220496308,"['en:meats-and-their-products', 'en:meals', 'en:meals-with-meat', 'en:beef-dishes', 'en:microwave-meals', 'en:veal-meat-dishes', 'en:veal-blanquette']",0,[],[],122.0,4.2,1.6,0.5,1.2,5.5,0.77
Lapin Chasseur et  ses Pommes de Terre,3564700653272,"['en:meals', 'en:meats-and-their-products', 'en:meats', 'en:meals-with-meat', 'en:meals-with-rabbit-or-hare', 'en:rabbit-meat', 'en:microwave-meals', 'en:rabbit-dishes', 'fr:lapin-chasseur']",4,[],"['en:e223', 'en:e270', 'en:e451', 'en:e575']",79.0,1.8,0.5,1.3,1.8,6.3,0.73
Rognons a la vigneronne 330g,3250390560364,"['en:meals', 'en:meats-and-their-products', 'en:beef-and-its-products', 'en:meats', 'en:beef', 'en:meals-with-meat', 'en:beef-dishes', 'en:microwave-meals', 'en:beef-kidney', 'fr:viandes-feculents']",3,[],"['en:e150', 'en:e160c', 'en:e415']",101.0,3.5,1.6,1.1,1.5,9.4,0.6
Bœuf bourguignon et pommes de terre,3560070343904,"['en:meats-and-their-products', 'en:meals', 'en:meals-with-meat', 'en:beef-dishes', 'en:beef-stews', 'en:microwave-meals', 'en:boeufs-bourguignons']",3,[],"['en:e14xx', 'en:e150a', 'en:e415']",77.0,1.3,0.3,1.1,1.2,7.1,0.59
Penne poulet aux champignons,3596710367054,"['en:meals', 'en:meats-and-their-products', 'en:frozen-foods', 'en:meals-with-meat', 'en:poultry-meals', 'en:meals-with-chicken', 'en:microwave-meals']",0,[],[],132.0,3.7,2.4,1.0,1.5,8.8,0.44
"Saumon, riz aux petits legumes",3292590877538,"['en:seafood', 'en:fishes-and-their-products', 'en:fishes', 'en:meals', 'en:meals-with-fish', 'en:rice-dishes', 'en:meals-with-salmon', 'en:microwave-meals']",0,[],[],167.0,8.5,4.1,1.2,1.3,5.7,0.14
Brandade de Morue,3564700466476,"['en:frozen-foods', 'en:meals', 'en:meals-with-fish', 'en:frozen-ready-made-meals', 'en:microwave-meals', 'en:cod-brandade', 'fr:brandades-de-morue-parmentiere', 'en:preparations-made-from-fish-meat']",1,[],['en:e471'],136.0,7.6,1.5,0.5,1.0,7.1,0.81
Arroz salvaje con arroz basmati,8410184800143,"['en:plant-based-foods-and-beverages', 'en:plant-based-foods', 'en:cereals-and-potatoes', 'en:seeds', 'en:cereals-and-their-products', 'en:meals', 'en:cereal-grains', 'en:rices', 'en:aromatic-rices', 'en:indica-rices', 'en:long-grain-rices', 'fr:cereales-preparees', 'en:microwave-meals', 'en:plant-based-meals', 'en:prepared-rices', 'en:basmati-rices', 'en:precooked-rices']",1,[],"['en:e322', 'en:e322i']",192.0,2.5,0.4,0.2,2.9,4.9,0.235
Colin d'Alaska à la normande 400 g MSC,3250390026648,"['en:seafood', 'en:fishes-and-their-products', 'en:fishes', 'en:frozen-foods', 'en:meals', 'en:lean-fishes', 'en:meals-with-fish', 'en:combination-meals', 'en:frozen-ready-made-meals', 'en:microwave-meals', 'en:pollocks', 'en:alaska-pollock', 'fr:colins-prepares', 'fr:plats-prepares-a-rechauffer-au-bain-marie', 'fr:poisson-en-sauce', 'fr:poissons-prepares']",0,[],[],74.0,2.8,1.9,0.9,0.0,9.0,0.81
"Saint-Jacques risotto aux morilles, poêlée de fèves et asperges",3270160860807,"['en:frozen-foods', 'en:meals', 'en:meals-with-fish', 'en:rice-dishes', 'en:combination-meals', 'en:risottos', 'en:frozen-ready-made-meals', 'en:meals-with-shellfish', 'en:microwave-meals', 'en:risotto-with-seafood', 'en:dishes-with-scallops']",0,[],[],148.0,8.1,3.9,0.8,1.2,7.0,0.72
Tagliatelles aux 2 saumons,3596710463992,"['en:meals', 'en:pasta-dishes', 'en:meals-with-fish', 'en:meals-with-salmon', 'en:microwave-meals', 'en:frozen-grain-based-meals', 'en:pasta-with-fish', 'en:pasta-with-salmon']",1,[],['en:e14xx'],121.0,3.7,1.3,1.1,1.0,6.44,0.58
Le poulet moutarde à l'ancienne pâtes aux champignons,3302740046810,"['en:meats-and-their-products', 'en:meals', 'en:pasta-dishes', 'en:meals-with-meat', 'en:poultry-meals', 'en:meals-with-chicken', 'en:microwave-meals', 'en:pasta-with-mushrooms']",0,[],[],135.0,4.7,1.7,1.0,0.7,9.8,0.8
Tagliatelles & pavé de saumon sauce beurre blanc,3270190214427,"['en:plant-based-foods-and-beverages', 'en:plant-based-foods', 'en:cereals-and-potatoes', 'en:cereals-and-their-products', 'en:meals', 'en:fresh-foods', 'en:pasta-dishes', 'en:pastas', 'en:meals-with-fish', 'en:noodles', 'en:egg-pastas', 'en:meals-with-salmon', 'en:microwave-meals', 'en:egg-noodles', 'en:egg-tagliatelle', 'fr:tagliatelles-au-saumon']",1,[],['en:e406'],183.0,12.0,5.6,0.5,0.7,8.4,0.6
Plat cuisiné Cassoulet toulousain barquette micro-ondable de 300g,3256225714100,"['en:meats-and-their-products', 'en:meals', 'en:meals-with-meat', 'en:bean-dishes', 'en:microwave-meals', 'en:cassoulets', 'en:cassoulets-with-toulouse-sausage']",2,[],"['en:e412', 'en:e415']",141.0,7.5,2.6,0.6,3.8,9.1,0.91
Coquillettes,3560070325580,"['en:plant-based-foods-and-beverages', 'en:plant-based-foods', 'en:meals', 'en:pasta-dishes', 'en:pastas', 'en:microwave-meals', 'fr:coquillettes']",1,[],['en:e412'],128.0,2.1,0.5,0.8,1.1,5.2,0.67
Coquillettes au Beurre,3222474240714,"['en:plant-based-foods-and-beverages', 'en:plant-based-foods', 'en:cereals-and-potatoes', 'en:seeds', 'en:cereals-and-their-products', 'en:meals', 'en:cereal-grains', 'en:pasta-dishes', 'en:pastas', 'en:rices', 'en:microwave-meals', 'fr:coquillettes']",0,[],[],134.0,1.8,0.6,0.3,2.1,5.3,0.9
Canard à l'Orange et son Duo de Riz,3245413532466,"['en:meals', 'en:meats-and-their-products', 'en:meals-with-meat', 'en:poultry-meals', 'en:duck-dishes', 'en:microwave-meals', 'fr:canards-a-l-orange']",3,[],"['en:e14xx', 'en:e412', 'en:e415']",121.0,2.3,0.3,1.2,0.8,8.1,0.73
Nouilles sautées aux crevettes,3492592311119,"['en:plant-based-foods-and-beverages', 'en:plant-based-foods', 'en:meals', 'en:pastas', 'en:noodles', 'en:chinese-noodles', 'en:microwave-meals', 'en:sauteed-noodles-with-shrimps']",4,[],"['en:e14xx', 'en:e150c', 'en:e331', 'en:e621']",110.0,1.1,0.3,2.1,,6.2,1.2
Rougail saucisse riz blanc et lentilles cuisinées,3270160868407,"['en:meats-and-their-products', 'en:frozen-foods', 'en:meals', 'en:prepared-meats', 'en:sausages', 'en:meals-with-meat', 'en:rice-dishes', 'en:microwave-meals', 'fr:rougail-saucisse']",0,[],[],136.0,5.1,1.5,1.9,2.6,8.0,0.26
Plat cuisiné individuel Emincés de poulet sauce champignons et tagliatelles 300g,3256225706457,"['en:meats-and-their-products', 'en:meals', 'en:pasta-dishes', 'en:meals-with-meat', 'en:poultry-meals', 'en:refrigerated-foods', 'en:meals-with-chicken', 'en:microwave-meals', 'en:refrigerated-meals']",1,[],['en:e415'],116.0,4.8,2.3,0.8,0.6,5.8,0.5
Colin d'Alaska sauce poivrons et chorizo 400g,3256226404109,"['en:seafood', 'en:fishes-and-their-products', 'en:fishes', 'en:frozen-foods', 'en:meals', 'en:frozen-seafood', 'en:meals-with-fish', 'en:frozen-fishes', 'en:microwave-meals']",2,[],"['en:e250', 'en:e301']",87.0,4.0,0.9,1.6,0.6,9.7,0.92
Paëlla🥘royale,3560070949656,"['en:meals', 'en:meats-and-their-products', 'en:meals-with-meat', 'en:rice-dishes', 'en:poultry-meals', 'en:microwave-meals', 'en:paella']",5,[],"['en:e223', 'en:e250', 'en:e301', 'en:e330', 'en:e331']",142.0,5.0,1.3,1.2,0.9,7.9,0.8
Lapin aux deux moutardes et ses pommes de terre,3250391134663,"['en:meats-and-their-products', 'en:meals', 'en:meats', 'en:meals-with-meat', 'en:meals-with-rabbit-or-hare', 'en:rabbit-meat', 'en:microwave-meals', 'en:rabbit-dishes', 'en:meats-in-sauce', 'en:rabbit-with-mustard-sauce', 'fr:viandes-legumes-feculents']",2,[],"['en:e330', 'en:e451']",79.0,2.9,1.4,1.2,1.9,6.5,0.98
Porc au caramel et riz basmati,3292590883980,"['en:meats-and-their-products', 'en:frozen-foods', 'en:meals', 'en:meals-with-meat', 'en:rice-dishes', 'en:pork-meals', 'en:microwave-meals']",2,[],"['en:e14xx', 'en:e407']",154.0,6.9,1.2,2.9,0.51,6.2,0.79
Blanquette de veau et son riz blanc  ,3596710357277,"['en:meats-and-their-products', 'en:meals', 'en:meals-with-meat', 'en:beef-dishes', 'en:microwave-meals', 'en:veal-meat-dishes', 'en:veal-blanquette']",2,[],"['en:e14xx', 'en:e331']",118.0,4.2,1.7,0.6,0.5,5.9,0.8
Curry quinoa mix,4056489421337,"['en:plant-based-foods-and-beverages', 'en:plant-based-foods', 'en:meals', 'en:microwave-meals', 'en:plant-based-meals', 'en:quinoa-dishes']",1,[],['en:e14xx'],199.0,6.3,4.1,1.9,4.9,6.7,0.66
6 cheeseburgers,26053028,"['en:meals', 'en:sandwiches', 'en:cheeseburgers', 'en:microwave-meals']",12,[],"['en:e14xx', 'en:e160a', 'en:e224', 'en:e300', 'en:e322', 'en:e322i', 'en:e330', 'en:e331', 'en:e339', 'en:e452', 'en:e471', 'en:e472e', 'en:e509']",249.0,11.0,5.0,4.0,,12.0,1.2
Porc sauce aigre douce riz blanc,3250391490714,"['en:meals', 'en:meats-and-their-products', 'en:meals-with-meat', 'en:pork-meals', 'en:microwave-meals', 'fr:plats-exotiques-plat-complet']",5,[],"['en:e14xx', 'en:e300', 'en:e330', 'en:e407', 'en:e451', 'en:e451i']",150.0,5.2,1.3,6.1,1.7,6.0,0.97
Spaghetti à la bolognaise de boeuf aux oignons,3564706553859,"['en:meals', 'en:pasta-dishes', 'en:bolognese-style-pasta', 'en:microwave-meals', 'en:bolognese-spaghetti']",0,[],[],115.0,3.6,0.9,3.6,1.4,6.2,0.85
Filet mignon de porc et sa purée persillé de pomme de terre,3700977711004,"['en:meats-and-their-products', 'en:meals', 'en:meals-with-meat', 'en:pork-meals', 'en:microwave-meals']",0,[],[],79.0,2.7,1.2,1.1,1.2,6.7,0.83
Choucroute garnie d'Alsace cuisinée au Riesling,3245413832719,"['en:plant-based-foods-and-beverages', 'en:plant-based-foods', 'en:fruits-and-vegetables-based-foods', 'en:meats-and-their-products', 'en:vegetables-based-foods', 'en:meals', 'en:fresh-foods', 'en:fermented-vegetables', 'en:meals-with-meat', 'en:fresh-meals', 'en:pork-meals', 'en:sauerkrauts', 'en:microwave-meals', 'en:sauerkraut-with-garnish']",3,[],"['en:e250', 'en:e300', 'en:e301']",152.0,13.0,4.2,0.5,2.3,7.1,1.6
Paupiettes de porc à la Provençale - Cuisiné 300g poids fixe,3250390989547,"['en:meals', 'en:meals-with-meat', 'en:pork-meals', 'en:microwave-meals', 'fr:viandes-legumes']",0,[],[],144.0,8.6,2.7,2.0,1.3,11.0,0.9
Tagliatelles aux crevettes bio,3248830001249,"['en:frozen-foods', 'en:meals', 'en:pasta-dishes', 'en:meals-with-shellfish', 'en:microwave-meals', 'en:meals-with-shrimps']",0,[],[],130.0,4.8,2.2,0.8,0.6,7.4,0.65
Poulet sauce curry riz basmati,3250392488833,"['en:meats-and-their-products', 'en:meals', 'en:meats', 'en:chicken-and-its-products', 'en:poultries', 'en:meals-with-meat', 'en:rice-dishes', 'en:chickens', 'en:cooked-poultries', 'en:poultry-meals', 'en:cooked-chicken', 'en:meals-with-chicken', 'en:microwave-meals', 'en:chicken-curry', 'fr:plats-exotiques-plat-complet']",5,[],"['en:e100', 'en:e14xx', 'en:e160c', 'en:e412', 'en:e415']",131.0,5.0,1.5,0.27,0.7,7.4,0.66
"Boeuf Bourguignon Pommes De Terre, 300 Grammes, Marque Cora",3257980649058,"['en:meats-and-their-products', 'en:meals', 'en:meals-with-meat', 'en:beef-dishes', 'en:beef-stews', 'en:microwave-meals', 'en:boeufs-bourguignons']",0,[],[],81.0,2.2,1.0,2.1,1.5,7.6,1.11
Tajine de Fruits Secs,3266191105222,"['en:plant-based-foods-and-beverages', 'en:plant-based-foods', 'en:meals', 'en:microwave-meals', 'en:plant-based-meals', 'en:tajine']",0,[],[],85.0,2.9,0.3,8.5,1.7,1.5,1.0
Cassoulet,3596710378630,"['en:meats-and-their-products', 'en:meals', 'en:meals-with-meat', 'en:refrigerated-foods', 'en:bean-dishes', 'en:microwave-meals', 'en:refrigerated-meals', 'en:cassoulets']",1,[],['en:e14xx'],155.0,7.8,2.0,0.7,4.1,11.0,1.2
Dinde à l'estragon,3700977711325,"['en:meats-and-their-products', 'en:meals', 'en:meals-with-meat', 'en:poultry-meals', 'en:microwave-meals', 'en:turkey-dishes']",0,[],[],117.0,2.7,1.0,0.8,1.9,8.2,0.4
Tartiflette Gratinée au Reblochon de Savoie,3564709017907,"['en:meals', 'en:gratins', 'en:potato-gratin', 'en:microwave-meals', 'en:tartiflettes']",3,[],"['en:e250', 'en:e301', 'en:e330']",168.0,10.3,6.8,0.9,2.2,7.2,0.775
Arroz al curry verde,8410184800082,"['en:plant-based-foods-and-beverages', 'en:plant-based-foods', 'en:cereals-and-potatoes', 'en:cereals-and-their-products', 'en:meals', 'en:microwave-meals', 'en:precooked-rices']",1,[],"['en:e322', 'en:e322i']",132.0,1.7,0.5,2.6,1.7,2.1,0.3
Ham & Mushroom Tagliatelle,00749145,"['en:meals', 'en:pasta-dishes', 'en:microwave-meals']",4,[],"['en:e250', 'en:e301', 'en:e451', 'en:e452']",129.0,4.6,1.8,1.4,0.6,7.4,0.472
Colin d'Alaska à la provençale MSC 450g =&gt; 400g,3250391369447,"['en:seafood', 'en:fishes-and-their-products', 'en:fishes', 'en:meals', 'en:lean-fishes', 'en:fish-fillets', 'en:meals-with-fish', 'en:meals-with-cooked-white-fish', 'en:microwave-meals', 'en:pollocks', 'en:pollock-fillets', 'en:white-fish-with-provencal-sauce', 'fr:colin-d-alaska-a-la-provencale', 'fr:poisson-en-sauce']",0,[],[],61.0,1.0,0.2,2.8,2.0,9.2,0.63
Paëlla royale,3564700846810,"['en:meats-and-their-products', 'en:meals', 'en:meals-with-meat', 'en:rice-dishes', 'en:poultry-meals', 'en:meals-with-chicken', 'en:microwave-meals', 'en:paella']",9,[],"['en:e100', 'en:e1400', 'en:e224', 'en:e250', 'en:e316', 'en:e330', 'en:e338', 'en:e450', 'en:e451']",173.0,7.1,1.3,1.5,1.1,6.7,1.2
PAUPIETTE DE VEAU SAUCE TOMATE et ECASE DE POMME DE TERRE,3596710441389,"['en:frozen-foods', 'en:meals', 'en:meats-and-their-products', 'en:meats', 'en:refrigerated-foods', 'en:meals-with-meat', 'en:refrigerated-meals', 'en:beef-dishes', 'en:combination-meals', 'en:veal-meat', 'en:frozen-ready-made-meals', 'en:microwave-meals', 'en:veal-meat-dishes', 'en:olive-veal']",6,[],"['en:e14xx', 'en:e223', 'en:e330', 'en:e407', 'en:e412', 'en:e415']",143.0,8.9,4.1,1.0,0.7,7.5,0.98
Bœuf bourguignon et ses pâtes,3700977711561,"['en:meats-and-their-products', 'en:meals', 'en:pasta-dishes', 'en:meals-with-meat', 'en:beef-dishes', 'en:microwave-meals']",0,[],[],106.0,3.2,0.6,1.0,0.9,7.8,0.75
Saikebon noodles manzo,8000050027523,"['en:plant-based-foods-and-beverages', 'en:plant-based-foods', 'en:canned-foods', 'en:meals', 'en:dried-products', 'en:pastas', 'en:dried-products-to-be-rehydrated', 'en:noodles', 'en:instant-noodles', 'en:canned-meals', 'en:microwave-meals']",8,[],"['en:e100', 'en:e14xx', 'en:e150a', 'en:e330', 'en:e500', 'en:e500i', 'en:e501', 'en:e501i', 'en:e621', 'en:e635']",99.0,4.3,2.2,0.7,0.3,1.9,3.0
Riz façon paëlla,3596710464296,"['en:meals', 'en:meals-with-meat', 'en:rice-dishes', 'en:poultry-meals', 'en:meals-with-chicken', 'en:microwave-meals']",4,[],"['en:e14xx', 'en:e301', 'en:e407a', 'en:e451']",188.0,5.4,0.4,0.6,1.0,4.7,0.8
Poulet basquaise - Riz cuisiné à la tomate,4056489360865,"['en:meats-and-their-products', 'en:frozen-foods', 'en:meals', 'en:meals-with-meat', 'en:rice-dishes', 'en:poultry-meals', 'en:meals-with-chicken', 'en:microwave-meals', 'en:chicken-basque-style']",0,[],[],107.0,2.0,0.3,1.5,0.8,6.9,0.63
egg fried rice,5010034011410,"['en:meals', 'fr:cereales-preparees', 'en:microwave-meals', 'en:prepared-rices', 'en:fried-rice', 'en:pots', 'en:rice-in-pots', 'en:egg-fried-rice']",0,[],[],156.0,2.7,0.4,0.7,,3.9,0.42
Poulet curry rouge et riz,5413110013344,"['en:meals', 'en:meals-with-meat', 'en:rice-dishes', 'en:poultry-meals', 'en:meals-with-chicken', 'en:microwave-meals', 'en:chicken-curry']",2,[],"['en:e412', 'en:e415']",158.0,6.5,2.9,1.1,,5.9,1.275
Poulet Bombay,5413110519730,"['en:meats-and-their-products', 'en:meals', 'en:meals-with-meat', 'en:rice-dishes', 'en:poultry-meals', 'en:meals-with-chicken', 'en:microwave-meals']",0,[],[],151.0,6.5,2.1,2.0,1.0,6.5,0.73
Express Natur-Reis Mediterran Vollkorn,5010034011946,"['en:plant-based-foods-and-beverages', 'en:plant-based-foods', 'en:cereals-and-potatoes', 'en:seeds', 'en:cereals-and-their-products', 'en:meals', 'en:cereal-grains', 'en:rices', 'en:microwave-meals', 'en:pots', 'en:rice-in-pots']",0,[],[],170.0,4.7,0.9,1.9,2.4,4.1,0.3925
Grandiosa X-tra Allt Capricciosa,7310240071672,"['en:meats-and-their-products', 'en:frozen-foods', 'en:meals', 'en:pizzas-pies-and-quiches', 'en:meals-with-meat', 'en:pizzas', 'en:pork-meals', 'en:frozen-pizzas-and-pies', 'en:microwave-meals', 'en:frozen-pizzas', 'en:pizza-with-ham-and-cheese']",4,[],"['en:e250', 'en:e301', 'en:e450', 'en:e471']",221.0,9.14,4.23,1.2,,10.9,1.03
Spinash et ricotta cannelloni,00180344,"['en:meals', 'en:pasta-dishes', 'en:stuffed-pastas', 'en:cannelloni', 'en:refrigerated-foods', 'en:microwave-meals', 'en:refrigerated-meals']",2,[],"['en:e170', 'en:e170i', 'en:e440']",90.0,2.5,1.4,2.5,1.1,4.6,0.325
Cream of mushroom soup,5000169107317,"['en:plant-based-foods-and-beverages', 'en:plant-based-foods', 'en:fruits-and-vegetables-based-foods', 'en:canned-foods', 'en:vegetables-based-foods', 'en:meals', 'en:mushrooms-and-their-products', 'en:soups', 'en:cream-soups', 'en:cream-of-mushroom-soups', 'en:microwave-meals']",0,[],[],60.0,4.3000001907349,1.2000000476837,0.69999998807907,1.1,0.89999997615814,0.43000000715256
Du darfst Zwiebel-Hackbraten aus Schweinefleisch in würziger Sauce mit Spätzle 4044983001957,4044983001957,"['en:meals', 'en:meals-with-meat', 'en:microwave-meals']",5,[],"['en:e14xx', 'en:e300', 'en:e392', 'en:e412', 'en:e466']",126.0,4.8,1.7,2.4,,6.3,0.81
BBQ RIB,5099556017773,"['en:meals', 'en:sandwiches', 'en:hamburgers', 'en:microwave-meals']",6,[],"['en:e282', 'en:e300', 'en:e325', 'en:e392', 'en:e451', 'en:e472e']",240.0,8.28,2.87,4.84,,13.0,1.25
Thai Cube,8858984830029,"['en:plant-based-foods-and-beverages', 'en:plant-based-foods', 'en:cereals-and-potatoes', 'en:meats-and-their-products', 'en:frozen-foods', 'en:meals', 'en:meals-with-meat', 'en:poultry-meals', 'en:meals-with-chicken', 'en:microwave-meals']",3,[],"['en:e160c', 'en:e260', 'en:e415']",132.0,3.2,0.6,7.5,2.0,6.7,1.1
Bouchées vapeur XIU MAÏ CREVETTE,3276558404219,"['en:meals', 'en:microwave-meals', 'en:chinese-dumplings']",4,[],"['en:e14xx', 'en:e330', 'en:e412', 'en:e415']",139.0,3.2,0.9,6.5,1.3,6.6,1.3
Margherite agli spinaci vegamo,8023788023582,"['en:plant-based-foods-and-beverages', 'en:plant-based-foods', 'en:meals', 'en:microwave-meals']",2,[],"['en:e262', 'en:e262ii', 'en:e461']",204.0,9.0,1.1,3.9,5.3,12.0,1.8
Beef & 3 bean chilli,4088600252339,"['en:meals', 'en:microwave-meals']",1,[],['en:e150a'],119.0,2.6,1.0,2.1,2.3,7.2,0.2
Hachis parmentier pur boeuf 300g,3256229032941,"['en:meats-and-their-products', 'en:meals', 'en:meals-with-meat', 'en:beef-dishes', 'en:microwave-meals', 'en:beef-cottage-pies']",0,[],[],107.0,6.1,3.3,0.5,1.0,4.2,0.78
Smokin’ Chicken & Chorizo Paella,5010525235172,"['en:meals', 'en:microwave-meals']",3,[],"['en:e250', 'en:e252', 'en:e392']",98.0,2.0,0.5,2.0,2.4,7.1,0.46
Chicken and vegetable pasta,20212681,"['en:meals', 'en:microwave-meals']",0,[],[],92.0,2.2000000476837,0.30000001192093,3.5999999046326,,7.5999999046326,0.45
Paella,5010482609054,"['en:meals', 'en:microwave-meals']",0,[],[],87.0,0.9,0.3,2.1,1.8,6.1,0.6
Felix Originalet Ost & Skinkpaj,7310240079555,"['en:meats-and-their-products', 'en:frozen-foods', 'en:meals', 'en:pies', 'en:pizzas-pies-and-quiches', 'en:meals-with-meat', 'en:salted-pies', 'en:pork-meals', 'en:frozen-pizzas-and-pies', 'en:microwave-meals', 'en:cheese-pies', 'en:frozen-pies']",4,[],"['en:e250', 'en:e301', 'en:e450', 'en:e503', 'en:e503ii']",280.0,19.0909090909091,10.9090909090909,1.54545454545455,0.0,10.9090909090909,0.0
Legumes com Quinoa,5601009996100,"['en:frozen-foods', 'en:meals', 'en:combination-meals', 'en:frozen-ready-made-meals', 'en:microwave-meals', 'en:vegetable-based-frozen-ready-made-meals']",0,[],[],135.0,6.5,0.8,2.5,3.7,5.5,0.9
Chicken jalfrezi & pilau Rice,00062299,"['en:meats-and-their-products', 'en:meals', 'en:meals-with-meat', 'en:rice-dishes', 'en:poultry-meals', 'en:meals-with-chicken', 'en:microwave-meals']",1,[],['en:e164'],133.0,4.5,1.1,2.1,2.2,8.2,0.63
Sainsburys,01210958,"['en:plant-based-foods-and-beverages', 'en:plant-based-foods', 'en:fruits-and-vegetables-based-foods', 'en:meals', 'en:vegetables-based-foods', 'en:vegetables', 'en:tomatoes-and-their-products', 'en:tomatoes', 'en:microwave-meals']",0,[],[],105.0,5.2,0.3,1.52,0.8,11.3,0.475
Sausage Muffin,5099556021862,"['en:plant-based-foods-and-beverages', 'en:plant-based-foods', 'en:cereals-and-potatoes', 'en:meals', 'en:breads', 'en:special-breads', 'en:microwave-meals', 'en:english-muffins']",11,[],"['en:e160a', 'en:e160c', 'en:e282', 'en:e300', 'en:e330', 'en:e331', 'en:e334', 'en:e339', 'en:e341', 'en:e452', 'en:e472e']",225.0,8.19,3.48,5.81,,10.3,1.14
Lasagne,00400817,"['en:meals', 'en:microwave-meals']",6,[],"['en:e160a', 'en:e160ai', 'en:e170', 'en:e170i', 'en:e331', 'en:e331iii', 'en:e415', 'en:e435', 'en:e461']",90.75,2.5,1.0,2.2,2.3,4.2,0.4425
Thai cube,8858984830951,"['en:meats-and-their-products', 'en:frozen-foods', 'en:meals', 'en:meals-with-meat', 'en:poultry-meals', 'en:meals-with-chicken', 'en:microwave-meals']",1,[],['en:e260'],154.0,7.1,4.4,5.0,1.5,6.7,1.7
Thai Cube - Red Curry Vegetable,8858984830524,"['en:meals', 'en:rice-dishes', 'en:microwave-meals']",0,[],[],130.0,3.4,2.7,4.4,1.5,2.1,0.81
Indian Cube Chicken Tikka Masala with Jasmine Rice,8855702006827,"['en:meats-and-their-products', 'en:frozen-foods', 'en:meals', 'en:meals-with-meat', 'en:rice-dishes', 'en:poultry-meals', 'en:meals-with-chicken', 'en:microwave-meals', 'en:chicken-tikka-masala']",4,[],"['en:e160c', 'en:e260', 'en:e296', 'en:e407']",145.0,3.8,1.6,1.3,0.9,6.3,0.53
Yakisoba au porc,3292590874889,"['en:meals', 'en:meats-and-their-products', 'en:pasta-dishes', 'en:meals-with-meat', 'en:pork-meals', 'en:microwave-meals']",1,[],['en:e392'],124.0,3.7,0.7,3.9,1.4,7.9,0.54
Cottage pie with root vegetable mash,5000129309935,"['en:meals', 'en:pies', 'en:microwave-meals']",0,[],[],81.0,2.2,1.0,1.4,1.6,5.5,0.2
Spaghetti e polpette,3270160863068,"['en:meals', 'en:pasta-dishes', 'en:microwave-meals']",4,[],"['en:e1105', 'en:e14xx', 'en:e250', 'en:e301']",128.0,4.4,1.4,2.5,3.3,7.6,0.52
"M&S tomato, mozzarella and pesto pasta bake",29344567,"['en:meals', 'en:microwave-meals']",0,[],[],140.0,5.8,1.8,2.6,1.3,5.9,0.35
Huhn süß-sauer,4044983034801,"['en:meals', 'en:meals-with-meat', 'en:poultry-meals', 'en:meals-with-chicken', 'en:microwave-meals']",4,[],"['en:e14xx', 'en:e300', 'en:e330', 'en:e412']",115.0,2.0,0.3,4.7,,4.1,0.55
Tandoori Karahi Chicken,5000169620434,"['en:meals', 'en:microwave-meals']",2,[],"['en:e160c', 'en:e162']",119.0,3.9,0.6,2.9,3.0,7.1,0.28
Tuna Pasta Melt,00458030,"['en:meals', 'en:pasta-dishes', 'en:microwave-meals']",0,[],[],118.0,2.9,1.1,2.8,1.6,7.9,0.52
Chicken & Mushroom Risotto,00202343,"['en:meats-and-their-products', 'en:meals', 'en:meals-with-meat', 'en:rice-dishes', 'en:poultry-meals', 'en:refrigerated-foods', 'en:risottos', 'en:meals-with-chicken', 'en:microwave-meals', 'en:refrigerated-meals', 'en:chicken-risottos']",1,[],['en:e440'],111.0,3.2,1.7,0.6,0.8,6.7,0.59
Bangers and mash,00157117,"['en:meals', 'en:meals-with-meat', 'en:refrigerated-foods', 'en:microwave-meals', 'en:refrigerated-meals', 'en:bangers-and-mash']",3,[],"['en:e428', 'en:e450', 'en:e503']",111.0,5.7,2.5,2.0,1.4,4.6,0.5
Pad Thai Noodles,8850643066947,"['en:plant-based-foods-and-beverages', 'en:plant-based-foods', 'en:meals', 'en:pastas', 'en:noodles', 'en:microwave-meals', 'en:pad-thai']",0,[],[],152.0,3.0,0.6,5.6,,4.3,1.2
Tomato & Basil Chicken,01707144,"['en:meals', 'en:microwave-meals']",0,[],[],351.0,7.9,0.9,11.2,6.1,24.9,1.76
Via Risotto pollo limonello,6409100071257,"['en:meals', 'en:meals-with-meat', 'en:rice-dishes', 'en:poultry-meals', 'en:risottos', 'en:meals-with-chicken', 'en:microwave-meals', 'en:chicken-risottos']",5,[],"['en:e160', 'en:e322', 'en:e322i', 'en:e330', 'en:e412', 'en:e415']",150.0,6.90000009536743,2.59999990463257,1.39999997615814,,6.19999980926514,0.9
Flourish Chilli Prawn Pasta,00485647,"['en:meals', 'en:microwave-meals']",0,[],[],103.0,2.1,0.2,3.4,1.6,4.9,0.42
Mild Chicken Tikka,5060121673823,"['en:meals', 'en:baby-foods', 'en:meals-with-meat', 'en:poultry-meals', 'en:meals-with-chicken', 'en:microwave-meals', 'en:chicken-tikka']",0,[],[],119.0,3.2,1.4,1.9,0.6,5.1,0.23
Bokkeum Bap Poulet façon Khapao,3661945999407,"['en:meals', 'en:meats-and-their-products', 'en:meals-with-meat', 'en:rice-dishes', 'en:poultry-meals', 'en:meals-with-chicken', 'en:microwave-meals']",0,[],[],160.0,4.9,0.7,1.4,,5.8,0.58
Risotti freschi ai funghi,8014190019973,"['en:meals', 'en:rice-dishes', 'en:risottos', 'en:microwave-meals', 'en:vegetable-risottos', 'en:mushrooms-risottos']",0,[],[],185.0,6.7,1.9,0.5,1.1,3.6,0.63
Slow cooked steak with baby potatoes,5391533130025,"['en:meals', 'en:meals-with-meat', 'en:beef-dishes', 'en:potato-dishes', 'en:microwave-meals']",2,[],"['en:e150c', 'en:e330']",79.0,1.4,0.5,0.38,1.3,8.8,0.7875
Farfalle AU POULET Sauce aux champignons et cèpes,3276558361604,"['en:meals', 'en:pasta-dishes', 'en:meals-with-meat', 'en:poultry-meals', 'en:meals-with-chicken', 'en:microwave-meals']",1,[],['en:e428'],131.0,4.7,2.4,1.2,1.5,8.6,0.82
Huhn süss-sauer,4061462573064,"['en:meats-and-their-products', 'en:meals', 'en:meals-with-meat', 'en:poultry-meals', 'en:meals-with-chicken', 'en:microwave-meals']",5,[],"['en:e300', 'en:e322', 'en:e322i', 'en:e330', 'en:e412', 'en:e466']",115.0,0.7,0.2,6.8,,4.8,0.65
Battered Chicken With Sweet & Sour Sauce,5000169184608,"['en:meals', 'en:microwave-meals']",3,[],"['en:e160c', 'en:e450', 'en:e500', 'en:e500ii']",193.0,8.1,0.7,9.4,1.9,10.9,0.9
Salt and Pepper Chicken Chow Mein,5010482891770,"['en:meals', 'en:microwave-meals', 'en:slimming']",0,[],[],78.0,0.5,0.1,3.5,1.7,7.7,0.5
Dressing With Balsamic Vinegar,00280723,"['en:meals', 'en:microwave-meals', 'en:undefined']",1,[],['en:e415'],112.0,4.05,1.27,2.48,1.73,4.95,0.543
Calorie Counted Minced Beef Hotpot,5057172033263,"['en:frozen-foods', 'en:meals', 'en:frozen-ready-made-meals', 'en:microwave-meals']",0,[],[],103.0,2.3,0.5,1.8,2.2,4.5,0.44
Creamy Four Cheese with Vermicelli Ready Rice,0054800423408,"['en:meals', 'en:microwave-meals', 'en:pots', 'en:rice-in-pots']",2,[],"['en:e100', 'en:e270']",142.0,3.33,0.417,1.25,0.417,2.92,0.855
Indian Protein Bowl,0782733020615,"['en:meals', 'en:microwave-meals']",1,[],['en:e412'],152.0,3.2,0.4,3.2,4.8,4.8,0.46
Gunpowder potatos,29235070,"['en:frozen-foods', 'en:meals', 'en:combination-meals', 'en:frozen-ready-made-meals', 'en:microwave-meals', 'en:vegetable-based-frozen-ready-made-meals']",0,[],[],144.0,4.8,2.08,1.52,3.92,2.72,0.322
Ostschnitzel,7310500186702,"['en:meals', 'en:meats-and-their-products', 'en:meat-preparations', 'en:breaded-products', 'en:meals-with-meat', 'en:breaded-meat-cutlets', 'en:microwave-meals', 'en:frozen-breaded-meat-cutlets', 'en:frozen-meals-with-meat']",2,[],"['en:e160c', 'en:e412']",177.0,11.0,1.8,2.2,1.8,4.5,0.59
Thai Inspired Red Chicken Curry,5059697267611,"['en:meals', 'en:microwave-meals']",1,[],['en:e160c'],143.0,4.23,2.1,2.27,0.868,7.56,0.521
Grünkohl mit Kartoffeln,4061464872400,"['en:meals', 'en:microwave-meals']",2,[],"['en:e14xx', 'en:e412']",74.0,3.0,0.3,1.6,,1.7,1.0
Bol raclette au bacon fumé,4056489761235,"['en:meals', 'en:microwave-meals']",7,[],"['en:e14xx', 'en:e235', 'en:e250', 'en:e301', 'en:e316', 'en:e330', 'en:e331']",151.0,10.2,5.4,1.6,1.7,6.3,0.8
Red Thai Chicken Curry,5010525299716,"['en:meals', 'en:microwave-meals']",0,[],[],98.4,2.38,1.0,2.27,1.2,8.0,0.393
Pollo fagiolini farro,8016026038493,"['en:meals', 'en:microwave-meals']",0,[],[],125.41667,3.20833,0.91667,0.70833,0.83333,10.0,0.8
Risotto aux cèpes et poulet,3701222806285,"['en:meals', 'en:meals-with-meat', 'en:rice-dishes', 'en:poultry-meals', 'en:risottos', 'en:meals-with-chicken', 'en:microwave-meals', 'en:vegetable-risottos', 'en:chicken-risottos', 'en:mushroom-risottos', 'en:risottos-with-porcini-mushrooms']",0,[],[],156.0,9.5,6.3,1.2,0.8,6.0,0.75
Hacksteak Jägerart mit Kartoffelpüree,21212376,"['en:meats-and-their-products', 'en:meals', 'en:meat-preparations', 'en:ground-meat-preparations', 'en:microwave-meals', 'de:gekühlte-fertiggerichte']",0,[],[],125.0,7.2,3.3,1.2,,5.1,0.95
Creamy white wine chicken bowl - Asda,5063089340851,"['en:meals', 'en:microwave-meals']",0,[],[],97.6,1.92,0.632,1.0,2.11,7.37,0.388
"Cod, spinach & potato gratin",5000205046853,"['en:meals', 'en:microwave-meals']",0,[],[],131.0,6.5,3.0,0.9,0.9,8.3,0.4
Chicken Korma with pilau,4088600068602,"['en:meats-and-their-products', 'en:meals', 'en:meals-with-meat', 'en:rice-dishes', 'en:poultry-meals', 'en:meals-with-chicken', 'en:microwave-meals']",0,[],[],134.0,5.3,2.75,2.0,1.05,6.3,0.547
Aromatic Duck Noodles,5010482240219,"['en:plant-based-foods-and-beverages', 'en:plant-based-foods', 'en:meals', 'en:pastas', 'en:noodles', 'en:microwave-meals']",1,[],['en:e415'],81.0,0.5,0.1,2.7,2.0,6.9,0.59
Korma with rice,5051873005581,"['en:meals', 'en:microwave-meals']",3,[],"['en:e100', 'en:e263', 'en:e509']",129.0,3.9,1.4,2.2,1.9,4.5,0.47
Rigatoni Porcini,21885570,"['en:meals', 'en:pasta-dishes', 'en:microwave-meals', 'de:gefrorene-fertiggerichte']",0,[],[],134.0,4.8,1.4,2.0,,6.1,0.81
Alu Methi,8901042957104,"['en:meals', 'en:microwave-meals', 'en:combination-meals', 'en:ready-to-eat-combination-meals']",0,[],[],83.0,4.9,0.6,1.3,,1.6,0.94
Ta dp teriyaki 220g pav6,3760341070809,"['en:plant-based-foods-and-beverages', 'en:plant-based-foods', 'en:cereals-and-potatoes', 'en:seeds', 'en:cereals-and-their-products', 'en:meals', 'en:cereal-grains', 'en:rices', 'en:aromatic-rices', 'en:indica-rices', 'en:long-grain-rices', 'en:microwave-meals', 'en:basmati-rices']",1,[],"['en:e322', 'en:e322i']",184.0,2.6,0.2,2.8,0.9,3.8,1.2
Chicken Primavera,5059512732065,"['en:meals', 'en:microwave-meals']",1,[],['en:e440'],150.0,4.03,1.81,2.13,1.49,8.99,0.404
Falafelbällchen und Süsskartoffeln mit scharfer Tomatensauce,21890048,"['en:meals', 'en:microwave-meals', 'de:gefrorene-fertiggerichte']",1,[],['en:e461'],86.2,2.0,0.2,4.4,,3.4,0.81
Beef Stew & Dumplings,4061463174871,"['en:meals', 'en:microwave-meals']",0,[],[],108.0,4.58,2.12,1.95,1.3,6.05,0.59
Cheese & Tomato Pasta,4056489756644,"['en:plant-based-foods-and-beverages', 'en:plant-based-foods', 'en:meals', 'en:pasta-dishes', 'en:pastas', 'en:instant-pasta', 'en:microwave-meals', 'en:instant-pasta-with-cheese']",0,[],[],129.0,2.41,0.767,4.03,2.0,4.99,0.562
Bacon burger,8421284010301,"['en:meals', 'en:microwave-meals']",0,[],[],231.0,11.0,4.4,2.7,,12.0,0.965
Asian box Crevettes façon thaï,3242271001578,"['en:meals', 'en:pasta-dishes', 'en:meals-with-shellfish', 'en:microwave-meals', 'en:meals-with-shrimps', 'en:pots']",4,[],"['en:e202', 'en:e262', 'en:e262i', 'en:e267', 'en:e428']",151.14,3.5,1.7,1.8,1.3,7.3,0.79
Chicken Korma,4056489823612,"['en:meals', 'en:meals-with-meat', 'en:poultry-meals', 'en:meals-with-chicken', 'en:microwave-meals']",0,[],[],159.0,6.7,2.59,0.393,1.49,5.99,0.00122
"Pad Thaï nouilles, légumes & combava",3456300018301,"['en:meals', 'en:microwave-meals', 'en:pad-thai']",0,[],[],103.0,3.1,0.4,2.8,1.7,2.9,1.2
macaroni cheese,4061462753008,"['en:meals', 'en:microwave-meals']",1,[],['en:e330'],170.0,7.9,4.6,1.4,1.5,7.7,0.4725
