product_name,code,categories_tags,additives_n,additives,additives_tags,energy_kcal_100g,fat_100g,saturated_fat_100g,sugars_100g,fiber_100g,proteins_100g,salt_100g
,6111099003897,"['en:plant-based-foods-and-beverages', 'en:dairies', 'en:plant-based-foods', 'en:fats', 'en:spreads', 'en:plant-based-spreads', 'en:salted-spreads', 'en:vegetable-fats', 'en:spreadable-fats', 'en:animal-fats', 'en:dairy-spreads', 'en:margarines', 'en:milkfat', 'en:butters']",0,[],[],675.0,75.0,34.0,0.0,0.0,0.1,0.5
Tonik,6111031005064,"['en:plant-based-foods-and-beverages', 'en:plant-based-foods', 'en:snacks', 'en:cereals-and-potatoes', 'en:sweet-snacks', 'en:biscuits-and-cakes', 'en:biscuits-and-crackers', 'en:cereals-and-their-products', 'en:cocoa-and-its-products', 'en:confectioneries', 'en:flours', 'en:biscuits', 'en:cereal-flours', 'en:chocolate-candies', 'en:sweeteners', 'en:wheat-flours', 'en:sugars', 'fr:gaufrettes-fourrees-au-cacao']",0,[],[],504.0,22.2,10.9,40.0,0.435,4.35,0.217
Sourdough White Ciabattin Bread,5025125000006,"['en:plant-based-foods-and-beverages', 'en:plant-based-foods', 'en:cereals-and-potatoes', 'en:cereals-and-their-products', 'en:breads', 'en:white-breads', 'en:sourdough-breads']",0,[],[],230.0,0.8,0.1,2.4,2.9,10.1,0.905
Geröstete Mandel Ohne Zucker,5411188112709,"['en:beverages-and-beverages-preparations', 'en:plant-based-foods-and-beverages', 'en:beverages', 'en:plant-based-foods', 'en:dairy-substitutes', 'en:milk-substitutes', 'en:nuts-and-their-products', 'en:plant-based-beverages', 'en:plant-based-milk-alternatives', 'en:nut-based-drinks', 'en:almond-based-drinks']",3,[],"['en:e322', 'en:e412', 'en:e418']",15.0,1.1,0.1,0.0,0.3,0.5,0.15
Proper Sourdough,5025125000112,"['en:plant-based-foods-and-beverages', 'en:plant-based-foods', 'en:cereals-and-potatoes', 'en:cereals-and-their-products', 'en:breads', 'en:sourdough-breads']",0,[],[],237.0,0.7,0.1,2.1,3.0,9.7,0.7875
Cerneaux de Noix,20005733,"['en:plant-based-foods-and-beverages', 'en:plant-based-foods', 'en:nuts-and-their-products', 'en:nuts', 'en:shelled-nuts', 'en:walnuts', 'en:walnut-kernels']",0,[],[],712.0,69.1,6.8,3.0,6.8,15.5,0.02
Sourdough Grains & Seeds,5025125000037,"['en:plant-based-foods-and-beverages', 'en:plant-based-foods', 'en:cereals-and-potatoes', 'en:breads', 'en:sliced-breads', 'en:vegan', 'en:vegetarian']",0,[],[],237.0,2.7,0.3,1.4,4.7,10.7,0.89
Mandeln,20724696,"['en:plant-based-foods-and-beverages', 'en:plant-based-foods', 'en:nuts-and-their-products', 'en:nuts', 'en:almonds']",0,[],[],621.0,53.3,4.3,4.8,12.1,24.5,2.5e-05
Cashewkerne,20267605,"['en:plant-based-foods-and-beverages', 'en:plant-based-foods', 'en:nuts-and-their-products', 'en:nuts', 'en:cashew-nuts']",0,[],[],599.0,47.0,9.2,7.7,,18.8,0.02
Nescafé Classic,6111018903161,"['en:beverages-and-beverages-preparations', 'en:plant-based-foods-and-beverages', 'en:beverages', 'en:plant-based-foods', 'en:beverage-preparations', 'en:coffees', 'en:instant-beverages', 'en:arabica-coffees', 'en:instant-coffees', 'en:instant-powder-for-coffee-with-milk']",0,[],[],267.0,0.5,0.2,3.7,17.0,8.0,0.025
BEANZ In a rich tomato sauce,5000157024671,"['en:plant-based-foods-and-beverages', 'en:plant-based-foods', 'en:fruits-and-vegetables-based-foods', 'en:legumes-and-their-products', 'en:vegetable-based-foods-and-beverages', 'en:canned-foods', 'en:legumes', 'en:vegetables-based-foods', 'en:canned-plant-based-foods', 'en:prepared-vegetables', 'en:baked-beans-in-tomato-sauce', 'en:canned-legumes', 'en:canned-common-beans']",0,[],[],79.0,0.2,0.1,5.0,3.7,4.7,5.9
Notenmix Mélange de Noix ongebrand - non grillé,20047238,"['en:plant-based-foods-and-beverages', 'en:plant-based-foods', 'en:nuts-and-their-products', 'en:nuts', 'en:mixed-nuts']",0,[],[],647.0,56.7,6.33,4.33,8.67,20.3,0.0333
Hafer Milch,5411188124689,"['en:beverages-and-beverages-preparations', 'en:plant-based-foods-and-beverages', 'en:beverages', 'en:plant-based-foods', 'en:cereals-and-potatoes', 'en:dairy-substitutes', 'en:cereals-and-their-products', 'en:milk-substitutes', 'en:plant-based-beverages', 'en:plant-based-milk-alternatives', 'en:cereal-based-drinks', 'en:oat-based-drinks', 'en:alimentos-e-bebidas-a-base-de-plantas', 'en:alimentos-a-base-de-plantas', 'en:bebidas', 'en:bebidas-de-aveia', 'en:bebidas-a-base-de-plantas', 'en:cereais-e-batatas', 'en:cereais-e-seus-produtos', 'en:leites-de-cereais', 'en:leites-de-planta', 'en:substitutos-do-leite']",1,[],['en:e418'],40.0,1.5,0.2,0.0,1.2,0.2,0.25
Oat Drink Barista Edition,7394376616228,"['en:beverages-and-beverages-preparations', 'en:plant-based-foods-and-beverages', 'en:beverages', 'en:plant-based-foods', 'en:cereals-and-potatoes', 'en:dairy-substitutes', 'en:cereals-and-their-products', 'en:milk-substitutes', 'en:plant-based-beverages', 'en:plant-based-milk-alternatives', 'en:cereal-based-drinks', 'en:oat-based-drinks']",1,[],"['en:e340', 'en:e340ii']",61.0,3.0,0.3,3.4,0.8,1.1,0.0975
margarine la prairie 225g,6111203001467,"['en:plant-based-foods-and-beverages', 'en:plant-based-foods', 'en:fats', 'en:spreads', 'en:plant-based-spreads', 'en:salted-spreads', 'en:vegetable-fats', 'en:spreadable-fats', 'en:margarines']",3,[],"['en:e202', 'en:e322', 'en:e322i', 'en:e330']",635.0,70.0,0.0,0.0,0.0,1.0,0.7
Tartine croustillante Authentique,7300400481595,"['en:plant-based-foods-and-beverages', 'en:plant-based-foods', 'en:snacks', 'en:breakfasts', 'en:cereals-and-potatoes', 'en:cereals-and-their-products', 'en:breads', 'en:crispbreads']",0,[],[],336.0,1.5,0.4,1.0,19.0,9.0,1.0
Familia 200g,6111037000599,"['en:plant-based-foods-and-beverages', 'en:dairies', 'en:plant-based-foods', 'en:fats', 'en:spreads', 'en:plant-based-spreads', 'en:vegetable-fats', 'en:spreadable-fats', 'en:animal-fats', 'en:dairy-spreads', 'en:margarines', 'en:milkfat', 'en:butters']",6,[],"['en:e202', 'en:e321', 'en:e322', 'en:e322i', 'en:e330', 'en:e471']",532.0,60.0,21.0,0.0,5.0,0.2,0.0
Lightly sea salted crisps,5060042641000,"['en:plant-based-foods-and-beverages', 'en:plant-based-foods', 'en:snacks', 'en:cereals-and-potatoes', 'en:salty-snacks', 'en:appetizers', 'en:chips-and-fries', 'en:crisps', 'en:potato-crisps', 'en:potato-crisps-in-sunflower-oil', 'fr:chips-de-pommes-de-terre-classiques']",0,[],[],476.0,27.0,2.4,0.64,5.5,6.2,0.83
Weetabix,5010029000016,"['en:plant-based-foods-and-beverages', 'en:plant-based-foods', 'en:breakfasts', 'en:cereals-and-potatoes', 'en:cereals-and-their-products', 'en:breakfast-cereals']",0,[],[],358.0,2.11,0.526,4.21,10.0,11.8,0.257
Tartine Doux,3155251205296,"['en:plant-based-foods-and-beverages', 'en:plant-based-foods', 'en:fats', 'en:spreads', 'en:plant-based-spreads', 'en:salted-spreads', 'en:spreadable-fats', 'en:vegetable-fats', 'en:margarines', 'en:light-margarines']",4,[],"['en:e160a', 'en:e160ai', 'en:e322', 'en:e322i', 'en:e392', 'en:e471']",495.0,55.0,15.0,0.0,,0.0,0.4
Aïn Soltane,6111248360130,"['en:beverages-and-beverages-preparations', 'en:plant-based-foods-and-beverages', 'en:beverages', 'en:plant-based-foods', 'en:fruits-and-vegetables-based-foods', 'en:fruits-based-foods', 'en:fruits', 'en:waters', 'en:spring-waters', 'en:mineral-waters', 'en:unsweetened-beverages', 'en:natural-mineral-waters', 'en:non-carbonated-natural-mineral-waters']",0,[],[],0.0,0.0,0.0,0.0,,0.0,0.0
Confiture De Fraises 430 G,6111184001074,"['en:plant-based-foods-and-beverages', 'en:plant-based-foods', 'en:breakfasts', 'en:spreads', 'en:plant-based-spreads', 'en:sweet-spreads', 'en:fruit-and-vegetable-preserves', 'en:jams', 'en:berry-jams', 'en:strawberry-jams']",2,[],"['en:e330', 'en:e440']",256.0,0.5,0.1,62.0,0.5,0.5,0.02
Pur beurre de cacahuète,3760020507350,"['en:plant-based-foods-and-beverages', 'en:plant-based-foods', 'en:legumes-and-their-products', 'en:breakfasts', 'en:spreads', 'en:nuts-and-their-products', 'en:plant-based-spreads', 'en:sweet-spreads', 'en:oilseed-purees', 'en:legume-butters', 'fr:pates-a-tartiner', 'en:nut-butters', 'en:peanut-butters']",0,[],[],625.0,50.0,9.7,5.1,5.5,29.0,0.0
Organic Lightly Salted Wholegrain Low Fat Rice Cakes,5013665100065,"['en:plant-based-foods-and-beverages', 'en:plant-based-foods', 'en:cereals-and-potatoes', 'en:cereals-and-their-products', 'en:puffed-cereal-cakes', 'en:puffed-rice-cakes', 'en:puffed-wholegrain-rice-cakes']",0,[],[],378.8240917185,2.2,0.59,0.22,6.53,10.6,0.825
Pain de mie grandes tranches Seigle & Graines 500g,3760049798609,"['en:plant-based-foods-and-beverages', 'en:plant-based-foods', 'en:cereals-and-potatoes', 'en:cereals-and-their-products', 'en:breads', 'en:sliced-breads']",1,[],['en:e282'],297.0,9.6,1.0,4.2,7.2,12.0,0.96
Jasons Sourdough,5025125000129,"['en:plant-based-foods-and-beverages', 'en:plant-based-foods', 'en:cereals-and-potatoes', 'en:cereals-and-their-products', 'en:breads', 'en:sourdough-breads']",0,[],[],233.0,1.1,0.2,2.6,3.6,9.3,0.855
FIBRES,7300400481588,"['en:plant-based-foods-and-beverages', 'en:plant-based-foods', 'en:snacks', 'en:cereals-and-potatoes', 'en:salty-snacks', 'en:appetizers', 'en:cereals-and-their-products', 'en:chips-and-fries', 'en:crisps', 'en:breads', 'en:crispbreads', 'en:crispbreads-wholemeal']",0,[],[],333.0,5.0,1.0,2.0,26.0,12.0,1.2
Krisprolls complets sans sucres ajoutés,7311070032611,"['en:plant-based-foods-and-beverages', 'en:plant-based-foods', 'en:cereals-and-potatoes', 'en:cereals-and-their-products', 'en:breads', 'en:toasts', 'en:toasted-bread-rolls']",0,[],[],400.0,6.6,0.9,1.1,8.3,13.0,1.1
14 Maxi Tranches complet sans sucres ajoutés,3029330022428,"['en:plant-based-foods-and-beverages', 'en:plant-based-foods', 'en:cereals-and-potatoes', 'en:cereals-and-their-products', 'en:breads', 'en:sliced-breads', 'en:wholemeal-breads', 'en:wholemeal-sliced-breads']",0,[],[],243.0,3.0,0.3,3.8,6.6,8.7,1.2
Confiture d'abricot,6111162000716,"['en:plant-based-foods-and-beverages', 'en:plant-based-foods', 'en:breakfasts', 'en:spreads', 'en:plant-based-spreads', 'en:sweet-spreads', 'en:fruit-and-vegetable-preserves', 'en:jams', 'en:apricot-jams']",1,[],['en:e330'],272.0,0.0,0.0,50.0,,0.41,0.0
Mandelmilch mit Zucker,5411188110835,"['en:beverages-and-beverages-preparations', 'en:plant-based-foods-and-beverages', 'en:beverages', 'en:dairies', 'en:plant-based-foods', 'en:dairy-substitutes', 'en:milk-substitutes', 'en:milks-liquid-and-powder', 'en:nuts-and-their-products', 'en:plant-based-beverages', 'en:milks', 'en:plant-based-milk-alternatives', 'en:nut-based-drinks', 'en:almond-based-drinks', 'fr:lait-d-amande-avec-calcium-et-vitamines-ajoutes']",2,[],"['en:e322', 'en:e418']",22.0,1.1,0.1,2.4,0.4,0.4,0.14
cruesly mélange de noix,3168930010265,"['en:plant-based-foods-and-beverages', 'en:plant-based-foods', 'en:breakfasts', 'en:cereals-and-potatoes', 'en:cereals-and-their-products', 'en:breakfast-cereals', 'en:mueslis', 'en:cereals-with-nuts', 'en:crunchy-cereal-clusters', 'en:cereal-clusters-with-nuts']",1,[],['en:e306'],462.0,19.0,2.0,12.0,10.0,8.5,0.0
مارغرين المائدة,6111099005396,"['en:plant-based-foods-and-beverages', 'en:dairies', 'en:plant-based-foods', 'en:fats', 'en:spreads', 'en:plant-based-spreads', 'en:salted-spreads', 'en:vegetable-fats', 'en:spreadable-fats', 'en:animal-fats', 'en:dairy-spreads', 'en:margarines', 'en:milkfat', 'en:butters']",7,[],"['en:e160a', 'en:e202', 'en:e322', 'en:e322i', 'en:e330', 'en:e471', 'en:e476']",675.0,75.0,34.0,0.0,0.0,0.1,0.5
El Baraka Confiture D'abricots 430 G,6111184000213,"['en:plant-based-foods-and-beverages', 'en:plant-based-foods', 'en:breakfasts', 'en:spreads', 'en:plant-based-spreads', 'en:sweet-spreads', 'en:fruit-and-vegetable-preserves', 'en:jams', 'en:apricot-jams']",2,[],"['en:e330', 'en:e440']",244.0,0.0,0.0,50.0,0.0,0.44,0.25
Primevère bio doux tartine & cuisson,3155250358788,"['en:plant-based-foods-and-beverages', 'en:plant-based-foods', 'en:fats', 'en:spreads', 'en:plant-based-spreads', 'en:salted-spreads', 'en:vegetable-fats', 'en:spreadable-fats', 'en:margarines', 'en:light-margarines']",1,[],"['en:e322', 'en:e322i']",485.0,55.0,14.0,0.0,0.0,0.0,0.4
Vegan Bouillon powder,50160884,"['en:plant-based-foods-and-beverages', 'en:plant-based-foods', 'en:dried-products', 'en:dried-plant-based-foods', 'en:dried-products-to-be-rehydrated', 'en:broths', 'en:dehydrated-broths', 'en:vegetable-broths', 'en:bouillon-powders', 'en:dehydrated-vegetable-bouillons', 'en:vegetable-bouillon-powders', 'en:groceries']",0,[],[],240.0,8.3,0.9,4.0,,9.6,43.8
Tartines craquantes au sarrasin imp,06175700,"['en:plant-based-foods-and-beverages', 'en:plant-based-foods', 'en:snacks', 'en:cereals-and-potatoes', 'en:cereals-and-their-products', 'en:extruded-crispbreads']",0,[],[],388.0,2.8,0.6,2.6,4.4,13.4,0.68
Dark Rye Crispbread,5010265002911,"['en:plant-based-foods-and-beverages', 'en:plant-based-foods', 'en:cereals-and-potatoes', 'en:breads', 'en:crispbreads', 'en:rye-breads']",0,[],[],352.0,1.14,0.19,2.86,14.5,10.5,0.705
Be Nuts ! - Pâte à tartiner Cacahuète,3608580124047,"['en:plant-based-foods-and-beverages', 'en:plant-based-foods', 'en:legumes-and-their-products', 'en:breakfasts', 'en:spreads', 'en:plant-based-spreads', 'en:sweet-spreads', 'en:oilseed-purees', 'en:legume-butters', 'fr:pates-a-tartiner', 'en:peanut-butters']",1,[],"['en:e322', 'en:e322i']",614.0,49.0,9.0,15.0,4.4,21.0,0.7
Pipas,6111214004747,"['en:plant-based-foods-and-beverages', 'en:plant-based-foods', 'en:seeds', 'en:sunflower-seeds-and-their-products', 'en:sunflower-seeds', 'en:roasted-sunflower-seeds']",0,[],[],520.0,29.0,3.36,1.65,2.7,24.6,0.059
Family Pack,5010029000801,"['en:plant-based-foods-and-beverages', 'en:plant-based-foods', 'en:breakfasts', 'en:cereals-and-potatoes', 'en:cereals-and-their-products', 'en:breakfast-cereals', 'en:breakfast-cereals-rich-in-fibre']",0,[],[],362.0,2.0,0.6,4.2,10.0,12.0,0.275
Haferflocken,20003166,"['en:plant-based-foods-and-beverages', 'en:plant-based-foods', 'en:breakfasts', 'en:cereals-and-potatoes', 'en:cereals-and-their-products', 'en:breakfast-cereals', 'en:flakes', 'en:cereal-flakes', 'en:extruded-flakes', 'en:rolled-flakes', 'en:rolled-oats', 'ro:cereale']",0,[],[],372.0,7.0,1.3,0.7,10.0,13.5,0.03
Organic Vegetable Stock Cubes,5013665112273,"['en:plant-based-foods-and-beverages', 'en:plant-based-foods', 'en:dried-products', 'en:dried-plant-based-foods', 'en:dried-products-to-be-rehydrated', 'en:broths', 'en:dehydrated-broths', 'en:vegetable-broths', 'en:bouillon-cubes', 'en:broth-stock', 'en:dehydrated-vegetable-bouillons', 'en:vegetable-bouillon-cubes']",0,[],[],7.0,0.4,0.2,0.3,0.01,0.0,0.9
Oat,5411188115366,"['en:beverages-and-beverages-preparations', 'en:plant-based-foods-and-beverages', 'en:beverages', 'en:plant-based-foods', 'en:cereals-and-potatoes', 'en:dairy-substitutes', 'en:cereals-and-their-products', 'en:milk-substitutes', 'en:plant-based-beverages', 'en:plant-based-milk-alternatives', 'en:cereal-based-drinks', 'en:unsweetened-beverages', 'en:oat-based-drinks']",1,[],['en:e418'],45.0,1.5,0.2,3.2,1.4,0.8,0.0002
Flocons d'avoine,3229820019307,"['en:plant-based-foods-and-beverages', 'en:plant-based-foods', 'en:breakfasts', 'en:cereals-and-potatoes', 'en:cereals-and-their-products', 'en:breakfast-cereals', 'en:flakes', 'en:cereal-flakes', 'en:rolled-flakes', 'en:rolled-oats']",0,[],[],362.0,7.1,1.3,1.7,11.0,11.0,0.02
Tofoo Naked,5034467000216,"['en:plant-based-foods-and-beverages', 'en:plant-based-foods', 'en:legumes-and-their-products', 'en:meat-alternatives', 'en:meat-analogues', 'en:tofu', 'en:plain-tofu']",0,[],[],146.0,7.86,1.14,0.143,1.86,16.6,0.0571
La prairie classique,6111203001474,"['en:plant-based-foods-and-beverages', 'en:plant-based-foods', 'en:fats', 'en:spreads', 'en:plant-based-spreads', 'en:salted-spreads', 'en:spreadable-fats', 'en:vegetable-fats', 'en:margarines', 'en:light-margarines']",3,[],"['en:e202', 'en:e322', 'en:e322i', 'en:e330']",635.0,70.0,0.0,0.0,,1.0,0.0
Crunchy oats & honey,8410076801180,"['en:plant-based-foods-and-beverages', 'en:plant-based-foods', 'en:snacks', 'en:cereals-and-potatoes', 'en:sweet-snacks', 'en:bars', 'en:cereal-bars']",2,[],"['en:e322', 'en:e322i', 'en:e500', 'en:e500ii']",436.0,16.9,2.0,25.1,6.0,8.0,0.79
Croustillant Chocolat,3229820160672,"['en:plant-based-foods-and-beverages', 'en:plant-based-foods', 'en:breakfasts', 'en:cereals-and-potatoes', 'en:cereals-and-their-products', 'en:breakfast-cereals', 'en:chocolate-cereals', 'en:breakfast-cereals-rich-in-fibre', 'en:crunchy-cereal-clusters', 'en:cereal-clusters-with-chocolate']",2,[],"['en:e306', 'en:e414']",433.0,14.0,3.8,14.0,9.8,9.8,0.28
Pain De Mie Bio,3760049790214,"['en:plant-based-foods-and-beverages', 'en:plant-based-foods', 'en:cereals-and-potatoes', 'en:cereals-and-their-products', 'en:breads', 'en:sliced-breads', 'en:packaged-breads', 'en:wholemeal-breads', 'en:wholemeal-sliced-breads', 'fr:ecologie']",0,[],[],268.0,4.2,0.4,6.3,4.9,8.1,1.1
Wholegrain Rye Bread,20006105,"['en:plant-based-foods-and-beverages', 'en:plant-based-foods', 'en:cereals-and-potatoes', 'en:cereals-and-their-products', 'en:breads', 'en:rye-breads', 'en:wholemeal-breads', 'en:pflanzliche-lebensmittel-und-getranke']",0,[],[],209.0,1.79,0.36,3.93,9.29,5.71,1.0
Seed Sensations,5010003064744,"['en:plant-based-foods-and-beverages', 'en:plant-based-foods', 'en:cereals-and-potatoes', 'en:breads', 'en:sliced-breads', 'en:multigrain-sliced-breads']",3,[],"['en:e282', 'en:e300', 'en:e472e']",277.0,6.59,0.682,3.86,5.23,10.0,0.886
"Huile de table équilibrée riche en vitamines A,E,D3",6111024001516,"['en:plant-based-foods-and-beverages', 'en:plant-based-foods', 'en:fats', 'en:vegetable-fats', 'en:vegetable-oils', 'en:mixed-vegetable-oils', 'fr:huile-de-table']",0,[],[],900.0,100.0,15.0,0.0,,0.0,0.0
Bakery Co. 5 The Original Bagels,5020364010113,"['en:plant-based-foods-and-beverages', 'en:plant-based-foods', 'en:cereals-and-potatoes', 'en:breads', 'en:special-breads', 'en:bagel-breads']",2,[],"['en:e282', 'en:e300']",229.0,2.2,0.8,4.4,2.6,7.8,0.188
Vegetable Fat Spread with 10% Olive Oil,8719200237902,"['en:plant-based-foods-and-beverages', 'en:plant-based-foods', 'en:fats', 'en:spreads', 'en:plant-based-spreads', 'en:salted-spreads', 'en:spreadable-fats', 'en:vegetable-fats', 'en:margarines']",2,[],"['en:e322', 'en:e322i', 'en:e471']",531.0,59.0,17.0,0.5,,0.5,1.1
Sirop d'Agave,3088543506255,"['en:plant-based-foods-and-beverages', 'en:plant-based-foods', 'en:sweeteners', 'en:syrups', 'en:simple-syrups', 'en:agave-syrups']",0,[],[],457.0,0.714,0.0,113.0,0.714,0.714,0.0
Beurre bio cacahuète,3760091727732,"['en:plant-based-foods-and-beverages', 'en:plant-based-foods', 'en:legumes-and-their-products', 'en:spreads', 'en:plant-based-spreads', 'en:oilseed-purees', 'en:legume-butters', 'en:peanut-butters']",0,[],[],622.0,50.0,6.8,5.8,8.3,26.0,0.03
Weetabix produit à base de blé complet 100%,5010029000023,"['en:plant-based-foods-and-beverages', 'en:plant-based-foods', 'en:breakfasts', 'en:cereals-and-potatoes', 'en:cereals-and-their-products', 'en:breakfast-cereals', 'en:breakfast-cereals-rich-in-fibre', 'fr:weetabix']",0,[],[],362.0,2.0,0.53,4.2,10.0,12.0,0.26
Wheat Bisks,4088600247519,"['en:plant-based-foods-and-beverages', 'en:plant-based-foods', 'en:breakfasts', 'en:cereals-and-potatoes', 'en:cereals-and-their-products', 'en:breakfast-cereals', 'en:flakes', 'en:cereal-flakes']",0,[],[],353.0,2.11,0.526,4.47,10.0,11.8,0.257
Rye & Mixed Seed Sourdough Bread,5057967395088,"['en:plant-based-foods-and-beverages', 'en:plant-based-foods', 'en:cereals-and-potatoes', 'en:breads', 'en:rye-and-wheat-breads', 'en:rye-breads', 'en:sourdough']",1,[],['en:e300'],262.0,4.4,0.8,2.4,6.8,8.6,0.765
st hubert bio & végétal,3366321052386,"['en:plant-based-foods-and-beverages', 'en:plant-based-foods', 'en:fats', 'en:spreads', 'en:plant-based-spreads', 'en:salted-spreads', 'en:vegetable-fats', 'en:spreadable-fats', 'en:margarines', 'en:light-margarines', 'en:margarine-perishable']",2,[],"['en:e322', 'en:e322i', 'en:e440']",495.0,55.0,20.0,0.0,,0.0,0.45
"Muesli Raisin, Figue, Abricot",3229820129488,"['en:plant-based-foods-and-beverages', 'en:plant-based-foods', 'en:breakfasts', 'en:cereals-and-potatoes', 'en:cereals-and-their-products', 'en:breakfast-cereals', 'en:cereals-with-fruits', 'en:mueslis', 'en:mueslis-with-fruits']",0,[],[],352.0,5.8,0.9,14.0,10.0,11.0,0.03
Menguy's Peanut 100%,3327272107969,"['en:plant-based-foods-and-beverages', 'en:plant-based-foods', 'en:legumes-and-their-products', 'en:spreads', 'en:nuts-and-their-products', 'en:plant-based-spreads', 'en:oilseed-purees', 'en:legume-butters', 'en:peanut-butters']",0,[],[],610.0,48.0,5.8,6.2,7.0,28.0,0.05
Tartines campagne 450g,3760049791006,"['en:plant-based-foods-and-beverages', 'en:plant-based-foods', 'en:cereals-and-potatoes', 'en:breads', 'en:pains-de-campagne', 'fr:pain-de-mie-de-campagne']",2,[],"['en:e282', 'en:e300']",274.0,6.5,0.5,2.6,3.9,8.9,1.2
pain de mie grandes tranches spécial sandwich complet,4056489007180,"['en:plant-based-foods-and-beverages', 'en:plant-based-foods', 'en:cereals-and-potatoes', 'en:cereals-and-their-products', 'en:breads', 'en:sliced-breads', 'en:wholemeal-breads', 'en:wholemeal-sliced-breads']",1,[],['en:e262'],258.0,4.5,0.5,5.0,6.3,8.3,1.0
Seeded Sourdough Bread,4088600246291,"['en:plant-based-foods-and-beverages', 'en:plant-based-foods', 'en:cereals-and-potatoes', 'en:cereals-and-their-products', 'en:breads']",0,[],[],265.0,4.9,0.6,0.5,5.5,9.5,0.0021
Biscoff Creamy,5410126006957,"['en:plant-based-foods-and-beverages', 'en:plant-based-foods', 'en:snacks', 'en:breakfasts', 'en:spreads', 'en:sweet-spreads', 'fr:pates-a-tartiner', 'en:speculoos-spreads']",3,[],"['en:e322', 'en:e322i', 'en:e330', 'en:e500', 'en:e500ii']",584.0,38.1,7.6,36.8,0.8,2.9,0.54
Concentré de tomates Aicha,6111021090049,"['en:plant-based-foods-and-beverages', 'en:plant-based-foods', 'en:fruits-and-vegetables-based-foods', 'en:vegetables-based-foods', 'en:vegetables', 'en:tomatoes-and-their-products', 'en:tomatoes', 'en:tomato-pastes']",0,[],[],31.6,0.108,0.0,2.43,0.811,1.24,0.27
Cracotte Céréales Complètes,3041090063206,"['en:plant-based-foods-and-beverages', 'en:plant-based-foods', 'en:snacks', 'en:cereals-and-potatoes', 'en:extruded-crispbreads']",0,[],[],380.0,2.8,1.0,7.9,5.4,11.0,1.6
Fruit & Nut Mix,20815394,"['en:plant-based-foods-and-beverages', 'en:plant-based-foods', 'en:fruits-and-vegetables-based-foods', 'en:snacks', 'en:dried-products', 'en:fruits-based-foods', 'en:dried-plant-based-foods', 'en:dried-fruits', 'en:dried-mixed-fruits', 'en:mix-of-grains-and-dried-fruit', 'en:mix-of-grains-and-raisins', 'en:nuts-with-dried-fruits']",0,[],[],504.0,31.7,3.0,35.7,6.9,10.8,0.02
Special Muesli 30% fruits & noix,5010477348678,"['en:plant-based-foods-and-beverages', 'en:plant-based-foods', 'en:breakfasts', 'en:cereals-and-potatoes', 'en:cereals-and-their-products', 'en:breakfast-cereals', 'en:cereals-with-fruits', 'en:mueslis', 'en:mueslis-with-fruits']",0,[],[],362.0,7.2,2.0,17.0,8.8,10.0,0.03
,6111250470209,"['en:beverages-and-beverages-preparations', 'en:plant-based-foods-and-beverages', 'en:beverages', 'en:plant-based-foods', 'en:beverage-preparations', 'en:coffees', 'en:instant-beverages', 'en:instant-coffees']",0,[],[],1.0,0.0,0.0,0.0,,0.2,0.0
Chips,5017764128104,"['en:plant-based-foods-and-beverages', 'en:plant-based-foods', 'en:snacks', 'en:cereals-and-potatoes', 'en:salty-snacks', 'en:appetizers', 'en:chips-and-fries', 'en:crisps', 'en:potato-crisps', 'en:corn-chips']",0,[],[],494.0,25.4,3.5,0.1,4.0,7.7,0.9
Pâte d'arachide,8198701234564,"['en:plant-based-foods-and-beverages', 'en:plant-based-foods', 'en:legumes-and-their-products', 'en:spreads', 'en:nuts-and-their-products', 'en:plant-based-spreads', 'en:oilseed-purees', 'en:legume-butters', 'en:nut-butters', 'en:peanut-butters']",0,[],[],582.0,48.2,14.0,11.2,6.5,24.3,0.7
Pringles Sare,5053990101573,"['en:plant-based-foods-and-beverages', 'en:plant-based-foods', 'en:snacks', 'en:salty-snacks', 'en:appetizers', 'en:chips-and-fries', 'en:crisps', 'en:salty-snacks-made-from-potato']",1,[],['en:e471'],530.0,31.0,3.0,0.9,3.5,6.1,1.0
Flora Buttery,8719200269743,"['en:plant-based-foods-and-beverages', 'en:plant-based-foods', 'en:fats', 'en:spreads', 'en:plant-based-spreads', 'en:salted-spreads', 'en:vegetable-fats', 'en:spreadable-fats', 'en:margarines']",2,[],"['en:e160a', 'en:e160ai', 'en:e322', 'en:e322i']",677.0,75.0,28.0,0.5,,0.5,1.2775
wasa,7300400481571,"['en:plant-based-foods-and-beverages', 'en:plant-based-foods', 'en:snacks', 'en:cereals-and-potatoes', 'en:salty-snacks', 'en:appetizers', 'en:cereals-and-their-products', 'en:chips-and-fries', 'en:crisps', 'en:breads', 'en:crispbreads', 'en:crispbreads-wholemeal']",0,[],[],338.0,1.5,0.3,2.0,20.0,9.0,1.0
Cracotte,3041090063114,"['en:plant-based-foods-and-beverages', 'en:plant-based-foods', 'en:snacks', 'en:cereals-and-potatoes', 'en:extruded-crispbreads']",1,[],['en:e450'],387.0,2.7,1.0,7.9,3.0,11.0,1.7
Everyday White Rolls,5025125000150,"['en:plant-based-foods-and-beverages', 'en:plant-based-foods', 'en:cereals-and-potatoes', 'en:breads', 'en:white-breads']",1,[],['en:e300'],245.0,0.75,0.0125,3.38,1.8,10.0,0.762
Strawberry Jam,3045320094008,"['en:plant-based-foods-and-beverages', 'en:plant-based-foods', 'en:fruits-and-vegetables-based-foods', 'en:breakfasts', 'en:spreads', 'en:fruits-based-foods', 'en:plant-based-spreads', 'en:sweet-spreads', 'en:fruit-and-vegetable-preserves', 'en:jams', 'en:berry-jams', 'en:strawberry-jams']",1,[],['en:e440'],241.0,0.1,0.0,59.0,1.2,0.4,0.0
Harrys brioche tressee nature au sucre perle sans additifs 500g,3228857001231,"['en:plant-based-foods-and-beverages', 'en:plant-based-foods', 'en:snacks', 'en:cereals-and-potatoes', 'en:sweet-snacks', 'en:cereals-and-their-products', 'en:sweet-pastries-and-pies', 'en:breads', 'en:viennoiseries', 'en:brioches', 'fr:brioches-tressees', 'en:packaged-breads', 'en:pure-butter-brioche', 'fr:brioches-natures']",0,[],[],356.0,13.0,1.0,13.0,4.5,8.6,0.8
Quaker Rolled Oats,5000108022152,"['en:plant-based-foods-and-beverages', 'en:plant-based-foods', 'en:breakfasts', 'en:cereals-and-potatoes', 'en:cereals-and-their-products', 'en:breakfast-cereals', 'en:flakes', 'en:cereal-flakes', 'en:rolled-flakes', 'en:porridge', 'en:rolled-oats']",0,[],[],368.0,8.5,1.75,1.0,10.0,12.3,0.00625
Tartines craquantes quinoa - pois chiche,06153153,"['en:plant-based-foods-and-beverages', 'en:plant-based-foods', 'en:snacks', 'en:cereals-and-potatoes', 'en:cereals-and-their-products', 'en:extruded-crispbreads']",0,[],[],378.0,1.6,0.5,0.6,4.7,9.6,0.5
Protein Cacahuetes🥜 & Chocolat🍫,8410076610737,"['en:plant-based-foods-and-beverages', 'en:plant-based-foods', 'en:snacks', 'en:sweet-snacks', 'en:nuts-and-their-products', 'en:bars', 'en:dietary-supplements', 'en:bodybuilding-supplements', 'en:nut-bars', 'en:peanut-bars', 'en:protein-bars']",3,[],"['en:e170', 'en:e170i', 'en:e322', 'en:e322i', 'en:e422']",488.0,28.2,7.5,17.0,10.8,25.5,0.956
Crunchy Peanut Butter,5013665108801,"['en:plant-based-foods-and-beverages', 'en:plant-based-foods', 'en:legumes-and-their-products', 'en:spreads', 'en:nuts-and-their-products', 'en:plant-based-spreads', 'en:oilseed-purees', 'en:legume-butters', 'en:nut-butters', 'en:peanut-butters', 'en:crunchy-peanut-butters']",0,[],[],643.0,54.3,7.9,3.8,6.7,27.7,1.0
Brazil Nuts,20202392,"['en:plant-based-foods-and-beverages', 'en:plant-based-foods', 'en:nuts-and-their-products', 'en:nuts', 'en:shelled-nuts', 'en:brazil-nuts', 'en:brazil-nuts-unsalted', 'en:shelled-brazil-nuts']",0,[],[],700.0,66.7,16.3,2.67,10.0,17.0,0.0333
Delicia double concentre de tomates,6111162001201,"['en:plant-based-foods-and-beverages', 'en:plant-based-foods', 'en:fruits-and-vegetables-based-foods', 'en:vegetables-based-foods', 'en:tomatoes-and-their-products', 'en:tomato-pastes']",0,[],[],91.0,0.09,0.0,0.0,0.0,4.13,0.0
Lightly Salted Low Fat Corn Cakes,5013665111610,"['en:plant-based-foods-and-beverages', 'en:plant-based-foods', 'en:snacks', 'en:cereals-and-potatoes', 'en:salty-snacks', 'en:appetizers', 'en:biscuits-and-crackers', 'en:cereals-and-their-products', 'en:crackers-appetizers', 'en:puffed-cereal-cakes', 'en:puffed-corn-cakes', 'en:puffed-salty-snacks', 'en:puffed-salty-snacks-made-from-maize']",0,[],[],359.0,1.38,0.414,1.38,,6.9,1.34
Menguy's Beurre de cacahuètes creamy,3327272107259,"['en:plant-based-foods-and-beverages', 'en:plant-based-foods', 'en:legumes-and-their-products', 'en:spreads', 'en:nuts-and-their-products', 'en:plant-based-spreads', 'en:nuts', 'en:oilseed-purees', 'en:legume-butters', 'en:nut-butters', 'en:peanut-butters']",0,[],[],629.0,52.0,9.5,8.7,6.7,25.0,0.86
100% mie complet 500g,3228857000166,"['en:plant-based-foods-and-beverages', 'en:plant-based-foods', 'en:cereals-and-potatoes', 'en:cereals-and-their-products', 'en:breads', 'en:sliced-breads', 'en:sliced-breads-without-crust', 'en:wholemeal-breads', 'en:wholemeal-sliced-breads']",0,[],[],250.0,4.3,0.4,5.5,6.5,7.5,1.1
Nutritional Yeast Flakes,5016084000374,"['en:plant-based-foods-and-beverages', 'en:plant-based-foods', 'en:condiments', 'en:flakes', 'en:food-additives', 'en:nutritional-yeast']",0,[],[],349.0,5.0,1.0,1.0,20.0,47.0,0.245
BjORG AMANDE ALMOND SANS SUGRES- NO SUGAR,3229820787015,"['en:beverages-and-beverages-preparations', 'en:plant-based-foods-and-beverages', 'en:beverages', 'en:plant-based-foods', 'en:dairy-substitutes', 'en:milk-substitutes', 'en:nuts-and-their-products', 'en:plant-based-beverages', 'en:plant-based-milk-alternatives', 'en:nut-based-drinks', 'en:almond-based-drinks', 'en:unsweetened-plain-almond-based-drinks']",2,[],"['en:e412', 'en:e415']",25.0,1.7,0.2,0.5,0.5,0.7,0.05
Tartine doux,3155251205302,"['en:plant-based-foods-and-beverages', 'en:plant-based-foods', 'en:fats', 'en:spreads', 'en:plant-based-spreads', 'en:salted-spreads', 'en:spreadable-fats', 'en:vegetable-fats', 'en:margarines', 'en:light-margarines']",5,[],"['en:e100', 'en:e160b', 'en:e322', 'en:e322i', 'en:e392', 'en:e471']",495.0,55.0,15.0,0.0,,0.0,0.4
ProActiv Margarine Tartine,8719200012608,"['en:plant-based-foods-and-beverages', 'en:plant-based-foods', 'en:fats', 'en:spreads', 'en:plant-based-spreads', 'en:salted-spreads', 'en:vegetable-fats', 'en:spreadable-fats', 'en:margarines', 'en:light-margarines', 'en:margarines-with-plant-sterols-esters', 'en:salted-margarines', 'en:30-40-lightly-salted-vegetable-fat-with-plant-sterols-esters']",1,[],"['en:e322', 'en:e322i']",314.0,35.0,7.6,0.5,,0.5,0.2
Oméga 3® Doux,3366321051983,"['en:plant-based-foods-and-beverages', 'en:plant-based-foods', 'en:fats', 'en:spreads', 'en:plant-based-spreads', 'en:salted-spreads', 'en:vegetable-fats', 'en:spreadable-fats', 'en:margarines', 'en:light-margarines', 'en:unsalted-margarines', 'en:light-unsalted-margarines']",4,[],"['en:e160a', 'en:e160ai', 'en:e322', 'en:e322i', 'en:e440', 'en:e471']",468.0,52.0,17.0,0.0,,0.0,0.4125
No. 6 Sourdough Majestic Malted,5025125000105,"['en:plant-based-foods-and-beverages', 'en:plant-based-foods', 'en:cereals-and-potatoes', 'en:breads']",0,[],[],255.0,2.7,0.8,1.8,3.6,9.3,0.99
"Muesli SuperFruits Raisins, cassis,cranberry, myrtille",3229820782560,"['en:plant-based-foods-and-beverages', 'en:plant-based-foods', 'en:breakfasts', 'en:cereals-and-potatoes', 'en:cereals-and-their-products', 'en:breakfast-cereals', 'en:cereals-with-fruits', 'en:mueslis', 'en:mueslis-with-fruits']",0,[],[],358.0,6.0,0.9,13.0,10.0,11.0,0.04
Dark Rye Sourdough,4088600327587,"['en:plant-based-foods-and-beverages', 'en:plant-based-foods', 'en:cereals-and-potatoes', 'en:breads']",0,[],[],234.0,1.3,0.1,1.5,5.2,7.9,0.7975
Ramona's Heavenly Houmous,5060228323799,"['en:plant-based-foods-and-beverages', 'en:plant-based-foods', 'en:condiments', 'en:spreads', 'en:plant-based-spreads', 'en:salted-spreads', 'en:sauces', 'en:dips', 'en:hummus']",2,[],"['en:e202', 'en:e330']",272.0,21.6,1.8,0.6,5.0,6.4,0.9825
Corn Flakes,3159470000120,"['en:plant-based-foods-and-beverages', 'en:plant-based-foods', 'en:breakfasts', 'en:cereals-and-potatoes', 'en:cereals-and-their-products', 'en:breakfast-cereals', 'en:flakes', 'en:cereal-flakes', 'en:extruded-cereals', 'en:extruded-flakes', 'en:corn-flakes']",0,[],[],378.0,0.9,0.2,8.0,3.0,7.0,1.1
Biscottes 6 Céréales,3392460480827,"['en:plant-based-foods-and-beverages', 'en:plant-based-foods', 'en:cereals-and-potatoes', 'en:breads', 'en:rusks', 'en:multigrain-rusks']",3,[],"['en:e300', 'en:e471', 'en:e481']",402.0,7.8,2.4,3.4,5.0,13.0,1.6
MULTISEED WHOLEMEAL FARMHOUSE LOAF,01318180,"['en:plant-based-foods-and-beverages', 'en:plant-based-foods', 'en:cereals-and-potatoes', 'en:breads', 'en:sliced-breads', 'en:multigrain-sliced-breads', 'en:wholemeal-breads']",1,[],['en:e300'],270.0,7.5,1.1,4.2,7.4,12.8,0.84
Haferdrink Barista,7394376616501,"['en:beverages-and-beverages-preparations', 'en:plant-based-foods-and-beverages', 'en:beverages', 'en:plant-based-foods', 'en:cereals-and-potatoes', 'en:dairy-substitutes', 'en:cereals-and-their-products', 'en:milk-substitutes', 'en:plant-based-beverages', 'en:plant-based-milk-alternatives', 'en:cereal-based-drinks', 'en:oat-based-drinks']",1,[],"['en:e340', 'en:e340ii']",61.0,3.0,0.3,3.4,0.8,1.1,0.1
Hule D'olive,6111099000247,"['en:plant-based-foods-and-beverages', 'en:plant-based-foods', 'en:fats', 'en:vegetable-fats', 'en:olive-tree-products', 'en:vegetable-oils', 'en:olive-oils', 'en:virgin-olive-oils']",0,[],[],822.0,90.0,13.0,0.0,66.0,0.0,0.0
SPAGHETTI N° 5,8076800195057,"['en:plant-based-foods-and-beverages', 'en:plant-based-foods', 'en:cereals-and-potatoes', 'en:cereals-and-their-products', 'en:pastas', 'en:cereal-pastas', 'en:dry-pastas', 'en:durum-wheat-pasta', 'en:spaghetti', 'en:dry-durum-wheat-pasta', 'en:durum-wheat-spaghetti']",0,[],[],359.0,2.0,0.5,3.5,3.0,13.0,0.01
Картофельные чипсы со вкусом парики,5053990161669,"['en:plant-based-foods-and-beverages', 'en:plant-based-foods', 'en:snacks', 'en:cereals-and-potatoes', 'en:salty-snacks', 'en:appetizers', 'en:chips-and-fries', 'en:crisps', 'en:potato-crisps', 'en:flavoured-potato-crisps', 'en:paprika-crisps', 'en:salty-snacks-made-from-potato']",7,[],"['en:e160b', 'en:e160c', 'en:e330', 'en:e471', 'en:e621', 'en:e627', 'en:e631']",522.0,30.0,2.8,3.2,4.4,6.7,1.28
Brioche moins de sucre,3228857001378,"['en:plant-based-foods-and-beverages', 'en:plant-based-foods', 'en:snacks', 'en:cereals-and-potatoes', 'en:sweet-snacks', 'en:sweet-pastries-and-pies', 'en:breads', 'en:viennoiseries', 'en:brioches', 'fr:brioches-tranchees', 'fr:brioches-natures']",0,[],[],327.0,11.0,1.1,9.3,7.2,8.4,1.0
,6111262821150,"['en:plant-based-foods-and-beverages', 'en:plant-based-foods', 'en:legumes-and-their-products', 'en:spreads', 'en:nuts-and-their-products', 'en:plant-based-spreads', 'en:oilseed-purees', 'en:legume-butters', 'en:nut-butters', 'en:peanut-butters', 'fr:peanut-butt']",0,[],[],583.0,48.2,9.9,2.75,0.0,24.3,1.25
White Sourdough,5057967395071,"['en:plant-based-foods-and-beverages', 'en:plant-based-foods', 'en:cereals-and-potatoes', 'en:breads']",0,[],[],238.0,2.8,0.1,2.7,4.7,7.5,0.7675
Huile d'olive vierge extra,4056489141877,"['en:plant-based-foods-and-beverages', 'en:plant-based-foods', 'en:fats', 'en:vegetable-fats', 'en:olive-tree-products', 'en:vegetable-oils', 'en:olive-oils', 'en:extra-virgin-olive-oils', 'en:virgin-olive-oils']",0,[],[],828.0,92.0,14.0,0.0,0.0,0.0,0.0
Pain de mie Bio grandes tranches céréales & graines 500g,3760049794298,"['en:plant-based-foods-and-beverages', 'en:plant-based-foods', 'en:cereals-and-potatoes', 'en:cereals-and-their-products', 'en:breads', 'en:sliced-breads', 'en:multigrain-sliced-breads', 'en:packaged-breads']",1,[],['en:e300'],310.0,8.6,0.9,4.9,4.0,9.2,1.0
Flocons d'avoine complète,3168930009078,"['en:plant-based-foods-and-beverages', 'en:plant-based-foods', 'en:breakfasts', 'en:cereals-and-potatoes', 'en:cereals-and-their-products', 'en:breakfast-cereals', 'en:flakes', 'en:cereal-flakes', 'en:rolled-flakes', 'en:rolled-oats']",0,[],[],375.0,8.0,1.5,1.1,9.0,11.0,0.01
Pain grillé au blé complet,3017760542890,"['en:plant-based-foods-and-beverages', 'en:plant-based-foods', 'en:cereals-and-potatoes', 'en:cereals-and-their-products', 'en:breads', 'en:rusks', 'en:toasts']",2,[],"['en:e270', 'en:e300']",387.0,4.9,2.1,2.6,5.1,12.0,1.8
Alvalle Gazpacho l'original,3168930163480,"['en:plant-based-foods-and-beverages', 'en:plant-based-foods', 'en:fruits-and-vegetables-based-foods', 'en:meals', 'en:soups', 'en:vegetable-soups', 'en:cold-soups', 'en:gazpacho']",0,[],[],40.0,2.2,0.4,3.3,1.2,0.9,0.62
Organic Piadina 4 Wholeblend Flatbreads with Extra Virgin Olive Oil,5060198641251,"['en:plant-based-foods-and-beverages', 'en:plant-based-foods', 'en:cereals-and-potatoes', 'en:breads', 'en:flatbreads', 'en:white-breads', 'en:piadina', 'en:wheat-breads', 'en:wheat-flatbreads']",0,[],[],305.0,8.53,1.73,1.07,4.53,7.87,1.57
Houilor,6111024002186,"['en:plant-based-foods-and-beverages', 'en:plant-based-foods', 'en:fats', 'en:vegetable-fats', 'en:olive-tree-products', 'en:vegetable-oils', 'en:olive-oils']",0,[],[],900.0,100.0,12.6,0.0,0.0,0.0,0.0
Country Crisp 4 noix,5010477348357,"['en:plant-based-foods-and-beverages', 'en:plant-based-foods', 'en:breakfasts', 'en:cereals-and-potatoes', 'en:cereals-and-their-products', 'en:breakfast-cereals', 'en:breakfast-cereals-rich-in-fibre', 'en:cereals-with-nuts', 'en:crunchy-cereal-clusters', 'en:cereal-clusters-with-nuts']",0,[],[],465.0,20.0,2.6,18.0,6.1,11.0,0.03
Copos de avena,4008713756661,"['en:plant-based-foods-and-beverages', 'en:plant-based-foods', 'en:breakfasts', 'en:cereals-and-potatoes', 'en:cereals-and-their-products', 'en:breakfast-cereals', 'en:flakes', 'en:cereal-flakes', 'en:rolled-flakes', 'en:rolled-oats']",0,[],[],375.0,7.0,1.3,0.7,10.0,14.0,0.02
Double concentré de tomates,6111021026000,"['en:plant-based-foods-and-beverages', 'en:plant-based-foods', 'en:fruits-and-vegetables-based-foods', 'en:vegetables-based-foods', 'en:tomatoes-and-their-products', 'en:double-concentrate-tomato-paste', 'en:tomato-pastes', 'en:aliments-d-origine-vegetale', 'en:aliments-et-boissons-a-base-de-vegetaux', 'en:aliments-a-base-de-fruits-et-de-legumes', 'en:canned-double-concentrate-tomato-paste', 'en:concentres-de-tomates', 'en:legumes-et-derives', 'en:tomates-et-derives']",0,[],[],123.0,0.4,0.1,9.0,3.0,4.6,0.5
Maizena Fleur de Maïs Sans Gluten 400g,8712100338694,"['en:plant-based-foods-and-beverages', 'en:plant-based-foods', 'en:cereals-and-potatoes', 'en:cereals-and-their-products', 'en:cooking-helpers', 'en:starches', 'en:cereal-starches', 'en:corn-starch']",0,[],[],355.0,0.5,0.1,0.5,1.0,0.5,0.01
Petit Pains Grillés Blé complet,4056489039518,"['en:plant-based-foods-and-beverages', 'en:plant-based-foods', 'en:cereals-and-potatoes', 'en:breads', 'en:toasts', 'en:toasted-bread-rolls']",1,[],['en:e300'],408.0,10.0,0.9,4.2,6.9,10.0,1.0
Ratatouille Cuisinée à la Provençal,3083681095296,"['en:plant-based-foods-and-beverages', 'en:plant-based-foods', 'en:fruits-and-vegetables-based-foods', 'en:vegetable-based-foods-and-beverages', 'en:canned-foods', 'en:meals', 'en:vegetables-based-foods', 'en:canned-plant-based-foods', 'en:canned-vegetables', 'en:prepared-vegetables', 'en:canned-meals', 'en:plant-based-meals', 'en:ratatouille', 'en:vegetables-prepared-processed-shelf-stable']",0,[],[],72.0,4.1,0.6,5.5,3.4,1.3,0.81
Crunchy Peanut Butter,5014213711290,"['en:plant-based-foods-and-beverages', 'en:plant-based-foods', 'en:legumes-and-their-products', 'en:spreads', 'en:nuts-and-their-products', 'en:plant-based-spreads', 'en:oilseed-purees', 'en:legume-butters', 'en:nut-butters', 'en:peanut-butters', 'en:crunchy-peanut-butters']",0,[],[],603.0,47.0,6.3,5.3,8.1,26.0,0.02
Chickpeas In Water,5051399182506,"['en:plant-based-foods-and-beverages', 'en:plant-based-foods', 'en:legumes-and-their-products', 'en:canned-foods', 'en:legumes', 'en:seeds', 'en:canned-plant-based-foods', 'en:legume-seeds', 'en:pulses', 'en:chickpeas', 'en:canned-legumes', 'en:canned-chickpeas']",1,[],['en:e300'],115.0,2.25,0.333,0.333,6.92,6.75,0.0833
,20150907,"['en:plant-based-foods-and-beverages', 'en:plant-based-foods', 'en:fruits-and-vegetables-based-foods', 'en:dried-products', 'en:fruits-based-foods', 'en:dried-plant-based-foods', 'en:fruits', 'en:dried-fruits', 'en:berries', 'en:cranberries', 'en:dried-cranberries']",0,[],[],340.0,1.33,0.0,70.7,6.0,0.667,0.0333
POM'POTES Compotes Gourdes Pomme Nature 1x90g,3021769505602,"['en:plant-based-foods-and-beverages', 'en:plant-based-foods', 'en:fruits-and-vegetables-based-foods', 'en:desserts', 'en:fruits-based-foods', 'en:compotes', 'en:apple-compotes', 'en:applesauces', 'en:compotes-to-drink', 'en:fruits-desserts', 'fr:compotes-sans-sucres']",1,[],['en:e300'],61.0,0.6,0.2,11.0,1.2,0.5,0.01
"Chicorée & Café, RICORÉ® L'Original, Boîte de 260g",7613032655495,"['en:beverages-and-beverages-preparations', 'en:plant-based-foods-and-beverages', 'en:beverages', 'en:plant-based-foods', 'en:plant-based-beverages', 'en:beverage-preparations', 'en:coffees', 'en:instant-beverages', 'en:instant-coffee-substitutes', 'en:instant-coffees', 'en:instant-mix-of-chicory-and-coffee-powder']",0,[],[],141.0,0.5,0.1,9.1,45.3,2.7,0.23
simply nutty muesli,5018357012497,"['en:plant-based-foods-and-beverages', 'en:plant-based-foods', 'en:breakfasts', 'en:cereals-and-potatoes', 'en:cereals-and-their-products', 'en:nuts-and-their-products', 'en:breakfast-cereals', 'en:nuts', 'en:mueslis', 'en:cereals-with-nuts', 'en:mueslis-with-nuts']",0,[],[],376.0,6.8,1.1,14.2,8.6,9.9,0.03
Aicha Tomato Paste,6111021090056,"['en:plant-based-foods-and-beverages', 'en:plant-based-foods', 'en:fruits-and-vegetables-based-foods', 'en:vegetables-based-foods', 'en:vegetables', 'en:tomatoes-and-their-products', 'en:tomatoes', 'en:tomato-pastes']",0,[],[],117.0,0.4,0.0,9.0,3.0,4.6,0.5
Muesli Crunchy 0%,8402001010873,"['en:plant-based-foods-and-beverages', 'en:plant-based-foods', 'en:breakfasts', 'en:cereals-and-potatoes', 'en:seeds', 'en:cereals-and-their-products', 'en:breakfast-cereals', 'en:cereal-grains', 'en:mueslis', 'es:cereales-muesly']",0,[],[],401.0,12.0,1.4,3.2,23.0,8.8,0.08
Classic Torinesi Breadsticks,5060198640261,"['en:plant-based-foods-and-beverages', 'en:plant-based-foods', 'en:cereals-and-potatoes', 'en:breads', 'en:breadsticks']",0,[],[],402.0,6.5,1.0,2.8,1.2,19.8,2.1
Harrys pain de mie 100% mie nature sans croute 500g,3228857000852,"['en:plant-based-foods-and-beverages', 'en:plant-based-foods', 'en:cereals-and-potatoes', 'en:frozen-foods', 'en:breads', 'en:sliced-breads', 'en:frozen-breads', 'en:sliced-breads-without-crust']",0,[],[],264.0,4.0,0.3,7.0,4.0,7.0,1.1
Pain de mie grandes tranches Toastiligne complet,3760049790252,"['en:plant-based-foods-and-beverages', 'en:plant-based-foods', 'en:cereals-and-potatoes', 'en:breads', 'en:sliced-breads', 'en:packaged-breads', 'en:wholemeal-breads', 'en:wholemeal-sliced-breads']",3,[],"['en:e282', 'en:e300', 'en:e471']",226.0,1.9,0.9,2.8,6.2,10.0,0.98
Oméga 3 Doux Tartine & Cuisson,3366321051686,"['en:plant-based-foods-and-beverages', 'en:plant-based-foods', 'en:fats', 'en:spreads', 'en:plant-based-spreads', 'en:salted-spreads', 'en:vegetable-fats', 'en:spreadable-fats', 'en:margarines', 'en:light-margarines', 'en:margarines-high-in-omega-3']",2,[],"['en:e160a', 'en:e160ai', 'en:e322', 'en:e322i']",468.0,52.0,15.0,0.0,,0.0,0.42
Wholemeal bread 54kcal,5010044000404,"['en:plant-based-foods-and-beverages', 'en:plant-based-foods', 'en:cereals-and-potatoes', 'en:breads', 'en:sliced-breads', 'en:wholemeal-breads']",5,[],"['en:e282', 'en:e300', 'en:e471', 'en:e472e', 'en:e481']",180.0,0.0,0.0,0.0,0.0,0.0,0.0
Puy Lentils & French green lentils,5018095011271,"['en:plant-based-foods-and-beverages', 'en:plant-based-foods', 'en:legumes-and-their-products', 'en:legumes', 'en:seeds', 'en:legume-seeds', 'en:meals', 'en:pulses', 'en:prepared-vegetables', 'en:cooked-vegetables', 'en:lentils', 'en:green-lentils', 'en:cooked-lentils', 'en:prepared-lentils']",0,[],[],148.0,1.7,0.4,1.0,5.2,11.0,0.01
Bitesize shredded wheat,7613287194374,"['en:plant-based-foods-and-beverages', 'en:plant-based-foods', 'en:breakfasts', 'en:cereals-and-potatoes', 'en:cereals-and-their-products', 'en:breakfast-cereals', 'en:extruded-cereals']",0,[],[],367.0,2.2,0.5,0.7,12.5,11.8,0.05
Doce Extra Fresa Morango,20000653,"['en:plant-based-foods-and-beverages', 'en:plant-based-foods', 'en:fruits-and-vegetables-based-foods', 'en:breakfasts', 'en:spreads', 'en:fruits-based-foods', 'en:plant-based-spreads', 'en:sweet-spreads', 'en:fruit-and-vegetable-preserves', 'en:jams', 'en:berry-jams', 'en:citrus-jams', 'en:marmalades', 'en:strawberry-jams']",2,[],"['en:e330', 'en:e440']",241.0,0.3,0.1,57.7,,0.4,0.01
Poudre stevia,3329757002998,"['en:plant-based-foods-and-beverages', 'en:plant-based-foods', 'en:sweeteners', 'en:food-additives', 'en:stevia-and-their-products', 'en:sugar-substitutes', 'en:tabletop-sweeteners']",2,[],"['en:e960a', 'en:e968']",2.0,0.2,0.2,0.0,,0.0,0.0
Barres de fruits secs & noix Myrtilles,5060088707685,"['en:plant-based-foods-and-beverages', 'en:plant-based-foods', 'en:snacks', 'en:sweet-snacks', 'en:nuts-and-their-products', 'en:bars', 'en:nut-bars', 'fr:barres-aux-fruits']",0,[],[],368.0,11.0,1.7,49.0,9.5,6.6,0.01
Hand finished seeded sourdough bread,5000129341041,"['en:plant-based-foods-and-beverages', 'en:plant-based-foods', 'en:cereals-and-potatoes', 'en:breads', 'en:multi-seed-sour-dough-loaf', 'en:seeded-bread']",0,[],[],251.0,3.9,0.5,2.5,5.1,8.8,0.7
Wheat Biscuits,5000119117359,"['en:plant-based-foods-and-beverages', 'en:plant-based-foods', 'en:snacks', 'en:breakfasts', 'en:cereals-and-potatoes', 'en:sweet-snacks', 'en:cereals-and-their-products', 'en:breakfast-cereals']",0,[],[],358.0,2.0,0.6,4.4,10.0,12.0,0.28
Super Seedy & Nutty Granola,5070000126579,"['en:plant-based-foods-and-beverages', 'en:plant-based-foods', 'en:breakfasts', 'en:cereals-and-potatoes', 'en:cereals-and-their-products', 'en:breakfast-cereals', 'en:mueslis']",0,[],[],402.0,14.4,2.2,9.6,14.4,10.9,0.03
Protein Cocoa Hazelnut Bars,5060088700112,"['en:plant-based-foods-and-beverages', 'en:plant-based-foods', 'en:snacks', 'en:sweet-snacks', 'en:nuts-and-their-products', 'en:bars', 'en:cereal-bars', 'en:dietary-supplements', 'en:bodybuilding-supplements', 'en:chocolate-cereal-bars', 'en:nut-bars', 'en:cereal-bar-with-chocolate-fortified-with-vitamins-and-minerals', 'en:energy-bars', 'en:protein-bars', 'fr:barres-aux-fruits', 'en:barres-de-cereales', 'en:barres-de-fruits-noix']",0,[],[],421.0,21.7,3.5,25.2,15.4,16.1,0.01
Vegan Spread,8719200269828,"['en:plant-based-foods-and-beverages', 'en:plant-based-foods', 'en:fats', 'en:spreads', 'en:plant-based-spreads', 'en:spreadable-fats', 'en:vegetable-fats', 'en:margarines']",1,[],"['en:e322', 'en:e322i']",632.0,70.0,20.0,0.5,,0.5,1.2775
Sea salt & cider vinegar chips,5060042641406,"['en:plant-based-foods-and-beverages', 'en:plant-based-foods', 'en:snacks', 'en:cereals-and-potatoes', 'en:salty-snacks', 'en:appetizers', 'en:chips-and-fries', 'en:crisps', 'en:potato-crisps', 'en:salt-and-vinegar-crisps', 'en:potato-crisps-in-sunflower-oil']",0,[],[],467.0,25.0,2.2,2.5,5.1,5.8,1.77
Nescafe classic,6111018903185,"['en:plant-based-foods-and-beverages', 'en:beverages', 'en:plant-based-foods', 'en:coffees', 'en:instant-beverages', 'en:instant-coffees']",0,[],[],10.0,1.0,10.0,0.5,0.5,0.5,0.05
Muesli avoine chocolat bio,3229820769165,"['en:plant-based-foods-and-beverages', 'en:plant-based-foods', 'en:breakfasts', 'en:cereals-and-potatoes', 'en:cereals-and-their-products', 'en:breakfast-cereals', 'en:chocolate-cereals', 'en:mueslis', 'en:mueslis-with-chocolate']",1,[],['en:e414'],390.0,9.6,3.8,8.7,10.0,12.0,0.1
,6111162000822,"['en:plant-based-foods-and-beverages', 'en:plant-based-foods', 'en:breakfasts', 'en:spreads', 'en:plant-based-spreads', 'en:sweet-spreads', 'en:fruit-and-vegetable-preserves', 'en:jams', 'en:berry-jams', 'en:strawberry-jams']",0,[],[],250.0,0.3,0.0,61.33,0.0,0.5,0.0
,5285000396437,"['en:plant-based-foods-and-beverages', 'en:plant-based-foods', 'en:dried-products', 'en:pastas', 'en:dried-products-to-be-rehydrated', 'en:noodles', 'en:instant-noodles']",0,[],[],467.0,21.0,8.0,5.0,3.0,9.0,4.0
Finn Crisp,6410500090014,"['en:plant-based-foods-and-beverages', 'en:plant-based-foods', 'en:cereals-and-potatoes', 'en:cereals-and-their-products', 'en:breads', 'en:crispbreads', 'en:crispbreads-wholemeal', 'en:sourdough-crisp-bread']",0,[],[],350.0,2.6,0.5,1.6,20.0,10.0,1.4
6 Wraps blé complet,8410076470812,"['en:plant-based-foods-and-beverages', 'en:plant-based-foods', 'en:cereals-and-potatoes', 'en:breads', 'en:flatbreads', 'en:white-breads', 'en:wheat-breads', 'en:wheat-flatbreads']",4,[],"['en:e422', 'en:e450', 'en:e471', 'en:e500', 'en:e500ii']",295.0,6.03,1.03,2.24,5.17,9.14,1.05
Shot de gingembre bio,4056489028109,"['en:beverages-and-beverages-preparations', 'en:plant-based-foods-and-beverages', 'en:beverages', 'en:plant-based-foods', 'en:plant-based-beverages', 'en:fruit-based-beverages', 'en:juices-and-nectars', 'en:fruit-juices', 'en:non-alcoholic-beverages']",1,[],['en:e300'],39.0,0.5,0.1,7.6,,0.5,0.01
Malt Wheats,5000436857112,"['en:plant-based-foods-and-beverages', 'en:plant-based-foods', 'en:breakfasts', 'en:cereals-and-potatoes', 'en:cereals-and-their-products', 'en:breakfast-cereals', 'en:extruded-cereals', 'en:breakfast-cereals-rich-in-fibre']",0,[],[],362.0,1.25,0.25,10.0,11.0,11.0,0.269
Double concentre de tomate,6111021090100,"['en:plant-based-foods-and-beverages', 'en:plant-based-foods', 'en:fruits-and-vegetables-based-foods', 'en:vegetables-based-foods', 'en:tomatoes-and-their-products', 'en:double-concentrate-tomato-paste', 'en:tomato-pastes']",0,[],[],117.0,0.4,0.0,9.0,3.0,4.6,0.8
Muesli,5010029226188,"['en:plant-based-foods-and-beverages', 'en:plant-based-foods', 'en:breakfasts', 'en:cereals-and-potatoes', 'en:cereals-and-their-products', 'en:breakfast-cereals', 'en:mueslis']",0,[],[],370.0,5.5,0.9,18.0,8.0,12.0,0.275
Crispy minis imp,5010029229035,"['en:plant-based-foods-and-beverages', 'en:plant-based-foods', 'en:breakfasts', 'en:cereals-and-potatoes', 'en:cereals-and-their-products', 'en:breakfast-cereals', 'en:extruded-cereals']",1,[],"['en:e322', 'en:e322i']",385.0,5.0,2.25,17.0,10.0,10.0,0.2
Lio huile de table,6111099000582,"['en:plant-based-foods-and-beverages', 'en:plant-based-foods', 'en:fats', 'en:vegetable-fats', 'en:olive-tree-products', 'en:vegetable-oils', 'en:olive-oils', 'ar:6-50dh-1-2litr']",0,[],[],900.0,100.0,14.0,0.0,,0.0,0.0
Grilletine au froment sans sucres ajoutés,3182180001477,"['en:plant-based-foods-and-beverages', 'en:plant-based-foods', 'en:cereals-and-potatoes', 'en:cereals-and-their-products', 'en:breads', 'en:toasts', 'en:toasted-bread-rolls', 'en:wheat-rusk-slices']",2,[],"['en:e300', 'en:e965']",425.0,9.6,2.0,1.7,7.4,13.0,0.89
Seeded Batch,5010044002552,"['en:plant-based-foods-and-beverages', 'en:plant-based-foods', 'en:cereals-and-potatoes', 'en:breads', 'en:sliced-breads', 'en:multigrain-sliced-breads']",5,[],"['en:e282', 'en:e300', 'en:e471', 'en:e472e', 'en:e481']",293.0,8.9,1.3,2.6,6.0,10.6,0.95
Be Nuts! Pâte à tartiner Cacahuète,3608580124108,"['en:plant-based-foods-and-beverages', 'en:plant-based-foods', 'en:legumes-and-their-products', 'en:breakfasts', 'en:spreads', 'en:plant-based-spreads', 'en:sweet-spreads', 'en:oilseed-purees', 'en:legume-butters', 'fr:pates-a-tartiner', 'en:peanut-butters', 'en:crunchy-peanut-butters']",1,[],"['en:e322', 'en:e322i']",612.0,49.0,8.7,12.0,5.4,22.0,0.53
63% fat spread with buttermilk,5000295008069,"['en:plant-based-foods-and-beverages', 'en:plant-based-foods', 'en:fats', 'en:spreads', 'en:plant-based-spreads', 'en:salted-spreads', 'en:spreadable-fats', 'en:vegetable-fats', 'en:margarines']",1,[],['en:e160a'],587.0,64.5,20.7,1.0,,0.7,1.48
The Original Crunchy Rye Breads,5010265002836,"['en:plant-based-foods-and-beverages', 'en:plant-based-foods', 'en:snacks', 'en:cereals-and-potatoes', 'en:salty-snacks', 'en:appetizers', 'en:biscuits-and-crackers', 'en:breads', 'en:crackers-appetizers', 'en:crispbreads']",0,[],[],352.0,0.952,0.19,2.86,13.3,10.5,0.762
Pain de mie american sandwich complet sans sucres ajoutés 600g,3228857002344,"['en:plant-based-foods-and-beverages', 'en:plant-based-foods', 'en:cereals-and-potatoes', 'en:cereals-and-their-products', 'en:breads', 'en:sliced-breads', 'en:wholemeal-breads', 'en:wholemeal-sliced-breads']",0,[],[],280.0,6.8,0.5,3.6,8.1,7.7,1.1
Crema de cacahuetes 100%,8480000168832,"['en:plant-based-foods-and-beverages', 'en:plant-based-foods', 'en:legumes-and-their-products', 'en:spreads', 'en:nuts-and-their-products', 'en:plant-based-spreads', 'en:oilseed-purees', 'en:legume-butters', 'en:nut-butters', 'en:peanut-butters']",0,[],[],608.0,47.0,6.6,5.4,8.2,30.0,0.0
Raspberry Conserve,3045320094084,"['en:plant-based-foods-and-beverages', 'en:plant-based-foods', 'en:fruits-and-vegetables-based-foods', 'en:breakfasts', 'en:spreads', 'en:fruits-based-foods', 'en:plant-based-spreads', 'en:sweet-spreads', 'en:fruit-and-vegetable-preserves', 'en:jams', 'en:berry-jams', 'en:raspberry-jams']",1,[],['en:e440'],239.0,0.2,0.0,57.0,3.4,0.7,0.0
NESTLE CHOCAPIC BIO Céréales 375g,7613036669146,"['en:plant-based-foods-and-beverages', 'en:plant-based-foods', 'en:breakfasts', 'en:cereals-and-potatoes', 'en:cereals-and-their-products', 'en:breakfast-cereals', 'en:chocolate-cereals', 'en:breakfast-cereals-fortified-with-vitamins-and-chemical-elements', 'en:extruded-cereals', 'en:breakfast-cereals-rich-in-fibre', 'en:chocolate-wheat-shells']",0,[],[],390.0,5.6,1.6,19.9,8.2,9.1,0.2
Tasty Wholemeal Medium,5010003000339,"['en:plant-based-foods-and-beverages', 'en:plant-based-foods', 'en:cereals-and-potatoes', 'en:breads', 'en:sliced-breads']",4,[],"['en:e282', 'en:e300', 'en:e471', 'en:e472e']",220.0,1.75,0.5,4.0,6.75,10.0,0.888
Les Tranches Végé Pois chiches,3302740087042,"['en:plant-based-foods-and-beverages', 'en:plant-based-foods', 'en:meat-alternatives', 'en:meat-analogues', 'en:meat-analogues-from-pea-proteins']",2,[],"['en:e150a', 'en:e267']",138.0,6.0,0.5,0.5,3.8,8.1,1.8
50/50 Medium Bread,5010092093441,"['en:plant-based-foods-and-beverages', 'en:plant-based-foods', 'en:cereals-and-potatoes', 'en:breads', 'en:sliced-breads']",3,[],"['en:e282', 'en:e300', 'en:e472e']",235.0,2.25,1.0,8.75,11.8,9.5,0.95
Baked Beans in a Rich Tomato Sauce,4088600072517,"['en:plant-based-foods-and-beverages', 'en:plant-based-foods', 'en:legumes-and-their-products', 'en:canned-foods', 'en:legumes', 'en:canned-plant-based-foods', 'en:meals', 'en:prepared-vegetables', 'en:canned-legumes', 'en:baked-beans-in-tomato-sauce', 'en:canned-common-beans']",1,[],['en:e160c'],91.0,0.5,0.1,4.8,4.7,4.7,0.53
Middle Eastern Plant-Based Falafels,5013683305589,"['en:plant-based-foods-and-beverages', 'en:plant-based-foods', 'en:meat-alternatives', 'en:refrigerated-foods', 'en:refrigerated-plant-based-foods', 'en:vegetarian-balls', 'en:falafels', 'en:refrigerated-falafel']",1,[],"['en:e500', 'en:e500ii']",222.0,9.9,1.0,3.8,11.0,7.6,1.3
Piadina,5060198642760,"['en:plant-based-foods-and-beverages', 'en:plant-based-foods', 'en:cereals-and-potatoes', 'en:breads', 'en:flatbreads']",0,[],[],299.0,7.9,1.2,2.4,2.0,8.9,1.475
Céréales Chocapic,7613034626844,"['en:plant-based-foods-and-beverages', 'en:plant-based-foods', 'en:breakfasts', 'en:cereals-and-potatoes', 'en:cereals-and-their-products', 'en:breakfast-cereals', 'en:chocolate-cereals', 'en:breakfast-cereals-fortified-with-vitamins-and-chemical-elements', 'en:extruded-cereals', 'en:breakfast-cereals-rich-in-fibre', 'en:chocolate-wheat-shells', 'en:unfilled-breakfast-chocolate-cereals-fortified-with-vitamins-and-chemical-elements']",1,[],['en:e322'],388.0,4.8,2.0,22.4,7.5,8.8,0.22
Grilletines blé complet,3182180002115,"['en:plant-based-foods-and-beverages', 'en:plant-based-foods', 'en:cereals-and-potatoes', 'en:breads', 'en:rusks', 'en:toasts', 'en:toasted-bread-rolls']",2,[],"['en:e300', 'en:e471']",418.0,10.0,2.0,7.3,6.7,13.0,0.87
Low Sugar Nuts & Seeds Granola imp,5060043224561,"['en:plant-based-foods-and-beverages', 'en:plant-based-foods', 'en:breakfasts', 'en:cereals-and-potatoes', 'en:cereals-and-their-products', 'en:breakfast-cereals', 'en:mueslis', 'en:granola-for-breakfast', 'en:liz-granola-no-sugar']",0,[],[],447.0,16.0,2.6,2.9,10.0,13.9,0.03
Primevère Tartine & Cuisson,3155250364772,"['en:plant-based-foods-and-beverages', 'en:plant-based-foods', 'en:fats', 'en:spreads', 'en:plant-based-spreads', 'en:salted-spreads', 'en:vegetable-fats', 'en:spreadable-fats', 'en:margarines', 'en:light-margarines', 'fr:beurre-cuisson-et-tartine']",3,[],"['en:e160a', 'en:e160ai', 'en:e322', 'en:e322i', 'en:e392']",566.0,63.0,17.0,0.0,0.0,0.0,0.3
Wholemeal Bread,5010044000251,"['en:plant-based-foods-and-beverages', 'en:plant-based-foods', 'en:cereals-and-potatoes', 'en:cereals-and-their-products', 'en:breads', 'en:sliced-breads', 'en:wholemeal-breads']",5,[],"['en:e282', 'en:e300', 'en:e471', 'en:e472e', 'en:e481']",228.0,2.23,0.446,2.46,6.47,10.5,0.943
Guacamole,8480000038524,"['en:plant-based-foods-and-beverages', 'en:plant-based-foods', 'en:condiments', 'en:spreads', 'en:plant-based-spreads', 'en:sauces', 'en:dips', 'en:guacamoles']",5,[],"['en:e202', 'en:e300', 'en:e301', 'en:e330', 'en:e331']",149.0,13.7,3.8,1.4,5.0,1.9,1.5
Harrys beau & bon pain de mie farine de ble cereales & graines 320g,3228857001194,"['en:plant-based-foods-and-beverages', 'en:plant-based-foods', 'en:cereals-and-potatoes', 'en:frozen-foods', 'en:cereals-and-their-products', 'en:breads', 'en:sliced-breads', 'en:white-breads', 'en:bread-white-from-wheat-flour-of-the-highest-grade-gost-26987-86', 'en:frozen-breads', 'en:multigrain-sliced-breads']",0,[],[],286.0,6.5,0.7,3.5,6.0,12.0,1.0
Beurre de cacahuètes,5013665115571,"['en:plant-based-foods-and-beverages', 'en:plant-based-foods', 'en:legumes-and-their-products', 'en:spreads', 'en:nuts-and-their-products', 'en:plant-based-spreads', 'en:oilseed-purees', 'en:legume-butters', 'en:nut-butters', 'en:peanut-butters']",0,[],[],595.0,46.0,8.6,5.9,8.4,29.0,0.69
Vitalite Dairy Free Spread,5000373704289,"['en:plant-based-foods-and-beverages', 'en:plant-based-foods', 'en:fats', 'en:spreads', 'en:plant-based-spreads', 'en:salted-spreads', 'en:vegetable-fats', 'en:spreadable-fats', 'en:margarines', 'en:sunflower-oil-spread']",6,[],"['en:e100', 'en:e160b', 'en:e202', 'en:e270', 'en:e322', 'en:e322i', 'en:e471']",504.0,56.0,11.8,0.0,0.0,0.0,1.5
Flora Natural Ingredients Lighter,8719200269934,"['en:plant-based-foods-and-beverages', 'en:plant-based-foods', 'en:fats', 'en:spreads', 'en:plant-based-spreads', 'en:vegetable-fats', 'en:spreadable-fats', 'en:margarines', 'en:light-margarines']",1,[],['en:e471'],252.0,28.0,5.7,0.0,0.0,0.5,1.2
Chocolat noir Equateur Bio,20713713,"['en:plant-based-foods-and-beverages', 'en:plant-based-foods', 'en:snacks', 'en:fats', 'en:sweet-snacks', 'en:cocoa-and-its-products', 'en:vegetable-fats', 'en:chocolates', 'en:dark-chocolates']",0,[],[],639.0,55.3,34.0,14.0,11.5,9.0,0.01
Huile d'olive vierge de Maroc,6111024004746,"['en:plant-based-foods-and-beverages', 'en:plant-based-foods', 'en:fats', 'en:vegetable-fats', 'en:olive-tree-products', 'en:vegetable-oils', 'en:olive-oils', 'en:extra-virgin-olive-oils', 'en:virgin-olive-oils']",0,[],[],900.0,100.0,17.0,0.0,,0.0,0.0
Country Crisp - Chocolat noir 70% cacao,5010477348395,"['en:plant-based-foods-and-beverages', 'en:plant-based-foods', 'en:breakfasts', 'en:cereals-and-potatoes', 'en:cereals-and-their-products', 'en:breakfast-cereals', 'en:chocolate-cereals', 'en:breakfast-cereals-rich-in-fibre', 'en:crunchy-cereal-clusters', 'en:cereal-clusters-with-chocolate']",1,[],"['en:e322', 'en:e322i']",453.0,16.7,4.6,20.8,6.0,9.2,0.03
Gehackte Tomaten,20004132,"['en:plant-based-foods-and-beverages', 'en:plant-based-foods', 'en:fruits-and-vegetables-based-foods', 'en:canned-foods', 'en:vegetables-based-foods', 'en:canned-plant-based-foods', 'en:vegetables', 'en:canned-vegetables', 'en:tomatoes-and-their-products', 'en:tomatoes', 'en:canned-tomatoes', 'en:peeled-tomatoes', 'de:gehackte-tomaten']",1,[],['en:e330'],35.0,0.5,0.1,4.5,1.8,1.8,0.02
Ryvita Multigrain Crispbread,5050974505259,"['en:plant-based-foods-and-beverages', 'en:plant-based-foods', 'en:snacks', 'en:cereals-and-potatoes', 'en:salty-snacks', 'en:appetizers', 'en:biscuits-and-crackers', 'en:breads', 'en:crackers-appetizers', 'en:plain-salty-snacks']",0,[],[],352.0,4.76,0.952,3.81,17.1,12.4,0.571
Margarine patissière,6111037000506,"['en:plant-based-foods-and-beverages', 'en:plant-based-foods', 'en:fats', 'en:spreads', 'en:plant-based-spreads', 'en:salted-spreads', 'en:spreadable-fats', 'en:vegetable-fats', 'en:margarines', 'en:light-margarines']",4,[],"['en:e160a', 'en:e160ai', 'en:e202', 'en:e321', 'en:e330']",657.0,73.0,34.0,0.0,,0.0,0.3
Tomato ketchup,8715700423913,"['en:plant-based-foods-and-beverages', 'en:plant-based-foods', 'en:condiments', 'en:sauces', 'en:tomato-sauces', 'en:ketchup', 'en:tomato-ketchup']",1,[],['en:e960'],64.0,0.1,0.0,11.0,,1.4,0.9
Tartines craquantes sarrasin,3175681037854,"['en:plant-based-foods-and-beverages', 'en:plant-based-foods', 'en:snacks', 'en:cereals-and-potatoes', 'en:extruded-crispbreads']",0,[],[],370.0,1.7,0.4,1.5,3.5,12.0,0.48
Organic Porridge Oats,4088600056135,"['en:plant-based-foods-and-beverages', 'en:plant-based-foods', 'en:breakfasts', 'en:cereals-and-potatoes', 'en:cereals-and-their-products', 'en:breakfast-cereals', 'en:flakes', 'en:cereal-flakes', 'en:rolled-flakes', 'en:porridge', 'en:rolled-oats']",0,[],[],360.0,6.0,1.0,0.25,9.75,11.2,0.05
Confiture De Fraises Aicha,6111021013208,"['en:plant-based-foods-and-beverages', 'en:plant-based-foods', 'en:fruits-and-vegetables-based-foods', 'en:breakfasts', 'en:spreads', 'en:fruits-based-foods', 'en:plant-based-spreads', 'en:sweet-spreads', 'en:fruit-and-vegetable-preserves', 'en:jams', 'en:berry-jams', 'en:strawberry-jams']",2,[],"['en:e330', 'en:e440']",239.0,0.3,0.0,57.5,1.5,0.0,0.0
Huile Lesieur 3 Graines,6111024001530,"['en:plant-based-foods-and-beverages', 'en:plant-based-foods', 'en:fats', 'en:vegetable-fats', 'en:vegetable-oils']",0,[],[],900.0,100.0,15.0,0.0,5.0,0.0,0.0
Cocoa Orange Fruit & Nut Bars,5060088701478,"['en:plant-based-foods-and-beverages', 'en:plant-based-foods', 'en:fruits-and-vegetables-based-foods', 'en:snacks', 'en:sweet-snacks', 'en:fruits-based-foods', 'en:nuts-and-their-products', 'en:dried-products', 'en:bars', 'en:dried-plant-based-foods', 'en:dietary-supplements', 'en:bodybuilding-supplements', 'en:nut-bars', 'en:energy-bars']",0,[],[],394.0,15.4,3.14,42.9,8.57,8.57,0.0286
Crunchy Peanut Butter,5060367181311,"['en:plant-based-foods-and-beverages', 'en:plant-based-foods', 'en:legumes-and-their-products', 'en:spreads', 'en:plant-based-spreads', 'en:oilseed-purees', 'en:legume-butters', 'en:peanut-butters', 'en:crunchy-peanut-butters']",0,[],[],607.0,48.7,6.0,6.0,8.67,26.0,0.333
White Sourdough,00252751,"['en:plant-based-foods-and-beverages', 'en:plant-based-foods', 'en:cereals-and-potatoes', 'en:breads']",1,[],['en:e300'],266.0,3.3,0.4,1.5,2.0,9.2,0.00237
MARG VITAL OVAL PF 200G,6111203005014,"['en:plant-based-foods-and-beverages', 'en:plant-based-foods', 'en:fats', 'en:spreads', 'en:plant-based-spreads', 'en:spreadable-fats', 'en:vegetable-fats', 'en:margarines']",0,[],[],514.0,57.0,0.0,0.0,,0.5,0.0
"Alpro Haferdrink, Ungesüßt 1 L, FRESH",5411188124702,"['en:beverages-and-beverages-preparations', 'en:plant-based-foods-and-beverages', 'en:beverages', 'en:plant-based-foods', 'en:cereals-and-potatoes', 'en:dairy-substitutes', 'en:cereals-and-their-products', 'en:milk-substitutes', 'en:plant-based-beverages', 'en:plant-based-milk-alternatives', 'en:cereal-based-drinks', 'en:oat-based-drinks']",1,[],['en:e418'],40.0,1.5,0.2,0.0,1.2,0.2,0.11
weetabix,5010029000504,"['en:plant-based-foods-and-beverages', 'en:plant-based-foods', 'en:breakfasts', 'en:cereals-and-potatoes', 'en:cereals-and-their-products', 'en:breakfast-cereals']",0,[],[],349.0,2.05,0.513,4.1,9.74,11.5,0.25
Huile d'olive,6111099000254,"['en:plant-based-foods-and-beverages', 'en:plant-based-foods', 'en:fats', 'en:vegetable-fats', 'en:olive-tree-products', 'en:vegetable-oils', 'en:olive-oils', 'en:extra-virgin-olive-oils', 'en:virgin-olive-oils', 'ar:huile-d-olive']",0,[],[],900.0,92.0,12.0,0.0,0.0,0.0,0.0
NAKD Cacahuètes - 140g (4x1p),5060088706022,"['en:plant-based-foods-and-beverages', 'en:plant-based-foods', 'en:snacks', 'en:sweet-snacks', 'en:nuts-and-their-products', 'en:bars', 'en:nut-bars']",0,[],[],442.0,23.0,4.0,35.0,9.3,12.0,0.58
Organic oat drink,7394376123337,"['en:beverages-and-beverages-preparations', 'en:plant-based-foods-and-beverages', 'en:beverages', 'en:plant-based-foods', 'en:cereals-and-potatoes', 'en:dairy-substitutes', 'en:cereals-and-their-products', 'en:milk-substitutes', 'en:plant-based-beverages', 'en:plant-based-milk-alternatives', 'en:cereal-based-drinks', 'en:unsweetened-beverages', 'en:oat-based-drinks']",0,[],[],39.0,0.5,0.1,3.4,0.8,1.1,0.00025
Toastie Thick Sliced Soft White Bread,5010044000121,"['en:plant-based-foods-and-beverages', 'en:plant-based-foods', 'en:cereals-and-potatoes', 'en:breads', 'en:white-breads', 'en:sliced-white-bread']",4,[],"['en:e282', 'en:e300', 'en:e472e', 'en:e481']",244.0,2.0,0.5,3.0,2.3,9.1,0.965
Pistaches de Californie,20005719,"['en:plant-based-foods-and-beverages', 'en:plant-based-foods', 'en:snacks', 'en:salty-snacks', 'en:nuts-and-their-products', 'en:nuts', 'en:pistachios', 'en:salted-nuts', 'en:salted-pistachios']",0,[],[],605.0,49.0,6.0,5.0,7.0,26.0,1.74
Organic Crisp Bread,4033634061020,"['en:plant-based-foods-and-beverages', 'en:plant-based-foods', 'en:snacks', 'en:cereals-and-potatoes', 'en:salty-snacks', 'en:appetizers', 'en:biscuits-and-crackers', 'en:breads', 'en:crackers-appetizers', 'en:crispbreads', 'en:aliments-d-origine-vegetale', 'en:aliments-et-boissons-a-base-de-vegetaux', 'en:amuse-gueules', 'en:biscuits-sucres-biscuits-aperitifs', 'en:cereales-et-pommes-de-terre', 'en:pains', 'en:pains-croustillants', 'en:pains-croustillants-complets', 'en:snacks-sales']",0,[],[],442.0,18.0,4.7,2.4,10.0,18.0,1.8
Indomie Shrimp Noodles,0089686120110,"['en:plant-based-foods-and-beverages', 'en:plant-based-foods', 'en:cereals-and-potatoes', 'en:cereals-and-their-products', 'en:dried-products', 'en:pastas', 'en:dried-products-to-be-rehydrated', 'en:noodles', 'en:chinese-noodles', 'en:flavoured-dehydrated-asian-noodles', 'fr:nouilles-instantes']",7,[],"['en:e319', 'en:e412', 'en:e452', 'en:e452i', 'en:e500', 'en:e500i', 'en:e501', 'en:e501i', 'en:e502', 'en:e621']",447.0,15.7,7.14,2.86,4.29,8.57,0.0
Gnocchi à poêler,3240931548111,"['en:plant-based-foods-and-beverages', 'en:plant-based-foods', 'en:cereals-and-potatoes', 'en:cereals-and-their-products', 'en:pastas', 'en:cereal-pastas', 'en:potatoes-and-their-products', 'en:gnocchi', 'en:gnocchi-of-durum-wheat-semolina', 'en:potato-gnocchi', 'en:cooked-gnocchis']",0,[],[],190.0,2.7,0.3,1.5,2.6,5.0,1.1
Soyamilch,5411188115472,"['en:beverages-and-beverages-preparations', 'en:plant-based-foods-and-beverages', 'en:beverages', 'en:plant-based-foods', 'en:legumes-and-their-products', 'en:dairy-substitutes', 'en:milk-substitutes', 'en:plant-based-beverages', 'en:plant-based-milk-alternatives', 'en:legume-based-drinks', 'en:soy-based-drinks', 'en:plain-soy-drink-fortified-with-calcium', 'en:sweetened-plain-soy-based-drinks', 'en:unsweetened-plain-soy-based-drinks']",2,[],"['en:e340', 'en:e418']",39.0,1.8,0.3,2.5,0.5,3.0,0.09
Peanut butter Creamy,0037600106009,"['en:plant-based-foods-and-beverages', 'en:plant-based-foods', 'en:legumes-and-their-products', 'en:spreads', 'en:nuts-and-their-products', 'en:plant-based-spreads', 'en:oilseed-purees', 'en:legume-butters', 'en:nut-butters', 'en:peanut-butters', 'en:beurres-de-cachuetes']",0,[],[],593.0,46.0,9.4,9.4,6.9,23.0,1.0825
Smooth Peanut butter,5013665109389,"['en:plant-based-foods-and-beverages', 'en:plant-based-foods', 'en:legumes-and-their-products', 'en:spreads', 'en:nuts-and-their-products', 'en:plant-based-spreads', 'en:oilseed-purees', 'en:legume-butters', 'en:nut-butters', 'en:peanut-butters']",0,[],[],645.0,54.5,7.2,4.2,6.5,26.3,1.0
Italian Original Breadsticks,5018374285577,"['en:plant-based-foods-and-beverages', 'en:plant-based-foods', 'en:cereals-and-potatoes', 'en:breads', 'en:breadsticks']",0,[],[],414.0,7.9,1.4,2.8,2.8,11.2,1.8
Krisprolls complets sans sucres ajoutés,7311070032598,"['en:plant-based-foods-and-beverages', 'en:plant-based-foods', 'en:cereals-and-potatoes', 'en:cereals-and-their-products', 'en:breads', 'en:toasts', 'en:toasted-bread-rolls']",0,[],[],400.0,6.92,0.769,3.85,8.46,13.1,1.08
Whole Grain Rye Bread,41005514,"['en:plant-based-foods-and-beverages', 'en:plant-based-foods', 'en:cereals-and-potatoes', 'en:breads', 'en:rye-breads']",0,[],[],201.0,1.0,0.1,2.2,7.7,5.2,1.15
"Crispy Minis Choco, céréales de blé complet enrichies en vitamines et en fer avec du chocolat",5010029229110,"['en:plant-based-foods-and-beverages', 'en:plant-based-foods', 'en:breakfasts', 'en:cereals-and-potatoes', 'en:cereals-and-their-products', 'en:frozen-foods', 'en:breakfast-cereals', 'en:chocolate-cereals']",1,[],"['en:e322', 'en:e322i']",386.0,5.09999990463257,2.29999995231628,17.0,10.0,10.0,0.16
White Sourdough Loaf,4088600065991,"['en:plant-based-foods-and-beverages', 'en:plant-based-foods', 'en:cereals-and-potatoes', 'en:flours', 'en:breads', 'en:bread-flours', 'en:sourdough', 'en:vegetarian']",0,[],[],231.0,0.7,0.1,1.9,4.5,9.4,0.88
Sabra Houmous Extra,7290104507045,"['en:plant-based-foods-and-beverages', 'en:plant-based-foods', 'en:condiments', 'en:spreads', 'en:plant-based-spreads', 'en:salted-spreads', 'en:sauces', 'en:dips', 'en:hummus']",3,[],"['en:e202', 'en:e330', 'en:e500', 'en:e500i']",367.0,33.0,3.2,0.4,,7.0,0.9825
original shredded wheat,7613031473113,"['en:plant-based-foods-and-beverages', 'en:plant-based-foods', 'en:breakfasts', 'en:cereals-and-potatoes', 'en:cereals-and-their-products', 'en:breakfast-cereals', 'en:extruded-cereals', 'en:breakfast-cereals-rich-in-fibre']",0,[],[],360.0,2.2,0.5,0.7,12.2,12.2,0.05
Organic Baked Beans,5052910706706,"['en:plant-based-foods-and-beverages', 'en:plant-based-foods', 'en:prepared-vegetables', 'en:baked-beans-in-tomato-sauce']",1,[],['en:e330'],87.0,0.5,0.1,4.4,3.7,4.6,0.4925
Protein packed lentil cakes,5013665114017,"['en:plant-based-foods-and-beverages', 'en:plant-based-foods', 'en:legumes-and-their-products', 'en:legumes', 'en:seeds', 'en:legume-seeds', 'en:pulses', 'en:lentils', 'en:puffed-pulse-cakes', 'en:puffed-lentil-cakes']",0,[],[],379.0,1.52,0.0,1.52,7.58,27.3,0.0
Cruesli Chocolat noir,3168930010906,"['en:plant-based-foods-and-beverages', 'en:plant-based-foods', 'en:breakfasts', 'en:cereals-and-potatoes', 'en:cereals-and-their-products', 'en:breakfast-cereals', 'en:chocolate-cereals', 'en:breakfast-cereals-rich-in-fibre', 'en:crunchy-cereal-clusters', 'en:cereal-clusters-with-chocolate']",3,[],"['en:e306', 'en:e322', 'en:e322i', 'en:e476']",455.0,19.0,4.9,16.0,10.0,8.1,0.48
Country Crisp 4 Baies,5010477348517,"['en:plant-based-foods-and-beverages', 'en:plant-based-foods', 'en:breakfasts', 'en:cereals-and-potatoes', 'en:cereals-and-their-products', 'en:frozen-foods', 'en:breakfast-cereals', 'en:cereals-with-fruits', 'en:mueslis', 'en:mueslis-with-fruits', 'en:breakfast-cereals-rich-in-fibre', 'en:crunchy-cereal-clusters', 'en:cereal-clusters-with-fruits']",0,[],[],432.0,13.0,1.8,20.0,6.0,9.1,0.03
Cuites au four nature,3168930002987,"['en:plant-based-foods-and-beverages', 'en:plant-based-foods', 'en:snacks', 'en:cereals-and-potatoes', 'en:salty-snacks', 'en:appetizers', 'en:chips-and-fries', 'en:crisps', 'en:potato-crisps', 'en:crisps-made-from-reconstituted-potato']",2,[],"['en:e160b', 'en:e160bii', 'en:e322', 'en:e322i']",442.0,13.0,1.4,5.3,6.2,5.9,0.84
Irish Organic Jumbo Oats,5099801003339,"['en:plant-based-foods-and-beverages', 'en:plant-based-foods', 'en:breakfasts', 'en:cereals-and-potatoes', 'en:seeds', 'en:cereals-and-their-products', 'en:breakfast-cereals', 'en:cereal-grains', 'en:flakes', 'en:cereal-flakes', 'en:rolled-flakes', 'en:rolled-oats', 'en:oat']",0,[],[],370.0,5.75,1.0,1.0,8.25,11.2,0.0125
Wholegrain Wheat Bixies,20471613,"['en:plant-based-foods-and-beverages', 'en:plant-based-foods', 'en:snacks', 'en:breakfasts', 'en:cereals-and-potatoes', 'en:sweet-snacks', 'en:cereals-and-their-products', 'en:biscuits-and-cakes', 'en:breakfast-cereals', 'en:biscuits']",0,[],[],362.0,2.25,0.5,3.0,9.5,12.7,0.225
Sour Cream & Onion®,5053990167845,"['en:plant-based-foods-and-beverages', 'en:plant-based-foods', 'en:snacks', 'en:cereals-and-potatoes', 'en:salty-snacks', 'en:appetizers', 'en:biscuits-and-crackers', 'en:chips-and-fries', 'en:crisps', 'en:potato-crisps', 'en:crackers-appetizers']",8,[],"['en:e160b', 'en:e270', 'en:e296', 'en:e330', 'en:e471', 'en:e621', 'en:e627', 'en:e631']",517.0,29.0,2.9,2.1,3.5,6.3,1.2
Classic,6111250470254,"['en:beverages-and-beverages-preparations', 'en:plant-based-foods-and-beverages', 'en:beverages', 'en:plant-based-foods', 'en:beverage-preparations', 'en:coffees', 'en:instant-beverages', 'en:instant-coffees', 'en:sweetened-beverages']",0,[],[],1.0,0.0,0.0,0.0,0.0,0.2,0.0
"Maestro Cereale avec du Levain, Millet et Quinoa",8008698007389,"['en:plant-based-foods-and-beverages', 'en:plant-based-foods', 'en:cereals-and-potatoes', 'en:specific-products', 'en:products-for-specific-diets', 'en:breads', 'en:products-without-gluten', 'en:special-breads', 'en:gluten-free-breads', 'en:sliced-breads']",2,[],"['en:e464', 'en:potassium-iodide']",249.0,6.6,0.8,4.1,9.9,4.5,0.97
Smooth Peanut Butter,5014213711306,"['en:plant-based-foods-and-beverages', 'en:plant-based-foods', 'en:legumes-and-their-products', 'en:spreads', 'en:nuts-and-their-products', 'en:plant-based-spreads', 'en:oilseed-purees', 'en:legume-butters', 'en:nut-butters', 'en:peanut-butters']",0,[],[],609.0,47.0,6.3,5.3,8.1,26.0,0.02
Confiture de fraises,6111184001173,"['en:plant-based-foods-and-beverages', 'en:plant-based-foods', 'en:fruits-and-vegetables-based-foods', 'en:breakfasts', 'en:spreads', 'en:fruits-based-foods', 'en:plant-based-spreads', 'en:sweet-spreads', 'en:fruit-and-vegetable-preserves', 'en:jams', 'en:berry-jams', 'en:strawberry-jams']",2,[],"['en:e330', 'en:e440']",245.5,0.16,0.0,60.0,,0.47,0.0
El Baraka,6111184000244,"['en:plant-based-foods-and-beverages', 'en:plant-based-foods', 'en:fruits-and-vegetables-based-foods', 'en:breakfasts', 'en:spreads', 'en:fruits-based-foods', 'en:plant-based-spreads', 'en:sweet-spreads', 'en:fruit-and-vegetable-preserves', 'en:jams', 'en:apricot-jams']",2,[],"['en:e330', 'en:e440']",248.0,0.17,0.0,61.24,0.0,0.0,0.06
Barilla Penne Rigate Fullkorn 500g,8076809529433,"['en:plant-based-foods-and-beverages', 'en:plant-based-foods', 'en:cereals-and-potatoes', 'en:cereals-and-their-products', 'en:pastas', 'en:cereal-pastas', 'en:dry-pastas', 'en:durum-wheat-pasta', 'en:dried-wholemeal-pasta', 'en:spaghetti', 'en:whole-durum-wheat-pasta', 'en:durum-wheat-penne', 'en:durum-wheat-spaghetti', 'en:penne', 'en:penne-rigate']",0,[],[],347.0,2.5,0.5,3.5,8.0,13.0,0.01
Avoine - Boisson biologique,3229820792132,"['en:beverages-and-beverages-preparations', 'en:plant-based-foods-and-beverages', 'en:beverages', 'en:plant-based-foods', 'en:cereals-and-potatoes', 'en:dairy-substitutes', 'en:cereals-and-their-products', 'en:milk-substitutes', 'en:plant-based-beverages', 'en:plant-based-milk-alternatives', 'en:cereal-based-drinks', 'en:unsweetened-beverages', 'en:oat-based-drinks', 'fr:boissons-vegetales-a-base-d-avoine']",0,[],[],45.0,1.5,0.3,4.0,0.5,0.5,0.09
Pringles sour cream,5053990107384,"['en:plant-based-foods-and-beverages', 'en:plant-based-foods', 'en:snacks', 'en:cereals-and-potatoes', 'en:salty-snacks', 'en:appetizers', 'en:chips-and-fries', 'en:crisps', 'en:potato-crisps', 'en:salty-snacks-made-from-potato']",8,[],"['en:e160b', 'en:e270', 'en:e296', 'en:e330', 'en:e471', 'en:e621', 'en:e627', 'en:e631']",517.0,29.0,2.9,2.1,3.5,6.3,1.2
Huile d'olive vierge extra Bio Classico,8002470023727,"['en:plant-based-foods-and-beverages', 'en:plant-based-foods', 'en:fats', 'en:vegetable-fats', 'en:olive-tree-products', 'en:vegetable-oils', 'en:olive-oils', 'en:extra-virgin-olive-oils', 'en:virgin-olive-oils']",0,[],[],821.0,91.0,14.0,0.0,,0.0,0.0
Crunchy peanut butter,5060367180758,"['en:plant-based-foods-and-beverages', 'en:plant-based-foods', 'en:legumes-and-their-products', 'en:spreads', 'en:nuts-and-their-products', 'en:plant-based-spreads', 'en:oilseed-purees', 'en:legume-butters', 'en:nut-butters', 'en:peanut-butters', 'en:crunchy-peanut-butters']",0,[],[],595.0,49.0,6.1,5.4,7.5,27.0,0.52
Oat so Simple,5000108280941,"['en:plant-based-foods-and-beverages', 'en:plant-based-foods', 'en:breakfasts', 'en:cereals-and-potatoes', 'en:cereals-and-their-products', 'en:breakfast-cereals', 'en:flakes', 'en:rolled-flakes', 'en:porridge', 'en:plain-porridge']",0,[],[],370.0,7.78,1.11,1.11,8.89,11.1,0.0
Hand Finished White Sourdough,5000129341034,"['en:plant-based-foods-and-beverages', 'en:plant-based-foods', 'en:cereals-and-potatoes', 'en:breads', 'en:white-breads', 'en:sourdough-breads']",0,[],[],242.0,2.7,0.3,2.7,5.2,8.0,0.79
Tartines de Pain Blé Complet,3182180060320,"['en:plant-based-foods-and-beverages', 'en:plant-based-foods', 'en:cereals-and-potatoes', 'en:breads', 'en:rusks', 'en:toasts', 'fr:pain-grille-complet']",1,[],['en:e300'],382.0,5.0,0.8,4.2,8.7,13.0,1.5
NESTLE CHOCAPIC Céréales 375g,3387390123210,"['en:plant-based-foods-and-beverages', 'en:plant-based-foods', 'en:breakfasts', 'en:cereals-and-potatoes', 'en:cereals-and-their-products', 'en:breakfast-cereals', 'en:chocolate-cereals', 'en:breakfast-cereals-fortified-with-vitamins-and-chemical-elements', 'en:extruded-cereals', 'en:breakfast-cereals-rich-in-fibre', 'en:chocolate-wheat-shells', 'en:unfilled-breakfast-chocolate-cereals-fortified-with-vitamins-and-chemical-elements']",1,[],['en:e322'],384.0,4.4,1.1,19.9,7.7,8.5,0.2
Hafer Flocken Zart,40897677,"['en:plant-based-foods-and-beverages', 'en:plant-based-foods', 'en:breakfasts', 'en:cereals-and-potatoes', 'en:cereals-and-their-products', 'en:breakfast-cereals', 'en:flakes', 'en:cereal-flakes', 'en:rolled-flakes', 'en:rolled-oats']",0,[],[],371.0,6.7,1.1,0.8,9.7,13.2,0.0
4 Greek Style Flatbreads,5012121004336,"['en:plant-based-foods-and-beverages', 'en:plant-based-foods', 'en:cereals-and-potatoes', 'en:cereals-and-their-products', 'en:breads', 'en:flatbreads', 'en:special-breads', 'en:white-breads', 'en:wheat-breads', 'en:wheat-flatbreads']",7,[],"['en:e202', 'en:e282', 'en:e330', 'en:e341', 'en:e450', 'en:e450i', 'en:e466', 'en:e500', 'en:e500ii']",255.0,4.2,1.0,2.9,6.7,11.3,0.89
Pain AMS complet,3228857000906,"['en:plant-based-foods-and-beverages', 'en:plant-based-foods', 'en:cereals-and-potatoes', 'en:breads', 'en:sliced-breads', 'en:wholemeal-breads', 'en:wholemeal-sliced-breads']",0,[],[],253.0,4.5,0.4,4.9,7.2,7.7,1.2
Heudebert Fibre +,3017760363990,"['en:plant-based-foods-and-beverages', 'en:plant-based-foods', 'en:cereals-and-potatoes', 'en:cereals-and-their-products', 'en:breads', 'en:rusks', 'en:toasts', 'en:multigrain-rusks', 'en:wholemeal-rusks']",1,[],['en:e300'],384.0,5.7,2.2,5.4,12.0,15.0,1.1
,20159917,"['en:plant-based-foods-and-beverages', 'en:plant-based-foods', 'en:breakfasts', 'en:cereals-and-potatoes', 'en:cereals-and-their-products', 'en:breakfast-cereals', 'en:flakes', 'en:cereal-flakes', 'en:extruded-cereals', 'en:extruded-flakes', 'en:corn-flakes', 'en:plain-corn-flakes']",0,[],[],386.0,1.2,0.6,3.0,1.9,8.0,1.95
Krisprolls complets,7311070032604,"['en:plant-based-foods-and-beverages', 'en:plant-based-foods', 'en:cereals-and-potatoes', 'en:cereals-and-their-products', 'en:breads', 'en:toasts', 'en:toasted-bread-rolls']",0,[],[],397.0,6.2,2.1,7.0,7.7,12.0,1.6
Tartine & Cuisson 100% végétal,3155251205319,"['en:plant-based-foods-and-beverages', 'en:plant-based-foods', 'en:fats', 'en:spreads', 'en:plant-based-spreads', 'en:salted-spreads', 'en:vegetable-fats', 'en:spreadable-fats', 'en:margarines', 'en:light-margarines']",4,[],"['en:e100', 'en:e160b', 'en:e322', 'en:e322i', 'en:e392']",566.0,63.0,17.0,0.0,0.0,0.0,0.3
Tartines céréales 450g,3760049796384,"['en:plant-based-foods-and-beverages', 'en:plant-based-foods', 'en:snacks', 'en:cereals-and-potatoes', 'en:sweet-snacks', 'en:sweet-pastries-and-pies', 'en:breads', 'en:viennoiseries', 'en:sliced-breads', 'en:multigrain-sliced-breads']",2,[],"['en:e282', 'en:e300']",298.0,10.0,1.0,2.9,5.8,10.0,1.1
Oat Drink Whole,7394376665035,"['en:beverages-and-beverages-preparations', 'en:plant-based-foods-and-beverages', 'en:beverages', 'en:plant-based-foods', 'en:cereals-and-potatoes', 'en:dairy-substitutes', 'en:cereals-and-their-products', 'en:milk-substitutes', 'en:plant-based-beverages', 'en:plant-based-milk-alternatives', 'en:cereal-based-drinks', 'en:oat-based-drinks']",3,[],"['en:e170', 'en:e170i', 'en:e340', 'en:e340ii', 'en:e341']",60.0,2.8,0.3,3.4,0.8,1.1,0.0975
Pain de mie complet,6111246910023,"['en:plant-based-foods-and-beverages', 'en:plant-based-foods', 'en:cereals-and-potatoes', 'en:breads', 'en:sliced-breads', 'en:wholemeal-breads', 'en:wholemeal-sliced-breads']",9,[],"['en:e200', 'en:e202', 'en:e270', 'en:e282', 'en:e300', 'en:e341', 'en:e471', 'en:e472e', 'en:e481']",231.0,2.1,0.12,3.8,5.0,8.0,1.05
Krisprolls,7311070362664,"['en:plant-based-foods-and-beverages', 'en:plant-based-foods', 'en:cereals-and-potatoes', 'en:breads', 'en:toasts', 'en:toasted-bread-rolls']",0,[],[],432.0,11.0,4.0,10.0,3.0,9.0,0.67
Avena crunchy,8480000156112,"['en:plant-based-foods-and-beverages', 'en:plant-based-foods', 'en:breakfasts', 'en:cereals-and-potatoes', 'en:cereals-and-their-products', 'en:breakfast-cereals']",1,[],['en:e307'],390.0,5.8,1.0,4.6,11.0,13.0,0.2
Baked Beans In Tomato Sauce,5018374350930,"['en:plant-based-foods-and-beverages', 'en:plant-based-foods', 'en:meals', 'en:prepared-vegetables', 'en:baked-beans-in-tomato-sauce']",1,[],['en:e160c'],85.0,0.4,0.1,3.9,4.6,4.4,1.05
Bran Flakes Malty Crunch,5057753158422,"['en:plant-based-foods-and-beverages', 'en:plant-based-foods', 'en:breakfasts', 'en:cereals-and-potatoes', 'en:cereals-and-their-products', 'en:breakfast-cereals', 'en:flakes', 'en:cereal-flakes', 'en:extruded-cereals', 'en:extruded-flakes', 'en:breakfast-cereals-rich-in-fibre', 'en:extruded-wheat-flakes']",0,[],[],352.0,2.5,0.5,10.2,15.7,10.6,0.59
Penne Rigate N°73,8076802085738,"['en:plant-based-foods-and-beverages', 'en:plant-based-foods', 'en:cereals-and-potatoes', 'en:cereals-and-their-products', 'en:pastas', 'en:cereal-pastas', 'en:dry-pastas', 'en:durum-wheat-pasta', 'en:dry-durum-wheat-pasta', 'en:penne', 'en:penne-rigate']",0,[],[],359.0,2.0,0.5,3.5,3.0,13.0,0.01
Tortillas de trigo integrales,8480000809421,"['en:plant-based-foods-and-beverages', 'en:plant-based-foods', 'en:cereals-and-potatoes', 'en:cereals-and-their-products', 'en:breads', 'en:flatbreads', 'en:special-breads', 'en:white-breads', 'en:wheat-breads', 'en:wheat-flatbreads', 'en:wholemeal-breads']",9,[],"['en:e202', 'en:e282', 'en:e296', 'en:e330', 'en:e415', 'en:e422', 'en:e471', 'en:e500', 'en:e500ii', 'en:e920']",271.0,5.8,1.9,2.1,8.5,9.3,1.5
Simply Delicious Muesli,5018357012411,"['en:plant-based-foods-and-beverages', 'en:plant-based-foods', 'en:breakfasts', 'en:cereals-and-potatoes', 'en:cereals-and-their-products', 'en:breakfast-cereals', 'en:cereals-with-fruits', 'en:mueslis', 'en:mueslis-with-fruits']",0,[],[],368.0,7.3,1.1,14.7,9.0,9.6,0.03
Weisse Bohnen an Tomatensauce / Haricots blancs à la sauce tomate,20475604,"['en:plant-based-foods-and-beverages', 'en:plant-based-foods', 'en:legumes-and-their-products', 'en:prepared-vegetables', 'en:baked-beans-in-tomato-sauce']",1,[],['en:e160c'],94.0,0.71,0.19,4.9,7.12,4.81,0.51
Pain de mie grandes tranches Toastiligne céréales & graines 500g,3760049795479,"['en:plant-based-foods-and-beverages', 'en:plant-based-foods', 'en:cereals-and-potatoes', 'en:breads', 'en:sliced-breads', 'en:multigrain-sliced-breads']",2,[],"['en:e282', 'en:e300']",250.0,2.9,0.4,3.8,5.9,11.0,1.0
Simply Fruity muesli,5018357012534,"['en:plant-based-foods-and-beverages', 'en:plant-based-foods', 'en:breakfasts', 'en:cereals-and-potatoes', 'en:cereals-and-their-products', 'en:breakfast-cereals', 'en:cereals-with-fruits', 'en:mueslis', 'en:mueslis-with-fruits']",2,[],"['en:e220', 'en:e330']",349.0,2.89,0.667,20.0,7.33,8.67,0.0444
Bran Flakes,5000127062092,"['en:plant-based-foods-and-beverages', 'en:plant-based-foods', 'en:breakfasts', 'en:cereals-and-potatoes', 'en:cereals-and-their-products', 'en:breakfast-cereals', 'en:flakes', 'en:cereal-flakes', 'en:extruded-cereals', 'en:extruded-flakes', 'en:breakfast-cereals-rich-in-fibre', 'en:extruded-wheat-flakes']",0,[],[],358.0,2.2,0.4,14.0,17.0,11.0,0.66
Les Galettes Boulgour & Quinoa - Tomate & Paprika,3175681028111,"['en:plant-based-foods-and-beverages', 'en:plant-based-foods', 'en:meat-alternatives', 'en:vegetarian-patties', 'en:cereals-and-vegetables-patties']",0,[],[],189.0,5.4,0.6,3.8,5.0,7.5,0.95
NESCAFÉ SPECIAL FILTRE L'Original Flacon de 200g,3033710074525,"['en:beverages-and-beverages-preparations', 'en:plant-based-foods-and-beverages', 'en:beverages', 'en:plant-based-foods', 'en:hot-beverages', 'en:beverage-preparations', 'en:coffees', 'en:freeze-dried-foods', 'en:instant-beverages', 'en:freeze-dried-plant-based-foods', 'en:instant-coffees', 'en:freeze-dried-instant-coffees']",0,[],[],118.0,0.2,0.1,3.1,34.1,7.0,0.25
Fitness Nature Céréales complètes,7613287514325,"['en:plant-based-foods-and-beverages', 'en:plant-based-foods', 'en:breakfasts', 'en:cereals-and-potatoes', 'en:cereals-and-their-products', 'en:breakfast-cereals', 'en:flakes', 'en:cereal-flakes', 'en:extruded-cereals', 'en:extruded-flakes', 'en:breakfast-cereals-rich-in-fibre', 'en:mixed-cereal-flakes']",1,[],['en:e306'],368.0,1.5,0.6,8.3,8.5,9.8,0.56
Beurre de cacahuètes crunchy,5013665115557,"['en:plant-based-foods-and-beverages', 'en:plant-based-foods', 'en:legumes-and-their-products', 'en:spreads', 'en:nuts-and-their-products', 'en:plant-based-spreads', 'en:oilseed-purees', 'en:legume-butters', 'en:nut-butters', 'en:peanut-butters']",0,[],[],595.0,46.0,8.6,5.9,8.4,29.0,0.69
Crunchy Organic Peanut Butter,5013665108320,"['en:plant-based-foods-and-beverages', 'en:plant-based-foods', 'en:legumes-and-their-products', 'en:spreads', 'en:nuts-and-their-products', 'en:plant-based-spreads', 'en:oilseed-purees', 'en:legume-butters', 'en:nut-butters', 'en:peanut-butters', 'en:crunchy-peanut-butters']",0,[],[],595.0,46.0,8.8,5.3,7.3,27.2999992371,1.0
Barista edition oat drink,7394376620157,"['en:beverages-and-beverages-preparations', 'en:plant-based-foods-and-beverages', 'en:beverages', 'en:plant-based-foods', 'en:cereals-and-potatoes', 'en:dairy-substitutes', 'en:cereals-and-their-products', 'en:milk-substitutes', 'en:plant-based-beverages', 'en:plant-based-milk-alternatives', 'en:cereal-based-drinks', 'en:oat-based-drinks']",1,[],"['en:e340', 'en:e340ii']",61.0,3.0,0.3,3.4,0.8,1.1,0.1
Very Low Salt Organic Vegetable 6 Stock Cubes,5013665103134,"['en:plant-based-foods-and-beverages', 'en:plant-based-foods', 'en:condiments', 'en:dried-products', 'en:dried-products-to-be-rehydrated', 'en:broths', 'en:dehydrated-broths', 'en:vegetable-broths', 'en:bouillon-cubes', 'en:boullion-powders', 'en:groceries']",0,[],[],9.0,0.5,0.3,0.2,,0.1,0.1
Huile de tournesol,6111024001202,"['en:plant-based-foods-and-beverages', 'en:plant-based-foods', 'en:fats', 'en:vegetable-fats', 'en:vegetable-oils', 'en:sunflower-seeds-and-their-products', 'en:sunflower-oils']",0,[],[],900.0,100.0,11.3,0.0,0.0,0.0,0.0
Biscottes Sans sucres ajoutés Blé complet,3182180001996,"['en:plant-based-foods-and-beverages', 'en:plant-based-foods', 'en:cereals-and-potatoes', 'en:breads', 'en:rusks', 'en:toasts', 'en:wholemeal-rusks']",1,[],['en:e300'],384.0,6.2,0.7,3.4,12.0,14.0,1.1
HERTA Knacki Veggie Saucisses végétales x6 -210g,7613035937420,"['en:plant-based-foods-and-beverages', 'en:plant-based-foods', 'en:meals', 'en:meats-and-their-products', 'en:fresh-foods', 'en:prepared-meats', 'en:meat-alternatives', 'en:sausages', 'en:meat-analogues', 'en:fresh-meals', 'en:vegetarian-sausages', 'en:vegetarian-hot-dog-sausages']",7,[],"['en:e160d', 'en:e261', 'en:e301', 'en:e326', 'en:e412', 'en:e415', 'en:e461']",264.2,20.0,1.4,2.2,2.1,16.0,1.34
Tosta PAN FIBRA & SÉSAMO,8710445020878,"['en:plant-based-foods-and-beverages', 'en:plant-based-foods', 'en:cereals-and-potatoes', 'en:cereals-and-their-products', 'en:breads']",0,[],[],391.0,7.6,1.1,3.0,24.7,13.0,1.13
Trigo Espelta Crackers,8710482532303,"['en:plant-based-foods-and-beverages', 'en:plant-based-foods', 'en:cereals-and-potatoes', 'en:breads', 'en:crispbreads']",0,[],[],440.0,14.0,1.4,3.8,14.0,15.0,1.0
Soft White Medium Bread,5010003000131,"['en:plant-based-foods-and-beverages', 'en:plant-based-foods', 'en:cereals-and-potatoes', 'en:breads', 'en:sliced-breads', 'en:white-breads', 'en:sliced-white-bread']",5,[],"['en:e282', 'en:e300', 'en:e471', 'en:e472e', 'en:e481']",232.0,1.75,0.25,3.5,2.5,8.75,0.887
indoumi goût poulet,0089686120073,"['en:plant-based-foods-and-beverages', 'en:plant-based-foods', 'en:dried-products', 'en:pastas', 'en:dried-products-to-be-rehydrated', 'en:noodles', 'en:instant-noodles', 'en:aliments-d-origine-vegetale', 'en:aliments-et-boissons-a-base-de-vegetaux', 'en:pates-alimentaires']",7,[],"['en:e101', 'en:e101i', 'en:e319', 'en:e412', 'en:e452', 'en:e452i', 'en:e500', 'en:e500i', 'en:e501', 'en:e501i']",453.0,17.1,8.57,2.86,2.86,11.4,4.6
Bjorg amande,3229820787008,"['en:beverages-and-beverages-preparations', 'en:plant-based-foods-and-beverages', 'en:beverages', 'en:plant-based-foods', 'en:dairy-substitutes', 'en:milk-substitutes', 'en:nuts-and-their-products', 'en:plant-based-beverages', 'en:plant-based-milk-alternatives', 'en:nut-based-drinks', 'en:almond-based-drinks', 'en:sweetened-plain-almond-based-drinks']",0,[],[],41.0,1.9,0.3,4.0,0.0,0.5,0.05
Lait de coco,8886303210238,"['en:beverages-and-beverages-preparations', 'en:plant-based-foods-and-beverages', 'en:beverages', 'en:plant-based-foods', 'en:dairy-substitutes', 'en:milk-substitutes', 'en:plant-based-beverages', 'en:plant-based-milk-alternatives', 'en:plant-based-creams', 'en:plant-based-creams-for-cooking', 'en:coconut-milks-and-creams']",2,[],"['en:e412', 'en:e415']",182.0,18.0,17.0,2.2,0.5,2.0,0.03
Protein Thin Bagels,5010044007588,"['en:plant-based-foods-and-beverages', 'en:plant-based-foods', 'en:cereals-and-potatoes', 'en:breads', 'en:special-breads', 'en:bagel-breads']",7,[],"['en:e282', 'en:e300', 'en:e330', 'en:e466', 'en:e472e', 'en:e481', 'en:e920']",257.0,3.3,0.7,3.2,5.0,13.5,0.885
Panzani - spf - sauce pesto vert 200g,3038354199603,"['en:plant-based-foods-and-beverages', 'en:plant-based-foods', 'en:condiments', 'en:culinary-plants', 'en:herbs-and-spices', 'en:aromatic-plants', 'en:herbs', 'en:sauces', 'en:pasta-sauces', 'en:pestos', 'en:basil', 'en:cooking-sauces', 'en:green-pestos', 'fr:pesto-vert']",2,[],"['en:e270', 'en:e300']",329.0,31.0,4.5,3.5,1.8,3.8,2.8
Wholemeal Pittas,5000119095282,"['en:plant-based-foods-and-beverages', 'en:plant-based-foods', 'en:cereals-and-potatoes', 'en:cereals-and-their-products', 'en:breads', 'en:flatbreads', 'en:special-breads', 'en:pitas']",1,[],['en:e282'],241.0,1.2,0.2,2.8,9.7,10.3,0.59
Muesli Croustillant Noix de pécan & noix du Brésil,3168930009795,"['en:plant-based-foods-and-beverages', 'en:plant-based-foods', 'en:breakfasts', 'en:cereals-and-potatoes', 'en:cereals-and-their-products', 'en:breakfast-cereals', 'en:mueslis', 'en:cereals-with-nuts', 'en:mueslis-with-nuts']",2,[],"['en:e306', 'en:e471']",420.0,11.0,1.8,13.0,13.0,11.0,0.24
Pringles,5053990127740,"['en:plant-based-foods-and-beverages', 'en:plant-based-foods', 'en:snacks', 'en:canned-foods', 'en:cereals-and-potatoes', 'en:salty-snacks', 'en:appetizers', 'en:chips-and-fries', 'en:meals', 'en:crisps', 'en:potato-crisps', 'en:canned-meals', 'de:knabbergebäck', 'de:knabbergebäck-mit-sauerrahm-und-zwiebelgeschmack']",7,[],"['en:e160b', 'en:e296', 'en:e330', 'en:e471', 'en:e621', 'en:e627', 'en:e631']",517.0,29.0,2.9,2.1,3.5,6.3,1.2
Pistacchi,20337292,"['en:plant-based-foods-and-beverages', 'en:plant-based-foods', 'en:snacks', 'en:salty-snacks', 'en:nuts-and-their-products', 'en:nuts', 'en:pistachios', 'en:roasted-pistachios', 'en:salted-nuts', 'en:salted-pistachios']",0,[],[],605.0,49.2,6.3,5.6,7.6,26.5,0.03
Granola,5010477347312,"['en:plant-based-foods-and-beverages', 'en:plant-based-foods', 'en:breakfasts', 'en:cereals-and-potatoes', 'en:cereals-and-their-products', 'en:breakfast-cereals']",0,[],[],418.0,11.0,1.5,17.0,6.3,11.0,0.03
Beurre planta,8719200251700,"['en:plant-based-foods-and-beverages', 'en:dairies', 'en:plant-based-foods', 'en:fats', 'en:spreads', 'en:plant-based-spreads', 'en:vegetable-fats', 'en:spreadable-fats', 'en:animal-fats', 'en:margarines', 'en:milkfat', 'en:light-margarines']",3,[],"['en:e322', 'en:e322i', 'en:e330', 'en:e471']",531.0,59.0,22.0,0.5,,0.5,0.3
Tomato Passata,20522605,"['en:plant-based-foods-and-beverages', 'en:plant-based-foods', 'en:fruits-and-vegetables-based-foods', 'en:condiments', 'en:vegetables-based-foods', 'en:sauces', 'en:tomatoes-and-their-products', 'en:strained-tomatoes']",0,[],[],35.0,0.1,0.1,4.4,2.2,1.8,0.0975
Mission Deli White Wraps,5036034406193,"['en:plant-based-foods-and-beverages', 'en:plant-based-foods', 'en:cereals-and-potatoes', 'en:breads', 'en:flatbreads', 'en:white-breads', 'en:wheat-breads', 'en:wheat-flatbreads']",6,[],"['en:e202', 'en:e282', 'en:e296', 'en:e422', 'en:e471', 'en:e500']",313.0,7.05,1.15,2.13,3.28,8.03,0.775
Fusilli 98,8076802085981,"['en:plant-based-foods-and-beverages', 'en:plant-based-foods', 'en:pastas', 'en:dry-pastas', 'af:fusilli']",0,[],[],359.0,2.0,0.5,3.5,3.0,13.0,0.01
Chicken Flavour,8852018101024,"['en:plant-based-foods-and-beverages', 'en:plant-based-foods', 'en:cereals-and-potatoes', 'en:meals', 'en:cereals-and-their-products', 'en:dried-products', 'en:pastas', 'en:soups', 'en:dried-products-to-be-rehydrated', 'en:noodles', 'en:dried-meals', 'en:instant-noodles', 'en:dehydrated-soups', 'en:instant-noodle-soups']",6,[],"['en:e150c', 'en:e296', 'en:e306', 'en:e466', 'en:e621', 'en:e635']",62.9,3.54,1.42,0.27,0.31,0.98,0.63
Pain de mie grandes tranches 7 cereales,4056489235798,"['en:plant-based-foods-and-beverages', 'en:plant-based-foods', 'en:cereals-and-potatoes', 'en:breads', 'en:sliced-breads', 'en:multigrain-sliced-breads', 'en:pain-de-mie']",1,[],['en:e262'],290.0,9.4,1.0,3.4,5.0,10.4,1.0
Malted Wheaties,4088600247458,"['en:plant-based-foods-and-beverages', 'en:plant-based-foods', 'en:breakfasts', 'en:cereals-and-potatoes', 'en:cereals-and-their-products', 'en:breakfast-cereals', 'en:extruded-cereals']",0,[],[],370.0,1.8,0.2,10.9,13.3,11.7,0.27
Nuez natural pelada,8480000340245,"['en:plant-based-foods-and-beverages', 'en:plant-based-foods', 'en:seeds', 'en:nuts-and-their-products', 'en:nuts', 'en:shelled-nuts', 'en:walnuts']",0,[],[],716.0,69.6,6.0,1.7,6.2,17.0,0.0
Hummus de garbanzos receta clásica,8480000808585,"['en:plant-based-foods-and-beverages', 'en:plant-based-foods', 'en:condiments', 'en:spreads', 'en:plant-based-spreads', 'en:salted-spreads', 'en:sauces', 'en:dips', 'en:hummus', 'en:classic-hummus', 'en:groceries']",3,[],"['en:e202', 'en:e270', 'en:e330']",311.0,25.8,3.3,0.1,8.0,6.0,0.855
Oméga 3,3366321053307,"['en:plant-based-foods-and-beverages', 'en:plant-based-foods', 'en:fats', 'en:spreads', 'en:plant-based-spreads', 'en:salted-spreads', 'en:vegetable-fats', 'en:spreadable-fats', 'en:margarines', 'en:light-margarines']",2,[],"['en:e160a', 'en:e160ai', 'en:e322', 'en:e322i']",468.0,52.0,15.0,0.0,,0.0,0.42
Wholemeal Pittas,00234931,"['en:plant-based-foods-and-beverages', 'en:plant-based-foods', 'en:cereals-and-potatoes', 'en:breads', 'en:flatbreads', 'en:special-breads', 'en:pitas']",1,[],['en:e282'],241.0,1.25,0.179,2.86,5.18,10.4,1.43
Special Flakes Classic,20621469,"['en:plant-based-foods-and-beverages', 'en:plant-based-foods', 'en:breakfasts', 'en:cereals-and-potatoes', 'en:cereals-and-their-products', 'en:breakfast-cereals', 'en:flakes', 'en:cereal-flakes', 'en:extruded-cereals', 'en:extruded-flakes', 'en:breakfast-cereals-rich-in-fibre', 'en:mixed-cereal-flakes']",0,[],[],388.0,1.8,0.4,8.8,8.2,9.0,0.51
Pecan Nuts natural,4056489682677,"['en:plant-based-foods-and-beverages', 'en:plant-based-foods', 'en:nuts-and-their-products', 'en:nuts', 'en:shelled-nuts', 'en:pecan-nuts', 'en:shelled-pecan-nuts']",0,[],[],725.0,71.4,6.8,4.1,10.0,11.5,0.01
Hemani Coconut Oil Pure & Natural (400ML),8964000577066,"['en:plant-based-foods-and-beverages', 'en:plant-based-foods', 'en:fats', 'en:vegetable-fats', 'en:vegetable-oils', 'en:fruit-and-fruit-seed-oils', 'en:coconut-oils']",0,[],[],126.0,14.0,13.0,0.0,,0.0,0.0
St hubert omega 3 255 g doux,3366321053284,"['en:plant-based-foods-and-beverages', 'en:plant-based-foods', 'en:fats', 'en:spreads', 'en:plant-based-spreads', 'en:salted-spreads', 'en:vegetable-fats', 'en:spreadable-fats', 'en:margarines', 'en:margarines-high-in-omega-3']",2,[],"['en:e160a', 'en:e160ai', 'en:e322', 'en:e322i']",468.0,52.0,15.0,0.0,,0.0,0.42
Smoked Tofu,5034467000223,"['en:plant-based-foods-and-beverages', 'en:plant-based-foods', 'en:legumes-and-their-products', 'en:meat-alternatives', 'en:meat-analogues', 'en:tofu', 'en:smoked-tofu']",0,[],[],146.0,7.7,1.2,0.1,0.8,16.9,0.4125
Rice Krispies,5059319029702,"['en:plant-based-foods-and-beverages', 'en:plant-based-foods', 'en:breakfasts', 'en:cereals-and-potatoes', 'en:cereals-and-their-products', 'en:breakfast-cereals']",0,[],[],389.0,1.2,0.4,7.9,2.9,7.0,0.9825
"Low Sugar, Naturally Gut-Loving Granola",5070000126548,"['en:plant-based-foods-and-beverages', 'en:plant-based-foods', 'en:breakfasts', 'en:cereals-and-potatoes', 'en:cereals-and-their-products', 'en:breakfast-cereals', 'en:mueslis', 'en:breakfast-cereals-fortified-with-vitamins-and-chemical-elements', 'en:breakfast-cereals-rich-in-fibre', 'en:breakfast-cereals-rich-in-fibre-fortified-with-vitamins-and-chemical-elements']",0,[],[],447.0,17.9,3.7,7.9,17.0,13.2,0.06
Wraps,8410076472953,"['en:plant-based-foods-and-beverages', 'en:plant-based-foods', 'en:cereals-and-potatoes', 'en:breads', 'en:flatbreads', 'en:white-breads', 'en:wheat-breads', 'en:wheat-flatbreads']",4,[],"['en:e422', 'en:e450', 'en:e450i', 'en:e471', 'en:e500', 'en:e500ii']",299.0,5.2,1.2,2.1,1.6,9.1,1.0
Gingembre saveur citron 🍋,3175681257566,"['en:plant-based-foods-and-beverages', 'en:plant-based-foods', 'en:snacks', 'en:sweet-snacks', 'en:biscuits-and-cakes', 'en:biscuits-and-crackers', 'en:biscuits']",2,[],"['en:e330', 'en:e500']",456.0,16.0,1.4,17.0,5.2,8.3,0.44
Alpro Plain,5411188099154,"['en:plant-based-foods-and-beverages', 'en:fermented-foods', 'en:plant-based-foods', 'en:dairy-substitutes', 'en:desserts', 'en:vegan-products', 'en:non-dairy-desserts', 'en:non-dairy-fermented-foods', 'en:non-dairy-yogurts', 'en:soy-milk-yogurts', 'en:plain-soy-yogurts']",5,[],"['en:e304', 'en:e306', 'en:e330', 'en:e331', 'en:e440']",51.0,2.3,0.4,2.2,0.9,4.0,0.24
"Alpro® Mandeldrink Ungesüßt, 1 L, FRESH",5411188112778,"['en:beverages-and-beverages-preparations', 'en:plant-based-foods-and-beverages', 'en:beverages', 'en:plant-based-foods', 'en:dairy-substitutes', 'en:milk-substitutes', 'en:nuts-and-their-products', 'en:plant-based-beverages', 'en:plant-based-milk-alternatives', 'en:nut-based-drinks', 'en:almond-based-drinks', 'en:getranke', 'en:getranke-und-getrankezubereitungen', 'en:mandelmilch', 'en:milchersatz', 'en:nussmilch', 'en:nusse-und-nussprodukte', 'en:pflanzenmilch', 'en:pflanzliche-getranke', 'en:pflanzliche-lebensmittel', 'en:pflanzliche-lebensmittel-und-getranke', 'en:ungezuckerte-getranke']",1,[],['en:e418'],13.0,1.1,0.1,0.0,0.4,0.4,0.13
Tartines craquantes Sarrasin,3760020508012,"['en:plant-based-foods-and-beverages', 'en:plant-based-foods', 'en:snacks', 'en:cereals-and-potatoes', 'en:specific-products', 'en:products-for-specific-diets', 'en:products-without-gluten', 'en:extruded-crispbreads']",0,[],[],362.0,2.3,0.7,1.0,4.5,11.0,0.57
Oat flakes,3560070614202,"['en:plant-based-foods-and-beverages', 'en:plant-based-foods', 'en:breakfasts', 'en:cereals-and-potatoes', 'en:cereals-and-their-products', 'en:breakfast-cereals', 'en:flakes', 'en:cereal-flakes', 'en:rolled-flakes', 'en:rolled-oats']",0,[],[],372.0,7.0,1.3,0.7,10.0,14.0,0.0
Shreddies,7613287152183,"['en:plant-based-foods-and-beverages', 'en:plant-based-foods', 'en:breakfasts', 'en:cereals-and-potatoes', 'en:cereals-and-their-products', 'en:breakfast-cereals', 'en:extruded-cereals']",0,[],[],364.0,1.8,0.3,13.0,12.0,11.0,0.72
Creamed Coconut Block,5010338013714,"['en:plant-based-foods-and-beverages', 'en:plant-based-foods', 'en:cooking-helpers', 'en:plant-based-creams', 'en:plant-based-creams-for-cooking', 'en:coconut-milks-and-creams']",0,[],[],685.0,64.0,58.0,5.8,0.0,7.2,0.04
,3387390326574,"['en:plant-based-foods-and-beverages', 'en:plant-based-foods', 'en:breakfasts', 'en:cereals-and-potatoes', 'en:cereals-and-their-products', 'en:breakfast-cereals', 'en:chocolate-cereals', 'en:extruded-cereals']",2,[],"['en:e306', 'en:e500']",393.0,5.2,0.9,22.4,6.0,6.7,0.66
St Hubert Omega 3 Sans Huile de Palme 500g Doux,3366321052003,"['en:plant-based-foods-and-beverages', 'en:plant-based-foods', 'en:fats', 'en:spreads', 'en:plant-based-spreads', 'en:salted-spreads', 'en:vegetable-fats', 'en:spreadable-fats', 'en:margarines', 'en:light-margarines', 'en:margarines-high-in-omega-3']",4,[],"['en:e160a', 'en:e160ai', 'en:e322', 'en:e322i', 'en:e440', 'en:e471']",468.0,52.0,17.0,0.0,,0.0,0.42
Protein Caramel salé Cacahuètes,8410076610744,"['en:plant-based-foods-and-beverages', 'en:plant-based-foods', 'en:snacks', 'en:sweet-snacks', 'en:nuts-and-their-products', 'en:bars', 'en:cereal-bars', 'en:nut-bars', 'en:peanut-bars']",2,[],"['en:e322', 'en:e322i', 'en:e422']",495.0,29.5,6.75,15.8,10.8,26.0,0.925
Olive oil,5000442007594,"['en:plant-based-foods-and-beverages', 'en:plant-based-foods', 'en:fats', 'en:vegetable-fats', 'en:olive-tree-products', 'en:vegetable-oils']",1,[],['en:e415'],481.0,49.5,7.1,0.0,0.0,0.0,0.0
Tomatocy French Puy & Green Lentils,5018095011318,"['en:plant-based-foods-and-beverages', 'en:plant-based-foods', 'en:legumes-and-their-products', 'en:legumes', 'en:seeds', 'en:legume-seeds', 'en:pulses', 'en:lentils', 'en:green-lentils']",0,[],[],142.0,4.1,0.7,3.3,3.3,8.3,0.00175
Houmous,4088600003429,"['en:plant-based-foods-and-beverages', 'en:plant-based-foods', 'en:condiments', 'en:spreads', 'en:plant-based-spreads', 'en:salted-spreads', 'en:sauces', 'en:dips', 'en:hummus', 'en:classic-hummus']",1,[],['en:e202'],302.0,23.4,2.4,0.6,5.4,7.8,0.64
6 Wholemeal Pittas,4088600276267,"['en:plant-based-foods-and-beverages', 'en:plant-based-foods', 'en:cereals-and-potatoes', 'en:breads', 'en:flatbreads', 'en:special-breads', 'en:pitas']",1,[],['en:e282'],236.0,1.3,0.3,1.7,8.1,10.0,0.85
Houmous extra - Pois chiches français & graines de sésame,3292070005161,"['en:plant-based-foods-and-beverages', 'en:plant-based-foods', 'en:condiments', 'en:spreads', 'en:plant-based-spreads', 'en:salted-spreads', 'en:sauces', 'en:dips', 'en:hummus', 'en:classic-hummus']",1,[],['en:e202'],317.0,26.8,2.6,0.1,6.15,6.9,1.16
Passierte Tomaten 700g,80042563,"['en:plant-based-foods-and-beverages', 'en:plant-based-foods', 'en:fruits-and-vegetables-based-foods', 'en:vegetable-based-foods-and-beverages', 'en:condiments', 'en:vegetables-based-foods', 'en:sauces', 'en:tomatoes-and-their-products', 'en:tomato-sauces', 'en:tomato-purees', 'en:strained-tomatoes', 'en:groceries']",0,[],[],36.0,0.5,0.1,4.5,,1.6,0.49
Azeitonas Lidl,20443375,"['en:plant-based-foods-and-beverages', 'en:plant-based-foods', 'en:canned-foods', 'en:pickles', 'en:olive-tree-products', 'en:plant-based-pickles', 'en:olives', 'en:green-olives', 'en:pitted-olives', 'en:green-pitted-olives']",2,[],"['en:e300', 'en:e330']",172.0,18.0,3.0,0.0,2.3,1.0,3.0
Bran Flakes,20621483,"['en:plant-based-foods-and-beverages', 'en:plant-based-foods', 'en:breakfasts', 'en:cereals-and-potatoes', 'en:cereals-and-their-products', 'en:breakfast-cereals', 'en:flakes', 'en:cereal-flakes', 'en:extruded-cereals', 'en:extruded-flakes', 'en:breakfast-cereals-rich-in-fibre', 'en:extruded-wheat-flakes']",0,[],[],362.0,2.0,0.5,13.2,17.2,11.1,0.63
Marmite Yeast Extract,5000184201199,"['en:plant-based-foods-and-beverages', 'en:plant-based-foods', 'en:spreads', 'en:plant-based-spreads', 'en:salted-spreads', 'en:yeast-extract-spreads']",0,[],[],260.0,0.5,0.1,1.2,3.5,34.0,10.8
Oatibix,5010029207880,"['en:plant-based-foods-and-beverages', 'en:plant-based-foods', 'en:snacks', 'en:breakfasts', 'en:cereals-and-potatoes', 'en:sweet-snacks', 'en:biscuits-and-cakes', 'en:biscuits']",0,[],[],390.0,8.0,1.3,4.8,8.8,12.0,0.23
Avena Crunchy Cacao,8402001015205,"['en:plant-based-foods-and-beverages', 'en:plant-based-foods', 'en:breakfasts', 'en:cereals-and-potatoes', 'en:cereals-and-their-products', 'en:breakfast-cereals', 'en:extruded-cereals']",1,[],['en:e306'],393.0,6.4,1.6,9.0,11.0,13.0,0.18
8 Pains au lait frais Bio 280g,3284230011884,"['en:plant-based-foods-and-beverages', 'en:plant-based-foods', 'en:snacks', 'en:breakfasts', 'en:cereals-and-potatoes', 'en:sweet-snacks', 'en:sweet-pastries-and-pies', 'en:breads', 'en:viennoiseries', 'en:milk-bread-rolls']",0,[],[],345.0,11.0,1.2,8.7,2.4,9.3,0.9
Flocons d'avoine complète,3168930003632,"['en:plant-based-foods-and-beverages', 'en:plant-based-foods', 'en:breakfasts', 'en:cereals-and-potatoes', 'en:cereals-and-their-products', 'en:breakfast-cereals', 'en:flakes', 'en:cereal-flakes', 'en:rolled-flakes', 'en:rolled-oats']",0,[],[],375.0,8.0,1.5,1.1,9.0,11.0,0.01
Corn Flakes,5059319014814,"['en:plant-based-foods-and-beverages', 'en:plant-based-foods', 'en:breakfasts', 'en:cereals-and-potatoes', 'en:cereals-and-their-products', 'en:breakfast-cereals', 'en:flakes', 'en:cereal-flakes', 'en:extruded-cereals', 'en:extruded-flakes', 'en:corn-flakes']",0,[],[],378.0,0.9,0.2,8.0,3.0,7.0,1.1
NYC BAGEL Sesame,5020364010151,"['en:plant-based-foods-and-beverages', 'en:plant-based-foods', 'en:cereals-and-potatoes', 'en:breads', 'en:special-breads', 'en:bagel-breads']",2,[],"['en:e282', 'en:e300']",313.0,4.43,0.0,0.0,0.0,12.9,0.0
Sourdough Wholemeal Ciabattin,5025125000198,"['en:plant-based-foods-and-beverages', 'en:plant-based-foods', 'en:cereals-and-potatoes', 'en:breads', 'en:sliced-breads', 'en:wholemeal-breads', 'en:wholemeal-sliced-breads']",0,[],[],232.0,1.2,0.2,2.2,6.5,11.7,0.77
Afia,6111245470023,"['en:plant-based-foods-and-beverages', 'en:plant-based-foods', 'en:legumes-and-their-products', 'en:fats', 'en:vegetable-fats', 'en:vegetable-oils', 'en:legume-oils', 'en:soybean-oils']",1,[],['en:e306'],900.0,100.0,15.0,0.0,,0.0,0.0
"Alpro Sojadrink, Ungesüßt 1L",5411188115496,"['en:beverages-and-beverages-preparations', 'en:plant-based-foods-and-beverages', 'en:beverages', 'en:plant-based-foods', 'en:legumes-and-their-products', 'en:dairy-substitutes', 'en:milk-substitutes', 'en:plant-based-beverages', 'en:plant-based-milk-alternatives', 'en:legume-based-drinks', 'en:non-alcoholic-beverages', 'en:unsweetened-beverages', 'en:soy-based-drinks', 'en:plain-soy-drink-fortified-with-calcium', 'en:unsweetened-plain-soy-based-drinks']",2,[],"['en:e340', 'en:e418']",33.0,1.8,0.3,0.0,0.6,3.3,0.09
Heinz Baked Beans,5000157024886,"['en:plant-based-foods-and-beverages', 'en:plant-based-foods', 'en:legumes-and-their-products', 'en:canned-foods', 'en:condiments', 'en:legumes', 'en:seeds', 'en:canned-plant-based-foods', 'en:legume-seeds', 'en:pulses', 'en:common-beans', 'en:prepared-vegetables', 'en:sauces', 'en:baked-beans-in-tomato-sauce', 'en:canned-legumes', 'en:tomato-sauces', 'en:white-beans', 'en:canned-common-beans', 'en:groceries']",0,[],[],81.0,0.337,0.0482,4.29,3.86,4.82,0.616
Cheerios Multigrain,7613287195210,"['en:plant-based-foods-and-beverages', 'en:plant-based-foods', 'en:breakfasts', 'en:cereals-and-potatoes', 'en:cereals-and-their-products', 'en:breakfast-cereals', 'en:extruded-cereals']",3,[],"['en:e160a', 'en:e160b', 'en:e160bii', 'en:e306']",383.3333,4.6667,1.0,10.0,2.7,9.3333,0.83333
Smoky Spanish-Style Grains & Rice,5018095004341,"['en:plant-based-foods-and-beverages', 'en:plant-based-foods', 'en:cereals-and-potatoes', 'en:seeds', 'en:cereals-and-their-products', 'en:cereal-grains', 'en:rices']",0,[],[],167.0,1.9,0.5,1.4,4.3,4.8,1.2
Ratatouille Cuisinée à la Provençal,3083680973939,"['en:plant-based-foods-and-beverages', 'en:plant-based-foods', 'en:canned-foods', 'en:meals', 'en:prepared-vegetables', 'en:canned-meals', 'en:ratatouille', 'en:vegetables-prepared-processed-shelf-stable']",0,[],[],72.0,4.1,0.6,5.5,3.4,1.3,0.81
Tartine & cuisson doux à tartiner et à cuire,3155251204343,"['en:plant-based-foods-and-beverages', 'en:plant-based-foods', 'en:fats', 'en:spreads', 'en:plant-based-spreads', 'en:salted-spreads', 'en:spreadable-fats', 'en:vegetable-fats', 'en:margarines', 'en:light-margarines']",4,[],"['en:e100', 'en:e160b', 'en:e322', 'en:e322i', 'en:e392']",567.0,63.0,17.0,0.0,0.0,0.0,0.35
Bebida de Avena,8423352861402,"['en:beverages-and-beverages-preparations', 'en:plant-based-foods-and-beverages', 'en:beverages', 'en:plant-based-foods', 'en:cereals-and-potatoes', 'en:dairy-substitutes', 'en:cereals-and-their-products', 'en:milk-substitutes', 'en:plant-based-beverages', 'en:plant-based-milk-alternatives', 'en:cereal-based-drinks', 'en:unsweetened-beverages', 'en:oat-based-drinks', 'en:uht-oat-based-drinks']",0,[],[],47.0,0.7,0.1,5.4,0.7,1.6,0.03
"NESCAFÉ NES, Café Soluble, Boite de 200g",3033710077274,"['en:beverages-and-beverages-preparations', 'en:plant-based-foods-and-beverages', 'en:beverages', 'en:plant-based-foods', 'en:hot-beverages', 'en:beverage-preparations', 'en:coffees', 'en:freeze-dried-foods', 'en:instant-beverages', 'en:freeze-dried-plant-based-foods', 'en:instant-coffees', 'en:freeze-dried-instant-coffees']",0,[],[],118.0,0.2,0.1,3.1,34.1,7.8,0.25
Pan de molde con 52% centeno,8480000823021,"['en:plant-based-foods-and-beverages', 'en:plant-based-foods', 'en:cereals-and-potatoes', 'en:breads', 'en:special-breads', 'en:sliced-breads']",6,[],"['en:e200', 'en:e202', 'en:e282', 'en:e330', 'en:e471', 'en:e472e']",265.0,7.8,1.0,2.1,7.5,10.0,1.3
Tartare 100% végétal au lait d'amande,3272770015516,"['en:plant-based-foods-and-beverages', 'en:plant-based-foods', 'en:spreads', 'en:plant-based-spreads', 'en:salted-spreads', 'en:cheese-spreads-substitutes']",0,[],[],225.0,19.0,1.7,1.1,4.0,4.6,1.0
Merguez Végétal,3770016162043,"['en:plant-based-foods-and-beverages', 'en:plant-based-foods', 'en:meat-alternatives', 'en:meat-analogues', 'en:vegetarian-sausages']",3,[],"['en:e267', 'en:e404', 'en:e461']",220.0,16.0,1.3,0.6,6.1,12.0,0.74
Agave Nectar,5060069170033,"['en:plant-based-foods-and-beverages', 'en:plant-based-foods', 'en:sweeteners', 'en:syrups', 'en:simple-syrups', 'en:agave-syrups']",0,[],[],298.0,0.0,0.0,66.11,,0.0,0.0
Corn Flakes,5059319030517,"['en:plant-based-foods-and-beverages', 'en:plant-based-foods', 'en:breakfasts', 'en:cereals-and-potatoes', 'en:cereals-and-their-products', 'en:breakfast-cereals', 'en:flakes', 'en:cereal-flakes', 'en:extruded-cereals', 'en:extruded-flakes', 'en:corn-flakes']",0,[],[],378.0,0.9,0.2,8.0,3.0,7.0,1.1
Beurre de cacahuètes du Nicaragua,3760091721747,"['en:plant-based-foods-and-beverages', 'en:plant-based-foods', 'en:legumes-and-their-products', 'en:spreads', 'en:nuts-and-their-products', 'en:plant-based-spreads', 'en:oilseed-purees', 'en:legume-butters', 'en:nut-butters', 'en:peanut-butters']",0,[],[],576.0,48.0,10.0,5.9,0.0,25.0,0.5
"Muesli con quinoa, chía y chocolate negro",8480000095367,"['en:plant-based-foods-and-beverages', 'en:plant-based-foods', 'en:breakfasts', 'en:cereals-and-potatoes', 'en:cereals-and-their-products', 'en:breakfast-cereals', 'en:chocolate-cereals', 'en:mueslis', 'en:mueslis-with-chocolate']",1,[],['en:e322'],416.0,13.0,4.3,18.0,10.0,9.8,0.11
Smooth Organic Peanut Butter,5013665108344,"['en:plant-based-foods-and-beverages', 'en:plant-based-foods', 'en:legumes-and-their-products', 'en:spreads', 'en:nuts-and-their-products', 'en:plant-based-spreads', 'en:oilseed-purees', 'en:legume-butters', 'en:nut-butters', 'en:peanut-butters']",0,[],[],628.0,51.2,13.7,5.2,4.9,25.6,1.0
Biscottes sans sel et sans sucre ajoutés,3182189999805,"['en:plant-based-foods-and-beverages', 'en:plant-based-foods', 'en:cereals-and-potatoes', 'en:frozen-foods', 'en:specific-products', 'en:products-for-specific-diets', 'en:breads', 'en:products-with-reduced-salt', 'en:rusks', 'en:rusks-without-salt']",1,[],['en:e300'],390.0,3.7,0.5,2.2,7.0,15.0,0.02
Pain de mie american sandwich rustique sans sucres ajoutés 500g,3228857002245,"['en:plant-based-foods-and-beverages', 'en:plant-based-foods', 'en:cereals-and-potatoes', 'en:cereals-and-their-products', 'en:breads', 'en:sliced-breads']",0,[],[],293.0,8.0,0.8,3.0,8.7,11.0,1.0
Bebida de almendra 0% azúcares,8480000239266,"['en:beverages-and-beverages-preparations', 'en:plant-based-foods-and-beverages', 'en:beverages', 'en:plant-based-foods', 'en:dairy-substitutes', 'en:milk-substitutes', 'en:nuts-and-their-products', 'en:plant-based-beverages', 'en:plant-based-milk-alternatives', 'en:nut-based-drinks', 'en:pasteurised-products', 'en:unsweetened-beverages', 'en:almond-based-drinks']",4,[],"['en:e340', 'en:e340iii', 'en:e418', 'en:e452', 'en:e473']",16.0,1.5,0.3,0.0,0.0,0.5,0.08
Heinz Beanz No Added Sugar,5000157078773,"['en:plant-based-foods-and-beverages', 'en:plant-based-foods', 'en:meals', 'en:prepared-vegetables', 'en:baked-beans-in-tomato-sauce']",1,[],['en:e960'],66.0,0.194,0.0485,1.89,3.64,4.61,0.437
Barista Organic Oat M*lk,5060406080452,"['en:beverages-and-beverages-preparations', 'en:plant-based-foods-and-beverages', 'en:beverages', 'en:plant-based-foods', 'en:cereals-and-potatoes', 'en:dairy-substitutes', 'en:cereals-and-their-products', 'en:milk-substitutes', 'en:plant-based-beverages', 'en:plant-based-milk-alternatives', 'en:cereal-based-drinks', 'en:oat-based-drinks']",1,[],"['en:e501', 'en:e501i']",44.0,1.8,0.2,2.5,,0.2,0.1
,3029330069898,"['en:plant-based-foods-and-beverages', 'en:plant-based-foods', 'en:cereals-and-potatoes', 'en:breads', 'en:sliced-breads', 'en:wholemeal-breads', 'en:wholemeal-sliced-breads']",0,[],[],270.0,4.3,0.5,5.3,6.2,10.0,1.0
Biscottes,7622210416681,"['en:plant-based-foods-and-beverages', 'en:plant-based-foods', 'en:cereals-and-potatoes', 'en:breads', 'en:rusks', 'en:common-wheat-rusks']",3,[],"['en:e300', 'en:e471', 'en:e481']",165.0,2.9,1.4,2.8,1.4,4.6,0.47
NAKD PROTEIN - Cacao noisette - 45g (16x1p),5060088700105,"['en:plant-based-foods-and-beverages', 'en:plant-based-foods', 'en:seafood', 'en:fishes-and-their-products', 'en:snacks', 'en:fishes', 'en:sweet-snacks', 'en:nuts-and-their-products', 'en:lean-fishes', 'en:bars', 'en:dietary-supplements', 'en:bass', 'en:bodybuilding-supplements', 'en:nut-bars', 'en:protein-bars', 'fr:snack-bar']",0,[],[],424.0,22.0,3.5,28.0,16.0,16.0,0.01
La Biscotte 96% de céréales,7622210416629,"['en:plant-based-foods-and-beverages', 'en:plant-based-foods', 'en:cereals-and-potatoes', 'en:breads', 'en:rusks']",3,[],"['en:e300', 'en:e471', 'en:e481']",408.0,7.3,3.4,6.8,3.6,11.0,1.2
Baked Beans,5000232902450,"['en:plant-based-foods-and-beverages', 'en:plant-based-foods', 'en:legumes-and-their-products', 'en:canned-foods', 'en:legumes', 'en:canned-plant-based-foods', 'en:meals', 'en:prepared-vegetables', 'en:canned-legumes', 'en:baked-beans-in-tomato-sauce', 'en:canned-common-beans']",0,[],[],85.0,0.6,0.1,4.7,5.9,4.6,0.6
Huile d'olive bio,4056489608264,"['en:plant-based-foods-and-beverages', 'en:plant-based-foods', 'en:fats', 'en:vegetable-fats', 'en:olive-tree-products', 'en:vegetable-oils', 'en:olive-oils', 'en:extra-virgin-olive-oils', 'en:virgin-olive-oils']",0,[],[],828.0,92.0,14.0,0.0,,0.0,0.0
Wheat Biscuits,00130509,"['en:plant-based-foods-and-beverages', 'en:plant-based-foods', 'en:snacks', 'en:breakfasts', 'en:cereals-and-potatoes', 'en:sweet-snacks', 'en:biscuits-and-cakes', 'en:biscuits-and-crackers', 'en:cereals-and-their-products', 'en:biscuits', 'en:breakfast-cereals']",0,[],[],358.0,2.0,0.6,4.4,10.0,12.0,0.28
,8681480324484,"['en:plant-based-foods-and-beverages', 'en:plant-based-foods', 'en:condiments', 'en:sauces', 'en:soy-sauces']",2,[],"['en:e150', 'en:e202']",10.0,0.0,0.0,0.0,,1.0,1.0
Rich and indulgent Hazelnut,5411188110842,"['en:beverages-and-beverages-preparations', 'en:plant-based-foods-and-beverages', 'en:beverages', 'en:plant-based-foods', 'en:dairy-substitutes', 'en:milk-substitutes', 'en:nuts-and-their-products', 'en:plant-based-beverages', 'en:plant-based-milk-alternatives', 'en:nut-based-drinks', 'en:hazelnut-based-drinks']",2,[],"['en:e322', 'en:e418']",221.0,1.6,0.2,3.2,0.3,0.4,0.14
Chips saveur fromage du Jura,3497917000907,"['en:plant-based-foods-and-beverages', 'en:plant-based-foods', 'en:snacks', 'en:cereals-and-potatoes', 'en:salty-snacks', 'en:appetizers', 'en:chips-and-fries', 'en:crisps', 'en:potato-crisps', 'en:flavoured-potato-crisps', 'en:chips-de-pommes-de-terre-ondulees']",0,[],[],522.0,31.0,2.6,1.1,4.8,6.3,1.7
Crunchy Peanut Butter,5013665113133,"['en:plant-based-foods-and-beverages', 'en:plant-based-foods', 'en:legumes-and-their-products', 'en:spreads', 'en:nuts-and-their-products', 'en:plant-based-spreads', 'en:oilseed-purees', 'en:legume-butters', 'en:nut-butters', 'en:peanut-butters', 'en:crunchy-peanut-butters']",0,[],[],643.0,54.3,7.9,3.8,6.7,27.7,1.0825
proactiv,8719200252332,"['en:plant-based-foods-and-beverages', 'en:plant-based-foods', 'en:fats', 'en:spreads', 'en:plant-based-spreads', 'en:salted-spreads', 'en:vegetable-fats', 'en:spreadable-fats', 'en:margarines', 'en:light-margarines']",1,[],"['en:e322', 'en:e322i']",530.0,59.0,12.0,0.5,0.0,0.5,0.8
Nutty Granola,5060482841565,"['en:plant-based-foods-and-beverages', 'en:plant-based-foods', 'en:breakfasts', 'en:cereals-and-potatoes', 'en:cereals-and-their-products', 'en:breakfast-cereals', 'en:mueslis', 'en:crunchy-mueslis']",0,[],[],465.0,18.0,2.6,16.0,8.2,12.0,0.2175
Extra moelleux nature,3228857000883,"['en:plant-based-foods-and-beverages', 'en:plant-based-foods', 'en:cereals-and-potatoes', 'en:breads', 'en:sliced-breads', 'fr:pains-de-mie-blancs-nature']",0,[],[],278.0,5.2,0.5,6.5,5.0,8.1,1.18
Galettes riz complet Bio,3229820794624,"['en:plant-based-foods-and-beverages', 'en:plant-based-foods', 'en:cereals-and-potatoes', 'en:cereals-and-their-products', 'en:puffed-cereal-cakes', 'en:puffed-rice-cakes', 'en:puffed-wholegrain-rice-cakes']",0,[],[],379.0,3.2,0.699,0.599,3.6,8.7,0.25
,5010029226133,"['en:plant-based-foods-and-beverages', 'en:plant-based-foods', 'en:breakfasts', 'en:cereals-and-potatoes', 'en:cereals-and-their-products', 'en:breakfast-cereals', 'en:mueslis']",0,[],[],374.0,5.6,0.9,21.0,7.7,11.0,0.25
Beurre de cacahuètes,4056489620938,"['en:plant-based-foods-and-beverages', 'en:plant-based-foods', 'en:fruits-and-vegetables-based-foods', 'en:legumes-and-their-products', 'en:spreads', 'en:vegetables-based-foods', 'en:nuts-and-their-products', 'en:plant-based-spreads', 'en:vegetables', 'en:nuts', 'en:oilseed-purees', 'en:legume-butters', 'en:nut-butters', 'en:peanut-butters', 'en:peanuts', 'fr:erdnusscreme']",0,[],[],683.0,55.1,12.0,3.9,9.2,30.4,0.03
Pain complet,3029330071280,"['en:plant-based-foods-and-beverages', 'en:plant-based-foods', 'en:cereals-and-potatoes', 'en:breads', 'en:sliced-breads', 'en:wholemeal-breads', 'en:wholemeal-sliced-breads']",0,[],[],243.0,3.0,0.3,3.8,6.6,8.7,1.2
Crunchy Oat Granola Raisin & Almond,5010477353115,"['en:plant-based-foods-and-beverages', 'en:plant-based-foods', 'en:breakfasts', 'en:cereals-and-potatoes', 'en:cereals-and-their-products', 'en:breakfast-cereals', 'en:mueslis', 'en:breakfast-cereals-rich-in-fibre']",0,[],[],416.0,12.0,1.5,21.0,6.2,11.0,0.03
Italian Tomato Purée Double Concentrate,00359047,"['en:plant-based-foods-and-beverages', 'en:plant-based-foods', 'en:fruits-and-vegetables-based-foods', 'en:vegetable-based-foods-and-beverages', 'en:vegetables-based-foods', 'en:tomatoes-and-their-products', 'en:double-concentrate-tomato-paste']",1,[],['en:e330'],89.0,0.5,0.1,14.9,2.9,4.3,0.05
Miel pops,5059319023762,"['en:plant-based-foods-and-beverages', 'en:plant-based-foods', 'en:breakfasts', 'en:cereals-and-potatoes', 'en:cereals-and-their-products', 'en:breakfast-cereals', 'en:extruded-cereals', 'en:honey-cereal-balls', 'en:cereals-with-honey']",1,[],['en:e160'],384.0,1.5,0.1,22.0,4.6,5.2,0.4
Weetabix,5010029202410,"['en:plant-based-foods-and-beverages', 'en:plant-based-foods', 'en:breakfasts', 'en:cereals-and-potatoes', 'en:cereals-and-their-products', 'en:breakfast-cereals']",0,[],[],362.0,2.0,0.6,4.2,10.0,12.0,0.28
"Muesli bio 36% fruits, noix & graines",5010477348630,"['en:plant-based-foods-and-beverages', 'en:plant-based-foods', 'en:breakfasts', 'en:cereals-and-potatoes', 'en:cereals-and-their-products', 'en:breakfast-cereals', 'en:cereals-with-fruits', 'en:mueslis', 'en:mueslis-with-fruits']",0,[],[],373.0,8.4,2.8,18.9,8.5,9.3,0.03
Confiture Fraises,3608580758686,"['en:plant-based-foods-and-beverages', 'en:plant-based-foods', 'en:fruits-and-vegetables-based-foods', 'en:breakfasts', 'en:spreads', 'en:fruits-based-foods', 'en:plant-based-spreads', 'en:sweet-spreads', 'en:fruit-and-vegetable-preserves', 'en:jams', 'en:berry-jams', 'en:strawberry-jams']",1,[],['en:e440'],241.0,0.1,0.0,59.0,1.2,0.4,0.0
Cocoa Orange,5060088701447,"['en:plant-based-foods-and-beverages', 'en:plant-based-foods', 'en:fruits-and-vegetables-based-foods', 'en:snacks', 'en:sweet-snacks', 'en:fruits-based-foods', 'en:nuts-and-their-products', 'en:fruits', 'en:bars', 'en:nut-bars', 'fr:barres-aux-fruits']",0,[],[],394.0,16.0,3.1,43.0,8.6,8.7,0.03
Corn Flakes,5000436616443,"['en:plant-based-foods-and-beverages', 'en:plant-based-foods', 'en:breakfasts', 'en:cereals-and-potatoes', 'en:cereals-and-their-products', 'en:breakfast-cereals', 'en:flakes', 'en:cereal-flakes', 'en:extruded-cereals', 'en:extruded-flakes', 'en:corn-flakes']",0,[],[],387.0,1.2,0.3,6.1,2.5,7.7,0.59
Belgian Dark Chocolate Rice Cake Thins imp,5013665103028,"['en:plant-based-foods-and-beverages', 'en:plant-based-foods', 'en:cereals-and-potatoes', 'en:cereals-and-their-products', 'en:puffed-cereal-cakes', 'en:puffed-rice-cakes', 'en:rice-cake']",0,[],[],488.0,24.1,14.6,23.4,7.4,6.8,0.0
Spreadable Tub,5010171005006,"['en:plant-based-foods-and-beverages', 'en:dairies', 'en:plant-based-foods', 'en:fats', 'en:spreads', 'en:plant-based-spreads', 'en:vegetable-fats', 'en:spreadable-fats', 'en:animal-fats', 'en:dairy-spreads', 'en:margarines', 'en:milkfat', 'en:butters']",0,[],[],596.0,66.0,27.8,0.3,,0.3,1.3
Céréales All Bran Kellogg's Fibre Plus,3159470001424,"['en:plant-based-foods-and-beverages', 'en:plant-based-foods', 'en:breakfasts', 'en:cereals-and-potatoes', 'en:cereals-and-their-products', 'en:breakfast-cereals', 'en:extruded-cereals', 'en:breakfast-cereals-rich-in-fibre', 'en:wheat-bran-sticks', 'fr:cereales-pour-petit-dejeuner-a-base-de-son-de-ble']",0,[],[],334.0,3.5,0.7,18.0,27.0,14.0,0.95
Crème de marrons de l'Ardèche,0022314010025,"['en:plant-based-foods-and-beverages', 'en:plant-based-foods', 'en:spreads', 'en:nuts-and-their-products', 'en:plant-based-spreads', 'en:chestnut-spreads']",0,[],[],270.0,0.8,0.2,50.2,1.9,1.3,0.01
Italian Chopped Tomatoes,5031021164032,"['en:plant-based-foods-and-beverages', 'en:plant-based-foods', 'en:fruits-and-vegetables-based-foods', 'en:canned-foods', 'en:vegetables-based-foods', 'en:canned-plant-based-foods', 'en:vegetables', 'en:canned-vegetables', 'en:tomatoes-and-their-products', 'en:tomatoes', 'en:canned-tomatoes']",1,[],['en:e330'],25.0,0.2,0.1,4.0,0.9,1.4,0.09
Organic Oat Drink imp,5060120281975,"['en:beverages-and-beverages-preparations', 'en:plant-based-foods-and-beverages', 'en:beverages', 'en:plant-based-foods', 'en:cereals-and-potatoes', 'en:dairy-substitutes', 'en:cereals-and-their-products', 'en:milk-substitutes', 'en:plant-based-beverages', 'en:plant-based-milk-alternatives', 'en:cereal-based-drinks', 'en:oat-based-drinks']",0,[],[],49.0,2.3,0.3,4.6,0.5,0.5,0.09
Granola Chocolat,3229820798110,"['en:plant-based-foods-and-beverages', 'en:plant-based-foods', 'en:breakfasts', 'en:cereals-and-potatoes', 'en:cereals-and-their-products', 'en:breakfast-cereals', 'en:chocolate-cereals', 'en:mueslis', 'en:mueslis-with-chocolate']",1,[],['en:e306'],420.0,13.0,3.1,12.0,7.5,10.0,0.01
Tartines Bio quinoa & graines 450g,3760049798029,"['en:plant-based-foods-and-beverages', 'en:plant-based-foods', 'en:cereals-and-potatoes', 'en:cereals-and-their-products', 'en:breads', 'fr:tartine']",2,[],"['en:e300', 'en:e412']",314.0,11.0,0.9,5.0,5.3,9.1,1.0
Huile d'olive vierge extra,3560070910366,"['en:plant-based-foods-and-beverages', 'en:plant-based-foods', 'en:fats', 'en:vegetable-fats', 'en:olive-tree-products', 'en:vegetable-oils', 'en:olive-oils', 'en:extra-virgin-olive-oils', 'en:virgin-olive-oils', 'en:olive-oil-blends']",0,[],[],823.0,91.0,13.0,0.0,,0.0,0.0
Cheerios Multigrain,7613287157201,"['en:plant-based-foods-and-beverages', 'en:plant-based-foods', 'en:breakfasts', 'en:cereals-and-potatoes', 'en:cereals-and-their-products', 'en:breakfast-cereals', 'en:extruded-cereals']",3,[],"['en:e150c', 'en:e160b', 'en:e340', 'en:e340iii']",377.0,4.67,1.0,17.7,9.67,10.0,0.783
Tilda Steamed Brown Basmati Rice,5011157888132,"['en:plant-based-foods-and-beverages', 'en:plant-based-foods', 'en:cereals-and-potatoes', 'en:seeds', 'en:cereals-and-their-products', 'en:cereal-grains', 'en:rices', 'en:aromatic-rices', 'en:indica-rices', 'en:long-grain-rices', 'en:brown-rices', 'en:basmati-rices', 'en:brown-basmati-rices']",0,[],[],129.0,2.1,0.5,0.2,3.0,2.8,0.03
Bio Hafer,4056489997511,"['en:beverages-and-beverages-preparations', 'en:plant-based-foods-and-beverages', 'en:beverages', 'en:plant-based-foods', 'en:cereals-and-potatoes', 'en:dairy-substitutes', 'en:cereals-and-their-products', 'en:milk-substitutes', 'en:plant-based-beverages', 'en:plant-based-milk-alternatives', 'en:cereal-based-drinks', 'en:oat-based-drinks', 'en:a']",0,[],[],35.0,1.2,0.2,3.3,1.0,0.0,0.08
Maxi Tranches Sans sucre ajouté Nature,3029330022411,"['en:plant-based-foods-and-beverages', 'en:plant-based-foods', 'en:cereals-and-potatoes', 'en:breads', 'en:sliced-breads']",0,[],[],249.0,2.8,0.3,4.5,3.4,8.3,1.1
Noisettes grillées,4056489033042,"['en:plant-based-foods-and-beverages', 'en:plant-based-foods', 'en:nuts-and-their-products', 'en:nuts', 'en:hazelnuts', 'en:shelled-nuts', 'en:roasted-nuts', 'en:shelled-hazelnuts', 'en:roasted-hazelnuts']",0,[],[],723.0,70.3,6.67,3.67,8.33,14.3,0.03
Grape-Nuts,0884912005502,"['en:plant-based-foods-and-beverages', 'en:plant-based-foods', 'en:breakfasts', 'en:cereals-and-potatoes', 'en:cereals-and-their-products', 'en:breakfast-cereals', 'en:breakfast-cereals-rich-in-fibre']",0,[],[],362.0,1.8,0.3,8.9,12.0,11.2,1.0
Fraise Intense,3608580823445,"['en:plant-based-foods-and-beverages', 'en:plant-based-foods', 'en:breakfasts', 'en:spreads', 'en:plant-based-spreads', 'en:sweet-spreads', 'en:fruit-and-vegetable-preserves', 'en:jams', 'en:berry-jams', 'en:strawberry-jams']",1,[],['en:e440'],162.0,0.1,0.0,39.0,1.6,0.5,0.0
Crousti' Avoine Chocolat,3229820786605,"['en:plant-based-foods-and-beverages', 'en:plant-based-foods', 'en:breakfasts', 'en:cereals-and-potatoes', 'en:cereals-and-their-products', 'en:breakfast-cereals', 'en:chocolate-cereals', 'en:mueslis', 'en:mueslis-with-chocolate', 'en:crunchy-cereal-clusters', 'en:cereal-clusters-with-chocolate']",2,[],"['en:e306', 'en:e414']",416.0,13.0,4.4,14.0,9.5,10.0,0.1
Grilletine Sans sucres ajoutés Blé complet,3182180002542,"['en:plant-based-foods-and-beverages', 'en:plant-based-foods', 'en:cereals-and-potatoes', 'en:cereals-and-their-products', 'en:breads', 'en:toasts', 'en:toasted-bread-rolls']",1,[],['en:e300'],411.0,10.0,2.4,2.1,12.7,13.0,0.9
Carottes rapees citron dnp 320g,3083681148619,"['en:plant-based-foods-and-beverages', 'en:plant-based-foods', 'en:fruits-and-vegetables-based-foods', 'en:vegetable-based-foods-and-beverages', 'en:vegetables-based-foods', 'en:vegetables', 'en:prepared-vegetables', 'en:carrots', 'en:grated-carrots', 'en:vegetables-prepared-processed-perishable', 'fr:crudites']",3,[],"['en:e300', 'en:e412', 'en:e415']",73.0,4.5,0.3,4.5,3.0,1.0,0.71
Everyday Tiger Rolls with Sourdough,5025125000174,"['en:plant-based-foods-and-beverages', 'en:plant-based-foods', 'en:cereals-and-potatoes', 'en:breads', 'en:white-breads', 'en:bread-white-from-wheat-flour-of-the-highest-grade-gost-26987-86']",4,[],"['en:e300', 'en:e500', 'en:e503', 'en:e920']",250.0,0.625,0.125,3.5,2.62,9.12,0.859
Huile Isio 4,3265474000018,"['en:plant-based-foods-and-beverages', 'en:plant-based-foods', 'en:fats', 'en:vegetable-fats', 'en:vegetable-oils', 'en:flavoured-oils', 'en:mixed-vegetable-oils', 'en:combined-oil-blended-vegetable-oils']",0,[],[],900.0,100.0,9.0,0.0,0.0,0.0,0.0
Tortitas de maíz,8480000141583,"['en:plant-based-foods-and-beverages', 'en:plant-based-foods', 'en:cereals-and-potatoes', 'en:cereals-and-their-products', 'en:puffed-cereal-cakes', 'en:puffed-corn-cakes']",0,[],[],368.0,1.8,0.4,1.0,1.0,7.5,0.7
Premium Fruit & Nut Muesli,20060831,"['en:plant-based-foods-and-beverages', 'en:plant-based-foods', 'en:fruits-and-vegetables-based-foods', 'en:breakfasts', 'en:cereals-and-potatoes', 'en:cereals-and-their-products', 'en:fruits-based-foods', 'en:breakfast-cereals', 'en:fruits', 'en:cereals-with-fruits', 'en:mueslis', 'en:mueslis-with-fruits']",2,[],"['en:e220', 'en:e330']",393.0,11.6,4.67,24.7,6.44,8.89,0.0444
Oat,4061459329834,"['en:beverages-and-beverages-preparations', 'en:plant-based-foods-and-beverages', 'en:beverages', 'en:plant-based-foods', 'en:cereals-and-potatoes', 'en:dairy-substitutes', 'en:cereals-and-their-products', 'en:milk-substitutes', 'en:plant-based-beverages', 'en:plant-based-milk-alternatives', 'en:cereal-based-drinks', 'en:oat-based-drinks']",3,[],"['en:e170', 'en:e170i', 'en:e340', 'en:e418']",49.0,2.4,0.2,2.6,0.2,0.6,0.0375
nakd peanut butter protein bar,5060088700099,"['en:plant-based-foods-and-beverages', 'en:plant-based-foods', 'en:snacks', 'en:sweet-snacks', 'en:nuts-and-their-products', 'en:bars', 'en:nut-bars', 'en:peanut-bars', 'en:date-bars']",0,[],[],443.0,21.9,3.9,26.8,9.6,17.4,0.3725
Abricot sec,20534455,"['en:plant-based-foods-and-beverages', 'en:plant-based-foods', 'en:fruits-and-vegetables-based-foods', 'en:dried-products', 'en:fruits-based-foods', 'en:dried-plant-based-foods', 'en:dried-fruits', 'en:dried-apricots', 'en:fruchte']",2,[],"['en:e202', 'en:e220']",193.0,0.29,0.1,32.0,4.67,2.03,0.17
Nutty Granola,5018357804764,"['en:plant-based-foods-and-beverages', 'en:plant-based-foods', 'en:breakfasts', 'en:cereals-and-potatoes', 'en:cereals-and-their-products', 'en:breakfast-cereals', 'en:mueslis']",0,[],[],442.0,15.6,2.0,13.1,6.22,10.2,5.56e-05
Pain complet 3 céréales,3229820019192,"['en:plant-based-foods-and-beverages', 'en:plant-based-foods', 'en:cereals-and-potatoes', 'en:cereals-and-their-products', 'en:breads', 'en:wholemeal-breads', 'fr:pain-complet-3-cereales']",0,[],[],196.0,2.9,0.4,2.0,11.0,5.0,1.1
Pâtes spaghetti au blé complet integral 500g,8076809529419,"['en:plant-based-foods-and-beverages', 'en:plant-based-foods', 'en:cereals-and-potatoes', 'en:cereals-and-their-products', 'en:pastas', 'en:cereal-pastas', 'en:dry-pastas', 'en:durum-wheat-pasta', 'en:spaghetti', 'en:whole-durum-wheat-pasta', 'en:dry-durum-wheat-pasta', 'en:durum-wheat-spaghetti', 'en:whole-durm-wheat-spaghetti', 'de:vollkorn-hartweizen']",0,[],[],347.0,2.5,0.5,3.5,8.0,13.0,0.01
Peanut Butter,20474478,"['en:plant-based-foods-and-beverages', 'en:plant-based-foods', 'en:legumes-and-their-products', 'en:spreads', 'en:nuts-and-their-products', 'en:plant-based-spreads', 'en:oilseed-purees', 'en:legume-butters', 'en:nut-butters', 'en:peanut-butters', 'en:alimentos-a-base-de-plantas', 'en:alimentos-e-bebidas-a-base-de-plantas', 'en:produtos-para-barrar-a-base-de-plantas']",0,[],[],653.0,55.6,7.6,5.1,5.9,23.1,0.6
Kokosmilch,20103644,"['en:plant-based-foods-and-beverages', 'en:plant-based-foods', 'en:canned-foods', 'en:plant-based-creams', 'en:plant-based-creams-for-cooking', 'en:coconut-milks-and-creams']",0,[],[],183.0,18.0,16.4,1.8,1.1,1.6,0.08
Corn Flakes 0% azúcares añadidos,8480000229663,"['en:plant-based-foods-and-beverages', 'en:plant-based-foods', 'en:breakfasts', 'en:cereals-and-potatoes', 'en:cereals-and-their-products', 'en:breakfast-cereals', 'en:flakes', 'en:cereal-flakes', 'en:extruded-cereals', 'en:extruded-flakes', 'en:corn-flakes']",1,[],['en:e306'],373.0,1.1,0.4,0.9,4.4,6.7,1.0
Beurre de cacahouète,4056489424918,"['en:plant-based-foods-and-beverages', 'en:plant-based-foods', 'en:legumes-and-their-products', 'en:spreads', 'en:plant-based-spreads', 'en:oilseed-purees', 'en:legume-butters', 'en:peanut-butters', 'en:crunchy-peanut-butters', 'en:cacahuetes-sucrees']",0,[],[],649.0,55.0,11.9,6.0,6.2,27.3,0.905
Cinnamon & Raisin Bagels,5020364010144,"['en:plant-based-foods-and-beverages', 'en:plant-based-foods', 'en:cereals-and-potatoes', 'en:breads', 'en:special-breads', 'en:bagel-breads']",2,[],"['en:e282', 'en:e300']",272.0,2.12,0.235,10.4,5.18,9.18,0.568
ProActiv,8719200255333,"['en:plant-based-foods-and-beverages', 'en:plant-based-foods', 'en:fats', 'en:spreads', 'en:plant-based-spreads', 'en:salted-spreads', 'en:spreadable-fats', 'en:vegetable-fats', 'en:margarines', 'en:light-margarines']",1,[],"['en:e322', 'en:e322i']",314.0,35.0,7.6,0.5,0.0,0.5,0.8
Soft Pittas Easy to Fill Wholemeal,5010044010144,"['en:plant-based-foods-and-beverages', 'en:plant-based-foods', 'en:cereals-and-potatoes', 'en:breads', 'en:flatbreads', 'en:wholemeal-soft-pitta']",7,[],"['en:e282', 'en:e300', 'en:e415', 'en:e466', 'en:e471', 'en:e481', 'en:e920']",240.0,2.22,0.635,3.97,5.4,11.9,0.905
Oat Granola,5018357804849,"['en:plant-based-foods-and-beverages', 'en:plant-based-foods', 'en:breakfasts', 'en:cereals-and-potatoes', 'en:cereals-and-their-products', 'en:breakfast-cereals', 'en:mueslis']",0,[],[],442.0,16.4,1.7,16.5,5.0,8.7,0.03
Lentilles préparées 1/2,3083680613576,"['en:plant-based-foods-and-beverages', 'en:plant-based-foods', 'en:legumes-and-their-products', 'en:canned-foods', 'en:legumes', 'en:meals', 'en:seeds', 'en:canned-plant-based-foods', 'en:legume-seeds', 'en:pulses', 'en:lentils', 'en:canned-legumes', 'en:canned-seasoned-lentils', 'en:prepared-lentils', 'en:vegetables-prepared-processed-shelf-stable']",1,[],['en:e509'],93.0,0.5,0.1,0.5,3.1,6.6,0.76
Fruit d'Or Oméga 3 Doux - Sans huile de palme - 450g,8719200031449,"['en:plant-based-foods-and-beverages', 'en:plant-based-foods', 'en:fats', 'en:spreads', 'en:plant-based-spreads', 'en:salted-spreads', 'en:spreadable-fats', 'en:vegetable-fats', 'en:margarines', 'en:light-margarines', 'en:salted-margarines']",2,[],"['en:e160', 'en:e330']",450.0,50.0,10.0,0.0,,0.0,0.5
Geeta's Mango Chutney imp,5021185201223,"['en:plant-based-foods-and-beverages', 'en:plant-based-foods', 'en:spreads', 'en:plant-based-spreads', 'en:chutneys', 'en:fruit-chutneys', 'en:mango-chutneys']",1,[],['en:e260'],255.0,0.5,0.1,57.0,0.8,0.8,2.0
Chopped Tomatoes,5057545745946,"['en:plant-based-foods-and-beverages', 'en:plant-based-foods', 'en:fruits-and-vegetables-based-foods', 'en:canned-foods', 'en:vegetables-based-foods', 'en:canned-plant-based-foods', 'en:vegetables', 'en:canned-vegetables', 'en:tomatoes-and-their-products', 'en:tomatoes', 'en:canned-tomatoes']",1,[],['en:e330'],22.0,0.1,0.05,3.8,0.7,1.1,0.0688
Organic Gluten-Free Oat Drink,5060362071709,"['en:beverages-and-beverages-preparations', 'en:plant-based-foods-and-beverages', 'en:beverages', 'en:plant-based-foods', 'en:cereals-and-potatoes', 'en:dairy-substitutes', 'en:cereals-and-their-products', 'en:milk-substitutes', 'en:plant-based-beverages', 'en:plant-based-milk-alternatives', 'en:cereal-based-drinks', 'en:oat-based-drinks']",0,[],[],33.0,0.3,0.1,3.8,0.5,0.6,0.08
Italian Tomato Purée,5000119118615,"['en:plant-based-foods-and-beverages', 'en:plant-based-foods', 'en:fruits-and-vegetables-based-foods', 'en:condiments', 'en:vegetables-based-foods', 'en:sauces', 'en:tomatoes-and-their-products', 'en:tomato-sauces', 'en:tomato-purees', 'en:groceries']",1,[],['en:e330'],84.0,0.3,0.1,14.0,3.1,4.7,0.3925
Special K,5059319029016,"['en:plant-based-foods-and-beverages', 'en:plant-based-foods', 'en:breakfasts', 'en:cereals-and-potatoes', 'en:cereals-and-their-products', 'en:breakfast-cereals', 'en:flakes', 'en:cereal-flakes', 'en:extruded-cereals', 'en:extruded-flakes', 'en:mixed-cereal-flakes']",0,[],[],392.0,1.3,0.3,15.0,6.0,8.0,0.825
Seeded Sourdough Half Bloomer,00363174,"['en:plant-based-foods-and-beverages', 'en:plant-based-foods', 'en:cereals-and-potatoes', 'en:breads']",0,[],[],283.0,5.4,1.1,3.1,3.8,10.7,0.83
Muesli bio chocolat noir,5010477356239,"['en:plant-based-foods-and-beverages', 'en:plant-based-foods', 'en:breakfasts', 'en:cereals-and-potatoes', 'en:cereals-and-their-products', 'en:breakfast-cereals', 'en:chocolate-cereals', 'en:mueslis', 'en:mueslis-with-chocolate']",1,[],"['en:e322', 'en:e322i']",398.0,11.0,3.1,8.9,4.1,9.1,0.03
Nut & fruit mix classic,20005726,"['en:plant-based-foods-and-beverages', 'en:plant-based-foods', 'en:fruits-and-vegetables-based-foods', 'en:snacks', 'en:dried-products', 'en:fruits-based-foods', 'en:dried-plant-based-foods', 'en:dried-fruits', 'en:dried-mixed-fruits', 'en:mix-of-grains-and-dried-fruit', 'en:mix-of-grains-and-raisins', 'en:nuts-with-dried-fruits']",0,[],[],534.0,36.9,4.6,30.9,6.5,13.4,0.02
Fiocchi di avena integrali,20283360,"['en:plant-based-foods-and-beverages', 'en:plant-based-foods', 'en:breakfasts', 'en:cereals-and-potatoes', 'en:cereals-and-their-products', 'en:breakfast-cereals', 'en:flakes', 'en:cereal-flakes', 'en:extruded-flakes', 'en:rolled-flakes', 'en:rolled-oats']",0,[],[],372.0,7.0,1.3,0.7,10.0,13.5,0.03
,6111005210111,"['en:plant-based-foods-and-beverages', 'en:plant-based-foods', 'en:cereals-and-potatoes', 'en:cereals-and-their-products', 'en:cooking-helpers', 'en:starches', 'en:cereal-starches', 'en:corn-starch', 'fr:fleur-de-mais-en-poudre']",0,[],[],350.0,1.0,0.0,0.0,0.0,1.0,0.175
Chickpeas in water,01162622,"['en:plant-based-foods-and-beverages', 'en:plant-based-foods', 'en:legumes-and-their-products', 'en:canned-foods', 'en:legumes', 'en:seeds', 'en:canned-plant-based-foods', 'en:legume-seeds', 'en:pulses', 'en:chickpeas', 'en:canned-legumes', 'en:canned-chickpeas']",1,[],['en:e223'],122.0,1.42,0.167,0.5,6.08,7.67,0.025
Copos de trigo espelta integral 0%,8480000095718,"['en:plant-based-foods-and-beverages', 'en:plant-based-foods', 'en:breakfasts', 'en:cereals-and-potatoes', 'en:cereals-and-their-products', 'en:breakfast-cereals', 'en:flakes', 'en:cereal-flakes']",0,[],[],364.0,2.7,0.2,1.9,8.8,14.6,0.78
Coconut milk,5010338014339,"['en:beverages-and-beverages-preparations', 'en:plant-based-foods-and-beverages', 'en:beverages', 'en:plant-based-foods', 'en:dairy-substitutes', 'en:milk-substitutes', 'en:plant-based-beverages', 'en:plant-based-milk-alternatives', 'en:plant-based-creams', 'en:plant-based-creams-for-cooking', 'en:coconut-milks-and-creams']",3,[],"['en:e330', 'en:e435', 'en:e466']",143.0,15.0,12.0,1.4,,0.6,0.1475
Nesquik Cereal,7613287366665,"['en:plant-based-foods-and-beverages', 'en:plant-based-foods', 'en:breakfasts', 'en:cereals-and-potatoes', 'en:cereals-and-their-products', 'en:cocoa-and-its-products', 'en:breakfast-cereals', 'en:chocolate-cereals', 'en:cocoa-and-chocolate-powders', 'en:diet-chocolate-breakfast-cereals']",1,[],"['en:e500', 'en:e500ii']",373.0,3.0,0.9,22.4,,8.4,0.45
Beau & bon pain de mie complet lin tournesol 320g,3228857001101,"['en:plant-based-foods-and-beverages', 'en:plant-based-foods', 'en:cereals-and-potatoes', 'en:frozen-foods', 'en:breads', 'en:sliced-breads', 'en:frozen-breads', 'en:wholemeal-breads', 'en:wholemeal-sliced-breads']",0,[],[],303.0,9.0,1.0,3.5,7.0,11.0,0.9
No Added Sugar Muesli imp,5010029219326,"['en:plant-based-foods-and-beverages', 'en:plant-based-foods', 'en:breakfasts', 'en:cereals-and-potatoes', 'en:cereals-and-their-products', 'en:breakfast-cereals', 'en:cereals-with-fruits', 'en:mueslis', 'en:mueslis-with-fruits']",0,[],[],369.0,5.8,0.405,16.0,8.3,12.0,0.275
Cheese & Onion Flavour Potato Crisps,51000005,"['en:plant-based-foods-and-beverages', 'en:plant-based-foods', 'en:snacks', 'en:cereals-and-potatoes', 'en:salty-snacks', 'en:appetizers', 'en:chips-and-fries', 'en:crisps', 'en:potato-crisps', 'en:flavoured-potato-crisps', 'en:cheese-and-onion-crisps']",6,[],"['en:e160b', 'en:e160bi', 'en:e160c', 'en:e296', 'en:e306', 'en:e330', 'en:e392']",512.0,29.6,2.4,2.8,4.0,6.8,1.14
Farmhouse Soft Bread,5010044002378,"['en:plant-based-foods-and-beverages', 'en:plant-based-foods', 'en:cereals-and-potatoes', 'en:cereals-and-their-products', 'en:breads', 'en:sliced-breads', 'en:white-breads']",5,[],"['en:e282', 'en:e300', 'en:e471', 'en:e481', 'en:e920']",244.0,2.58,0.468,2.11,2.34,8.9,0.966
Dark Chocolate Nuts & Sea Salt Bars,5000159535267,"['en:plant-based-foods-and-beverages', 'en:plant-based-foods', 'en:snacks', 'en:sweet-snacks', 'en:cocoa-and-its-products', 'en:confectioneries', 'en:nuts-and-their-products', 'en:chocolate-candies', 'en:bars', 'en:nut-bars']",1,[],"['en:e322', 'en:e322i']",523.0,37.0,7.67,17.0,13.0,17.0,0.75
Organic Almond milk,5060362071594,"['en:plant-based-foods-and-beverages', 'en:beverages', 'en:plant-based-foods', 'en:dairy-substitutes', 'en:milk-substitutes', 'en:nuts-and-their-products', 'en:plant-based-beverages', 'en:plant-based-milk-alternatives', 'en:nut-based-drinks', 'en:almond-based-drinks']",0,[],[],26.0,2.2,0.2,0.2,0.4,0.9,0.0975
Mediterranean Falafel,5036829756328,"['en:plant-based-foods-and-beverages', 'en:plant-based-foods', 'en:meals', 'en:meat-alternatives', 'en:refrigerated-foods', 'en:plant-based-meals', 'en:refrigerated-plant-based-foods', 'en:vegetarian-balls', 'en:falafels', 'en:refrigerated-falafel']",1,[],"['en:e500', 'en:e500ii']",264.0,16.0,1.0,3.5,7.1,7.6,1.4
Durum wheat flatbreads,5060198645617,"['en:plant-based-foods-and-beverages', 'en:plant-based-foods', 'en:cereals-and-potatoes', 'en:breads', 'en:flatbreads', 'en:white-breads', 'en:wheat-breads', 'en:wheat-flatbreads']",0,[],[],299.0,7.9,1.2,2.4,2.0,8.9,1.475
Café moulu pur arabica des petits producteurs,3187570015447,"['en:plant-based-foods-and-beverages', 'en:beverages', 'en:plant-based-foods', 'en:hot-beverages', 'en:coffees', 'en:arabica-coffees', 'en:ground-coffees', 'en:arabica-ground-coffees']",0,[],[],0.0,0.02,0.0,0.0,0.0,0.12,0.0
Pan de Molde Clásico,8008698005576,"['en:plant-based-foods-and-beverages', 'en:plant-based-foods', 'en:cereals-and-potatoes', 'en:specific-products', 'en:products-for-specific-diets', 'en:breads', 'en:products-without-gluten', 'en:gluten-free-breads', 'en:sliced-breads']",1,[],['en:e464'],232.0,3.6,0.4,3.2,8.0,3.6,0.98
Jemné ovesné vločky,4056489195917,"['en:plant-based-foods-and-beverages', 'en:plant-based-foods', 'en:breakfasts', 'en:cereals-and-potatoes', 'en:cereals-and-their-products', 'en:breakfast-cereals', 'en:flakes', 'en:cereal-flakes', 'en:rolled-flakes', 'en:rolled-oats']",0,[],[],372.0,5.7,1.0,0.7,8.5,14.0,0.0
Alpro Not Milk,5411188134985,"['en:beverages-and-beverages-preparations', 'en:plant-based-foods-and-beverages', 'en:beverages', 'en:plant-based-foods', 'en:cereals-and-potatoes', 'en:dairy-substitutes', 'en:cereals-and-their-products', 'en:milk-substitutes', 'en:plant-based-beverages', 'en:plant-based-milk-alternatives', 'en:cereal-based-drinks', 'en:oat-based-drinks', 'en:getreide-und-kartoffeln', 'en:getreidemilch', 'en:getreideprodukte', 'en:getranke', 'en:getranke-und-getrankezubereitungen', 'en:hafermilch', 'en:milchersatz', 'en:pflanzenmilch', 'en:pflanzliche-getranke', 'en:pflanzliche-lebensmittel', 'en:pflanzliche-lebensmittel-und-getranke']",2,[],"['en:e340', 'en:e418']",59.0,3.5,0.4,0.0,1.0,0.7,0.12
Organic Vegan Block,5701977000097,"['en:plant-based-foods-and-beverages', 'en:plant-based-foods', 'en:fats', 'en:spreads', 'en:plant-based-spreads', 'en:vegetable-fats', 'en:shea-butter', 'de:margerine', 'de:vegan-bloc', 'en:vegan-butter']",0,[],[],665.0,75.0,39.0,0.5,,0.5,1.18
Baked Beans in tomato sauce,01208610,"['en:plant-based-foods-and-beverages', 'en:plant-based-foods', 'en:prepared-vegetables', 'en:baked-beans-in-tomato-sauce']",0,[],[],90.0,0.5,0.1,4.7,6.8,5.3,0.47
Huile d'olive,3178050000749,"['en:plant-based-foods-and-beverages', 'en:plant-based-foods', 'en:fats', 'en:vegetable-fats', 'en:olive-tree-products', 'en:vegetable-oils', 'en:olive-oils', 'en:extra-virgin-olive-oils', 'en:virgin-olive-oils']",0,[],[],900.0,100.0,15.0,0.0,,0.0,0.0
10 Tortillas Trigo,8480000808592,"['en:plant-based-foods-and-beverages', 'en:plant-based-foods', 'en:cereals-and-potatoes', 'en:breads', 'en:flatbreads', 'en:white-breads', 'en:wheat-breads', 'en:wheat-flatbreads']",8,[],"['en:e202', 'en:e282', 'en:e296', 'en:e415', 'en:e422', 'en:e471', 'en:e500', 'en:e500ii', 'en:e920']",294.0,5.83,1.94,1.67,4.44,8.33,1.6
Pain de mie Bio grandes tranches complet sans sucres ajoutés 500g,3760049798869,"['en:plant-based-foods-and-beverages', 'en:plant-based-foods', 'en:cereals-and-potatoes', 'en:breads', 'en:sliced-breads', 'en:wholemeal-breads', 'en:wholemeal-sliced-breads']",1,[],['en:e300'],252.0,5.1,0.5,1.9,6.9,10.0,0.99
Pain de mie grandes tranches Avoine & Graines 500g,3760049798845,"['en:plant-based-foods-and-beverages', 'en:plant-based-foods', 'en:cereals-and-potatoes', 'en:breads', 'en:sliced-breads', 'en:multigrain-sliced-breads', 'fr:pain-de-mie-a-la-farine-d-avoine', 'fr:pain-de-mie-a-la-farine-de-ble']",2,[],"['en:e282', 'en:e300']",274.0,9.1,1.0,2.2,6.0,12.0,0.93
Organic Bread 21 Whole Grains and Seeds,0013764027053,"['en:plant-based-foods-and-beverages', 'en:plant-based-foods', 'en:cereals-and-potatoes', 'en:cereals-and-their-products', 'en:breads', 'en:sliced-breads', 'en:multigrain-sliced-breads']",0,[],[],244.0,0.0,0.0,8.89,8.89,13.3,0.944
Confiture de fraise,6111184001180,"['en:plant-based-foods-and-beverages', 'en:plant-based-foods', 'en:fruits-and-vegetables-based-foods', 'en:breakfasts', 'en:spreads', 'en:fruits-based-foods', 'en:plant-based-spreads', 'en:sweet-spreads', 'en:fruit-and-vegetable-preserves', 'en:jams', 'en:berry-jams', 'en:strawberry-jams']",2,[],"['en:e330', 'en:e440']",248.0,0.16,0.0,60.0,,0.47,0.0575
Céréales Miel Pops,5053827110983,"['en:plant-based-foods-and-beverages', 'en:plant-based-foods', 'en:breakfasts', 'en:cereals-and-potatoes', 'en:cereals-and-their-products', 'en:breakfast-cereals', 'en:extruded-cereals', 'en:honey-cereal-balls', 'en:cereals-with-honey']",1,[],['en:e160'],384.0,1.5,0.1,22.0,4.6,5.2,0.4
Tofu nature,3229820762692,"['en:plant-based-foods-and-beverages', 'en:plant-based-foods', 'en:legumes-and-their-products', 'en:meat-alternatives', 'en:tofu', 'en:plain-tofu']",0,[],[],157.0,9.3,1.5,0.5,0.7,16.0,0.01
Aubergines cuisinées à la Provençal,3083681093926,"['en:plant-based-foods-and-beverages', 'en:plant-based-foods', 'en:fruits-and-vegetables-based-foods', 'en:vegetable-based-foods-and-beverages', 'en:canned-foods', 'en:meals', 'en:vegetables-based-foods', 'en:vegetables', 'en:prepared-vegetables', 'en:canned-meals', 'en:plant-based-meals', 'en:prepared-eggplants', 'en:aubergines', 'en:riste-with-eggplant-and-tomatoes-and-onions', 'fr:aubergines-a-la-provencale', 'en:vegetables-prepared-processed-shelf-stable']",0,[],[],83.0,5.2,0.6,5.6,2.2,1.2,0.76
Cashew-Cranberry-Mix,20815400,"['en:plant-based-foods-and-beverages', 'en:plant-based-foods', 'en:fruits-and-vegetables-based-foods', 'en:snacks', 'en:fruits-based-foods', 'en:dried-products', 'en:dried-plant-based-foods', 'en:dried-fruits', 'en:mix-of-grains-and-dried-fruit', 'en:mix-of-grains-and-raisins', 'en:mixed-dried-fruits', 'en:mixed-nuts-and-dried-fruits']",0,[],[],471.0,24.0,4.2,38.8,5.3,10.4,0.02
Pain Grillé l'Original,3182180002436,"['en:plant-based-foods-and-beverages', 'en:plant-based-foods', 'en:cereals-and-potatoes', 'en:cereals-and-their-products', 'en:breads', 'en:toasts', 'fr:b']",1,[],['en:e300'],388.0,3.5,0.4,4.1,4.3,11.0,1.3
HERTA TARTE EN OR Pâte Feuilletée 230g,3154230600183,"['en:plant-based-foods-and-beverages', 'en:plant-based-foods', 'en:cereals-and-potatoes', 'en:cereals-and-their-products', 'en:cooking-helpers', 'en:pie-dough', 'en:baking-mixes', 'en:puff-pastry-sheets', 'en:frozen-baking-mixes', 'en:puff-pastry-with-vegetable-fat', 'en:refrigerated-baking-mixes']",0,[],[],383.1,20.0,9.2,1.9,1.4,6.5,1.2
Wheat Biscuits malty & crispy,5000119117342,"['en:plant-based-foods-and-beverages', 'en:plant-based-foods', 'en:breakfasts', 'en:cereals-and-potatoes', 'en:cereals-and-their-products', 'en:breakfast-cereals', 'en:breakfast-cereals-rich-in-fibre', 'en:wheat-biscuits']",0,[],[],358.0,2.0,0.6,4.4,10.0,12.0,0.3
Pan de molde natural trigo espelta 100% integral,8480000864673,"['en:plant-based-foods-and-beverages', 'en:plant-based-foods', 'en:cereals-and-potatoes', 'en:cereals-and-their-products', 'en:breads', 'en:sliced-breads', 'en:wholemeal-breads', 'en:wholemeal-sliced-breads']",0,[],[],240.0,4.1,0.8,3.7,7.4,12.0,1.1
Sourdough  bagels,5099077004306,"['en:plant-based-foods-and-beverages', 'en:plant-based-foods', 'en:cereals-and-potatoes', 'en:breads', 'en:special-breads', 'en:bagel-breads']",3,[],"['en:e200', 'en:e282', 'en:e300']",277.0,3.05,0.38,6.24,4.13,10.1,1.11
Galette de mais,3229820794648,"['en:plant-based-foods-and-beverages', 'en:plant-based-foods', 'en:cereals-and-potatoes', 'en:cereals-and-their-products', 'en:puffed-cereal-cakes', 'en:puffed-corn-cakes']",0,[],[],381.0,4.0,0.5,0.8,6.2,9.2,0.3
Soja nature sans sucre ajouté bio,3229820019604,"['en:beverages-and-beverages-preparations', 'en:plant-based-foods-and-beverages', 'en:beverages', 'en:plant-based-foods', 'en:legumes-and-their-products', 'en:dairy-substitutes', 'en:milk-substitutes', 'en:plant-based-beverages', 'en:plant-based-milk-alternatives', 'en:legume-based-drinks', 'en:soy-based-drinks', 'en:unsweetened-plain-soy-based-drinks']",0,[],[],43.0,2.6,0.6,0.5,0.5,3.9,0.03
Lentilles Cuisinées à l'Auvergnate,3021690201123,"['en:plant-based-foods-and-beverages', 'en:plant-based-foods', 'en:legumes-and-their-products', 'en:legumes', 'en:seeds', 'en:legume-seeds', 'en:meals', 'en:pulses', 'en:lentils', 'en:prepared-lentils']",1,[],['en:e509'],110.0,3.6,1.4,1.2,3.6,6.6,0.8
Tresor - Choco Nut,5053827199568,"['en:plant-based-foods-and-beverages', 'en:plant-based-foods', 'en:breakfasts', 'en:cereals-and-potatoes', 'en:cereals-and-their-products', 'en:breakfast-cereals', 'en:chocolate-cereals', 'en:extruded-cereals', 'en:filled-cereals']",3,[],"['en:e160b', 'en:e304', 'en:e304i', 'en:e307']",453.0,15.0,3.8,26.0,3.7,6.6,0.94
Pastasaus m/Basilikum,8005110517006,"['en:plant-based-foods-and-beverages', 'en:plant-based-foods', 'en:fruits-and-vegetables-based-foods', 'en:condiments', 'en:vegetables-based-foods', 'en:cooking-helpers', 'en:sauces', 'en:tomatoes-and-their-products', 'en:meal-sauces', 'en:pasta-sauces', 'en:tomato-sauces', 'en:tomato-sauces-with-basil']",0,[],[],56.0,2.8,0.5,4.5,,1.6,0.81
Granola Sante Czekoladowa,5900617002983,"['en:plant-based-foods-and-beverages', 'en:plant-based-foods', 'en:breakfasts', 'en:cereals-and-potatoes', 'en:cereals-and-their-products', 'en:breakfast-cereals', 'en:chocolate-cereals', 'en:mueslis', 'en:mueslis-with-chocolate']",2,[],"['en:e322', 'en:e322i', 'en:e500']",454.54545454545,16.363636363636,3.6363636363636,21.818181818182,7.2727272727273,9.0909090909091,0.54545454545455
Farmhouse Super Seeded Loaf,5057545928769,"['en:plant-based-foods-and-beverages', 'en:plant-based-foods', 'en:cereals-and-potatoes', 'en:breads', 'en:sliced-breads', 'en:multigrain-sliced-breads']",4,[],"['en:e282', 'en:e300', 'en:e471', 'en:e472e']",294.0,9.6,1.2,4.9,5.8,11.2,0.9
Smooth Peanut Butter,5060367181274,"['en:plant-based-foods-and-beverages', 'en:plant-based-foods', 'en:legumes-and-their-products', 'en:spreads', 'en:nuts-and-their-products', 'en:plant-based-spreads', 'en:oilseed-purees', 'en:legume-butters', 'en:nut-butters', 'en:peanut-butters']",0,[],[],593.0,49.0,5.9,5.7,8.8,27.0,0.4425
Fakiat Barbeque,6111242040991,"['en:plant-based-foods-and-beverages', 'en:plant-based-foods', 'en:snacks', 'en:cereals-and-potatoes', 'en:salty-snacks', 'en:seeds', 'en:appetizers', 'en:cereals-and-their-products', 'en:chips-and-fries', 'en:cereal-grains', 'en:crisps', 'en:potato-crisps', 'en:corn', 'en:flavoured-potato-crisps', 'en:barbecue-crisps']",2,[],"['en:e621', 'en:e635']",512.0,25.0,11.2,0.5,6.2,8.0,1.1
Germe de blé,3175681110106,"['en:plant-based-foods-and-beverages', 'en:plant-based-foods', 'en:cereals-and-potatoes', 'en:cereals-and-their-products', 'en:cereal-germs', 'en:wheat-germ']",0,[],[],374.0,9.6,1.7,14.0,14.0,30.0,0.02
Beurre de Cacahuètes Extra-Crunchy,0037600106412,"['en:plant-based-foods-and-beverages', 'en:plant-based-foods', 'en:legumes-and-their-products', 'en:breakfasts', 'en:spreads', 'en:nuts-and-their-products', 'en:plant-based-spreads', 'en:sweet-spreads', 'en:oilseed-purees', 'en:legume-butters', 'fr:pates-a-tartiner', 'en:nut-butters', 'en:peanut-butters']",0,[],[],603.0,43.9,9.3,10.3,7.9,27.5,0.82
Krisprolls - Wholegrain Complets,7311071330815,"['en:plant-based-foods-and-beverages', 'en:plant-based-foods', 'en:cereals-and-potatoes', 'en:breads', 'en:toasts', 'en:crispbreads', 'en:toasted-bread-rolls']",0,[],[],397.0,6.2,2.1,7.0,7.7,12.0,1.6
pringles hot & spicy,5053990101542,"['en:plant-based-foods-and-beverages', 'en:plant-based-foods', 'en:snacks', 'en:cereals-and-potatoes', 'en:salty-snacks', 'en:appetizers', 'en:chips-and-fries', 'en:crisps', 'en:potato-crisps', 'en:salty-snacks-made-from-potato']",3,[],"['en:e270', 'en:e627', 'en:e631']",503.0,32.0,3.5,3.0,2.6,4.3,1.6002
Lustucru gnocchi a poêler format xxl 720g,3240931548135,"['en:plant-based-foods-and-beverages', 'en:plant-based-foods', 'en:cereals-and-potatoes', 'en:cereals-and-their-products', 'en:frozen-foods', 'en:gnocchi', 'en:gnocchi-of-durum-wheat-semolina', 'en:potato-gnocchi']",0,[],[],190.0,2.7,0.3,1.5,2.6,5.0,1.1
Aicha Double Concentré De Tomates 140 G,6111021022002,"['en:plant-based-foods-and-beverages', 'en:plant-based-foods', 'en:fruits-and-vegetables-based-foods', 'en:vegetables-based-foods', 'en:tomatoes-and-their-products', 'en:tomato-pastes']",0,[],[],117.0,0.4,0.0,9.0,3.0,4.6,0.5
Seabrook sea salt,5016451062110,"['en:plant-based-foods-and-beverages', 'en:plant-based-foods', 'en:snacks', 'en:cereals-and-potatoes', 'en:salty-snacks', 'en:appetizers', 'en:chips-and-fries', 'en:crisps', 'en:potato-crisps', 'en:potato-crisps-in-sunflower-oil']",0,[],[],516.0,30.4,2.7,0.2,,5.9,1.3
Semi Oat Drink,7394376665028,"['en:beverages-and-beverages-preparations', 'en:plant-based-foods-and-beverages', 'en:beverages', 'en:plant-based-foods', 'en:cereals-and-potatoes', 'en:dairy-substitutes', 'en:cereals-and-their-products', 'en:milk-substitutes', 'en:plant-based-beverages', 'en:plant-based-milk-alternatives', 'en:cereal-based-drinks', 'en:oat-based-drinks']",1,[],"['en:e340', 'en:e340ii']",48.0,1.5,0.2,3.4,0.8,1.0,0.1
Low Sugar Granola Original,4056489159506,"['en:plant-based-foods-and-beverages', 'en:plant-based-foods', 'en:breakfasts', 'en:cereals-and-potatoes', 'en:cereals-and-their-products', 'en:breakfast-cereals', 'en:mueslis']",0,[],[],521.0,23.7,3.3,3.0,7.6,13.7,0.03
Yankee,0016843697000,"['en:plant-based-foods-and-beverages', 'en:plant-based-foods', 'en:legumes-and-their-products', 'en:legumes', 'en:nuts-and-their-products', 'en:nuts', 'en:roasted-nuts', 'en:peanuts', 'en:roasted-peanuts']",0,[],[],571.42,50.0,7.14,3.57,7.14,25.0,1.975
Céréales Extra Pépites Chocolat Noisettes,3159470005071,"['en:plant-based-foods-and-beverages', 'en:plant-based-foods', 'en:breakfasts', 'en:cereals-and-potatoes', 'en:cereals-and-their-products', 'en:breakfast-cereals', 'en:chocolate-cereals', 'en:crunchy-cereal-clusters', 'en:cereal-clusters-with-chocolate', 'en:aliments-d-origine-vegetale', 'en:aliments-et-boissons-a-base-de-vegetaux', 'en:cereales-au-chocolat', 'en:cereales-et-derives', 'en:cereales-et-pommes-de-terre', 'en:cereales-pour-petit-dejeuner', 'en:petit-dejeuners', 'en:pepites-de-cereales-au-chocolat', 'en:pepites-de-cereales-croustillantes']",1,[],"['en:e322', 'en:e322i']",497.0,25.0,12.0,21.0,5.8,8.0,0.68
Tartines craquantes au sarrasin,3380380047749,"['en:plant-based-foods-and-beverages', 'en:plant-based-foods', 'en:snacks', 'en:cereals-and-potatoes', 'en:extruded-crispbreads']",0,[],[],386.0,2.86,0.0,2.86,4.29,12.9,0.671
galettes riz chocolat noir,20116705,"['en:plant-based-foods-and-beverages', 'en:plant-based-foods', 'en:cereals-and-potatoes', 'en:cereals-and-their-products', 'en:crepes-and-galettes', 'en:puffed-cereal-cakes', 'en:galettes', 'en:puffed-rice-cakes', 'en:puffed-rice-cakes-with-black-chocolate']",1,[],['en:e322'],494.0,22.0,13.0,32.0,2.6,6.6,0.1675
Huile d'olive vierge extra,8410179009391,"['en:plant-based-foods-and-beverages', 'en:plant-based-foods', 'en:fats', 'en:vegetable-fats', 'en:olive-tree-products', 'en:vegetable-oils', 'en:olive-oils', 'en:extra-virgin-olive-oils', 'en:virgin-olive-oils']",0,[],[],900.0,100.0,16.0,0.0,0.0,0.0,0.0
Crispy Fried Onions,20173074,"['en:plant-based-foods-and-beverages', 'en:plant-based-foods', 'en:fruits-and-vegetables-based-foods', 'en:vegetables-based-foods', 'en:onions-and-their-products', 'en:fried-onions', 'en:dried-fried-onions']",0,[],[],590.0,44.0,21.0,9.0,5.0,6.0,1.18
Crema de cacahuete 100% crunchy,8480000228369,"['en:plant-based-foods-and-beverages', 'en:plant-based-foods', 'en:legumes-and-their-products', 'en:spreads', 'en:nuts-and-their-products', 'en:plant-based-spreads', 'en:nuts', 'en:oilseed-purees', 'en:legume-butters', 'en:nut-butters', 'en:peanut-butters', 'en:crunchy-peanut-butters']",0,[],[],608.0,47.0,6.6,5.4,8.2,30.0,0.0
Lasagne all'uovo,8076800376999,"['en:plant-based-foods-and-beverages', 'en:plant-based-foods', 'en:cereals-and-potatoes', 'en:cereals-and-their-products', 'en:pastas', 'en:cereal-pastas', 'en:dry-pastas', 'en:durum-wheat-pasta', 'en:egg-pastas', 'en:dry-egg-pastas', 'en:lasagna-sheets', 'fr:lasagnes-a-garnir-aux-oeufs']",0,[],[],368.0,4.0,1.0,3.0,3.0,14.0,0.08
Flocons d'avoine,3229820796857,"['en:plant-based-foods-and-beverages', 'en:plant-based-foods', 'en:breakfasts', 'en:cereals-and-potatoes', 'en:cereals-and-their-products', 'en:breakfast-cereals', 'en:flakes', 'en:cereal-flakes', 'en:rolled-flakes', 'en:rolled-oats']",0,[],[],363.333333333333,8.0,1.0,0.0,11.0,10.8333333333333,0.0833333333333333
shredded wheat,7613287170989,"['en:plant-based-foods-and-beverages', 'en:plant-based-foods', 'en:breakfasts', 'en:cereals-and-potatoes', 'en:cereals-and-their-products', 'en:breakfast-cereals', 'en:extruded-cereals']",0,[],[],367.0,2.2,0.5,0.7,12.5,11.8,0.05
Tortitas de arroz y legumbres,8480000864833,"['en:plant-based-foods-and-beverages', 'en:plant-based-foods', 'en:cereals-and-potatoes', 'en:cereals-and-their-products', 'en:puffed-cereal-cakes', 'en:puffed-rice-cakes']",0,[],[],366.0,3.3,0.696,1.83,8.06,24.9,1.7
Tesco Houmous,10065891,"['en:plant-based-foods-and-beverages', 'en:plant-based-foods', 'en:condiments', 'en:spreads', 'en:plant-based-spreads', 'en:salted-spreads', 'en:sauces', 'en:dips', 'en:hummus']",0,[],[],230.0,16.6,1.6,0.6,4.3,6.1,0.9
White Bread wraps,5022824240061,"['en:plant-based-foods-and-beverages', 'en:plant-based-foods', 'en:cereals-and-potatoes', 'en:sandwiches', 'en:breads', 'en:wraps', 'en:white-breads', 'en:wheat-breads']",1,[],['en:e282'],225.0,0.9,0.3,1.3,2.5,5.9,0.5
Hille,6111024004753,"['en:plant-based-foods-and-beverages', 'en:plant-based-foods', 'en:fats', 'en:vegetable-fats', 'en:olive-tree-products', 'en:vegetable-oils', 'en:olive-oils', 'en:extra-virgin-olive-oils', 'en:virgin-olive-oils']",0,[],[],900.0,100.0,16.8,0.0,,0.0,0.0
Muesli Bio Superfruits,5010477354051,"['en:plant-based-foods-and-beverages', 'en:plant-based-foods', 'en:breakfasts', 'en:cereals-and-potatoes', 'en:cereals-and-their-products', 'en:breakfast-cereals', 'en:cereals-with-fruits', 'en:mueslis', 'en:mueslis-with-fruits']",0,[],[],360.0,5.5,1.0,10.2,9.4,11.2,0.03
Biscottes Pleine vie Sans sel ajouté,3392460481114,"['en:plant-based-foods-and-beverages', 'en:plant-based-foods', 'en:cereals-and-potatoes', 'en:specific-products', 'en:products-for-specific-diets', 'en:breads', 'en:products-with-reduced-salt', 'en:rusks', 'en:rusks-without-salt']",1,[],['en:e300'],407.0,6.1,2.7,4.8,3.7,12.0,0.01
ST HUBERT OMEGA 3 doux 255G,3366321051549,"['en:plant-based-foods-and-beverages', 'en:plant-based-foods', 'en:fats', 'en:spreads', 'en:plant-based-spreads', 'en:salted-spreads', 'en:spreadable-fats', 'en:vegetable-fats', 'en:margarines', 'en:light-margarines']",2,[],"['en:e160a', 'en:e160ai', 'en:e322', 'en:e322i']",468.0,52.0,15.0,0.0,,0.0,0.42
Pain de mie extra-moelleux nature,4056489007166,"['en:plant-based-foods-and-beverages', 'en:plant-based-foods', 'en:cereals-and-potatoes', 'en:cereals-and-their-products', 'en:breads', 'en:sliced-breads']",1,[],['en:e262'],284.0,4.4,0.4,3.6,2.8,8.4,0.9
Tortellini ricotta & épinards,8001665714372,"['en:plant-based-foods-and-beverages', 'en:plant-based-foods', 'en:meals', 'en:pasta-dishes', 'en:pastas', 'en:stuffed-pastas', 'en:fresh-pasta', 'en:tortellini', 'en:fresh-pasta-stuffed-with-cheese-and-vegetables']",0,[],[],257.0,7.8,2.5,5.6,5.5,9.0,1.1
Buttery Taste,5055940101145,"['en:plant-based-foods-and-beverages', 'en:plant-based-foods', 'en:fats', 'en:spreads', 'en:plant-based-spreads', 'en:spreadable-fats', 'en:vegetable-fats', 'en:margarines']",4,[],"['en:e160a', 'en:e322', 'en:e322i', 'en:e330', 'en:e471']",537.0,59.0,11.0,0.8,,0.5,1.0
Bebida de avena 0% azúcar,8402001014581,"['en:beverages-and-beverages-preparations', 'en:plant-based-foods-and-beverages', 'en:beverages', 'en:plant-based-foods', 'en:cereals-and-potatoes', 'en:dairy-substitutes', 'en:cereals-and-their-products', 'en:milk-substitutes', 'en:plant-based-beverages', 'en:plant-based-milk-alternatives', 'en:cereal-based-drinks', 'en:oat-based-drinks']",1,[],['en:e418'],35.0,1.4,0.2,0.0,0.5,0.7,0.1
Pain AMS 7 céréales,3228850000262,"['en:plant-based-foods-and-beverages', 'en:plant-based-foods', 'en:cereals-and-potatoes', 'en:breads', 'en:sliced-breads', 'en:multigrain-sliced-breads']",0,[],[],282.0,6.8,0.7,5.0,6.5,10.7,1.13
Corn Flakes,8410188012092,"['en:plant-based-foods-and-beverages', 'en:plant-based-foods', 'en:breakfasts', 'en:cereals-and-potatoes', 'en:cereals-and-their-products', 'en:breakfast-cereals', 'en:flakes', 'en:cereal-flakes', 'en:extruded-cereals', 'en:extruded-flakes', 'en:corn-flakes']",0,[],[],378.0,0.9,0.2,8.0,3.0,7.0,1.1
Blé tendre cuisson 10 min Ebly 500 g,3487400000392,"['en:plant-based-foods-and-beverages', 'en:plant-based-foods', 'en:cereals-and-potatoes', 'en:seeds', 'en:cereals-and-their-products', 'en:cereal-grains', 'en:cereal-semolinas', 'en:wheat-semolinas', 'en:durum-wheat-semolinas', 'en:wheats', 'en:durum-wheats', 'en:pre-cooked-whole-wheat', 'fr:bles-durs-precuits']",0,[],[],135.0,0.5,0.1,0.5,2.2,4.7,0.0
Croustillant 3 noix,3229820797861,"['en:plant-based-foods-and-beverages', 'en:plant-based-foods', 'en:breakfasts', 'en:cereals-and-potatoes', 'en:cereals-and-their-products', 'en:breakfast-cereals', 'en:mueslis', 'en:breakfast-cereals-rich-in-fibre', 'en:cereals-with-nuts', 'en:crunchy-cereal-clusters', 'en:cereal-clusters-with-nuts']",2,[],"['en:e306', 'en:e414']",441.0,17.0,2.1,14.0,9.9,11.0,0.02
Granola baja en azúcares,8480000094742,"['en:plant-based-foods-and-beverages', 'en:plant-based-foods', 'en:breakfasts', 'en:cereals-and-potatoes', 'en:cereals-and-their-products', 'en:breakfast-cereals', 'en:mueslis']",0,[],[],477.0,22.7,3.5,4.7,8.5,13.6,0.02
Jumbo Rolled Oats,5000108030904,"['en:plant-based-foods-and-beverages', 'en:plant-based-foods', 'en:breakfasts', 'en:cereals-and-potatoes', 'en:cereals-and-their-products', 'en:breakfast-cereals', 'en:flakes', 'en:cereal-flakes', 'en:rolled-flakes', 'en:porridge', 'en:rolled-oats']",0,[],[],375.0,8.0,1.5,1.0,9.0,11.0,0.0
Tofoo Naked Xl,5034467000650,"['en:plant-based-foods-and-beverages', 'en:plant-based-foods', 'en:legumes-and-their-products', 'en:meat-alternatives', 'en:tofu']",0,[],[],206.0,11.1,1.71,0.143,2.71,23.6,0.0857
Organic Oat drink,5060362071051,"['en:plant-based-foods-and-beverages', 'en:beverages', 'en:plant-based-foods', 'en:cereals-and-potatoes', 'en:dairy-substitutes', 'en:cereals-and-their-products', 'en:milk-substitutes', 'en:plant-based-beverages', 'en:plant-based-milk-alternatives', 'en:cereal-based-drinks', 'en:oat-based-drinks']",0,[],[],33.0,0.3,0.1,3.8,0.5,0.6,0.08
Oleor,6111024001288,"['en:plant-based-foods-and-beverages', 'en:plant-based-foods', 'en:legumes-and-their-products', 'en:fats', 'en:vegetable-fats', 'en:vegetable-oils', 'en:legume-oils', 'en:soybean-oils']",0,[],[],900.0,100.0,14.6,0.0,,0.0,0.0
540093179616,5410093179616,"['en:plant-based-foods-and-beverages', 'en:plant-based-foods', 'en:fats', 'en:spreads', 'en:plant-based-spreads', 'en:spreadable-fats', 'en:vegetable-fats', 'en:margarines', 'en:light-margarines']",1,[],['en:e202'],532.0,59.0,14.0,0.5,,0.5,0.5
Les Tranches Végé Haricots Blancs,3302740087103,"['en:plant-based-foods-and-beverages', 'en:plant-based-foods', 'en:legumes-and-their-products', 'en:legumes', 'en:seeds', 'en:legume-seeds']",1,[],['en:e150a'],135.0,6.0,0.4,0.5,4.2,8.1,1.8
Confiture fraise -30% de sucres,3045320008401,"['en:plant-based-foods-and-beverages', 'en:plant-based-foods', 'en:fruits-and-vegetables-based-foods', 'en:breakfasts', 'en:spreads', 'en:fruits-based-foods', 'en:plant-based-spreads', 'en:sweet-spreads', 'en:fruit-and-vegetable-preserves', 'en:jams', 'en:berry-jams', 'en:low-sugar-fruit-jam', 'en:strawberry-jams']",1,[],['en:e440'],164.0,0.1,0.0,40.0,1.1,0.3,0.0
Tesco No Added Sugar or Salt Swiss Style Muesli,5052003786561,"['en:plant-based-foods-and-beverages', 'en:plant-based-foods', 'en:breakfasts', 'en:cereals-and-potatoes', 'en:cereals-and-their-products', 'en:breakfast-cereals', 'en:mueslis']",0,[],[],362.0,4.2,0.8,13.3,8.5,10.5,0.03
Jalapeño Ramona's Heavenly Houmous,5060228323980,"['en:plant-based-foods-and-beverages', 'en:plant-based-foods', 'en:condiments', 'en:spreads', 'en:plant-based-spreads', 'en:salted-spreads', 'en:sauces', 'en:dips', 'en:hummus']",3,[],"['en:e202', 'en:e330', 'en:e509']",262.0,20.7,1.7,0.7,4.9,6.2,1.1
High Protein Granola Honey & Seed,4056489239956,"['en:plant-based-foods-and-beverages', 'en:plant-based-foods', 'en:breakfasts', 'en:cereals-and-potatoes', 'en:cereals-and-their-products', 'en:breakfast-cereals', 'en:mueslis', 'en:cereals-with-honey']",0,[],[],436.0,16.0,2.67,17.3,5.56,24.9,0.00156
tartine vital 400g,6111203005021,"['en:plant-based-foods-and-beverages', 'en:plant-based-foods', 'en:fats', 'en:spreads', 'en:plant-based-spreads', 'en:salted-spreads', 'en:vegetable-fats', 'en:spreadable-fats', 'en:margarines', 'en:light-margarines']",0,[],[],514.0,0.0,0.0,0.0,512.0,0.5,0.0
Original Salted Peanuts,5000237127261,"['en:plant-based-foods-and-beverages', 'en:plant-based-foods', 'en:legumes-and-their-products', 'en:legumes', 'en:nuts-and-their-products', 'en:nuts', 'en:peanuts']",0,[],[],615.0,51.0,8.1,5.1,8.5,30.0,1.18
Wholemeal Seeded Farmhouse Loaf,20511296,"['en:plant-based-foods-and-beverages', 'en:plant-based-foods', 'en:cereals-and-potatoes', 'en:breads', 'en:sliced-breads', 'en:wholemeal-breads', 'en:wholemeal-sliced-breads']",2,[],"['en:e300', 'en:e322']",262.0,7.87,0.851,2.13,8.3,12.3,0.984
Wholegrain Bran Flakes,00388030,"['en:plant-based-foods-and-beverages', 'en:plant-based-foods', 'en:breakfasts', 'en:cereals-and-potatoes', 'en:cereals-and-their-products', 'en:breakfast-cereals', 'en:flakes', 'en:cereal-flakes', 'en:extruded-cereals', 'en:extruded-flakes', 'en:extruded-wheat-flakes']",0,[],[],347.0,2.6,0.9,8.1,15.7,12.2,0.54
Wholegrain Malties,01242942,"['en:plant-based-foods-and-beverages', 'en:plant-based-foods', 'en:breakfasts', 'en:cereals-and-potatoes', 'en:cereals-and-their-products', 'en:breakfast-cereals', 'en:extruded-cereals']",0,[],[],360.0,1.67,0.333,10.7,11.0,11.3,1.08
Soya Unsweetened plant based,4056489695363,"['en:beverages-and-beverages-preparations', 'en:plant-based-foods-and-beverages', 'en:beverages', 'en:plant-based-foods', 'en:legumes-and-their-products', 'en:dairy-substitutes', 'en:milk-substitutes', 'en:plant-based-beverages', 'en:plant-based-milk-alternatives', 'en:legume-based-drinks', 'en:soy-based-drinks', 'en:unsweetened-plain-soy-based-drinks']",1,[],['en:e418'],33.0,1.7,0.2,0.5,0.2,3.0,0.02
Flaxseed,4088600354965,"['en:plant-based-foods-and-beverages', 'en:plant-based-foods', 'en:cereals-and-potatoes', 'en:seeds', 'en:cereals-and-their-products', 'en:cereal-grains', 'en:flax-seeds', 'en:brown-flax-seeds']",0,[],[],492.0,38.0,4.0,2.0,28.8,21.6,0.12
Fleur de Colza,3265474573000,"['en:plant-based-foods-and-beverages', 'en:plant-based-foods', 'en:fats', 'en:vegetable-fats', 'en:vegetable-oils', 'en:rapeseed-oils']",0,[],[],900.0,100.0,7.2,0.0,0.0,0.0,0.0
Tartines craquantes Froment,20006174,"['en:plant-based-foods-and-beverages', 'en:plant-based-foods', 'en:snacks', 'en:cereals-and-potatoes', 'en:salty-snacks', 'en:appetizers', 'en:biscuits-and-crackers', 'en:breads', 'en:crackers-appetizers', 'en:extruded-crispbreads', 'en:toasts']",0,[],[],385.0,23.4,0.5,3.5,6.2,11.7,1.19
Tofu fumé,3229820794112,"['en:plant-based-foods-and-beverages', 'en:plant-based-foods', 'en:legumes-and-their-products', 'en:meat-alternatives', 'en:tofu', 'en:smoked-tofu']",0,[],[],154.0,9.0,1.5,0.5,,16.0,0.5
Knusper Müsli Schoko,4056489300786,"['en:plant-based-foods-and-beverages', 'en:plant-based-foods', 'en:breakfasts', 'en:cereals-and-potatoes', 'en:cereals-and-their-products', 'en:breakfast-cereals', 'en:chocolate-cereals', 'en:mueslis', 'en:mueslis-with-chocolate']",1,[],['en:e322'],447.0,16.2,5.8,13.7,9.1,10.9,0.41
Crunchy Peanut Butter,5014213001049,"['en:plant-based-foods-and-beverages', 'en:plant-based-foods', 'en:legumes-and-their-products', 'en:spreads', 'en:nuts-and-their-products', 'en:plant-based-spreads', 'en:oilseed-purees', 'en:legume-butters', 'en:nut-butters', 'en:peanut-butters']",0,[],[],606.0,47.0,6.3,5.3,8.1,26.0,0.02
Chick Peas in Salted Water,5013635312160,"['en:plant-based-foods-and-beverages', 'en:plant-based-foods', 'en:legumes-and-their-products', 'en:canned-foods', 'en:legumes', 'en:seeds', 'en:canned-plant-based-foods', 'en:legume-seeds', 'en:pulses', 'en:chickpeas', 'en:canned-legumes', 'en:canned-chickpeas']",0,[],[],116.0,2.2,0.3,0.2,3.5,7.3,0.27
Original Breadsticks,4088600305592,"['en:plant-based-foods-and-beverages', 'en:plant-based-foods', 'en:cereals-and-potatoes', 'en:breads', 'en:breadsticks']",0,[],[],406.0,8.4,1.4,3.0,3.7,10.0,1.7
Peanut Delight,5060088705230,"['en:plant-based-foods-and-beverages', 'en:plant-based-foods', 'en:snacks', 'en:sweet-snacks', 'en:nuts-and-their-products', 'en:bars', 'en:nut-bars', 'en:peanut-bars']",0,[],[],442.0,23.0,4.0,35.0,9.3,12.0,0.57
Sel fin iodé,3252378001319,"['en:plant-based-foods-and-beverages', 'en:plant-based-foods', 'en:condiments', 'en:spices', 'en:salts', 'fr:sels-fins', 'en:groceries']",1,[],['en:e535'],0.0,0.0,0.0,0.0,0.0,0.0,98.2
"Lentilles cuisinées, riz & soja",3175681170872,"['en:plant-based-foods-and-beverages', 'en:plant-based-foods', 'en:legumes-and-their-products', 'en:legumes', 'en:seeds', 'en:legume-seeds', 'en:meals', 'en:pulses', 'en:lentils', 'fr:cereales-preparees', 'en:microwave-meals', 'en:plant-based-meals', 'en:prepared-lentils']",0,[],[],153.0,6.4,1.1,1.6,8.9,6.4,0.72
Biscottes aux céréales et aux graines,20298036,"['en:plant-based-foods-and-beverages', 'en:plant-based-foods', 'en:cereals-and-potatoes', 'en:breads', 'en:rusks', 'en:multigrain-rusks']",1,[],['en:e300'],405.0,10.0,1.2,4.0,7.5,14.0,1.7
Pain grillé Pelletier,7622210416667,"['en:plant-based-foods-and-beverages', 'en:plant-based-foods', 'en:cereals-and-potatoes', 'en:breads', 'en:toasts']",1,[],['en:e300'],389.0,4.8,2.0,2.5,0.9,12.0,1.8
Organic Houmous,00349222,"['en:plant-based-foods-and-beverages', 'en:plant-based-foods', 'en:condiments', 'en:spreads', 'en:plant-based-spreads', 'en:salted-spreads', 'en:sauces', 'en:dips', 'en:hummus', 'en:classic-hummus']",0,[],[],146.0,11.9,1.5,0.5,2.0,3.3,0.001
Seeded,5010003063457,"['en:plant-based-foods-and-beverages', 'en:plant-based-foods', 'en:cereals-and-potatoes', 'en:breads', 'en:sourdough']",1,[],['en:e300'],280.0,7.4,0.7,3.4,4.3,10.7,1.22
confiture,6111184001098,"['en:plant-based-foods-and-beverages', 'en:plant-based-foods', 'en:fruits-and-vegetables-based-foods', 'en:breakfasts', 'en:spreads', 'en:plant-based-spreads', 'en:sweet-spreads', 'en:fruit-and-vegetable-preserves', 'en:jams', 'en:figs-jams']",2,[],"['en:e330', 'en:e440']",257.0,0.5,0.1,62.0,,0.7,0.03
Courgettes à la Provençale 1/2,3083681094459,"['en:plant-based-foods-and-beverages', 'en:plant-based-foods', 'en:fruits-and-vegetables-based-foods', 'en:vegetable-based-foods-and-beverages', 'en:canned-foods', 'en:meals', 'en:vegetables-based-foods', 'en:canned-plant-based-foods', 'en:vegetables', 'en:canned-vegetables', 'en:zucchini', 'en:vegetables-prepared-processed-shelf-stable']",0,[],[],63.0,2.5,0.4,6.0,2.1,1.7,0.75
huile d’olive vierge extra,8410179012230,"['en:plant-based-foods-and-beverages', 'en:plant-based-foods', 'en:fats', 'en:vegetable-fats', 'en:olive-tree-products', 'en:vegetable-oils', 'en:olive-oils', 'en:extra-virgin-olive-oils']",0,[],[],900.0,100.0,16.0,0.0,0.0,0.0,0.0
Huile d'olive vierge extra GranFruttato,8005510001525,"['en:plant-based-foods-and-beverages', 'en:plant-based-foods', 'en:fats', 'en:vegetable-fats', 'en:olive-tree-products', 'en:vegetable-oils', 'en:olive-oils', 'en:olive-oils-from-italy', 'en:extra-virgin-olive-oils', 'en:virgin-olive-oils']",0,[],[],828.0,92.0,14.0,0.0,0.0,0.0,0.0
"Alpro Sojadrink, Schokoladen-Geschmack, Protein 1L",5411188130055,"['en:beverages-and-beverages-preparations', 'en:plant-based-foods-and-beverages', 'en:beverages', 'en:plant-based-foods', 'en:legumes-and-their-products', 'en:dairy-substitutes', 'en:milk-substitutes', 'en:plant-based-beverages', 'en:plant-based-milk-alternatives', 'en:legume-based-drinks', 'en:soy-based-drinks', 'en:chocolate-soy-based-drinks']",2,[],"['en:e340', 'en:e418']",69.0,2.8,0.6,5.0,1.3,5.0,0.16
Nuggets Végétaux et Gourmands,3770016162036,"['en:plant-based-foods-and-beverages', 'en:plant-based-foods', 'en:meat-alternatives', 'en:meat-analogues', 'en:breaded-products', 'en:meat-analogues-from-soy-or-wheat-proteins', 'en:vegetarian-nuggets']",1,[],['en:e392'],252.0,14.0,1.3,0.8,6.8,9.0,1.18
Organic virgin coconut oil,4056489091936,"['en:plant-based-foods-and-beverages', 'en:plant-based-foods', 'en:fats', 'en:vegetable-fats', 'en:vegetable-oils', 'en:fruit-and-fruit-seed-oils', 'en:coconut-oils', 'en:virgin-coconut-oils']",0,[],[],900.0,100.0,94.0,0.0,0.0,0.0,0.0
Green lentils in water,4088600247571,"['en:plant-based-foods-and-beverages', 'en:plant-based-foods', 'en:legumes-and-their-products', 'en:legumes', 'en:seeds', 'en:legume-seeds', 'en:pulses', 'en:lentils', 'en:green-lentils']",1,[],['en:e509'],82.0,0.5,0.1,0.5,4.1,6.0,0.01
"Granola Coconut, Cashew & Almond",4056489438564,"['en:plant-based-foods-and-beverages', 'en:plant-based-foods', 'en:breakfasts', 'en:cereals-and-potatoes', 'en:cereals-and-their-products', 'en:breakfast-cereals', 'en:cereals-with-fruits', 'en:mueslis', 'en:breakfast-cereal-fortified-with-vitamins']",0,[],[],427.0,12.5,2.2,15.5,7.6,9.3,0.05
Juicy Oranges Whole Fruit Squash,5023762000137,"['en:beverages-and-beverages-preparations', 'en:plant-based-foods-and-beverages', 'en:beverages', 'en:plant-based-foods', 'en:plant-based-beverages', 'en:fruit-based-beverages', 'en:juices-and-nectars', 'en:fruit-juices', 'en:orange-juices']",1,[],['en:e330'],158.0,0.0,0.0,41.0,,0.0,0.0
American Sandwich Nature,3228857000838,"['en:plant-based-foods-and-beverages', 'en:plant-based-foods', 'en:cereals-and-potatoes', 'en:sandwiches', 'en:breads', 'en:sliced-breads']",0,[],[],271.0,4.1,0.4,7.7,3.9,7.6,1.1
Quaker Cruesli Chocolat au lait,3168930010890,"['en:plant-based-foods-and-beverages', 'en:plant-based-foods', 'en:breakfasts', 'en:cereals-and-potatoes', 'en:cereals-and-their-products', 'en:breakfast-cereals', 'en:chocolate-cereals', 'en:breakfast-cereals-rich-in-fibre', 'en:crunchy-cereal-clusters', 'en:cereal-clusters-with-chocolate']",2,[],"['en:e306', 'en:e322', 'en:e322i']",457.0,19.0,4.8,20.0,8.7,7.7,0.51
Tartined Craquantes Châtaigne,3760020508388,"['en:plant-based-foods-and-beverages', 'en:plant-based-foods', 'en:snacks', 'en:cereals-and-potatoes', 'en:extruded-crispbreads']",0,[],[],374.0,1.5,0.5,5.1,2.0,7.2,0.55
Cacahuètes - grillées & salées,20014384,"['en:plant-based-foods-and-beverages', 'en:plant-based-foods', 'en:legumes-and-their-products', 'en:snacks', 'en:legumes', 'en:salty-snacks', 'en:nuts-and-their-products', 'en:nuts', 'en:roasted-nuts', 'en:peanuts', 'en:salted-nuts', 'en:peanut-grilled-salted', 'en:roasted-peanuts', 'en:salted-peanuts', 'en:unshelled-peanuts']",0,[],[],619.0,51.2,7.8,5.2,,24.4,1.0
Masło orzechowe,5900617012197,"['en:plant-based-foods-and-beverages', 'en:dairies', 'en:plant-based-foods', 'en:legumes-and-their-products', 'en:fats', 'en:spreads', 'en:plant-based-spreads', 'en:spreadable-fats', 'en:animal-fats', 'en:dairy-spreads', 'en:milkfat', 'en:oilseed-purees', 'en:butters', 'en:legume-butters', 'en:peanut-butters']",0,[],[],616.0,50.0,8.8,9.0,6.9,24.0,1.82
Harvest Morn Granola Raisin & Almond,4088600169866,"['en:plant-based-foods-and-beverages', 'en:plant-based-foods', 'en:breakfasts', 'en:cereals-and-potatoes', 'en:cereals-and-their-products', 'en:breakfast-cereals', 'en:mueslis']",0,[],[],427.0,12.0,1.56,18.7,6.89,11.1,0.0222
Classic Houmous,20843427,"['en:plant-based-foods-and-beverages', 'en:plant-based-foods', 'en:condiments', 'en:spreads', 'en:plant-based-spreads', 'en:salted-spreads', 'en:sauces', 'en:dips', 'en:hummus', 'en:classic-hummus']",1,[],['en:e202'],317.0,26.2,2.4,0.6,5.2,7.8,0.49
White Tortilla Wraps,5057967342044,"['en:plant-based-foods-and-beverages', 'en:plant-based-foods', 'en:cereals-and-potatoes', 'en:breads', 'en:flatbreads', 'en:white-breads', 'en:wheat-breads']",7,[],"['en:e282', 'en:e330', 'en:e422', 'en:e450', 'en:e450i', 'en:e471', 'en:e500', 'en:e500ii', 'en:e920']",284.0,5.0,2.2,2.2,3.7,8.2,0.965
Crème Yaourt Brassé 🍋,6111126001841,"['en:plant-based-foods-and-beverages', 'en:dairies', 'en:fermented-foods', 'en:plant-based-foods', 'en:fermented-milk-products', 'en:fruits-and-vegetables-based-foods', 'en:desserts', 'en:dairy-desserts', 'en:fruits-based-foods', 'en:fermented-dairy-desserts', 'en:fruits', 'en:citrus', 'en:fermented-dairy-desserts-with-fruits', 'en:yogurts', 'en:fruit-yogurts', 'en:lemons', 'en:stirred-yogurts', 'en:yogurt-with-fruits-and-sugar']",0,[],[],113.0,4.0,2.0,7.45,0.111,4.2,0.0
Gallette di riso - Cioccolato al latte,20115777,"['en:plant-based-foods-and-beverages', 'en:plant-based-foods', 'en:cereals-and-potatoes', 'en:cereals-and-their-products', 'en:puffed-cereal-cakes', 'en:puffed-rice-cakes', 'en:puffed-rice-cakes-with-milk-chocolate']",1,[],['en:e322'],499.0,24.0,14.0,30.0,,7.4,0.0384
Chips Recette Paysanne Nature,3168930168133,"['en:plant-based-foods-and-beverages', 'en:plant-based-foods', 'en:snacks', 'en:cereals-and-potatoes', 'en:salty-snacks', 'en:appetizers', 'en:chips-and-fries', 'en:crisps', 'en:potato-crisps', 'en:farmer-s-crisps']",0,[],[],514.0,30.0,3.2,0.5,3.9,6.2,1.3
Green Lentils In Water,5051790270581,"['en:plant-based-foods-and-beverages', 'en:plant-based-foods', 'en:fruits-and-vegetables-based-foods', 'en:legumes-and-their-products', 'en:vegetable-based-foods-and-beverages', 'en:canned-foods', 'en:legumes', 'en:meals', 'en:seeds', 'en:vegetables-based-foods', 'en:canned-plant-based-foods', 'en:legume-seeds', 'en:canned-vegetables', 'en:pulses', 'en:lentils', 'en:prepared-vegetables', 'en:canned-legumes', 'en:cooked-vegetables', 'en:green-lentils', 'en:canned-lentils', 'en:cooked-green-lentils', 'en:prepared-lentils', 'fr:lentilles-vertes-en-conserve']",1,[],['en:e509'],95.7,0.684,0.427,0.769,5.81,6.24,0.00855
The Honey Soaked Seeded Bloomer,4088600161686,"['en:plant-based-foods-and-beverages', 'en:plant-based-foods', 'en:cereals-and-potatoes', 'en:breads']",1,[],['en:e300'],256.0,4.8,0.6,4.6,6.8,9.8,0.785
Coconut Milk,00159111,"['en:plant-based-foods-and-beverages', 'en:beverages', 'en:plant-based-foods', 'en:dairy-substitutes', 'en:milk-substitutes', 'en:plant-based-beverages', 'en:plant-based-milk-alternatives', 'en:plant-based-creams', 'en:plant-based-creams-for-cooking', 'en:coconut-milks-and-creams']",3,[],"['en:e223', 'en:e435', 'en:e466']",149.0,14.8,13.8,1.6,0.5,1.3,0.05
Ready Salted Crisps,0005100000100,"['en:plant-based-foods-and-beverages', 'en:plant-based-foods', 'en:snacks', 'en:cereals-and-potatoes', 'en:salty-snacks', 'en:appetizers', 'en:chips-and-fries', 'en:crisps', 'en:potato-crisps', 'en:potato-crisps-in-sunflower-oil']",4,[],"['en:e300', 'en:e306', 'en:e330', 'en:e392']",518.0,31.0,2.5,0.4,3.9,6.4,1.3
NESTLE CHOCAPIC Céréales 750g,7613034947611,"['en:plant-based-foods-and-beverages', 'en:plant-based-foods', 'en:breakfasts', 'en:cereals-and-potatoes', 'en:cereals-and-their-products', 'en:breakfast-cereals', 'en:chocolate-cereals', 'en:breakfast-cereals-fortified-with-vitamins-and-chemical-elements', 'en:extruded-cereals', 'en:breakfast-cereals-rich-in-fibre', 'en:chocolate-wheat-shells', 'en:unfilled-breakfast-chocolate-cereals-fortified-with-vitamins-and-chemical-elements']",1,[],"['en:e322', 'en:e322i']",388.0,4.8,2.0,22.4,7.5,8.8,0.22
chocapic,7613032779566,"['en:plant-based-foods-and-beverages', 'en:plant-based-foods', 'en:breakfasts', 'en:cereals-and-potatoes', 'en:cereals-and-their-products', 'en:breakfast-cereals', 'en:chocolate-cereals', 'en:breakfast-cereals-fortified-with-vitamins-and-chemical-elements', 'en:extruded-cereals', 'en:breakfast-cereals-rich-in-fibre', 'en:chocolate-wheat-shells', 'en:unfilled-breakfast-chocolate-cereals-fortified-with-vitamins-and-chemical-elements']",1,[],['en:e322'],384.0,4.4,1.1,19.9,7.7,8.5,0.2
Celeri fromage blanc dnp 320g,3083681148640,"['en:plant-based-foods-and-beverages', 'en:plant-based-foods', 'en:meals', 'en:prepared-vegetables', 'en:celeriac-in-remoulade-sauce', 'en:vegetables-prepared-processed-perishable', 'fr:salade-crudites-bonduelle']",1,[],['en:e415'],138.0,12.0,1.0,2.0,3.0,2.0,0.88
Weetabix 72S 1362G,5010029000856,"['en:plant-based-foods-and-beverages', 'en:plant-based-foods', 'en:breakfasts', 'en:cereals-and-potatoes', 'en:cereals-and-their-products', 'en:breakfast-cereals']",0,[],[],363.0,2.13,0.533,4.27,10.1,12.0,0.267
Thins Multi-Seed Flatbreads,5050974000822,"['en:plant-based-foods-and-beverages', 'en:plant-based-foods', 'en:snacks', 'en:cereals-and-potatoes', 'en:salty-snacks', 'en:appetizers', 'en:breads', 'en:flatbreads']",1,[],['en:e508'],435.0,14.1,3.3,2.9,8.1,16.4,1.54
Vegetable Stock Pot 8 x imp,8712566479665,"['en:plant-based-foods-and-beverages', 'en:plant-based-foods', 'en:meals', 'en:dried-products', 'en:dried-products-to-be-rehydrated', 'en:soups', 'en:broths', 'en:dehydrated-broths', 'en:vegetable-broths', 'en:bouillon-pots', 'en:vegetable-bouillon-pots']",2,[],"['en:e410', 'en:e415']",101.3384321064,5.3,2.7,4.1,1.3,6.2,14.36
Assaisonnement aromatise au citron,6111250472265,"['en:plant-based-foods-and-beverages', 'en:plant-based-foods', 'en:fruits-and-vegetables-based-foods', 'en:condiments', 'en:fruits-based-foods', 'en:fruits', 'en:citrus', 'en:vinegars']",0,[],[],1.12,0.0,0.0,0.14,,0.0,0.0
Gluten free,8008698011065,"['en:plant-based-foods-and-beverages', 'en:plant-based-foods', 'en:cereals-and-potatoes', 'en:specific-products', 'en:products-for-specific-diets', 'en:breads', 'en:products-without-gluten', 'en:gluten-free-breads', 'en:sliced-breads', 'en:gluten-free-sliced-breads']",2,[],"['en:e464', 'en:potassium-iodide']",262.0,9.2,1.1,0.9,8.8,4.5,1.0
Dorset cereals nutty muesli,5018357012350,"['en:plant-based-foods-and-beverages', 'en:plant-based-foods', 'en:breakfasts', 'en:cereals-and-potatoes', 'en:cereals-and-their-products', 'en:breakfast-cereals', 'en:cereals-with-fruits', 'en:mueslis', 'en:mueslis-with-fruits']",1,[],['en:e220'],415.0,14.3,2.0,8.4,8.1,13.2,0.03
Simply Sesame,5050974505297,"['en:plant-based-foods-and-beverages', 'en:plant-based-foods', 'en:cereals-and-potatoes', 'en:breads', 'en:crispbreads', 'fr:pains-croustillants-complets']",0,[],[],381.0,6.67,0.952,2.86,18.1,13.3,0.667
Wholewheat biscuits,00130530,"['en:plant-based-foods-and-beverages', 'en:plant-based-foods', 'en:breakfasts', 'en:cereals-and-potatoes', 'en:cereals-and-their-products', 'en:breakfast-cereals', 'en:breakfast-cereals-rich-in-fibre']",0,[],[],358.0,2.0,0.6,4.4,10.0,12.0,0.28
Muesli aux fruits,3229820116716,"['en:plant-based-foods-and-beverages', 'en:plant-based-foods', 'en:breakfasts', 'en:cereals-and-potatoes', 'en:cereals-and-their-products', 'en:breakfast-cereals', 'en:cereals-with-fruits', 'en:mueslis', 'en:bircher-style-mueslis', 'en:mueslis-with-fruits', 'en:bircher-style-mueslis-with-fruits']",0,[],[],358.0,6.0,2.5,10.0,10.0,11.0,0.02
Pain au lait bio x12 420g,3760049798890,"['en:plant-based-foods-and-beverages', 'en:plant-based-foods', 'en:snacks', 'en:cereals-and-potatoes', 'en:sweet-snacks', 'en:biscuits-and-cakes', 'en:sweet-pastries-and-pies', 'en:breads', 'en:viennoiseries', 'en:milk-bread-rolls']",0,[],[],345.0,11.0,1.2,8.7,2.4,9.4,0.9
FUEL10K Protein Boosted Chunky Chocolate Granola imp,5060201621805,"['en:plant-based-foods-and-beverages', 'en:plant-based-foods', 'en:breakfasts', 'en:cereals-and-potatoes', 'en:cereals-and-their-products', 'en:breakfast-cereals', 'en:breakfast-cereals-rich-in-fibre']",2,[],"['en:e306', 'en:e322']",442.0,13.6,2.8,17.6,6.4,15.8,0.04
Rice Snaps,5054402006486,"['en:plant-based-foods-and-beverages', 'en:plant-based-foods', 'en:breakfasts', 'en:cereals-and-potatoes', 'en:cereals-and-their-products', 'en:breakfast-cereals', 'en:puffed-grains', 'en:puffed-cereals']",0,[],[],387.0,1.33,0.333,5.0,1.67,8.0,0.658
Pain de mie nature,3228857000913,"['en:plant-based-foods-and-beverages', 'en:plant-based-foods', 'en:cereals-and-potatoes', 'en:breads', 'en:sliced-breads', 'en:sliced-breads-without-crust']",0,[],[],266.0,4.3,0.4,7.7,3.8,7.0,1.1
Pan de Molde 100% Integral,8480000823281,"['en:plant-based-foods-and-beverages', 'en:plant-based-foods', 'en:cereals-and-potatoes', 'en:cereals-and-their-products', 'en:breads', 'en:sliced-breads', 'en:wholemeal-breads', 'en:wholemeal-sliced-breads']",6,[],"['en:e200', 'en:e202', 'en:e282', 'en:e300', 'en:e471', 'en:e472e']",238.0,3.2,0.7,2.9,7.4,11.0,1.0
bio organic oat flakes,4056489254157,"['en:plant-based-foods-and-beverages', 'en:plant-based-foods', 'en:breakfasts', 'en:cereals-and-potatoes', 'en:seeds', 'en:cereals-and-their-products', 'en:breakfast-cereals', 'en:cereal-grains', 'en:flakes', 'en:cereal-flakes', 'en:rolled-flakes', 'en:rolled-oats', 'en:oat', 'en:fine-oats']",0,[],[],364.0,6.9,1.0,1.2,12.3,14.2,0.01
Peanut Butter,5013665113157,"['en:plant-based-foods-and-beverages', 'en:plant-based-foods', 'en:legumes-and-their-products', 'en:spreads', 'en:nuts-and-their-products', 'en:plant-based-spreads', 'en:oilseed-purees', 'en:legume-butters', 'en:nut-butters', 'en:peanut-butters']",0,[],[],645.0,54.5,7.2,4.2,6.5,26.3,1.0
GOLDEN SYRUP FLAVOUR MICROWAVEABLE OATS,5000108030553,"['en:plant-based-foods-and-beverages', 'en:plant-based-foods', 'en:breakfasts', 'en:cereals-and-potatoes', 'en:cereals-and-their-products', 'en:breakfast-cereals', 'en:porridge']",0,[],[],375.0,6.39,1.11,17.8,7.22,8.89,0.549
Sesame Crispbread with a naturally nutty flavour,40874302,"['en:plant-based-foods-and-beverages', 'en:plant-based-foods', 'en:snacks', 'en:cereals-and-potatoes', 'en:salty-snacks', 'en:appetizers', 'en:breads', 'en:crispbreads', 'en:high-fibre-bread', 'en:high-fibre-products']",0,[],[],369.0,6.3,1.0,3.7,16.8,12.3,0.55
PUMPKIN SEED & OAT CRISPBREAD,5050974503712,"['en:plant-based-foods-and-beverages', 'en:plant-based-foods', 'en:cereals-and-potatoes', 'en:breads', 'en:flatbreads', 'en:crispbreads', 'en:crispbreads-wholemeal', 'en:crisp-bread']",0,[],[],384.0,8.8,1.6,3.2,14.4,13.6,0.48
Vegetable Stock cubes 8 x imp,5000184161165,"['en:plant-based-foods-and-beverages', 'en:plant-based-foods', 'en:dried-products', 'en:dried-plant-based-foods', 'en:dried-products-to-be-rehydrated', 'en:broths', 'en:dehydrated-broths', 'en:vegetable-broths', 'en:bouillon-cubes', 'en:dehydrated-vegetable-bouillons', 'en:groceries']",0,[],[],8.0,0.6,0.4,0.5,0.5,0.5,0.945
Porridge Oats,5057545744765,"['en:plant-based-foods-and-beverages', 'en:plant-based-foods', 'en:breakfasts', 'en:cereals-and-potatoes', 'en:cereals-and-their-products', 'en:breakfast-cereals', 'en:flakes', 'en:cereal-flakes', 'en:rolled-flakes']",0,[],[],376.0,8.1,1.6,1.5,8.5,11.0,0.01
Lait de coco fluide,3229820784939,"['en:plant-based-foods-and-beverages', 'en:plant-based-foods', 'en:plant-based-creams', 'en:plant-based-creams-for-cooking', 'en:coconut-milks-and-creams']",1,[],['en:e412'],171.0,18.0,16.0,0.5,0.7,1.2,0.05
Pain 100% mie nature sans sucre ajouté,3228857001118,"['en:plant-based-foods-and-beverages', 'en:plant-based-foods', 'en:cereals-and-potatoes', 'en:breads', 'en:sliced-breads', 'fr:pains-de-mie-blancs-nature']",0,[],[],262.0,5.0,0.4,5.6,4.9,7.1,1.0
passierte Tomate,20884260,"['en:plant-based-foods-and-beverages', 'en:plant-based-foods', 'en:fruits-and-vegetables-based-foods', 'en:condiments', 'en:vegetables-based-foods', 'en:vegetables', 'en:sauces', 'en:tomatoes-and-their-products', 'en:tomato-sauces', 'en:tomatoes', 'en:strained-tomatoes', 'en:groceries']",1,[],['en:e330'],35.0,0.1,0.0,5.0,1.1,1.7,0.4
Paahdettu maapähkinä,20615420,"['en:plant-based-foods-and-beverages', 'en:plant-based-foods', 'en:legumes-and-their-products', 'en:snacks', 'en:legumes', 'en:salty-snacks', 'en:appetizers', 'en:nuts-and-their-products', 'en:nuts', 'en:roasted-nuts', 'en:peanuts', 'en:salted-nuts', 'en:roasted-peanuts']",0,[],[],626.0,51.8,7.9,5.3,8.3,24.7,0.04
,8480000094926,"['en:plant-based-foods-and-beverages', 'en:plant-based-foods', 'en:breakfasts', 'en:cereals-and-potatoes', 'en:cereals-and-their-products', 'en:breakfast-cereals', 'en:cereals-with-fruits', 'en:mueslis', 'en:mueslis-with-fruits']",1,[],['en:e330'],367.0,9.3,5.1,26.0,7.8,6.8,0.11
Good Grains Spanish Style Grains,4088600206721,"['en:plant-based-foods-and-beverages', 'en:plant-based-foods', 'en:cereals-and-potatoes', 'en:seeds', 'en:cereals-and-their-products', 'en:cereal-grains', 'en:rices']",0,[],[],185.0,5.9,0.6,1.2,4.6,4.2,0.54
Boisson Noisette,3229820181424,"['en:beverages-and-beverages-preparations', 'en:plant-based-foods-and-beverages', 'en:beverages', 'en:plant-based-foods', 'en:cereals-and-potatoes', 'en:dairy-substitutes', 'en:cereals-and-their-products', 'en:milk-substitutes', 'en:nuts-and-their-products', 'en:plant-based-beverages', 'en:plant-based-milk-alternatives', 'en:nut-based-drinks', 'en:cereal-based-drinks', 'en:hazelnut-based-drinks', 'en:sweetened-beverages']",2,[],"['en:e412', 'en:e415']",69.0,4.5,0.4,4.0,1.1,1.0,0.05
"Raspberry fruit spread, raspberry",20000691,"['en:plant-based-foods-and-beverages', 'en:plant-based-foods', 'en:fruits-and-vegetables-based-foods', 'en:breakfasts', 'en:spreads', 'en:fruits-based-foods', 'en:plant-based-spreads', 'en:sweet-spreads', 'en:fruit-and-vegetable-preserves', 'en:jams', 'en:berry-jams', 'en:raspberry-jams']",2,[],"['en:e330', 'en:e440']",235.0,0.5,0.5,57.0,2.5,0.0,0.000125
"Alpro Mandeldrink Weiß Ungesüßt, Ungeröstet 1 LT",5411188122661,"['en:beverages-and-beverages-preparations', 'en:plant-based-foods-and-beverages', 'en:beverages', 'en:plant-based-foods', 'en:dairy-substitutes', 'en:milk-substitutes', 'en:nuts-and-their-products', 'en:plant-based-beverages', 'en:plant-based-milk-alternatives', 'en:nut-based-drinks', 'en:unsweetened-beverages', 'en:almond-based-drinks', 'en:unsweetened-plain-almond-based-drinks']",2,[],"['en:e322', 'en:e418']",13.0,1.1,0.1,0.0,0.2,0.5,0.14
High Protein Granola Nuts & Seeds,5060092030977,"['en:plant-based-foods-and-beverages', 'en:plant-based-foods', 'en:breakfasts', 'en:cereals-and-potatoes', 'en:cereals-and-their-products', 'en:breakfast-cereals', 'en:mueslis', 'en:granola-vegan-vegetarian']",0,[],[],450.0,17.0,3.2,12.0,6.8,27.0,0.61
Wholemeal tortilla wraps,5057967342082,"['en:plant-based-foods-and-beverages', 'en:plant-based-foods', 'en:cereals-and-potatoes', 'en:breads', 'en:flatbreads', 'en:white-breads', 'en:wheat-breads', 'en:wheat-flatbreads']",7,[],"['en:e202', 'en:e282', 'en:e330', 'en:e422', 'en:e450', 'en:e450i', 'en:e471', 'en:e500', 'en:e500ii']",279.0,5.25,2.46,3.28,6.89,9.02,0.885
Glorious grains,5018095196596,"['en:plant-based-foods-and-beverages', 'en:plant-based-foods', 'en:cereals-and-potatoes', 'en:seeds', 'en:cereals-and-their-products', 'en:cereal-grains', 'en:barley', 'en:quinoa']",0,[],[],182.0,2.8,0.5,0.7,4.0,5.5,0.04
Almond No Sugars,4061459332896,"['en:beverages-and-beverages-preparations', 'en:plant-based-foods-and-beverages', 'en:beverages', 'en:plant-based-foods', 'en:dairy-substitutes', 'en:milk-substitutes', 'en:nuts-and-their-products', 'en:plant-based-beverages', 'en:plant-based-milk-alternatives', 'en:nut-based-drinks', 'en:unsweetened-beverages', 'en:almond-based-drinks']",1,[],['en:e418'],15.2,1.32,0.2,0.0,0.12,0.6,0.13
Confiture Abricot INTENSE,3608580823452,"['en:plant-based-foods-and-beverages', 'en:plant-based-foods', 'en:fruits-and-vegetables-based-foods', 'en:breakfasts', 'en:spreads', 'en:fruits-based-foods', 'en:plant-based-spreads', 'en:sweet-spreads', 'en:fruit-and-vegetable-preserves', 'en:jams', 'en:apricot-jams']",1,[],['en:e440'],164.0,0.2,0.0,39.0,1.6,0.8,0.0
Le pain au Seigle,3560070879762,"['en:plant-based-foods-and-beverages', 'en:plant-based-foods', 'en:cereals-and-potatoes', 'en:breads', 'en:rye-breads']",3,[],"['en:e200', 'en:e262', 'en:e300']",221.0,1.2,0.3,3.4,6.3,7.1,1.2
Cereales special K original,5050083296079,"['en:plant-based-foods-and-beverages', 'en:plant-based-foods', 'en:breakfasts', 'en:cereals-and-potatoes', 'en:cereals-and-their-products', 'en:breakfast-cereals', 'en:flakes', 'en:cereal-flakes', 'en:extruded-cereals', 'en:extruded-flakes', 'en:breakfast-cereals-rich-in-fibre', 'en:mixed-cereal-flakes']",0,[],[],392.0,1.3,0.3,15.0,6.0,8.0,0.84
Passata di Pomodoro,8005110630408,"['en:plant-based-foods-and-beverages', 'en:plant-based-foods', 'en:fruits-and-vegetables-based-foods', 'en:condiments', 'en:vegetables-based-foods', 'en:prepared-vegetables', 'en:purees', 'en:sauces', 'en:tomatoes-and-their-products', 'en:mashed-vegetables', 'en:tomato-sauces', 'en:canned-tomato-puree', 'en:strained-tomatoes', 'en:pure-di-verdure', 'en:pure']",0,[],[],36.0,0.5,0.1,4.5,0.0,1.6,0.5
Organic & unsweetened Almond,5060362070474,"['en:beverages-and-beverages-preparations', 'en:plant-based-foods-and-beverages', 'en:beverages', 'en:plant-based-foods', 'en:dairy-substitutes', 'en:milk-substitutes', 'en:nuts-and-their-products', 'en:plant-based-beverages', 'en:plant-based-milk-alternatives', 'en:nut-based-drinks', 'en:almond-based-drinks']",0,[],[],29.0,2.5,0.2,0.0,0.5,1.0,0.1
Oregano Crostini Italian Bread Bites,5060198640643,"['en:plant-based-foods-and-beverages', 'en:plant-based-foods', 'en:snacks', 'en:cereals-and-potatoes', 'en:salty-snacks', 'en:breads', 'en:breadsticks', 'en:bread-bite']",0,[],[],467.0,17.0,2.3,1.5,3.3,10.0,2.0
Original Nuts & Seeds imp,5060043224486,"['en:plant-based-foods-and-beverages', 'en:plant-based-foods', 'en:breakfasts', 'en:cereals-and-potatoes', 'en:cereals-and-their-products', 'en:breakfast-cereals', 'en:mueslis', 'en:cereals-with-nuts', 'en:mueslis-with-nuts']",0,[],[],471.0,22.6,5.0,7.2,7.3,12.5,0.03
Pâte à tarte feuilletée - Pur beurre,3248830000150,"['en:plant-based-foods-and-beverages', 'en:plant-based-foods', 'en:cereals-and-potatoes', 'en:cereals-and-their-products', 'en:pie-dough', 'en:puff-pastry-sheets', 'en:pure-butter-puff-pastry', 'fr:pate-a-derouler']",0,[],[],380.0,23.0,15.0,0.5,1.5,5.4,1.2
NESTLE LION céréales 400g​,3387390019995,"['en:plant-based-foods-and-beverages', 'en:plant-based-foods', 'en:breakfasts', 'en:cereals-and-potatoes', 'en:cereals-and-their-products', 'en:breakfast-cereals', 'en:chocolate-cereals', 'en:extruded-cereals', 'en:cereals-with-caramel']",1,[],['en:e322'],405.0,7.4,1.1,24.5,7.0,8.1,0.48
Bebida de Soja UHT,8480000293145,"['en:beverages-and-beverages-preparations', 'en:plant-based-foods-and-beverages', 'en:beverages', 'en:plant-based-foods', 'en:legumes-and-their-products', 'en:dairy-substitutes', 'en:milk-substitutes', 'en:plant-based-beverages', 'en:plant-based-milk-alternatives', 'en:legume-based-drinks', 'en:soy-based-drinks', 'en:unsweetened-plain-soy-based-drinks']",0,[],[],31.0,1.7,0.3,0.6,0.4,3.1,0.1
Bio Knusper Müsli Früchte,4056489296805,"['en:plant-based-foods-and-beverages', 'en:plant-based-foods', 'en:fruits-and-vegetables-based-foods', 'en:breakfasts', 'en:cereals-and-potatoes', 'en:cereals-and-their-products', 'en:fruits-based-foods', 'en:breakfast-cereals', 'en:fruits', 'en:cereals-with-fruits', 'en:mueslis', 'en:berries', 'en:crunchy-mueslis', 'en:mueslis-with-fruits', 'en:crunchy-mueslis-with-fruits']",1,[],['en:e306'],441.0,14.6,4.1,15.8,8.3,9.7,0.1975
Beanz in a rich tomato sauce,5000157024855,"['en:plant-based-foods-and-beverages', 'en:plant-based-foods', 'en:canned-foods', 'en:meals', 'en:prepared-vegetables', 'en:baked-beans-in-tomato-sauce']",0,[],[],81.5,0.35,0.05,4.35,3.9,4.85,0.6
Chickpeas in water,5000232844217,"['en:plant-based-foods-and-beverages', 'en:plant-based-foods', 'en:legumes-and-their-products', 'en:canned-foods', 'en:legumes', 'en:seeds', 'en:canned-plant-based-foods', 'en:legume-seeds', 'en:pulses', 'en:chickpeas', 'en:canned-legumes', 'en:canned-chickpeas']",1,[],['en:e223'],126.67304,2.2,0.3,0.0,7.4,7.2,0.025
5 rodzajów fasoli w sosie pomidorowym,5000157072023,"['en:plant-based-foods-and-beverages', 'en:plant-based-foods', 'en:meals', 'en:prepared-vegetables', 'en:baked-beans-in-tomato-sauce', 'en:beans-in-tomato-sauce']",0,[],[],87.0,0.2,0.0,4.7,4.3,5.4,0.6
Marmite Rice Cakes,5013665112372,"['en:plant-based-foods-and-beverages', 'en:plant-based-foods', 'en:cereals-and-potatoes', 'en:cereals-and-their-products', 'en:puffed-cereal-cakes', 'en:puffed-rice-cakes']",0,[],[],365.0,2.35,1.18,1.18,,12.9,1.15
Danone max,6111032009429,"['en:plant-based-foods-and-beverages', 'en:dairies', 'en:fermented-foods', 'en:plant-based-foods', 'en:fermented-milk-products', 'en:condiments', 'en:desserts', 'en:dairy-desserts', 'en:herbs-and-spices', 'en:fermented-dairy-desserts', 'en:spices', 'en:yogurts', 'en:vanilla']",0,[],[],51.0,1.0,0.7,7.0,,1.3,0.0
Lentilles cuisinées à l'Auvergnate,3021690201116,"['en:plant-based-foods-and-beverages', 'en:plant-based-foods', 'en:legumes-and-their-products', 'en:canned-foods', 'en:legumes', 'en:seeds', 'en:canned-plant-based-foods', 'en:legume-seeds', 'en:meals', 'en:pulses', 'en:canned-legumes', 'en:lentils', 'en:lentil-dishes', 'en:canned-lentils', 'en:prepared-lentils']",1,[],['en:e509'],111.0,3.6,1.4,1.2,3.6,6.6,0.8
Fines Tartines farine de Seigle,3029330004240,"['en:plant-based-foods-and-beverages', 'en:plant-based-foods', 'en:cereals-and-potatoes', 'en:breads']",2,[],"['en:e262', 'en:e300']",224.0,1.6,0.3,3.8,8.7,7.1,1.2
,7300400117975,"['en:plant-based-foods-and-beverages', 'en:plant-based-foods', 'en:snacks', 'en:cereals-and-potatoes', 'en:salty-snacks', 'en:appetizers', 'en:biscuits-and-crackers', 'en:frozen-foods', 'en:breads', 'en:crackers-appetizers', 'en:crispbreads', 'en:panificati', 'en:sostitutivo-del-pane']",0,[],[],333.0,1.11,0.556,2.22,20.0,8.89,0.00222
,20475598,"['en:plant-based-foods-and-beverages', 'en:plant-based-foods', 'en:legumes-and-their-products', 'en:canned-foods', 'en:legumes', 'en:seeds', 'en:canned-plant-based-foods', 'en:legume-seeds', 'en:pulses', 'en:chickpeas', 'en:canned-legumes', 'en:canned-chickpeas']",0,[],[],124.0,2.3,0.3,0.0,6.9,7.4,0.03
Tempeh,5034467000872,"['en:plant-based-foods-and-beverages', 'en:plant-based-foods', 'en:legumes-and-their-products', 'en:meat-alternatives', 'en:meat-analogues', 'en:tempeh']",0,[],[],207.0,11.3,1.49,0.448,6.12,22.2,0.0149
"Love, Corn (Sea Salt)",5060490400242,"['en:plant-based-foods-and-beverages', 'en:plant-based-foods', 'en:snacks', 'en:cereals-and-potatoes', 'en:salty-snacks', 'en:seeds', 'en:appetizers', 'en:cereals-and-their-products', 'en:cereal-grains', 'en:corn', 'en:corn-grain']",0,[],[],435.0,13.3,1.3,0.7,7.0,7.4,1.5
Baked Beans,4088600072500,"['en:plant-based-foods-and-beverages', 'en:plant-based-foods', 'en:prepared-vegetables', 'en:baked-beans-in-tomato-sauce']",0,[],[],89.0,0.524,0.0952,4.81,3.95,4.19,0.357
Pane Pugliese,5060198640247,"['en:plant-based-foods-and-beverages', 'en:plant-based-foods', 'en:cereals-and-potatoes', 'en:breads', 'en:special-breads']",0,[],[],252.0,1.2,0.23,2.3,4.1,8.9,1.2775
Baker Street Seeded Rye Bread,5027952012573,"['en:plant-based-foods-and-beverages', 'en:plant-based-foods', 'en:cereals-and-potatoes', 'en:cereals-and-their-products', 'en:breads', 'en:rye-breads']",3,[],"['en:e200', 'en:e262', 'en:e262i', 'en:e300']",242.0,4.5,0.5,2.5,5.5,8.5,1.0
,6111259347106,"['en:plant-based-foods-and-beverages', 'en:plant-based-foods', 'en:snacks', 'en:cereals-and-potatoes', 'en:sweet-snacks', 'en:cocoa-and-its-products', 'en:confectioneries', 'en:chocolate-candies', 'en:breads', 'en:chocolates', 'en:rusks', 'en:rusk-with-eggs']",0,[],[],500.0,25.0,15.0,45.0,5.0,5.0,0.5
Smooth Peanut Butter,4056489424925,"['en:plant-based-foods-and-beverages', 'en:plant-based-foods', 'en:legumes-and-their-products', 'en:fats', 'en:spreads', 'en:nuts-and-their-products', 'en:plant-based-spreads', 'en:vegetable-fats', 'en:oilseed-purees', 'en:legume-butters', 'en:nut-butters', 'en:peanut-butters']",0,[],[],661.0,53.0,13.2,7.2,3.9,29.2,0.93
Shreddies,7613287136053,"['en:plant-based-foods-and-beverages', 'en:plant-based-foods', 'en:breakfasts', 'en:cereals-and-potatoes', 'en:cereals-and-their-products', 'en:breakfast-cereals', 'en:extruded-cereals']",0,[],[],364.0,1.8,0.3,12.5,12.0,10.8,0.72
Lustucru gnocchi a poêler 520g,3240931548128,"['en:plant-based-foods-and-beverages', 'en:plant-based-foods', 'en:cereals-and-potatoes', 'en:cereals-and-their-products', 'en:gnocchi', 'en:gnocchi-of-durum-wheat-semolina', 'en:potato-gnocchi']",0,[],[],190.0,2.7,0.3,1.5,2.6,5.0,1.1
12 Crunchy Taco Shells,8410076480637,"['en:plant-based-foods-and-beverages', 'en:plant-based-foods', 'en:cereals-and-potatoes', 'en:breads', 'en:flatbreads', 'en:corn-flatbreads', 'en:tacos']",0,[],[],509.0,27.0,2.3,1.0,3.6,5.4,0.05
Pure Basmati Rice,5011157888101,"['en:plant-based-foods-and-beverages', 'en:plant-based-foods', 'en:cereals-and-potatoes', 'en:seeds', 'en:cereals-and-their-products', 'en:meals', 'en:cereal-grains', 'en:rices', 'en:aromatic-rices', 'en:indica-rices', 'en:long-grain-rices', 'en:basmati-rices']",0,[],[],143.0,1.9,0.5,0.1,0.7,2.9,0.03
Malted Bloomer,4088600184197,"['en:plant-based-foods-and-beverages', 'en:plant-based-foods', 'en:cereals-and-potatoes', 'en:breads', 'en:white-breads', 'en:bread-white-from-wheat-flour-of-the-highest-grade-gost-26987-86']",2,[],"['en:e282', 'en:e300']",251.0,1.7,0.1,4.9,4.1,8.5,0.48
Wholegrain Basmati & Wild Rice,5011157992662,"['en:plant-based-foods-and-beverages', 'en:plant-based-foods', 'en:cereals-and-potatoes', 'en:seeds', 'en:cereals-and-their-products', 'en:cereal-grains', 'en:rices', 'en:aromatic-rices', 'en:indica-rices', 'en:long-grain-rices', 'en:brown-rices', 'en:basmati-rices']",0,[],[],135.0,2.64,0.64,0.08,3.04,3.12,0.024
Multigrain Alpha Bites,5060139434386,"['en:plant-based-foods-and-beverages', 'en:plant-based-foods', 'en:breakfasts', 'en:cereals-and-potatoes', 'en:cereals-and-their-products', 'en:breakfast-cereals', 'en:extruded-cereals']",0,[],[],380.0,2.7,0.5,11.0,7.0,9.3,0.02
Pâte à tartiner cacahuètes et cacao,3608580142966,"['en:plant-based-foods-and-beverages', 'en:plant-based-foods', 'en:legumes-and-their-products', 'en:breakfasts', 'en:spreads', 'en:plant-based-spreads', 'en:sweet-spreads', 'en:oilseed-purees', 'en:legume-butters', 'fr:pates-a-tartiner', 'en:peanut-butters', 'en:chocolate-spreads']",1,[],"['en:e322', 'en:e322i']",575.0,39.0,6.0,39.0,4.0,12.0,0.1
Biscotte gout brioche heudebert,3017760771894,"['en:plant-based-foods-and-beverages', 'en:plant-based-foods', 'en:cereals-and-potatoes', 'en:breads', 'en:rusks', 'en:toasts']",4,[],"['en:e160a', 'en:e160ai', 'en:e300', 'en:e471', 'en:e481']",196.0,5.0,2.2,5.4,1.7,5.0,0.5
4 Baguettes viennoises 340g,3760049790818,"['en:plant-based-foods-and-beverages', 'en:plant-based-foods', 'en:snacks', 'en:cereals-and-potatoes', 'en:sweet-snacks', 'en:sweet-pastries-and-pies', 'en:viennoiseries', 'en:vienna-bread']",2,[],"['en:e282', 'en:e300']",327.0,9.1,1.3,7.8,3.1,9.7,0.91
Cereal Mix,8480000095329,"['en:plant-based-foods-and-beverages', 'en:plant-based-foods', 'en:breakfasts', 'en:cereals-and-potatoes', 'en:cereals-and-their-products', 'en:breakfast-cereals', 'en:puffed-grains', 'en:puffed-cereals']",1,[],"['en:e322', 'en:e322i']",372.0,2.7,0.7,17.1,5.6,9.4,0.0
Whole Oat Drink,7394376620713,"['en:plant-based-foods-and-beverages', 'en:beverages', 'en:plant-based-foods', 'en:cereals-and-potatoes', 'en:dairy-substitutes', 'en:cereals-and-their-products', 'en:milk-substitutes', 'en:plant-based-beverages', 'en:plant-based-milk-alternatives', 'en:cereal-based-drinks', 'en:oat-based-drinks']",1,[],"['en:e340', 'en:e340ii']",59.0,2.8,0.3,3.4,0.8,1.1,0.1
Baked Beans,29149858,"['en:plant-based-foods-and-beverages', 'en:plant-based-foods', 'en:prepared-vegetables', 'en:baked-beans-in-tomato-sauce']",1,[],['en:e160c'],83.0,0.4,0.1,4.1,3.7,4.4,0.53
mission wraps,5036034406186,"['en:plant-based-foods-and-beverages', 'en:plant-based-foods', 'en:cereals-and-potatoes', 'en:breads', 'en:flatbreads', 'en:white-breads', 'en:wheat-breads', 'en:wheat-flatbreads']",6,[],"['en:e202', 'en:e282', 'en:e296', 'en:e422', 'en:e471', 'en:e500']",312.0,6.86,1.14,2.29,2.45,8.01,0.739
Medium Egg Noodles imp,5000354924712,"['en:plant-based-foods-and-beverages', 'en:plant-based-foods', 'en:pastas', 'en:noodles']",1,[],"['en:e501', 'en:e501i']",142.0,0.828,0.207,0.483,1.59,5.38,0.257
Muesli Protéines,3229820794556,"['en:plant-based-foods-and-beverages', 'en:plant-based-foods', 'en:breakfasts', 'en:cereals-and-potatoes', 'en:cereals-and-their-products', 'en:breakfast-cereals', 'en:cereals-with-fruits', 'en:mueslis', 'en:mueslis-with-fruits']",0,[],[],382.0,12.0,1.9,11.0,13.0,21.0,0.03
Ratatouille Cuisinée à la Provençal,3083680901024,"['en:plant-based-foods-and-beverages', 'en:plant-based-foods', 'en:canned-foods', 'en:meals', 'en:prepared-vegetables', 'en:canned-meals', 'en:ratatouille', 'en:vegetables-prepared-processed-shelf-stable']",0,[],[],82.0,5.4,0.7,5.8,2.1,1.5,0.62
ProActiv Margarine Tartine Sans Huile de Palme 450g,8719200012516,"['en:plant-based-foods-and-beverages', 'en:plant-based-foods', 'en:fats', 'en:spreads', 'en:plant-based-spreads', 'en:salted-spreads', 'en:vegetable-fats', 'en:spreadable-fats', 'en:margarines', 'en:light-margarines', 'en:margarines-with-plant-sterols-esters', 'en:salted-margarines', 'en:30-40-lightly-salted-vegetable-fat-with-plant-sterols-esters']",1,[],"['en:e322', 'en:e322i']",314.0,35.0,7.5,0.0,,0.0,0.3
Chips sel de mer et poivre noir imp,5060042641420,"['en:plant-based-foods-and-beverages', 'en:plant-based-foods', 'en:snacks', 'en:cereals-and-potatoes', 'en:salty-snacks', 'en:appetizers', 'en:chips-and-fries', 'en:crisps', 'en:potato-crisps', 'en:flavoured-potato-crisps', 'en:potato-crisps-in-sunflower-oil']",0,[],[],469.0,26.0,2.3,1.2,5.4,6.4,0.9825
Muesli 4 nuts,4056489210016,"['en:plant-based-foods-and-beverages', 'en:plant-based-foods', 'en:breakfasts', 'en:cereals-and-potatoes', 'en:cereals-and-their-products', 'en:breakfast-cereals', 'en:mueslis', 'en:cereals-with-nuts', 'en:mueslis-with-nuts']",0,[],[],454.0,16.9,4.9,18.1,8.1,10.3,0.08
Authentic Tofu,5013683305442,"['en:plant-based-foods-and-beverages', 'en:plant-based-foods', 'en:legumes-and-their-products', 'en:meat-alternatives', 'en:meat-analogues', 'en:tofu', 'en:plain-tofu']",1,[],['en:e516'],118.0,7.1,1.2,0.7,1.9,13.0,0.03
Butterbeans in water,5051399183664,"['en:plant-based-foods-and-beverages', 'en:plant-based-foods', 'en:fruits-and-vegetables-based-foods', 'en:canned-foods', 'en:vegetables-based-foods', 'en:canned-plant-based-foods', 'en:canned-vegetables', 'de:bohnen']",2,[],"['en:e223', 'en:e509']",89.0,0.5,0.1,1.1,4.6,5.9,0.1
Classic Wholegrain Rice,4088600157962,"['en:plant-based-foods-and-beverages', 'en:plant-based-foods', 'en:cereals-and-potatoes', 'en:seeds', 'en:cereals-and-their-products', 'en:cereal-grains', 'en:rices', 'en:brown-rices']",0,[],[],164.0,2.08,0.88,0.16,6.4,4.08,0.048
Graze Marmite Crunch,5055958704161,"['en:plant-based-foods-and-beverages', 'en:plant-based-foods', 'en:legumes-and-their-products', 'en:snacks', 'en:legumes', 'en:nuts-and-their-products', 'en:nuts', 'en:peanuts', 'en:marmite-snack', 'en:marmite-snack']",1,[],['en:e330'],441.0,18.0,1.9,1.3,7.9,15.0,1.0825
Chopped tomatoes,20164072,"['en:plant-based-foods-and-beverages', 'en:plant-based-foods', 'en:fruits-and-vegetables-based-foods', 'en:canned-foods', 'en:vegetables-based-foods', 'en:canned-plant-based-foods', 'en:vegetables', 'en:canned-vegetables', 'en:tomatoes-and-their-products', 'en:tomatoes', 'en:canned-tomatoes']",1,[],['en:e330'],20.0,0.1,0.0,3.0,1.1,1.3,0.05
Konfitura Morelowa 240g*EL Baraka*,6111184000190,"['en:plant-based-foods-and-beverages', 'en:plant-based-foods', 'en:breakfasts', 'en:spreads', 'en:plant-based-spreads', 'en:sweet-spreads', 'en:fruit-and-vegetable-preserves', 'en:jams', 'en:apricot-jams']",2,[],"['en:e330', 'en:e440']",240.0,0.0,0.0,60.0,0.5,0.6,0.025
Quinoa Gourmand,3600900011037,"['en:plant-based-foods-and-beverages', 'en:plant-based-foods', 'en:cereals-and-potatoes', 'en:seeds', 'en:cereals-and-their-products', 'en:cereal-grains', 'en:quinoa']",0,[],[],362.0,4.1,0.5,2.5,7.6,14.0,0.0
Céréales Méditerranéennes,3165440008935,"['en:plant-based-foods-and-beverages', 'en:plant-based-foods', 'en:cereals-and-potatoes', 'en:cereals-and-their-products', 'en:meals', 'en:variety-packs', 'en:cereal-variety-packs']",0,[],[],146.0,1.3,0.2,2.0,2.7,4.9,0.7
Granola Amandes Noisettes & Graines,5010477356277,"['en:plant-based-foods-and-beverages', 'en:plant-based-foods', 'en:breakfasts', 'en:cereals-and-potatoes', 'en:cereals-and-their-products', 'en:breakfast-cereals', 'en:mueslis', 'en:breakfast-cereals-rich-in-fibre']",0,[],[],451.0,14.8,2.4,2.5,16.1,12.6,0.03
Crownfield Special Flakes Red Fruit,20621452,"['en:plant-based-foods-and-beverages', 'en:plant-based-foods', 'en:breakfasts', 'en:cereals-and-potatoes', 'en:cereals-and-their-products', 'en:breakfast-cereals', 'en:cereals-with-fruits', 'en:extruded-cereals', 'en:breakfast-cereals-rich-in-fibre', 'en:cereal-flakes-with-fruits']",0,[],[],382.0,2.6,0.7,11.5,6.5,8.9,0.37
Muesli pépites croustillantes chocolat-noissette réduit en sucre,3564706604360,"['en:plant-based-foods-and-beverages', 'en:plant-based-foods', 'en:breakfasts', 'en:cereals-and-potatoes', 'en:cereals-and-their-products', 'en:breakfast-cereals', 'en:chocolate-cereals', 'en:mueslis', 'en:crunchy-mueslis', 'en:mueslis-with-chocolate', 'en:crunchy-mueslis-with-chocolate', 'en:crunchy-muesli-with-chocolate-not-fortified-with-vitamins-and-chemical-elements']",3,[],"['en:e306', 'en:e322', 'en:e322i']",432.0,16.0,2.9,9.3,12.0,10.0,0.07
Rapsöl,4056489135623,"['en:plant-based-foods-and-beverages', 'en:plant-based-foods', 'en:fats', 'en:vegetable-fats', 'en:vegetable-oils', 'en:rapeseed-oils']",0,[],[],828.0,92.0,7.0,0.0,0.0,0.0,0.0
Marinated Tofu,5013683305466,"['en:plant-based-foods-and-beverages', 'en:plant-based-foods', 'en:legumes-and-their-products', 'en:meat-alternatives', 'en:meat-analogues', 'en:tofu']",2,[],"['en:e330', 'en:e516']",232.0,17.0,2.5,1.0,2.7,18.0,1.5
Seeded Sourdough,5060235980589,"['en:plant-based-foods-and-beverages', 'en:plant-based-foods', 'en:cereals-and-potatoes', 'en:breads', 'en:sourdough-bread']",0,[],[],232.0,4.1,0.4,1.2,6.7,9.5,1.0
Whole Chia Seeds,4088600272696,"['en:plant-based-foods-and-beverages', 'en:plant-based-foods', 'en:cereals-and-potatoes', 'en:seeds', 'en:cereals-and-their-products', 'en:cereal-grains', 'en:chia']",0,[],[],442.0,31.0,3.3,0.5,34.0,17.0,0.04
Buttery Taste Dairy Free,5025878004887,"['en:plant-based-foods-and-beverages', 'en:plant-based-foods', 'en:fats', 'en:spreads', 'en:plant-based-spreads', 'en:vegetable-fats', 'en:spreadable-fats', 'en:margarines', 'en:vegan-butter', 'en:vegetable-fat-spread']",1,[],['en:e160a'],569.0,63.0,14.7,0.5,0.0,0.5,1.5
Classic Houmous,00349215,"['en:plant-based-foods-and-beverages', 'en:plant-based-foods', 'en:condiments', 'en:spreads', 'en:plant-based-spreads', 'en:salted-spreads', 'en:sauces', 'en:dips', 'en:hummus', 'en:classic-hummus']",1,[],['en:e202'],224.0,16.0,1.8,1.0,5.0,6.8,1.65
Barbecue,5060283762212,"['en:plant-based-foods-and-beverages', 'en:plant-based-foods', 'en:snacks', 'en:cereals-and-potatoes', 'en:salty-snacks', 'en:appetizers', 'en:chips-and-fries', 'en:crisps', 'en:potato-crisps', 'en:flavoured-potato-crisps', 'en:barbecue-crisps']",0,[],[],469.0,20.0,1.6,4.1,2.6,9.7,2.35
Biscottes Complètes bio,3560070308316,"['en:plant-based-foods-and-beverages', 'en:plant-based-foods', 'en:cereals-and-potatoes', 'en:cereals-and-their-products', 'en:breads', 'en:rusks', 'en:wholemeal-rusks']",1,[],['en:e300'],388.0,6.3,0.7,4.9,9.7,12.0,1.3
Natural Coconut Cream,8886303210207,"['en:beverages-and-beverages-preparations', 'en:plant-based-foods-and-beverages', 'en:beverages', 'en:plant-based-foods', 'en:dairy-substitutes', 'en:milk-substitutes', 'en:plant-based-beverages', 'en:plant-based-milk-alternatives', 'en:plant-based-creams', 'en:plant-based-creams-for-cooking', 'en:coconut-based-creams-for-cooking', 'en:coconut-milks-and-creams']",3,[],"['en:e407', 'en:e412', 'en:e415']",35.0,4.0,4.0,0.0,0.0,0.0,0.0
Riz basmati du Penjab,3038359007224,"['en:plant-based-foods-and-beverages', 'en:plant-based-foods', 'en:cereals-and-potatoes', 'en:seeds', 'en:cereals-and-their-products', 'en:cereal-grains', 'en:rices', 'en:aromatic-rices', 'en:indica-rices', 'en:long-grain-rices', 'en:white-rices', 'en:basmati-rices', 'en:white-basmati-rices']",0,[],[],353.0,0.8,0.2,0.2,0.9,8.0,0.01
Vegan Spreadable,5701977550554,"['en:plant-based-foods-and-beverages', 'en:plant-based-foods', 'en:fats', 'en:spreads', 'en:plant-based-spreads', 'en:spreadable-fats', 'en:vegetable-fats', 'en:margarines']",1,[],"['en:e322', 'en:e322i']",666.0,75.0,26.0,0.5,,0.5,0.9
Country Crisp with Sun-Ripe Strawberries imp,5010477300508,"['en:plant-based-foods-and-beverages', 'en:plant-based-foods', 'en:breakfasts', 'en:cereals-and-potatoes', 'en:cereals-and-their-products', 'en:breakfast-cereals', 'en:cereals-with-fruits', 'en:mueslis', 'en:mueslis-with-fruits']",0,[],[],447.0,14.9,4.7,20.8,6.4,8.1,0.03
Multiseed Batch,5057545928899,"['en:plant-based-foods-and-beverages', 'en:plant-based-foods', 'en:cereals-and-potatoes', 'en:breads', 'en:sliced-breads', 'en:multigrain-sliced-breads']",3,[],"['en:e282', 'en:e300', 'en:e472e']",260.0,4.6,0.8,3.0,4.0,9.8,0.92
Multi-Grain Hoops,4088600202433,"['en:plant-based-foods-and-beverages', 'en:plant-based-foods', 'en:breakfasts', 'en:cereals-and-potatoes', 'en:cereals-and-their-products', 'en:breakfast-cereals', 'en:extruded-cereals']",3,[],"['en:e160c', 'en:e170', 'en:e170i', 'en:e306']",370.0,3.33,0.667,14.0,12.3,10.7,0.558
fondiz,6111266680135,"['en:plant-based-foods-and-beverages', 'en:dairies', 'en:fermented-foods', 'en:plant-based-foods', 'en:fermented-milk-products', 'en:cheeses', 'en:dairy-substitutes', 'en:desserts', 'en:vegan-products', 'en:dairy-desserts', 'en:fermented-dairy-desserts', 'en:cheese-substitutes', 'en:sliced-cheese-substitutes', 'fr:fromage-ecreme']",7,[],"['en:e202', 'en:e234', 'en:e330', 'en:e331', 'en:e339', 'en:e450', 'en:e452']",277.0,19.0,9.0,7.0,0.0,5.0,0.85
2 Stonebaked Baguettes,4088600072029,"['en:plant-based-foods-and-beverages', 'en:plant-based-foods', 'en:cereals-and-potatoes', 'en:breads', 'en:baguettes', 'en:pre-baked-breads']",2,[],"['en:e1510', 'en:e300']",291.0,1.24,0.442,2.74,3.54,10.0,1.09
Solis,8445291209039,"['en:plant-based-foods-and-beverages', 'en:plant-based-foods', 'en:fruits-and-vegetables-based-foods', 'en:vegetables-based-foods', 'en:vegetables', 'en:tomatoes-and-their-products', 'en:tomatoes']",0,[],[],68.0,3.6,0.4,6.0,0.6,1.2,1.0
Sliced White Sourdough Bread with Protein,5025125000075,"['en:plant-based-foods-and-beverages', 'en:plant-based-foods', 'en:cereals-and-potatoes', 'en:flours', 'en:breads', 'en:bread-flours', 'en:white-breads', 'en:bread-white-from-wheat-flour-of-the-highest-grade-gost-26987-86', 'en:sourdough']",0,[],[],238.0,6.38,0.69,1.72,5.52,20.3,0.00246
Huile d\'olive,3270190008262,"['en:plant-based-foods-and-beverages', 'en:plant-based-foods', 'en:fats', 'en:vegetable-fats', 'en:olive-tree-products', 'en:vegetable-oils', 'en:olive-oils', 'en:extra-virgin-olive-oils', 'en:virgin-olive-oils']",0,[],[],823.0,91.0,13.0,0.0,0.0,0.0,0.0
Grão-de-bico Chickpeas Lidl,20468583,"['en:plant-based-foods-and-beverages', 'en:plant-based-foods', 'en:legumes-and-their-products', 'en:canned-foods', 'en:legumes', 'en:seeds', 'en:canned-plant-based-foods', 'en:legume-seeds', 'en:pulses', 'en:chickpeas', 'en:canned-legumes', 'en:canned-chickpeas']",2,[],"['en:e223', 'en:e385']",112.0,2.4,0.4,0.9,7.6,6.7,0.6
Chips saveur Sel & Vinaigre,3497911105127,"['en:plant-based-foods-and-beverages', 'en:plant-based-foods', 'en:snacks', 'en:cereals-and-potatoes', 'en:salty-snacks', 'en:appetizers', 'en:chips-and-fries', 'en:crisps', 'en:potato-crisps', 'en:flavoured-potato-crisps', 'en:salt-and-vinegar-crisps', 'en:potato-crisps-in-sunflower-oil', 'en:salt-and-malt-vinegar-crisps']",3,[],"['en:e262', 'en:e262ii', 'en:e296', 'en:e330']",522.0,31.0,2.6,0.9,4.8,6.3,1.8
Oat unsweetened,4056489517511,"['en:plant-based-foods-and-beverages', 'en:beverages', 'en:plant-based-foods', 'en:cereals-and-potatoes', 'en:dairy-substitutes', 'en:cereals-and-their-products', 'en:milk-substitutes', 'en:plant-based-beverages', 'en:plant-based-milk-alternatives', 'en:cereal-based-drinks', 'en:oat-based-drinks']",1,[],"['en:e340', 'en:e340ii']",44.0,1.6,0.2,2.2,0.5,0.5,0.1075
Mince,5019503018974,"['en:plant-based-foods-and-beverages', 'en:plant-based-foods', 'en:meat-alternatives', 'en:meat-analogues', 'en:mycoprotein']",2,[],"['en:e263', 'en:e509']",105.0,2.0,0.533,0.667,5.47,14.5,0.3
Tomato Passata,4088600550848,"['en:plant-based-foods-and-beverages', 'en:plant-based-foods', 'en:fruits-and-vegetables-based-foods', 'en:condiments', 'en:vegetables-based-foods', 'en:sauces', 'en:tomatoes-and-their-products', 'en:tomato-sauces', 'en:strained-tomatoes']",1,[],['en:e330'],27.0,0.2,0.1,3.8,1.8,1.6,0.03
Confiture D'abricots extra aïcha,6111021013109,"['en:plant-based-foods-and-beverages', 'en:plant-based-foods', 'en:fruits-and-vegetables-based-foods', 'en:breakfasts', 'en:spreads', 'en:fruits-based-foods', 'en:plant-based-spreads', 'en:sweet-spreads', 'en:fruit-and-vegetable-preserves', 'en:jams', 'en:apricot-jams']",0,[],[],251.0,0.0,0.0,62.0,1.0,0.0,0.0
Lightly Salted Potato chips,5017764003142,"['en:plant-based-foods-and-beverages', 'en:plant-based-foods', 'en:snacks', 'en:cereals-and-potatoes', 'en:salty-snacks', 'en:appetizers', 'en:chips-and-fries', 'en:crisps', 'en:potato-crisps', 'en:potato-crisps-in-sunflower-oil']",0,[],[],494.0,25.4,2.0,0.4,5.0,7.7,0.7
Omar,6111242109537,"['en:beverages-and-beverages-preparations', 'en:plant-based-foods-and-beverages', 'en:beverages', 'en:plant-based-foods', 'en:seafood', 'en:seaweeds-and-their-products', 'en:cochayuyo-seaweeds']",0,[],[],96.0,3.4,2.4,8.0,1.5,2.0,0.0
Épeautre noisette bjorg,3229820783338,"['en:beverages-and-beverages-preparations', 'en:plant-based-foods-and-beverages', 'en:beverages', 'en:plant-based-foods', 'en:dairy-substitutes', 'en:milk-substitutes', 'en:plant-based-beverages', 'en:plant-based-milk-alternatives', 'en:unsweetened-beverages', 'en:mixed-plant-milks']",0,[],[],76.0,3.0,0.3,5.4,0.5,1.0,0.09
Röstzwiebeln,4012200032947,"['en:plant-based-foods-and-beverages', 'en:plant-based-foods', 'en:fruits-and-vegetables-based-foods', 'en:condiments', 'en:vegetables-based-foods', 'en:culinary-plants', 'en:onions-and-their-products', 'en:fried-onions']",0,[],[],606.0,46.0,23.0,10.0,4.0,6.0,1.08
Grilletine froment,3182180002092,"['en:plant-based-foods-and-beverages', 'en:plant-based-foods', 'en:cereals-and-potatoes', 'en:cereals-and-their-products', 'en:breads', 'en:toasts', 'en:crispbreads', 'en:toasted-bread-rolls']",2,[],"['en:e300', 'en:e471']",427.0,9.6,2.0,9.0,6.3,12.0,0.88
L'original,3487400004437,"['en:plant-based-foods-and-beverages', 'en:plant-based-foods', 'en:cereals-and-potatoes', 'en:seeds', 'en:cereals-and-their-products', 'en:cereal-grains', 'en:cereal-semolinas', 'en:wheat-semolinas', 'en:durum-wheat-semolinas', 'en:wheats', 'en:durum-wheats', 'en:pre-cooked-whole-wheat']",0,[],[],135.0,0.5,0.1,0.5,2.2,4.7,0.01
PAIN MIE SANDWICH BIO* COMPLET Sans sucres ajoutés 500G,3760049794373,"['en:plant-based-foods-and-beverages', 'en:plant-based-foods', 'en:cereals-and-potatoes', 'en:cereals-and-their-products', 'en:breads', 'en:sliced-breads', 'en:packaged-breads', 'en:wholemeal-breads', 'en:wholemeal-sliced-breads']",1,[],['en:e300'],252.0,5.1,0.5,1.9,6.9,10.0,0.99
Red Kidney Beans,20166090,"['en:plant-based-foods-and-beverages', 'en:plant-based-foods', 'en:legumes-and-their-products', 'en:canned-foods', 'en:legumes', 'en:seeds', 'en:canned-plant-based-foods', 'en:legume-seeds', 'en:pulses', 'en:common-beans', 'en:canned-legumes', 'en:red-beans', 'en:canned-common-beans', 'en:canned-red-kidney-beans']",1,[],['en:e300'],117.0,1.0,0.1,2.0,7.0,8.4,0.5
Mélange de noix et d'olives,20353032,"['en:plant-based-foods-and-beverages', 'en:plant-based-foods', 'en:nuts-and-their-products', 'en:nuts', 'en:peanuts', 'fr:cacahuete-amande-noix-de-cajou-etc', 'fr:mix-apero']",2,[],"['en:e330', 'en:e551']",645.0,54.5,7.8,5.8,8.3,23.5,0.64
Chips sea salt & cider vinegar,10600425,"['en:plant-based-foods-and-beverages', 'en:plant-based-foods', 'en:snacks', 'en:cereals-and-potatoes', 'en:salty-snacks', 'en:appetizers', 'en:chips-and-fries', 'en:crisps', 'en:potato-crisps', 'en:flavoured-potato-crisps', 'en:potato-crisps-in-sunflower-oil']",1,[],['en:e392'],491.0,27.2,3.0,0.6,3.3,5.2,2.0
Salt and Vinegar Flavour Potato Crisps,51000009,"['en:plant-based-foods-and-beverages', 'en:plant-based-foods', 'en:snacks', 'en:cereals-and-potatoes', 'en:salty-snacks', 'en:appetizers', 'en:chips-and-fries', 'en:crisps', 'en:potato-crisps', 'en:flavoured-potato-crisps', 'en:salt-and-vinegar-crisps', 'en:potato-crisps-in-sunflower-oil']",1,[],['en:e330'],512.0,29.6,2.4,0.4,4.0,6.4,4.0
ProActiv Original,8719200230989,"['en:plant-based-foods-and-beverages', 'en:plant-based-foods', 'en:fats', 'en:spreads', 'en:plant-based-spreads', 'en:salted-spreads', 'en:vegetable-fats', 'en:spreadable-fats', 'en:margarines']",1,[],"['en:e322', 'en:e322i']",315.0,35.0,7.6,0.5,,0.05,0.3
Bran Flakes,4088600326252,"['en:plant-based-foods-and-beverages', 'en:plant-based-foods', 'en:breakfasts', 'en:cereals-and-potatoes', 'en:cereals-and-their-products', 'en:breakfast-cereals', 'en:flakes', 'en:cereal-flakes', 'en:extruded-cereals', 'en:extruded-flakes', 'en:extruded-wheat-flakes']",0,[],[],359.0,2.5,0.5,11.0,16.0,12.0,0.28
French Inspired Lentils,4088600206714,"['en:plant-based-foods-and-beverages', 'en:plant-based-foods', 'en:legumes-and-their-products', 'en:legumes', 'en:meals', 'en:seeds', 'en:legume-seeds', 'en:pulses', 'en:lentils', 'en:prepared-lentils']",0,[],[],119.0,2.4,0.3,2.1,5.2,7.2,0.79
Ready Salted Crisps,5057373749130,"['en:plant-based-foods-and-beverages', 'en:plant-based-foods', 'en:snacks', 'en:cereals-and-potatoes', 'en:salty-snacks', 'en:appetizers', 'en:chips-and-fries', 'en:crisps', 'en:potato-crisps', 'en:potato-crisps-in-sunflower-oil']",0,[],[],495.0,27.4,2.7,0.3,3.4,6.8,0.9
Cocoa Alpha Bites,5060139434362,"['en:plant-based-foods-and-beverages', 'en:plant-based-foods', 'en:breakfasts', 'en:cereals-and-potatoes', 'en:cereals-and-their-products', 'en:breakfast-cereals', 'en:extruded-cereals']",0,[],[],385.0,2.4,0.8,12.0,6.7,10.0,0.1
Chopped Garlic,5012818160154,"['en:plant-based-foods-and-beverages', 'en:plant-based-foods', 'en:fruits-and-vegetables-based-foods', 'en:canned-foods', 'en:condiments', 'en:vegetables-based-foods', 'en:canned-plant-based-foods', 'en:culinary-plants', 'en:pickles', 'en:canned-vegetables', 'en:plant-based-pickles', 'en:pickled-vegetables', 'en:garlic-and-their-products', 'en:pickled-garlic', 'en:groceries']",0,[],[],76.0,0.1,0.1,0.7,,4.7,0.1
CRISP BREAD Blackpepper,5050974503736,"['en:plant-based-foods-and-beverages', 'en:plant-based-foods', 'en:cereals-and-potatoes', 'en:cereals-and-their-products', 'en:breads', 'en:crispbreads', 'en:crispbreads-wholemeal', 'en:crisp-bread']",0,[],[],344.0,1.6,0.2,2.5,14.5,8.8,0.56
Confiture 70% de fraise,3174061039105,"['en:plant-based-foods-and-beverages', 'en:plant-based-foods', 'en:fruits-and-vegetables-based-foods', 'en:breakfasts', 'en:spreads', 'en:fruits-based-foods', 'en:plant-based-spreads', 'en:sweet-spreads', 'en:fruit-and-vegetable-preserves', 'en:jams', 'en:berry-jams', 'en:strawberry-jams']",0,[],[],168.0,0.4,0.1,38.0,1.4,0.6,0.025
Rostlinná slanina,3770018078038,"['en:plant-based-foods-and-beverages', 'en:plant-based-foods', 'en:meat-alternatives', 'en:meat-analogues', 'fr:substituts-des-lardons', 'fr:substituts-de-lardon']",3,[],"['en:e160d', 'en:e163', 'en:e261']",218.0,15.0,1.1,1.2,3.2,15.0,2.2
Planta fin tartine et cuisson,8719200251649,"['en:plant-based-foods-and-beverages', 'en:plant-based-foods', 'en:fats', 'en:spreads', 'en:plant-based-spreads', 'en:vegetable-fats', 'en:spreadable-fats', 'en:margarines', 'en:light-margarines']",3,[],"['en:e322', 'en:e322i', 'en:e330', 'en:e471']",531.0,59.0,22.0,0.5,,0.5,0.3
Oat Milk,0813636021932,"['en:plant-based-foods-and-beverages', 'en:beverages', 'en:plant-based-foods', 'en:cereals-and-potatoes', 'en:dairy-substitutes', 'en:cereals-and-their-products', 'en:milk-substitutes', 'en:plant-based-beverages', 'en:plant-based-milk-alternatives', 'en:cereal-based-drinks', 'en:oat-based-drinks']",3,[],"['en:e170', 'en:e170i', 'en:e340', 'en:e340ii', 'en:e341', 'en:e341iii']",55.0,3.0,0.3,2.0,0.8,0.7,0.12
Fakiat,6111242042599,"['en:plant-based-foods-and-beverages', 'en:plant-based-foods', 'en:cereals-and-potatoes', 'en:seeds', 'en:cereals-and-their-products', 'en:cereal-grains', 'en:corn', 'fr:mais-frit']",2,[],"['en:e160b', 'en:e160c']",502.0,24.5,10.8,0.7,6.0,7.4,1.5
Honey Granola,5018357804863,"['en:plant-based-foods-and-beverages', 'en:plant-based-foods', 'en:breakfasts', 'en:cereals-and-potatoes', 'en:cereals-and-their-products', 'en:breakfast-cereals', 'en:mueslis', 'en:cereals-with-nuts', 'en:mueslis-with-nuts']",0,[],[],494.0,26.7,2.7,12.6,7.0,13.1,0.03
Carottes râpées à la ciboulette,20023751,"['en:plant-based-foods-and-beverages', 'en:plant-based-foods', 'en:fruits-and-vegetables-based-foods', 'en:vegetable-based-foods-and-beverages', 'en:vegetables-based-foods', 'en:vegetables', 'en:prepared-vegetables', 'en:carrots', 'en:carrot-salads', 'en:grated-carrots', 'en:seasoned-grated-carrots']",3,[],"['en:e14xx', 'en:e202', 'en:e415']",79.0,5.2,0.4,5.0,28.0,1.1,0.865
Lait de coco,4002359006715,"['en:beverages-and-beverages-preparations', 'en:plant-based-foods-and-beverages', 'en:beverages', 'en:plant-based-foods', 'en:dairy-substitutes', 'en:milk-substitutes', 'en:plant-based-beverages', 'en:plant-based-milk-alternatives', 'en:plant-based-creams', 'en:unsweetened-beverages', 'en:plant-based-creams-for-cooking', 'en:coconut-milks-and-creams']",1,[],['en:e415'],172.0,17.0,14.0,0.6,1.0,1.8,0.04
Pâtes spaghetti n°5 1kg,8076800105056,"['en:plant-based-foods-and-beverages', 'en:plant-based-foods', 'en:cereals-and-potatoes', 'en:cereals-and-their-products', 'en:pastas', 'en:cereal-pastas', 'en:dry-pastas', 'en:durum-wheat-pasta', 'en:spaghetti', 'en:dry-durum-wheat-pasta', 'en:durum-wheat-spaghetti', 'en:food']",0,[],[],359.0,2.0,0.5,3.5,3.0,13.0,0.01
HERTA Pâte à Pizza Fine et Rectangulaire 390g,7613035648463,"['en:plant-based-foods-and-beverages', 'en:plant-based-foods', 'en:cereals-and-potatoes', 'en:cooking-helpers', 'en:bakery-products', 'en:baking-mixes', 'en:pizza-dough', 'en:frozen-baking-mixes', 'en:refrigerated-baking-mixes', 'en:thin-crust-pizza-shell']",0,[],[],287.5,5.3,0.5,2.9,1.0,8.7,1.493
rice crispies,5059319024165,"['en:plant-based-foods-and-beverages', 'en:plant-based-foods', 'en:breakfasts', 'en:cereals-and-potatoes', 'en:cereals-and-their-products', 'en:breakfast-cereals', 'en:puffed-grains', 'en:puffed-cereals', 'en:puffed-rice', 'en:rice-crispies']",0,[],[],390.0,1.33,0.333,8.0,3.0,7.0,0.983
Chicken Stock Pot 8 x,8712566479368,"['en:plant-based-foods-and-beverages', 'en:plant-based-foods', 'en:dried-products', 'en:dried-plant-based-foods', 'en:dried-products-to-be-rehydrated', 'en:broths', 'en:dehydrated-broths', 'en:vegetable-broths', 'en:bouillon-cubes', 'en:dehydrated-vegetable-bouillons', 'en:vegetable-bouillon-cubes']",4,[],"['en:e160a', 'en:e392', 'en:e410', 'en:e415']",91.0,4.0,1.7,6.6,0.8,4.1,14.95
Pain de mie complet,6111245460345,"['en:plant-based-foods-and-beverages', 'en:plant-based-foods', 'en:cereals-and-potatoes', 'en:breads', 'en:sliced-breads', 'en:wholemeal-breads', 'en:wholemeal-sliced-breads']",0,[],[],237.0,3.5,0.3,4.2,7.0,8.0,1.0
Confiture fraise sans sucre ajoutes,3330720244017,"['en:plant-based-foods-and-beverages', 'en:plant-based-foods', 'en:breakfasts', 'en:spreads', 'en:plant-based-spreads', 'en:sweet-spreads', 'en:fruit-and-vegetable-preserves', 'en:jams', 'en:berry-jams', 'en:strawberry-jams']",1,[],['en:e440'],89.0,0.5,0.01,21.7,8.9,0.6,0.02
Confiture de Fraise,6111021012201,"['en:plant-based-foods-and-beverages', 'en:plant-based-foods', 'en:fruits-and-vegetables-based-foods', 'en:breakfasts', 'en:spreads', 'en:fruits-based-foods', 'en:plant-based-spreads', 'en:sweet-spreads', 'en:fruit-and-vegetable-preserves', 'en:jams', 'en:berry-jams', 'en:strawberry-jams']",2,[],"['en:e330', 'en:e440']",255.0,0.0,0.0,62.0,1.0,0.0,0.0
Pain complet seigle,3229820019208,"['en:plant-based-foods-and-beverages', 'en:plant-based-foods', 'en:cereals-and-potatoes', 'en:breads', 'en:rye-breads', 'en:wholemeal-breads']",0,[],[],198.0,1.3,0.2,4.0,10.0,4.6,1.1
Haricots Verts extra-fins 1/2,3083681094923,"['en:plant-based-foods-and-beverages', 'en:plant-based-foods', 'en:fruits-and-vegetables-based-foods', 'en:legumes-and-their-products', 'en:vegetable-based-foods-and-beverages', 'en:canned-foods', 'en:legumes', 'en:vegetables-based-foods', 'en:canned-plant-based-foods', 'en:vegetables', 'en:canned-vegetables', 'en:green-beans', 'en:canned-legumes', 'en:canned-green-beans', 'en:vegetables-prepared-processed-shelf-stable']",0,[],[],20.0,0.1,0.1,1.3,2.4,1.4,0.79
,3033710074518,"['en:beverages-and-beverages-preparations', 'en:plant-based-foods-and-beverages', 'en:beverages', 'en:plant-based-foods', 'en:hot-beverages', 'en:beverage-preparations', 'en:coffees', 'en:freeze-dried-foods', 'en:instant-beverages', 'en:unsweetened-beverages', 'en:freeze-dried-plant-based-foods', 'en:instant-coffees', 'en:freeze-dried-instant-coffees']",0,[],[],118.0,0.2,0.1,3.1,34.1,7.8,0.25
Oreo O's,5010029227062,"['en:plant-based-foods-and-beverages', 'en:plant-based-foods', 'en:breakfasts', 'en:cereals-and-potatoes', 'en:cereals-and-their-products', 'en:breakfast-cereals', 'en:chocolate-cereals', 'en:extruded-cereals']",4,[],"['en:e500', 'en:e500i', 'en:e501', 'en:e501i', 'en:e503', 'en:e503i', 'en:e524']",382.0,2.1,0.8,27.0,3.9,7.9,0.56
Crispbread,8008698007303,"['en:plant-based-foods-and-beverages', 'en:plant-based-foods', 'en:cereals-and-potatoes', 'en:specific-products', 'en:products-for-specific-diets', 'en:breads', 'en:products-without-gluten', 'en:crispbreads']",0,[],[],380.0,1.7,0.3,6.0,2.3,6.0,1.4
Pan de molde 12 cereales y semillas,8480000835475,"['en:plant-based-foods-and-beverages', 'en:plant-based-foods', 'en:cereals-and-potatoes', 'en:cereals-and-their-products', 'en:breads', 'en:sliced-breads', 'en:multigrain-sliced-breads']",5,[],"['en:e200', 'en:e202', 'en:e282', 'en:e471', 'en:e472e']",263.0,6.1,1.0,3.4,6.3,11.0,1.175
Flocons d'avoine,3564706624467,"['en:plant-based-foods-and-beverages', 'en:plant-based-foods', 'en:breakfasts', 'en:cereals-and-potatoes', 'en:cereals-and-their-products', 'en:breakfast-cereals', 'en:flakes', 'en:cereal-flakes', 'en:rolled-flakes', 'en:rolled-oats']",0,[],[],372.0,7.0,1.3,0.7,10.0,14.0,0.025
Chia seeds,8711299021004,"['en:plant-based-foods-and-beverages', 'en:plant-based-foods', 'en:cereals-and-potatoes', 'en:seeds', 'en:cereals-and-their-products', 'en:cereal-grains', 'en:chia']",0,[],[],455.0,32.1,3.7,0.4,34.0,18.4,0.05
Weetabix Oatiflakes,5010029208610,"['en:plant-based-foods-and-beverages', 'en:plant-based-foods', 'en:breakfasts', 'en:cereals-and-potatoes', 'en:cereals-and-their-products', 'en:breakfast-cereals', 'en:flakes', 'en:cereal-flakes', 'en:rolled-flakes', 'en:rolled-oats']",0,[],[],405.0,8.6,1.4,14.0,8.0,11.0,0.258
Warburtons 6 Brown Sandwich Thins,5010044004679,"['en:plant-based-foods-and-beverages', 'en:plant-based-foods', 'en:cereals-and-potatoes', 'en:breads', 'en:sliced-breads']",7,[],"['en:e282', 'en:e300', 'en:e415', 'en:e466', 'en:e471', 'en:e481', 'en:e920']",250.0,2.75,1.0,4.0,3.5,10.0,0.955
Classic Medium Sliced Wholemeal Bread,5010092736614,"['en:plant-based-foods-and-beverages', 'en:plant-based-foods', 'en:cereals-and-potatoes', 'en:breads']",1,[],['en:e300'],228.0,2.61,0.435,3.26,6.09,11.1,0.957
wholemeal sourdough bread,00363167,"['en:plant-based-foods-and-beverages', 'en:plant-based-foods', 'en:cereals-and-potatoes', 'en:breads', 'en:sliced-breads', 'en:wholemeal-breads', 'en:wholemeal-sliced-breads']",1,[],['en:e300'],258.0,4.0,0.6,2.6,4.6,10.9,0.9725
8 Tortillas - Blé nature,8410076472946,"['en:plant-based-foods-and-beverages', 'en:plant-based-foods', 'en:cereals-and-potatoes', 'en:breads', 'en:flatbreads', 'en:white-breads', 'en:wheat-breads', 'en:wheat-flatbreads']",4,[],"['en:e422', 'en:e450', 'en:e471', 'en:e500', 'en:e500ii']",299.0,5.2,1.2,2.1,1.6,9.1,1.0
Pain de mie grandes tranches complet,3564700596968,"['en:plant-based-foods-and-beverages', 'en:plant-based-foods', 'en:cereals-and-potatoes', 'en:breads', 'en:sliced-breads', 'en:wholemeal-breads', 'en:wholemeal-sliced-breads', 'fr:sojasun']",4,[],"['en:e282', 'en:e300', 'en:e471', 'en:e481']",255.0,4.8,0.8,6.2,7.4,9.3,1.1
Mais klein,20153229,"['en:plant-based-foods-and-beverages', 'en:plant-based-foods', 'en:fruits-and-vegetables-based-foods', 'en:vegetable-based-foods-and-beverages', 'en:canned-foods', 'en:cereals-and-potatoes', 'en:vegetables-based-foods', 'en:canned-plant-based-foods', 'en:cereals-and-their-products', 'en:canned-vegetables', 'en:canned-cereals', 'en:canned-corn', 'en:canned-sweet-corn']",0,[],[],77.0,1.8,0.4,5.2,2.8,2.9,0.275
Organic Extra Virgin Olive Oil,6191509900855,"['en:plant-based-foods-and-beverages', 'en:plant-based-foods', 'en:fats', 'en:vegetable-fats', 'en:olive-tree-products', 'en:vegetable-oils', 'en:olive-oils', 'en:extra-virgin-olive-oils', 'en:olive-oils-from-tunisia', 'en:virgin-olive-oils']",0,[],[],800.0,86.7,16.7,0.0,0.0,0.0,0.0
HERTA TARTE EN OR Pâte Brisée 230g,3154230600121,"['en:plant-based-foods-and-beverages', 'en:plant-based-foods', 'en:cereals-and-potatoes', 'en:cereals-and-their-products', 'en:cooking-helpers', 'en:pie-dough', 'en:baking-mixes', 'en:shortcrust-pastry', 'en:baked-shortcrust-pastry-with-vegetable-oil', 'en:frozen-baking-mixes', 'en:refrigerated-baking-mixes']",0,[],[],387.8,20.0,9.2,2.0,2.3,5.8,1.0
Pure Creamed Coconut,5013635301454,"['en:plant-based-foods-and-beverages', 'en:plant-based-foods', 'en:plant-based-creams', 'en:plant-based-creams-for-cooking', 'en:coconut-based-creams-for-cooking']",1,[],['en:e223'],604.0,65.0,53.4,6.4,,5.6,0.1
Multigrain Rice Cakes,4088600526065,"['en:plant-based-foods-and-beverages', 'en:plant-based-foods', 'en:cereals-and-potatoes', 'en:cereals-and-their-products', 'en:puffed-cereal-cakes', 'en:puffed-multigrain-cakes', 'en:puffed-rice-cakes']",0,[],[],400.0,5.71,1.43,0.0,5.71,11.4,0.429
Mixed Beans,4088600140872,"['en:plant-based-foods-and-beverages', 'en:plant-based-foods', 'en:legumes-and-their-products', 'en:canned-foods', 'en:legumes', 'en:seeds', 'en:canned-plant-based-foods', 'en:legume-seeds', 'en:pulses', 'en:common-beans', 'en:canned-legumes', 'en:canned-common-beans']",1,[],['en:e509'],106.0,0.5,0.1,0.5,9.7,7.8,0.06
Copos de trigo integral y arroz 0% azúcares añadidos,8480000094889,"['en:plant-based-foods-and-beverages', 'en:plant-based-foods', 'en:breakfasts', 'en:cereals-and-potatoes', 'en:cereals-and-their-products', 'en:breakfast-cereals']",0,[],[],373.0,1.67,0.167,0.667,4.67,10.3,0.6
Nougat Bits,20101268,"['en:plant-based-foods-and-beverages', 'en:plant-based-foods', 'en:breakfasts', 'en:cereals-and-potatoes', 'en:cereals-and-their-products', 'en:breakfast-cereals', 'en:extruded-cereals', 'en:filled-cereals']",1,[],['en:e322'],443.0,16.3,3.5,26.6,4.9,6.1,0.3825
GARDEN GOURMET Nuggets Soja 200g,7613036021265,"['en:plant-based-foods-and-beverages', 'en:plant-based-foods', 'en:meat-alternatives', 'en:meat-analogues', 'en:breaded-products', 'en:vegetarian-nuggets', 'en:vegan-nuggets']",4,[],"['en:e160c', 'en:e267', 'en:e412', 'en:e461']",236.0,12.5,0.9,0.7,5.7,13.1,0.98
Tortelloni Ricotta et épinards,4056489009191,"['en:plant-based-foods-and-beverages', 'en:plant-based-foods', 'en:cereals-and-potatoes', 'en:cereals-and-their-products', 'en:meals', 'en:pasta-dishes', 'en:pastas', 'en:cereal-pastas', 'en:stuffed-pastas', 'en:fresh-pasta', 'en:tortellini', 'en:tortellini-ricotta-spinach', 'en:tortelloni']",3,[],"['en:e330', 'en:e392', 'en:potassium-iodide']",276.0,10.8,4.5,3.5,,9.2,0.96
Sweet Chilli & Red Pepper,5060042641413,"['en:plant-based-foods-and-beverages', 'en:plant-based-foods', 'en:snacks', 'en:cereals-and-potatoes', 'en:salty-snacks', 'en:appetizers', 'en:chips-and-fries', 'en:crisps', 'en:potato-crisps', 'en:flavoured-potato-crisps', 'en:potato-crisps-in-sunflower-oil', 'en:vegetarian']",1,[],['en:e160c'],468.0,25.0,2.3,51.0,5.4,6.3,1.0825
Chucrut al estilo bávaro,4008100151611,"['en:plant-based-foods-and-beverages', 'en:plant-based-foods', 'en:fruits-and-vegetables-based-foods', 'en:vegetable-based-foods-and-beverages', 'en:canned-foods', 'en:meals', 'en:vegetables-based-foods', 'en:canned-plant-based-foods', 'en:pickles', 'en:canned-vegetables', 'en:plant-based-pickles', 'en:fermented-vegetables', 'en:pickled-vegetables', 'en:sauerkrauts']",0,[],[],22.0,0.5,0.1,1.7,,1.5,1.1
Unsweetened UHT Soya Drink,4088600052922,"['en:plant-based-foods-and-beverages', 'en:beverages', 'en:plant-based-foods', 'en:legumes-and-their-products', 'en:dairy-substitutes', 'en:legumes', 'en:milk-substitutes', 'en:plant-based-beverages', 'en:plant-based-milk-alternatives', 'en:legume-based-drinks', 'en:soy-based-drinks', 'en:unsweetened-plain-soy-based-drinks']",1,[],['en:e418'],31.0,1.9,0.3,0.0,0.0,3.4,0.0775
"Alpro Sojadrink, Ungesüßt fresh",5411188106814,"['en:beverages-and-beverages-preparations', 'en:plant-based-foods-and-beverages', 'en:beverages', 'en:plant-based-foods', 'en:legumes-and-their-products', 'en:dairy-substitutes', 'en:milk-substitutes', 'en:plant-based-beverages', 'en:plant-based-milk-alternatives', 'en:legume-based-drinks', 'en:soy-based-drinks', 'en:plain-soy-drink-fortified-with-calcium', 'en:unsweetened-plain-soy-based-drinks']",2,[],"['en:e340', 'en:e418']",33.0,1.8,0.3,0.0,0.6,3.3,0.09
Super Seeds Salad Topper,5060087943947,"['en:plant-based-foods-and-beverages', 'en:plant-based-foods', 'en:seeds', 'en:roasted-seeds']",0,[],[],534.0,38.0,5.4,2.0,14.0,30.0,0.6
Dried Mango,20412074,"['en:plant-based-foods-and-beverages', 'en:plant-based-foods', 'en:fruits-and-vegetables-based-foods', 'en:dried-products', 'en:fruits-based-foods', 'en:dried-plant-based-foods', 'en:dried-fruits', 'en:dried-mangoes']",1,[],['en:e220'],290.0,0.2,0.1,65.0,5.3,2.9,0.01
"Wholemeal, Seeds and Grains Loaf",5057753893958,"['en:plant-based-foods-and-beverages', 'en:plant-based-foods', 'en:cereals-and-potatoes', 'en:breads', 'en:wholemeal-breads']",2,[],"['en:e300', 'en:e472e']",256.0,5.0,0.909,2.73,6.36,11.6,0.892
Quinoa red & white,5056215600103,"['en:plant-based-foods-and-beverages', 'en:plant-based-foods', 'en:cereals-and-potatoes', 'en:seeds', 'en:cereals-and-their-products', 'en:cereal-grains', 'en:quinoa']",0,[],[],184.0,3.2,0.4,1.2,4.0,5.8,0.01
Oat Barista Blend,0813636022953,"['en:plant-based-foods-and-beverages', 'en:beverages', 'en:plant-based-foods', 'en:cereals-and-potatoes', 'en:dairy-substitutes', 'en:cereals-and-their-products', 'en:milk-substitutes', 'en:plant-based-beverages', 'en:plant-based-milk-alternatives', 'en:cereal-based-drinks', 'en:oat-based-drinks']",3,[],"['en:e170', 'en:e170i', 'en:e340', 'en:e340ii', 'en:e341', 'en:e341iii']",54.0,2.9,0.2,2.8,0.8,0.8,0.12
Rice Krispies,5059319023533,"['en:plant-based-foods-and-beverages', 'en:plant-based-foods', 'en:breakfasts', 'en:cereals-and-potatoes', 'en:cereals-and-their-products', 'en:breakfast-cereals', 'en:puffed-grains', 'en:puffed-cereals', 'en:puffed-rice', 'en:plain-puffed-rice']",0,[],[],389.0,1.2,0.4,7.9,2.9,7.0,1.0
Old English Medium Sliced White Bread,5010044006529,"['en:plant-based-foods-and-beverages', 'en:plant-based-foods', 'en:cereals-and-potatoes', 'en:breads', 'en:white-breads']",1,[],['en:e300'],248.0,2.6,0.5,3.4,2.1,9.4,0.98
Céréales Extra Kellogg's Pépites Chocolat au lait,5050083516313,"['en:plant-based-foods-and-beverages', 'en:plant-based-foods', 'en:breakfasts', 'en:cereals-and-potatoes', 'en:cereals-and-their-products', 'en:breakfast-cereals', 'en:chocolate-cereals', 'en:crunchy-cereal-clusters', 'en:cereal-clusters-with-chocolate']",1,[],"['en:e322', 'en:e322i']",484.0,22.0,12.0,25.0,4.9,7.0,0.68
Chips saveur Chèvre piment d'Espelette,3497917000518,"['en:plant-based-foods-and-beverages', 'en:plant-based-foods', 'en:snacks', 'en:cereals-and-potatoes', 'en:salty-snacks', 'en:appetizers', 'en:chips-and-fries', 'en:crisps', 'en:potato-crisps', 'en:flavoured-potato-crisps', 'en:potato-crisps-in-sunflower-oil']",0,[],[],522.0,31.0,2.6,2.6,4.8,6.3,1.6
Almendra natural,8480000348654,"['en:plant-based-foods-and-beverages', 'en:plant-based-foods', 'en:nuts-and-their-products', 'en:nuts', 'en:almonds', 'en:shelled-nuts', 'en:shelled-almonds', 'en:unroasted-almonds', 'en:unsalted-almonds', 'en:whole-almonds', 'en:non-blanched-almonds', 'en:raw-almonds']",0,[],[],642.0,54.8,4.2,5.9,12.2,25.2,0.02
Mints,20706852,"['en:plant-based-foods-and-beverages', 'en:plant-based-foods', 'en:snacks', 'en:condiments', 'en:sweet-snacks', 'en:cocoa-and-its-products', 'en:confectioneries', 'en:culinary-plants', 'en:aromatic-plants', 'en:chocolates', 'en:herbs', 'en:dark-chocolates', 'en:mint', 'en:filled-chocolates', 'en:dark-chocolate-filled-with-mint-confectionery']",4,[],"['en:e1103', 'en:e322', 'en:e330', 'en:e406']",456.0,17.0,10.0,63.1,4.5,3.5,0.02
Mature Cheddar & Chive,5060042641437,"['en:plant-based-foods-and-beverages', 'en:plant-based-foods', 'en:snacks', 'en:cereals-and-potatoes', 'en:salty-snacks', 'en:appetizers', 'en:chips-and-fries', 'en:crisps', 'en:potato-crisps', 'en:flavoured-potato-crisps', 'en:potato-crisps-in-sunflower-oil']",1,[],['en:e160c'],505.0,27.8,0.78,3.6,6.5,7.5,0.38325
Couscous Moyen,6111094000013,"['en:plant-based-foods-and-beverages', 'en:plant-based-foods', 'en:cereals-and-potatoes', 'en:cereals-and-their-products', 'en:frozen-foods', 'en:meals', 'en:cereal-semolinas', 'en:wheat-semolinas', 'en:durum-wheat-semolinas', 'en:couscous', 'en:durum-wheat-semolinas-for-couscous']",0,[],[],361.0,2.0,0.1,1.6,3.3,12.0,0.02
Organic Soya Unsweetened U.H.T.,5411188511137,"['en:beverages-and-beverages-preparations', 'en:plant-based-foods-and-beverages', 'en:beverages', 'en:plant-based-foods', 'en:legumes-and-their-products', 'en:dairy-substitutes', 'en:milk-substitutes', 'en:plant-based-beverages', 'en:plant-based-milk-alternatives', 'en:legume-based-drinks', 'en:soy-based-drinks', 'en:unsweetened-plain-soy-based-drinks']",0,[],[],32.0,1.9,0.3,0.0,0.6,3.3,0.03
Peanut Delight,5060088705179,"['en:plant-based-foods-and-beverages', 'en:plant-based-foods', 'en:snacks', 'en:sweet-snacks', 'en:nuts-and-their-products', 'en:bars', 'en:cereal-bars', 'en:fruits-cereal-bars', 'en:nut-bars', 'en:peanut-bars', 'fr:barres-aux-fruits']",0,[],[],443.0,22.9,4.0,34.3,9.43,12.0,0.58
Shredded Wheat,7613287171009,"['en:plant-based-foods-and-beverages', 'en:plant-based-foods', 'en:breakfasts', 'en:cereals-and-potatoes', 'en:cereals-and-their-products', 'en:breakfast-cereals', 'en:extruded-cereals']",0,[],[],367.5,2.25,0.5,0.75,,11.75,0.05
Small chunk pickle,5060336505209,"['en:plant-based-foods-and-beverages', 'en:plant-based-foods', 'en:fruits-and-vegetables-based-foods', 'en:vegetable-based-foods-and-beverages', 'en:canned-foods', 'en:spreads', 'en:vegetables-based-foods', 'en:canned-plant-based-foods', 'en:pickles', 'en:canned-vegetables', 'en:plant-based-pickles', 'en:pickled-vegetables', 'fr:condiments-a-tartiner', 'en:pickle-spread']",1,[],['en:e150d'],159.0,0.8,0.3,29.0,,0.6,3.9
Coconut Milk,5013635330010,"['en:plant-based-foods-and-beverages', 'en:beverages', 'en:plant-based-foods', 'en:dairy-substitutes', 'en:milk-substitutes', 'en:plant-based-beverages', 'en:plant-based-milk-alternatives', 'en:plant-based-creams', 'en:plant-based-creams-for-cooking', 'en:coconut-milks-and-creams']",3,[],"['en:e412', 'en:e415', 'en:e435']",109.0,11.0,9.7,1.3,0.0,0.5,0.05
SMOOTH ALMOND BUTTER,5060367181281,"['en:plant-based-foods-and-beverages', 'en:plant-based-foods', 'en:spreads', 'en:nuts-and-their-products', 'en:plant-based-spreads', 'en:oilseed-purees', 'en:nut-butters', 'en:almond-butters']",0,[],[],577.0,52.3,4.1,5.1,10.9,20.9,0.4
Growers Harvest Tomato Purée,5059697736582,"['en:plant-based-foods-and-beverages', 'en:plant-based-foods', 'en:fruits-and-vegetables-based-foods', 'en:condiments', 'en:vegetables-based-foods', 'en:sauces', 'en:tomatoes-and-their-products', 'en:tomato-sauces', 'en:tomato-purees']",1,[],['en:e330'],84.0,0.38,0.1,14.08,3.18,4.78,0.48
Italian Chopped Tomatoes in tomato juice,01268423,"['en:plant-based-foods-and-beverages', 'en:plant-based-foods', 'en:fruits-and-vegetables-based-foods', 'en:canned-foods', 'en:vegetables-based-foods', 'en:canned-plant-based-foods', 'en:vegetables', 'en:canned-vegetables', 'en:tomatoes-and-their-products', 'en:tomatoes', 'en:canned-tomatoes']",1,[],['en:e330'],24.0,0.5,0.1,3.5,0.9,1.2,0.07
Oven Baked Sweet Potato Fries,5391528180073,"['en:plant-based-foods-and-beverages', 'en:plant-based-foods', 'en:fruits-and-vegetables-based-foods', 'en:snacks', 'en:vegetable-based-foods-and-beverages', 'en:cereals-and-potatoes', 'en:frozen-foods', 'en:salty-snacks', 'en:vegetables-based-foods', 'en:appetizers', 'en:chips-and-fries', 'en:vegetables', 'en:frozen-fried-potatoes', 'en:root-vegetables', 'en:sweet-potatoes', 'en:fries', 'en:frozen-fries', 'en:sweet-potato-fries']",0,[],[],192.0,6.88,0.625,16.2,5.38,2.75,0.287
Soft Tiger Bloomer,5010044003955,"['en:plant-based-foods-and-beverages', 'en:plant-based-foods', 'en:cereals-and-potatoes', 'en:breads', 'en:white-breads', 'en:wheat-breads']",5,[],"['en:e282', 'en:e300', 'en:e471', 'en:e472e', 'en:e920']",251.0,2.4,0.5,3.0,2.0,10.1,0.98
Compote de pomme allégée,3045320517101,"['en:plant-based-foods-and-beverages', 'en:plant-based-foods', 'en:fruits-and-vegetables-based-foods', 'en:desserts', 'en:fruits-based-foods', 'en:compotes', 'en:apple-compotes', 'en:light-compotes']",1,[],['en:e300'],63.0,0.2,0.0,14.0,1.9,0.3,0.0
PurSoup' Velouté de 10 légumes,3036811363147,"['en:plant-based-foods-and-beverages', 'en:plant-based-foods', 'en:fruits-and-vegetables-based-foods', 'en:meals', 'en:soups', 'en:vegetable-soups', 'en:cream-soups', 'en:cream-of-vegetable-soups']",1,[],['en:e14xx'],42.4,1.92,0.6,1.32,0.8,0.72,0.68
Greek White,5202390020407,"['en:plant-based-foods-and-beverages', 'en:dairies', 'en:fermented-foods', 'en:plant-based-foods', 'en:fermented-milk-products', 'en:cheeses', 'en:dairy-substitutes', 'en:vegan-products', 'en:greek-cheeses', 'en:cheese-substitutes', 'en:feta', 'en:vegan-feta-cheese']",0,[],[],305.0,29.0,26.0,0.0,,0.0,1.7
SPECIAL K The Original,5000127163096,"['en:plant-based-foods-and-beverages', 'en:plant-based-foods', 'en:breakfasts', 'en:cereals-and-potatoes', 'en:cereals-and-their-products', 'en:breakfast-cereals', 'en:flakes', 'en:cereal-flakes', 'en:extruded-cereals', 'en:extruded-flakes', 'en:breakfast-cereals-rich-in-fibre', 'en:mixed-cereal-flakes']",0,[],[],392.0,1.3,0.3,15.0,6.0,8.0,2.1
Oat M*lk,5060406080223,"['en:beverages-and-beverages-preparations', 'en:plant-based-foods-and-beverages', 'en:beverages', 'en:plant-based-foods', 'en:cereals-and-potatoes', 'en:dairy-substitutes', 'en:cereals-and-their-products', 'en:milk-substitutes', 'en:plant-based-beverages', 'en:plant-based-milk-alternatives', 'en:cereal-based-drinks', 'en:oat-based-drinks']",2,[],"['en:e170', 'en:e170i', 'en:e341', 'en:e341iii']",46.5,2.0,0.2,3.25,,0.25,0.104
,4056489018636,"['en:plant-based-foods-and-beverages', 'en:plant-based-foods', 'en:cereals-and-potatoes', 'en:cereals-and-their-products', 'en:breads', 'en:flatbreads', 'en:white-breads', 'en:wheat-breads', 'en:wheat-flatbreads']",5,[],"['en:e202', 'en:e282', 'en:e422', 'en:e471', 'en:e500']",297.0,7.5,1.8,2.0,4.8,12.0,1.0
Best of Both Bread,5010003052949,"['en:plant-based-foods-and-beverages', 'en:plant-based-foods', 'en:cereals-and-potatoes', 'en:breads', 'en:white-breads', 'en:bread-white-from-wheat-flour-of-the-highest-grade-gost-26987-86']",5,[],"['en:e282', 'en:e300', 'en:e322', 'en:e471', 'en:e472e']",232.0,1.75,0.25,3.5,2.5,8.75,0.887
21 Whole Grains and Seeds Organic Bread,0013764027138,"['en:plant-based-foods-and-beverages', 'en:plant-based-foods', 'en:cereals-and-potatoes', 'en:cereals-and-their-products', 'en:breads', 'en:sliced-breads']",0,[],[],214.0,3.57,0.0,10.7,10.7,10.7,0.938
Super Berry Granola,5060853640124,"['en:plant-based-foods-and-beverages', 'en:plant-based-foods', 'en:breakfasts', 'en:cereals-and-potatoes', 'en:cereals-and-their-products', 'en:breakfast-cereals', 'en:mueslis']",0,[],[],382.0,12.0,1.7,9.7,15.0,11.0,0.04
Tomato Purée,20522612,"['en:plant-based-foods-and-beverages', 'en:plant-based-foods', 'en:fruits-and-vegetables-based-foods', 'en:vegetables-based-foods', 'en:prepared-vegetables', 'en:purees', 'en:tomatoes-and-their-products', 'en:mashed-vegetables', 'en:canned-tomato-puree', 'en:tomato-pastes']",1,[],['en:e330'],94.0,0.25,0.0,17.0,2.2,4.5,0.0975
Confiture de fraise,6111021014205,"['en:plant-based-foods-and-beverages', 'en:plant-based-foods', 'en:fruits-and-vegetables-based-foods', 'en:breakfasts', 'en:spreads', 'en:fruits-based-foods', 'en:plant-based-spreads', 'en:sweet-spreads', 'en:fruit-and-vegetable-preserves', 'en:jams', 'en:berry-jams', 'en:strawberry-jams']",1,[],['en:e440'],255.0,0.0,0.0,62.0,,0.0,0.0
Soft Pitted Dates,4056489710592,"['en:plant-based-foods-and-beverages', 'en:plant-based-foods', 'en:fruits-and-vegetables-based-foods', 'en:fruits-based-foods', 'en:dried-products', 'en:fruits', 'en:dried-plant-based-foods', 'en:dried-fruits', 'en:dates', 'en:deglet-noor-dates']",1,[],['en:e202'],288.0,0.2,0.1,52.7,7.5,2.5,0.19
Peanut butter,0016843697017,"['en:plant-based-foods-and-beverages', 'en:plant-based-foods', 'en:legumes-and-their-products', 'en:spreads', 'en:nuts-and-their-products', 'en:plant-based-spreads', 'en:oilseed-purees', 'en:legume-butters', 'en:nut-butters', 'en:peanut-butters']",0,[],[],160.0,14.0,2.0,1.0,,7.0,0.175
Wheat and Rye Soughdough Half Bloomer,00458061,"['en:plant-based-foods-and-beverages', 'en:plant-based-foods', 'en:cereals-and-potatoes', 'en:cereals-and-their-products', 'en:breads', 'en:sliced-breads', 'en:sliced-fermented-soughdough-bread-made-with-wheat-rye']",1,[],['en:e300'],249.0,2.6,0.4,1.6,5.0,9.0,0.945
Tartines Craquantes Multi-Céréales,3175681037885,"['en:plant-based-foods-and-beverages', 'en:plant-based-foods', 'en:snacks', 'en:cereals-and-potatoes', 'en:extruded-crispbreads']",0,[],[],377.0,2.3,0.3,2.8,2.5,9.9,0.32
Ricoré Original Café & Chicorée,7613035272903,"['en:beverages-and-beverages-preparations', 'en:plant-based-foods-and-beverages', 'en:beverages', 'en:plant-based-foods', 'en:hot-beverages', 'en:plant-based-beverages', 'en:beverage-preparations', 'en:coffees', 'en:instant-beverages', 'en:instant-coffee-substitutes', 'en:instant-chicory', 'en:instant-mix-of-chicory-and-coffee-powder']",0,[],[],141.0,0.4,0.09,7.7,48.7,3.0,0.15
Tipiak Graine Parfumé,3600900021050,"['en:plant-based-foods-and-beverages', 'en:plant-based-foods', 'en:cereals-and-potatoes', 'en:cereals-and-their-products', 'en:meals', 'en:cereal-semolinas', 'en:wheat-semolinas', 'en:durum-wheat-semolinas', 'en:couscous', 'en:durum-wheat-semolinas-for-couscous']",0,[],[],165.0,1.29,0.214,1.5,2.36,5.86,0.668
Huile d'Olive Vierge Extra,3178050000725,"['en:plant-based-foods-and-beverages', 'en:plant-based-foods', 'en:fats', 'en:vegetable-fats', 'en:olive-tree-products', 'en:vegetable-oils', 'en:olive-oils', 'en:extra-virgin-olive-oils', 'en:virgin-olive-oils']",0,[],[],900.0,100.0,15.0,0.0,,0.0,0.0
Huile d'olive vierge extra - Bio,3265479432005,"['en:plant-based-foods-and-beverages', 'en:plant-based-foods', 'en:fats', 'en:vegetable-fats', 'en:olive-tree-products', 'en:vegetable-oils', 'en:olive-oils', 'en:extra-virgin-olive-oils', 'en:virgin-olive-oils', 'fr:huile-d-olive-vierge-extra-bio']",0,[],[],900.0,100.0,14.0,0.0,0.0,0.0,0.0
soya Vanille,5411188115533,"['en:beverages-and-beverages-preparations', 'en:plant-based-foods-and-beverages', 'en:beverages', 'en:plant-based-foods', 'en:legumes-and-their-products', 'en:dairy-substitutes', 'en:milk-substitutes', 'en:plant-based-beverages', 'en:plant-based-milk-alternatives', 'en:legume-based-drinks', 'en:soy-based-drinks', 'en:flavoured-soy-drinks-enriched-in-calcium-with-sugar', 'en:sweetened-beverages', 'en:vanilla-soy-based-drinks']",2,[],"['en:e340', 'en:e418']",57.0,1.8,0.3,6.7,0.5,3.0,0.14
Chips de Sarrasin au Sel de Guerande,3497917002451,"['en:plant-based-foods-and-beverages', 'en:plant-based-foods', 'en:snacks', 'en:cereals-and-potatoes', 'en:salty-snacks', 'en:seeds', 'en:appetizers', 'en:cereals-and-their-products', 'en:chips-and-fries', 'en:cereal-grains', 'en:crisps', 'en:buckwheat', 'en:chips-de-sarrasin']",0,[],[],567.0,38.0,3.1,0.6,4.6,8.9,1.1
Menguy's Beurre de cacahuètes crunchy,3327272107266,"['en:plant-based-foods-and-beverages', 'en:plant-based-foods', 'en:legumes-and-their-products', 'en:legumes', 'en:spreads', 'en:nuts-and-their-products', 'en:plant-based-spreads', 'en:nuts', 'en:oilseed-purees', 'en:legume-butters', 'en:nut-butters', 'en:peanut-butters', 'en:peanuts', 'en:crunchy-peanut-butters']",0,[],[],629.0,52.0,9.3,8.5,6.7,25.0,0.73
Anacardo natural,8480000233653,"['en:plant-based-foods-and-beverages', 'en:plant-based-foods', 'en:nuts-and-their-products', 'en:nuts', 'en:cashew-nuts', 'en:unsalted-nuts', 'en:unsalted-cashews', 'en:non-roasted-cashew-nuts', 'en:raw-cashew-nuts']",0,[],[],604.0,48.2,8.2,7.7,3.6,21.9,0.0
Vegemite,9352042000298,"['en:plant-based-foods-and-beverages', 'en:plant-based-foods', 'en:spreads', 'en:plant-based-spreads', 'en:salted-spreads', 'en:yeast-extract-spreads']",2,[],"['en:e150c', 'en:e508']",174.0,0.9,0.1,2.4,8.4,25.9,8.39
Complet au sarrasin,06163826,"['en:plant-based-foods-and-beverages', 'en:plant-based-foods', 'en:snacks', 'en:cereals-and-potatoes', 'en:specific-products', 'en:products-for-specific-diets', 'en:products-without-gluten', 'en:extruded-crispbreads']",1,[],['en:e1510'],224.0,3.6,0.5,4.2,15.0,7.5,1.1
Black Beans in Water,5057373748423,"['en:plant-based-foods-and-beverages', 'en:plant-based-foods', 'en:legumes-and-their-products', 'en:canned-foods', 'en:legumes', 'en:seeds', 'en:canned-plant-based-foods', 'en:legume-seeds', 'en:pulses', 'en:common-beans', 'en:canned-legumes', 'en:black-beans']",1,[],['en:e509'],110.0,0.6,0.1,0.5,7.1,7.5,0.01
Batchelors : Mushy Original,5000232901422,"['en:plant-based-foods-and-beverages', 'en:plant-based-foods', 'en:fruits-and-vegetables-based-foods', 'en:legumes-and-their-products', 'en:canned-foods', 'en:legumes', 'en:seeds', 'en:vegetables-based-foods', 'en:canned-plant-based-foods', 'en:legume-seeds', 'en:vegetables', 'en:canned-vegetables', 'en:pulses', 'en:canned-legumes', 'en:green-peas', 'en:canned-peas', 'fr:pois-casses']",2,[],"['en:e102', 'en:e133']",88.0,0.4,0.2,1.4,3.9,5.9,0.45
Wholemeal Bagels,5018297002008,"['en:plant-based-foods-and-beverages', 'en:plant-based-foods', 'en:cereals-and-potatoes', 'en:breads', 'en:special-breads', 'en:bagel-breads']",2,[],"['en:e282', 'en:e300']",252.0,1.9,0.3,6.4,6.2,10.7,0.78
Rosemary & Sea Salt Thins,5050974504139,"['en:plant-based-foods-and-beverages', 'en:plant-based-foods', 'en:snacks', 'en:cereals-and-potatoes', 'en:salty-snacks', 'en:appetizers', 'en:breads', 'en:flatbreads']",1,[],['en:e508'],386.0,4.29,0.857,2.86,8.57,12.9,1.68
Oven Baked Sea Salt Crisps,5000328015927,"['en:plant-based-foods-and-beverages', 'en:plant-based-foods', 'en:snacks', 'en:cereals-and-potatoes', 'en:salty-snacks', 'en:appetizers', 'en:chips-and-fries', 'en:crisps', 'en:potato-crisps']",2,[],"['en:e160b', 'en:e160bii', 'en:e322']",436.0,12.7,1.36,5.45,6.36,5.91,0.852
Coconut milk,4088600179131,"['en:plant-based-foods-and-beverages', 'en:plant-based-foods', 'en:plant-based-creams', 'en:plant-based-creams-for-cooking', 'en:coconut-milks-and-creams']",2,[],"['en:e435', 'en:e466']",171.0,16.9,14.6,2.0,0.4,1.1,0.0
Snack a Jacks Zingy Salt & Vinegar 117g,5000328024240,"['en:plant-based-foods-and-beverages', 'en:plant-based-foods', 'en:cereals-and-potatoes', 'en:cereals-and-their-products', 'en:puffed-cereal-cakes', 'en:puffed-rice-cakes']",1,[],['en:e330'],410.0,5.71,0.952,0.952,3.81,8.57,1.33
CIABATTA ROLLS,4088600003610,"['en:plant-based-foods-and-beverages', 'en:plant-based-foods', 'en:cereals-and-potatoes', 'en:breads', 'en:bread-rolls']",0,[],[],267.0,2.4,0.5,2.8,3.2,10.4,0.62
Natural Ingredients Buttery,8719200265455,"['en:plant-based-foods-and-beverages', 'en:plant-based-foods', 'en:fats', 'en:spreads', 'en:plant-based-spreads', 'en:salted-spreads', 'en:spreadable-fats', 'en:vegetable-fats', 'en:margarines']",2,[],"['en:e160a', 'en:e160ai', 'en:e322', 'en:e322i']",677.0,75.0,28.0,0.5,0.0,0.5,1.3
100% mie,3228857000869,"['en:plant-based-foods-and-beverages', 'en:plant-based-foods', 'en:cereals-and-potatoes', 'en:breads', 'en:sliced-breads', 'en:sliced-breads-without-crust']",0,[],[],266.0,4.2,0.4,7.7,4.0,7.0,1.1
Le Classique Soja et Blé,7613036092487,"['en:plant-based-foods-and-beverages', 'en:plant-based-foods', 'en:meat-alternatives', 'en:meat-analogues', 'en:vegetarian-patties']",0,[],[],191.0,8.7,0.7,3.2,6.4,21.0,1.3
Tomaten passiert,20163402,"['en:plant-based-foods-and-beverages', 'en:plant-based-foods', 'en:fruits-and-vegetables-based-foods', 'en:vegetables-based-foods', 'en:tomatoes-and-their-products', 'en:strained-tomatoes']",1,[],['en:e330'],35.0,0.2,0.1,4.0,1.0,1.7,0.393
Céréales Trésor Kellogg's Chocolat Noisettes - 1kg,5050083535079,"['en:plant-based-foods-and-beverages', 'en:plant-based-foods', 'en:breakfasts', 'en:cereals-and-potatoes', 'en:cereals-and-their-products', 'en:breakfast-cereals', 'en:chocolate-cereals', 'en:extruded-cereals', 'en:filled-cereals', 'en:breakfast-cereals-filled-with-chocolate-hazelnuts']",5,[],"['en:e160', 'en:e160b', 'en:e304', 'en:e304i', 'en:e307', 'en:e322', 'en:e322i']",456.0,14.0,3.5,26.0,3.5,7.0,1.1
Pomme de terre nature,3168930167983,"['en:plant-based-foods-and-beverages', 'en:plant-based-foods', 'en:snacks', 'en:cereals-and-potatoes', 'en:salty-snacks', 'en:appetizers', 'en:chips-and-fries', 'en:frozen-foods', 'en:crisps', 'en:potato-crisps', 'en:old-fashioned-crisps', 'en:potato-crisps-in-sunflower-oil']",0,[],[],540.0,35.0,3.7,0.5,3.9,6.2,1.1
Soya Wholebean Unsweetened Drink U.H.T.,5411188079996,"['en:plant-based-foods-and-beverages', 'en:beverages', 'en:plant-based-foods', 'en:legumes-and-their-products', 'en:dairy-substitutes', 'en:milk-substitutes', 'en:plant-based-beverages', 'en:specific-products', 'en:plant-based-milk-alternatives', 'en:products-for-specific-diets', 'en:products-without-gluten', 'en:legume-based-drinks', 'en:soy-based-drinks']",2,[],"['en:e340', 'en:e418']",33.0,1.8,0.3,0.0,0.6,3.3,0.0875
Filippo Berio Extra Virgin Olive Oil imp,8002210500204,"['en:plant-based-foods-and-beverages', 'en:plant-based-foods', 'en:fats', 'en:vegetable-fats', 'en:olive-tree-products', 'en:vegetable-oils', 'en:olive-oils', 'en:extra-virgin-olive-oils', 'en:virgin-olive-oils']",0,[],[],822.0,91.3,13.9,0.0,,0.0,0.0
Shredded Wheat,5011476102223,"['en:plant-based-foods-and-beverages', 'en:plant-based-foods', 'en:breakfasts', 'en:cereals-and-potatoes', 'en:cereals-and-their-products', 'en:breakfast-cereals', 'en:extruded-cereals', 'en:breakfast-cereals-rich-in-fibre']",0,[],[],387.0,5.4,1.2,15.0,9.8,12.0,0.04
Wholemeal Loaf,5010044009650,"['en:plant-based-foods-and-beverages', 'en:plant-based-foods', 'en:cereals-and-potatoes', 'en:cereals-and-their-products', 'en:breads', 'en:sliced-breads', 'en:wholemeal-breads']",4,[],"['en:e282', 'en:e300', 'en:e471', 'en:e472e']",260.0,4.6,0.8,3.2,7.0,16.0,0.885
Curly cacahuete,3336971209133,"['en:plant-based-foods-and-beverages', 'en:plant-based-foods', 'en:snacks', 'en:salty-snacks', 'en:appetizers', 'en:biscuits-and-crackers', 'en:crackers-appetizers', 'en:puffed-salty-snacks', 'en:puffed-salty-snacks-made-from-maize', 'en:puffed-salty-snacks-made-from-maize-with-peanuts', 'fr:biscuits-aperitif-souffles-a-la-cacahuete']",0,[],[],461.0,20.0,3.0,1.5,3.8,13.0,1.5
Bio Reiswaffeln mit Salz,20884680,"['en:plant-based-foods-and-beverages', 'en:plant-based-foods', 'en:cereals-and-potatoes', 'en:cereals-and-their-products', 'en:puffed-cereal-cakes', 'en:puffed-rice-cakes']",0,[],[],390.7743785235,3.3,0.8,0.4,3.5,8.5,0.305
,7613032568436,"['en:beverages-and-beverages-preparations', 'en:plant-based-foods-and-beverages', 'en:plant-based-foods', 'en:beverage-preparations', 'en:coffees', 'en:instant-beverages', 'en:instant-coffees']",3,[],"['en:e331', 'en:e340', 'en:e452']",54.0,1.0,0.9,7.1,0.7,1.2,0.12
Muesli Frutas,8480000094919,"['en:plant-based-foods-and-beverages', 'en:plant-based-foods', 'en:breakfasts', 'en:cereals-and-potatoes', 'en:cereals-and-their-products', 'en:breakfast-cereals', 'en:cereals-with-fruits', 'en:mueslis', 'en:mueslis-with-fruits']",0,[],[],361.0,7.6,3.9,15.0,10.0,9.1,0.08
Muesli,3229820797946,"['en:plant-based-foods-and-beverages', 'en:plant-based-foods', 'en:breakfasts', 'en:cereals-and-potatoes', 'en:cereals-and-their-products', 'en:breakfast-cereals', 'en:cereals-with-fruits', 'en:mueslis', 'en:mueslis-with-fruits']",0,[],[],352.0,5.8,0.9,14.0,10.0,11.0,0.03
M&M's Cacahuètes - Pack familial,5000159492966,"['en:plant-based-foods-and-beverages', 'en:plant-based-foods', 'en:snacks', 'en:sweet-snacks', 'en:cocoa-and-its-products', 'en:confectioneries', 'en:nuts-and-their-products', 'en:chocolate-candies', 'en:bonbons', 'en:chocolate-covered-nuts-and-fruits', 'en:chocolate-covered-nuts', 'en:chocolate-coated-peanuts', 'en:sugar-coated-chocolate-confectioneries']",10,[],"['en:e100', 'en:e120', 'en:e133', 'en:e1400', 'en:e160a', 'en:e160e', 'en:e170', 'en:e322', 'en:e322i', 'en:e414', 'en:e903']",524.0,26.0,11.0,53.0,,9.8,0.11
Räuchertofu Mandel-Sesam,4012359113108,"['en:plant-based-foods-and-beverages', 'en:plant-based-foods', 'en:legumes-and-their-products', 'en:meat-alternatives', 'en:tofu']",0,[],[],198.0,12.0,1.9,0.5,,19.0,1.6
Simply porridge oats,4056489462828,"['en:plant-based-foods-and-beverages', 'en:plant-based-foods', 'en:breakfasts', 'en:cereals-and-potatoes', 'en:cereals-and-their-products', 'en:breakfast-cereals', 'en:flakes', 'en:cereal-flakes', 'en:rolled-flakes', 'en:porridge', 'en:rolled-oats']",0,[],[],368.0,8.5,1.25,1.0,9.0,12.0,0.025
Chips nature,3168930171737,"['en:plant-based-foods-and-beverages', 'en:plant-based-foods', 'en:snacks', 'en:cereals-and-potatoes', 'en:salty-snacks', 'en:appetizers', 'en:chips-and-fries', 'en:crisps', 'en:potato-crisps', 'en:potato-crisps-in-sunflower-oil']",0,[],[],508.0,30.0,3.2,0.5,4.3,6.1,1.1
TORTILLA WRAPS WHOLEMEAL,4088600111209,"['en:plant-based-foods-and-beverages', 'en:plant-based-foods', 'en:cereals-and-potatoes', 'en:breads', 'en:flatbreads', 'en:white-breads', 'en:wheat-breads', 'en:wheat-flatbreads']",8,[],"['en:e202', 'en:e282', 'en:e330', 'en:e422', 'en:e450', 'en:e471', 'en:e500', 'en:e920']",307.142857142857,3.75,0.714285714285715,1.07142857142857,7.85714285714286,7.32142857142857,0.0
Rana spinach and ricotta fresh tortelloni,8001665705073,"['en:plant-based-foods-and-beverages', 'en:plant-based-foods', 'en:cereals-and-potatoes', 'en:meals', 'en:cereals-and-their-products', 'en:pasta-dishes', 'en:pastas', 'en:stuffed-pastas']",0,[],[],301.0,10.4,2.0,4.9,2.3,9.6,0.845
Nordic Oat Drink,5711953176609,"['en:beverages-and-beverages-preparations', 'en:plant-based-foods-and-beverages', 'en:beverages', 'en:plant-based-foods', 'en:cereals-and-potatoes', 'en:dairy-substitutes', 'en:cereals-and-their-products', 'en:milk-substitutes', 'en:plant-based-beverages', 'en:plant-based-milk-alternatives', 'en:cereal-based-drinks', 'en:oat-based-drinks']",0,[],[],47.0,1.5,0.1,3.0,1.0,0.7,0.0975
Tomacouli,3038352875066,"['en:plant-based-foods-and-beverages', 'en:plant-based-foods', 'en:fruits-and-vegetables-based-foods', 'en:condiments', 'en:vegetables-based-foods', 'en:sauces', 'en:tomatoes-and-their-products', 'en:tomato-sauces', 'en:tomato-purees', 'en:aliments-d-origine-vegetale', 'en:aliments-et-boissons-a-base-de-vegetaux', 'en:aliments-a-base-de-fruits-et-de-legumes', 'en:bases-culinaires', 'en:groceries', 'en:kits-repas', 'en:legumes-et-derives', 'en:puree-de-tomates-fraiches', 'en:purees-de-tomates', 'en:sauces-tomate', 'en:tomates-et-derives']",1,[],['en:e330'],27.0,0.1,0.05,3.9,1.6,1.2,0.05
Compote Pomme Nature,3608580789758,"['en:plant-based-foods-and-beverages', 'en:plant-based-foods', 'en:fruits-and-vegetables-based-foods', 'en:desserts', 'en:fruits-based-foods', 'en:fruits', 'en:apples', 'en:compotes', 'en:apple-compotes', 'en:applesauces']",0,[],[],55.0,0.2,0.0,12.0,1.9,0.3,0.0
Jus d'orange sans pulpe,20245900,"['en:plant-based-foods-and-beverages', 'en:beverages', 'en:plant-based-foods', 'en:plant-based-beverages', 'en:fruit-based-beverages', 'en:juices-and-nectars', 'en:fruit-juices', 'en:non-alcoholic-beverages', 'en:orange-juices', 'en:squeezed-juices', 'en:orange-juices-without-pulp', 'en:squeezed-orange-juices']",0,[],[],42.0,0.05,0.01,9.0,,0.7,0.02
Krisprolls,7311070032581,"['en:plant-based-foods-and-beverages', 'en:plant-based-foods', 'en:cereals-and-potatoes', 'en:breads', 'en:toasts', 'en:toasted-bread-rolls']",0,[],[],397.0,6.2,2.1,7.0,7.7,12.0,1.5725
Amandes grillées sans sel,3502490099177,"['en:plant-based-foods-and-beverages', 'en:plant-based-foods', 'en:nuts-and-their-products', 'en:nuts', 'en:almonds', 'en:shelled-nuts', 'en:shelled-almonds', 'en:roasted-almonds', 'en:unsalted-almonds', 'en:almonds-roasted-and-unsalted']",0,[],[],637.0,55.0,4.2,4.5,9.3,25.0,0.0
Sauce apéritif Guacamole,8410076421449,"['en:plant-based-foods-and-beverages', 'en:plant-based-foods', 'en:condiments', 'en:spreads', 'en:plant-based-spreads', 'en:sauces', 'en:dips', 'en:guacamoles', 'en:groceries']",5,[],"['en:e140', 'en:e140ii', 'en:e161b', 'en:e300', 'en:e330', 'en:e575']",77.0,3.2,0.6,3.0,1.5,1.7,0.85
Gazpacho Original,8422174010029,"['en:plant-based-foods-and-beverages', 'en:plant-based-foods', 'en:fruits-and-vegetables-based-foods', 'en:meals', 'en:soups', 'en:vegetable-soups', 'en:cold-soups', 'en:gazpacho']",0,[],[],42.0,2.4,0.4,3.3,1.2,0.9,0.62
Gazpacho Tradicional,8480000156044,"['en:plant-based-foods-and-beverages', 'en:plant-based-foods', 'en:fruits-and-vegetables-based-foods', 'en:meals', 'en:soups', 'en:vegetable-soups', 'en:cold-soups', 'en:gazpacho']",0,[],[],41.0,2.6,0.4,3.4,1.1,0.8,0.8
Crunchy Peanut Butter,5011835101065,"['en:plant-based-foods-and-beverages', 'en:plant-based-foods', 'en:legumes-and-their-products', 'en:spreads', 'en:nuts-and-their-products', 'en:plant-based-spreads', 'en:oilseed-purees', 'en:nut-butters', 'en:legume-butters', 'en:peanut-butters']",0,[],[],643.0,54.3,7.9,3.8,6.7,27.7,1.0825
RUDE Almond Organic Drink imp,5060120282019,"['en:beverages-and-beverages-preparations', 'en:plant-based-foods-and-beverages', 'en:beverages', 'en:plant-based-foods', 'en:dairy-substitutes', 'en:milk-substitutes', 'en:nuts-and-their-products', 'en:plant-based-beverages', 'en:plant-based-milk-alternatives', 'en:nut-based-drinks', 'en:almond-based-drinks']",0,[],[],56.0,1.5,0.3,4.7,0.5,0.5,0.08
Pitted Black Olives in Brine,20878979,"['en:plant-based-foods-and-beverages', 'en:plant-based-foods', 'en:pickles', 'en:olive-tree-products', 'en:plant-based-pickles', 'en:olives', 'en:black-olives']",1,[],['en:e579'],134.0,14.0,2.2,0.0,3.0,0.5,2.0
Oatly Semi Oat Drink imp,7394376620720,"['en:plant-based-foods-and-beverages', 'en:beverages', 'en:plant-based-foods', 'en:cereals-and-potatoes', 'en:dairy-substitutes', 'en:cereals-and-their-products', 'en:milk-substitutes', 'en:plant-based-beverages', 'en:plant-based-milk-alternatives', 'en:cereal-based-drinks', 'en:oat-based-drinks', 'en:pat-milks']",1,[],"['en:e340', 'en:e340ii']",48.0,1.5,0.2,3.4,0.8,1.1,0.1
Marmite Reduced Salt,87343397,"['en:plant-based-foods-and-beverages', 'en:plant-based-foods', 'en:condiments', 'en:spreads', 'en:plant-based-spreads', 'en:salted-spreads', 'en:sauces', 'en:yeast-extract-spreads', 'fr:sauces-a-base-d-extrait-de-levure']",0,[],[],271.0,0.5,0.1,0.6,,39.0,6.1
Mixed Nuts,4088600272689,"['en:plant-based-foods-and-beverages', 'en:plant-based-foods', 'en:nuts-and-their-products', 'en:nuts', 'en:mixed-nuts']",0,[],[],639.34034416826,58.7,5.5,4.0,10.6,20.3,7.5e-05
Superseed Farmhouse,4088600236377,"['en:plant-based-foods-and-beverages', 'en:plant-based-foods', 'en:cereals-and-potatoes', 'en:breads', 'en:sliced-breads', 'en:white-breads', 'en:wheat-breads', 'en:seeded-loaf']",4,[],"['en:e282', 'en:e300', 'en:e471', 'en:e472e']",286.0,8.2,1.3,2.7,5.0,10.4,0.99
6 Wholemeal Pitta Breads,4056489851387,"['en:plant-based-foods-and-beverages', 'en:plant-based-foods', 'en:cereals-and-potatoes', 'en:breads', 'en:flatbreads', 'en:special-breads', 'en:pitas']",1,[],['en:e282'],213.0,1.3,0.3,2.5,7.2,10.0,0.47
Framboise Intense,3608580823476,"['en:plant-based-foods-and-beverages', 'en:plant-based-foods', 'en:fruits-and-vegetables-based-foods', 'en:breakfasts', 'en:spreads', 'en:fruits-based-foods', 'en:plant-based-spreads', 'en:sweet-spreads', 'en:fruit-and-vegetable-preserves', 'en:jams', 'en:berry-jams', 'en:low-sugar-fruit-jam', 'en:raspberry-jams']",1,[],['en:e440'],171.0,0.5,0.1,38.0,2.3,0.7,0.0
Flocons d'avoine complets,3421557910203,"['en:plant-based-foods-and-beverages', 'en:plant-based-foods', 'en:breakfasts', 'en:cereals-and-potatoes', 'en:cereals-and-their-products', 'en:breakfast-cereals', 'en:flakes', 'en:cereal-flakes', 'en:rolled-flakes', 'en:rolled-oats']",0,[],[],371.0,7.0,1.3,0.9,10.0,12.0,0.01
Meli mélo gourmand,3600900005067,"['en:plant-based-foods-and-beverages', 'en:plant-based-foods', 'en:fruits-and-vegetables-based-foods', 'en:legumes-and-their-products', 'en:cereals-and-potatoes', 'en:legumes', 'en:seeds', 'en:vegetables-based-foods', 'en:cereals-and-their-products', 'en:legume-seeds', 'en:meals', 'en:pulses']",0,[],[],126.0,1.2,0.2,1.7,2.7,5.1,0.64
Gemüse Brühwürfel,10581724,"['en:plant-based-foods-and-beverages', 'en:plant-based-foods', 'en:spreads', 'en:plant-based-spreads', 'en:salted-spreads', 'en:pflanzliche-lebensmittel-und-getranke']",0,[],[],380.0,37.0,4.1,3.7,2.7,5.3,1.2
Crunchy Muesli Multi Fruit,4056489209980,"['en:plant-based-foods-and-beverages', 'en:plant-based-foods', 'en:breakfasts', 'en:cereals-and-potatoes', 'en:cereals-and-their-products', 'en:breakfast-cereals', 'en:cereals-with-fruits', 'en:mueslis', 'en:crunchy-mueslis', 'en:mueslis-with-fruits', 'en:crunchy-cereal-clusters', 'en:crunchy-mueslis-with-fruits']",4,[],"['en:e300', 'en:e322', 'en:e322i', 'en:e330']",426.0,13.9,7.0,24.1,7.6,7.9,0.245
Spaghetti Senza Glutine,8076809545440,"['en:plant-based-foods-and-beverages', 'en:plant-based-foods', 'en:cereals-and-potatoes', 'en:cereals-and-their-products', 'en:specific-products', 'en:pastas', 'en:products-for-specific-diets', 'en:products-without-gluten', 'en:dry-pastas', 'en:gluten-free-pasta', 'en:gluten-free-dry-pasta', 'en:spaghetti', 'en:gluten-free-spaghetti']",1,[],['en:e471'],358.0,1.5,0.3,0.5,1.1,6.5,0.01
Pain grillé,3182180002474,"['en:plant-based-foods-and-beverages', 'en:plant-based-foods', 'en:cereals-and-potatoes', 'en:cereals-and-their-products', 'en:breads', 'en:toasts', 'en:pains-de-campagne']",0,[],[],403.0,6.6,0.7,3.3,5.8,11.0,1.3
"Beanz In a Rich Tomato Sauce, Organic",5000157026231,"['en:plant-based-foods-and-beverages', 'en:plant-based-foods', 'en:meals', 'en:prepared-vegetables', 'en:baked-beans-in-tomato-sauce']",0,[],[],82.0,0.2,0.1,5.4,3.8,4.9,0.6
PET 1L OCEAN SPRAY SANS SUCRE,1200101017955,"['en:beverages-and-beverages-preparations', 'en:plant-based-foods-and-beverages', 'en:beverages', 'en:plant-based-foods', 'en:fruits-and-vegetables-based-foods', 'en:fruits-based-foods', 'en:plant-based-beverages', 'en:fruit-based-beverages', 'en:artificially-sweetened-beverages', 'en:beverages-with-cranberry']",3,[],"['en:e331', 'en:e440', 'en:e955']",10.0,0.0,0.0,1.5,,0.0,0.04
KitKat Cereal,8445290728791,"['en:plant-based-foods-and-beverages', 'en:plant-based-foods', 'en:breakfasts', 'en:cereals-and-potatoes', 'en:cereals-and-their-products', 'en:breakfast-cereals', 'en:chocolate-cereals', 'en:breakfast-cereals-fortified-with-vitamins-and-chemical-elements', 'en:extruded-cereals', 'en:unfilled-breakfast-chocolate-cereals-fortified-with-vitamins-and-chemical-elements']",2,[],"['en:e306', 'en:e322']",420.0,10.9,4.0,24.7,6.4,7.8,0.37
Walkers Ready Salted Crisps 6pk,5000328376677,"['en:plant-based-foods-and-beverages', 'en:plant-based-foods', 'en:snacks', 'en:cereals-and-potatoes', 'en:salty-snacks', 'en:appetizers', 'en:chips-and-fries', 'en:crisps', 'en:potato-crisps', 'en:potato-crisps-in-sunflower-oil']",4,[],"['en:e300', 'en:e306', 'en:e330', 'en:e392']",384.0,22.4,9.2,0.4,3.6,4.8,0.88
Bebida de Soja,8480000136824,"['en:beverages-and-beverages-preparations', 'en:plant-based-foods-and-beverages', 'en:beverages', 'en:plant-based-foods', 'en:legumes-and-their-products', 'en:dairy-substitutes', 'en:milk-substitutes', 'en:plant-based-beverages', 'en:plant-based-milk-alternatives', 'en:pasteurised-products', 'en:legume-based-drinks', 'en:soy-based-drinks', 'en:uht-soy-based-drinks']",3,[],"['en:e418', 'en:e950', 'en:e955']",35.0,1.9,0.3,0.7,0.7,3.4,0.16
Muesli Swiss Style,4088600169934,"['en:plant-based-foods-and-beverages', 'en:plant-based-foods', 'en:breakfasts', 'en:cereals-and-potatoes', 'en:cereals-and-their-products', 'en:breakfast-cereals', 'en:mueslis', 'en:bircher-style-mueslis', 'en:muesli-flakes-not-fortified-with-vitamins-and-chemical-elements']",0,[],[],362.0,4.89,0.889,12.4,16.0,11.3,0.0222
POM-BEAR Potato snacks,5000237132296,"['en:plant-based-foods-and-beverages', 'en:plant-based-foods', 'en:snacks', 'en:cereals-and-potatoes', 'en:salty-snacks', 'en:appetizers', 'en:chips-and-fries', 'en:crisps', 'en:potato-crisps']",2,[],"['en:e1400', 'en:e471']",508.0,26.2,3.08,3.85,5.38,3.85,1.38
Pan de molde blanco natural rústico,8480000233592,"['en:plant-based-foods-and-beverages', 'en:plant-based-foods', 'en:cereals-and-potatoes', 'en:cereals-and-their-products', 'en:breads', 'en:sliced-breads']",0,[],[],265.0,4.5,0.6,3.8,1.2,9.1,1.1
Tasty Wholemeal Thick,5010003000353,"['en:plant-based-foods-and-beverages', 'en:plant-based-foods', 'en:cereals-and-potatoes', 'en:breads', 'en:sliced-breads', 'en:wholemeal-breads', 'en:wholemeal-sliced-breads']",3,[],"['en:e282', 'en:e300', 'en:e472e']",221.0,1.7,0.426,4.04,6.81,10.0,0.894
Coconut Milk,5054269746884,"['en:plant-based-foods-and-beverages', 'en:beverages', 'en:plant-based-foods', 'en:dairy-substitutes', 'en:milk-substitutes', 'en:plant-based-beverages', 'en:plant-based-milk-alternatives', 'en:plant-based-creams', 'en:plant-based-creams-for-cooking', 'en:coconut-milks-and-creams']",3,[],"['en:e412', 'en:e466', 'en:e473']",151.0,15.0,13.0,1.9,0.0,0.9,0.1175
,3387390339505,"['en:plant-based-foods-and-beverages', 'en:plant-based-foods', 'en:breakfasts', 'en:cereals-and-potatoes', 'en:cereals-and-their-products', 'en:breakfast-cereals', 'en:extruded-cereals', 'en:breakfast-cereals-rich-in-fibre', 'en:cereals-with-caramel']",1,[],"['en:e500', 'en:e500ii']",378.0,3.3,0.4,24.5,6.5,6.9,0.97
Cornichons  Gurken,20004361,"['en:plant-based-foods-and-beverages', 'en:plant-based-foods', 'en:fruits-and-vegetables-based-foods', 'en:vegetable-based-foods-and-beverages', 'en:canned-foods', 'en:vegetables-based-foods', 'en:canned-plant-based-foods', 'en:pickles', 'en:canned-vegetables', 'en:plant-based-pickles', 'en:pickled-vegetables', 'en:зеленчукови-консерви', 'en:зеленчукови-храни', 'en:кисели-краставици', 'en:консерви', 'en:консервирани-растителни-храни', 'en:растителни-храни', 'en:растителни-храни-и-напитки', 'ro:castraveți-murați']",0,[],[],35.0,0.3,0.1,4.5,1.4,1.2,1.18
Crispy Chili oil,6921804700269,"['en:plant-based-foods-and-beverages', 'en:plant-based-foods', 'en:condiments', 'en:sauces', 'en:hot-sauces', 'en:chilli-oil', 'fr:spicies']",1,[],['en:e621'],705.5449329672,71.3,0.0,0.0,,7.1,3.375
Puglian Extra Virgin Oil,4088600391977,"['en:plant-based-foods-and-beverages', 'en:plant-based-foods', 'en:fats', 'en:vegetable-fats', 'en:olive-tree-products', 'en:vegetable-oils', 'en:olive-oils', 'en:extra-virgin-olive-oils', 'en:virgin-olive-oils']",0,[],[],824.0,92.0,13.0,0.5,0.5,0.5,0.01
Aicha Tomate,6111021021005,"['en:plant-based-foods-and-beverages', 'en:plant-based-foods', 'en:fruits-and-vegetables-based-foods', 'en:condiments', 'en:vegetables-based-foods', 'en:sauces', 'en:tomatoes-and-their-products', 'en:tomato-pastes']",0,[],[],117.0,0.4,0.0,9.0,3.0,4.6,1.0
Heudebert Blé complet,7622210941480,"['en:plant-based-foods-and-beverages', 'en:plant-based-foods', 'en:cereals-and-potatoes', 'en:breads', 'en:rusks', 'en:toasts', 'en:wholemeal-rusks']",1,[],['en:e300'],387.0,4.7,1.9,7.4,6.5,14.0,1.43
Muesli croustillant tradition,3421557501722,"['en:plant-based-foods-and-beverages', 'en:plant-based-foods', 'en:breakfasts', 'en:cereals-and-potatoes', 'en:cereals-and-their-products', 'en:breakfast-cereals', 'en:mueslis']",0,[],[],440.0,13.0,1.7,20.0,5.9,9.1,0.05
tendres perles,3600900006972,"['en:plant-based-foods-and-beverages', 'en:plant-based-foods', 'en:cereals-and-potatoes', 'en:seeds', 'en:cereals-and-their-products', 'en:cereal-grains', 'en:wheats']",0,[],[],356.0,1.5,0.3,2.8,4.2,12.0,0.01
Chips saveur Poulet Braisé,3497911101129,"['en:plant-based-foods-and-beverages', 'en:plant-based-foods', 'en:snacks', 'en:cereals-and-potatoes', 'en:salty-snacks', 'en:appetizers', 'en:chips-and-fries', 'en:crisps', 'en:potato-crisps', 'en:flavoured-potato-crisps', 'en:potato-crisps-in-sunflower-oil', 'en:roasted-chicken-and-thyme-crisps']",0,[],[],522.0,31.0,2.6,0.8,4.8,6.3,1.4
L'original,3487400004413,"['en:plant-based-foods-and-beverages', 'en:plant-based-foods', 'en:cereals-and-potatoes', 'en:seeds', 'en:cereals-and-their-products', 'en:cereal-grains', 'en:cereal-semolinas', 'en:wheat-semolinas', 'en:durum-wheat-semolinas', 'en:wheats', 'en:durum-wheats', 'en:pre-cooked-whole-wheat', 'en:unsalted-pre-cooked-durum-wheat-with-whole-grain']",0,[],[],219.0,0.8,0.2,0.8,3.6,7.6,0.01
,8480000137388,"['en:plant-based-foods-and-beverages', 'en:plant-based-foods', 'en:legumes-and-their-products', 'en:legumes', 'en:nuts-and-their-products', 'en:nuts', 'en:dietary-supplements', 'en:bodybuilding-supplements', 'en:peanuts']",0,[],[],416.0,13.2,1.7,10.0,13.3,46.7,0.0
Avena Barista Edition,7394376616709,"['en:beverages-and-beverages-preparations', 'en:plant-based-foods-and-beverages', 'en:beverages', 'en:plant-based-foods', 'en:cereals-and-potatoes', 'en:dairy-substitutes', 'en:cereals-and-their-products', 'en:milk-substitutes', 'en:plant-based-beverages', 'en:plant-based-milk-alternatives', 'en:cereal-based-drinks', 'en:oat-based-drinks', 'fr:lait-avoine']",1,[],"['en:e340', 'en:e340ii']",61.0,3.0,0.3,3.4,0.8,1.1,0.1
Maxi tranches complet,3560071472719,"['en:plant-based-foods-and-beverages', 'en:plant-based-foods', 'en:cereals-and-potatoes', 'en:breads', 'en:sliced-breads', 'en:wholemeal-breads', 'en:wholemeal-sliced-breads']",1,[],['en:e282'],267.0,4.7,0.5,4.8,5.8,9.2,1.1
Raisin Wheats,5059319002811,"['en:plant-based-foods-and-beverages', 'en:plant-based-foods', 'en:breakfasts', 'en:cereals-and-potatoes', 'en:cereals-and-their-products', 'en:breakfast-cereals', 'en:extruded-cereals']",1,[],['en:e422'],359.0,1.8,0.2,13.0,7.6,11.0,0.01
Really Nutty Granola,4088600169859,"['en:plant-based-foods-and-beverages', 'en:plant-based-foods', 'en:breakfasts', 'en:cereals-and-potatoes', 'en:cereals-and-their-products', 'en:breakfast-cereals', 'en:mueslis', 'en:cereals-with-nuts', 'en:mueslis-with-nuts']",0,[],[],452.0,17.4,2.0,14.6,6.4,11.9,0.03
Parmigiano Reggiano & Poppyseed Torinesi Breadsticks,5060198641183,"['en:plant-based-foods-and-beverages', 'en:plant-based-foods', 'en:cereals-and-potatoes', 'en:breads', 'en:breadsticks']",0,[],[],430.0,11.0,4.3,2.6,3.3,13.0,2.3
Cherry Bakewell Oat Boosts,5055958705342,"['en:plant-based-foods-and-beverages', 'en:plant-based-foods', 'en:snacks', 'en:breakfasts', 'en:cereals-and-potatoes', 'en:sweet-snacks', 'en:cereals-and-their-products', 'en:breakfast-cereals', 'en:bars', 'en:flakes', 'en:cereal-bars', 'en:cereal-flakes', 'en:rolled-flakes', 'en:rolled-oats', 'en:cooked-oat-flakes', 'en:oat-biscuits']",3,[],"['en:e322', 'en:e322i', 'en:e415', 'en:e422']",437.0,22.3,3.67,12.7,15.3,6.33,0.2
Smacks,5053827101424,"['en:plant-based-foods-and-beverages', 'en:plant-based-foods', 'en:breakfasts', 'en:cereals-and-potatoes', 'en:cereals-and-their-products', 'en:breakfast-cereals', 'en:puffed-grains', 'en:puffed-cereals', 'en:puffed-wheat', 'en:puffed-wheat-with-caramel', 'en:cereals-with-caramel']",0,[],[],377.0,1.6,0.3,34.0,5.0,7.1,0.02
cracotte,3041090063152,"['en:plant-based-foods-and-beverages', 'en:plant-based-foods', 'en:cereals-and-potatoes', 'en:breads', 'en:rusks']",1,[],"['en:e322', 'en:e322i']",389.0,2.6,1.0,12.0,2.8,12.0,1.4
Crème de coco légère,3229820787985,"['en:plant-based-foods-and-beverages', 'en:plant-based-foods', 'en:dairy-substitutes', 'en:plant-based-creams', 'en:plant-based-creams-for-cooking', 'en:coconut-based-creams-for-cooking', 'en:coconut-milks-and-creams']",1,[],['en:e412'],174.0,16.0,15.0,1.6,1.1,1.2,0.08
Compote pommes allégée en sucres,4056489027768,"['en:plant-based-foods-and-beverages', 'en:plant-based-foods', 'en:fruits-and-vegetables-based-foods', 'en:desserts', 'en:fruits-based-foods', 'en:compotes', 'en:apple-compotes']",2,[],"['en:e300', 'en:e330']",71.0,0.0,0.0,16.0,2.2,0.2,0.0
Huile d'olive vierge extra Vivace,8002470023147,"['en:plant-based-foods-and-beverages', 'en:plant-based-foods', 'en:fats', 'en:vegetable-fats', 'en:olive-tree-products', 'en:vegetable-oils', 'en:olive-oils', 'en:extra-virgin-olive-oils', 'en:virgin-olive-oils']",0,[],[],823.0,91.0,14.0,0.0,0.0,0.0,0.0
Harrys brioche tranchee pepites de chocolat sans additif 485g,3228857001347,"['en:plant-based-foods-and-beverages', 'en:plant-based-foods', 'en:snacks', 'en:cereals-and-potatoes', 'en:sweet-snacks', 'en:biscuits-and-cakes', 'en:biscuits-and-crackers', 'en:cereals-and-their-products', 'en:biscuits', 'en:sweet-pastries-and-pies', 'en:breads', 'en:viennoiseries', 'en:brioches', 'en:variety-packs', 'en:biscuits-or-cookies-variety-packs', 'en:biscuits-or-cookies-perishable', 'en:brioche-filled-with-chocolate-drops', 'en:packaged-breads', 'fr:brioches-tranchees']",0,[],[],357.0,13.0,2.7,17.0,5.2,7.5,0.65
Crunchy Nut,5000127049307,"['en:plant-based-foods-and-beverages', 'en:plant-based-foods', 'en:breakfasts', 'en:cereals-and-potatoes', 'en:cereals-and-their-products', 'en:nuts-and-their-products', 'en:breakfast-cereals', 'en:nuts', 'en:flakes', 'en:cereal-flakes', 'en:extruded-cereals', 'en:extruded-flakes', 'en:corn-flakes', 'en:cereals-with-honey']",0,[],[],397.0,4.67,0.667,36.7,2.67,6.0,0.767
Oat barista edition unsweetened,5060146372756,"['en:beverages-and-beverages-preparations', 'en:plant-based-foods-and-beverages', 'en:beverages', 'en:plant-based-foods', 'en:cereals-and-potatoes', 'en:dairy-substitutes', 'en:cereals-and-their-products', 'en:milk-substitutes', 'en:plant-based-beverages', 'en:plant-based-milk-alternatives', 'en:cereal-based-drinks', 'en:oat-based-drinks', 'en:vegan']",3,[],"['en:e170', 'en:e170i', 'en:e340', 'en:e340ii', 'en:potassium-iodide']",58.0,2.3,0.2,3.6,0.5,0.8,0.0975
Beyond Burger,0850004207390,"['en:plant-based-foods-and-beverages', 'en:plant-based-foods', 'en:meat-alternatives', 'en:meat-analogues', 'en:vegetarian-patties', 'en:vegan-patties']",3,[],"['en:e162', 'en:e322', 'en:e322i', 'en:e461']",196.0,12.0,2.9,0.6,1.2,16.0,0.7375
Confitura de Fresa 0%,8402001009266,"['en:plant-based-foods-and-beverages', 'en:plant-based-foods', 'en:breakfasts', 'en:spreads', 'en:plant-based-spreads', 'en:sweet-spreads', 'en:fruit-and-vegetable-preserves', 'en:jams', 'en:berry-jams', 'en:strawberry-jams', 'en:mermelada']",5,[],"['en:e327', 'en:e330', 'en:e420', 'en:e420ii', 'en:e440', 'en:e955']",40.0,0.0,0.0,3.4,0.0,0.6,0.0
No Sugars Oat Drink,7394376620867,"['en:beverages-and-beverages-preparations', 'en:plant-based-foods-and-beverages', 'en:beverages', 'en:plant-based-foods', 'en:cereals-and-potatoes', 'en:dairy-substitutes', 'en:cereals-and-their-products', 'en:milk-substitutes', 'en:plant-based-beverages', 'en:plant-based-milk-alternatives', 'en:cereal-based-drinks', 'en:oat-based-drinks', 'en:oatmilk']",1,[],"['en:e340', 'en:e340ii']",44.0,1.5,0.2,0.0,0.7,1.0,0.1175
Coconut Milk,4056489528005,"['en:plant-based-foods-and-beverages', 'en:beverages', 'en:plant-based-foods', 'en:dairy-substitutes', 'en:milk-substitutes', 'en:plant-based-beverages', 'en:plant-based-milk-alternatives', 'en:plant-based-creams', 'en:plant-based-creams-for-cooking', 'en:coconut-milks-and-creams']",3,[],"['en:e412', 'en:e435', 'en:e466']",195.0,19.4,16.0,2.3,1.2,1.3,0.0875
Muesli croustillant duo pépites,3421557501975,"['en:plant-based-foods-and-beverages', 'en:plant-based-foods', 'en:breakfasts', 'en:cereals-and-potatoes', 'en:cereals-and-their-products', 'en:breakfast-cereals', 'en:cereals-with-fruits', 'en:chocolate-cereals', 'en:mueslis', 'en:crunchy-mueslis', 'en:mueslis-with-chocolate', 'en:mueslis-with-fruits', 'en:crunchy-mueslis-with-chocolate', 'en:crunchy-mueslis-with-fruits']",0,[],[],433.0,13.0,3.8,25.0,7.6,9.2,0.05
Secret d'arômes plein sud,3011360002884,"['en:plant-based-foods-and-beverages', 'en:plant-based-foods', 'en:condiments', 'en:culinary-plants', 'en:aromatic-plants', 'en:dried-products', 'en:dried-plant-based-foods', 'en:herbs', 'en:ground-dried-aromatic-plants', 'en:mixed-herbs', 'en:groceries', 'fr:assaisonnement-en-poudre', 'fr:plantes-aromatiques-seches-moulus']",3,[],"['en:e621', 'en:e627', 'en:e631']",232.0,7.4,2.5,19.0,5.8,16.0,44.6
MAGGI Bouillon KUB BIO Légumes 80g,8585002484093,"['en:plant-based-foods-and-beverages', 'en:plant-based-foods', 'en:condiments', 'en:dried-products', 'en:dried-plant-based-foods', 'en:dried-products-to-be-rehydrated', 'en:broths', 'en:dehydrated-broths', 'en:vegetable-broths', 'en:bouillon-cubes', 'en:bouillon-powders', 'en:dehydrated-vegetable-bouillons', 'en:dehydrated-vegetables-bouillon', 'en:tenderisers']",0,[],[],233.0,6.9,2.8,15.0,3.6,2.9,43.0
Original,7300400118101,"['en:plant-based-foods-and-beverages', 'en:plant-based-foods', 'en:cereals-and-potatoes', 'en:breads', 'en:crispbreads']",0,[],[],336.0,1.5,0.4,1.0,19.0,9.0,1.0
,20202859,"['en:plant-based-foods-and-beverages', 'en:plant-based-foods', 'en:breakfasts', 'en:cereals-and-potatoes', 'en:cereals-and-their-products', 'en:breakfast-cereals', 'en:cereals-with-fruits', 'en:mueslis', 'en:mueslis-with-fruits']",2,[],"['en:e220', 'en:e330']",377.0,9.7,5.1,24.8,8.2,7.9,0.07
Walnuts XXL,20816438,"['en:plant-based-foods-and-beverages', 'en:plant-based-foods', 'en:nuts-and-their-products', 'en:nuts', 'en:shelled-nuts', 'en:walnuts', 'en:walnut-kernels']",0,[],[],712.0,69.1,6.8,3.0,6.8,15.5,0.02
FRUIT & FIBRE FRUITY CRUNCH,5000119684257,"['en:plant-based-foods-and-beverages', 'en:plant-based-foods', 'en:breakfasts', 'en:cereals-and-potatoes', 'en:cereals-and-their-products', 'en:breakfast-cereals', 'en:cereals-with-fruits', 'en:mueslis', 'en:mueslis-with-fruits']",0,[],[],367.0,5.1,2.9,22.0,9.8,9.4,0.5
Margarina flora 400 g,8719200234857,"['en:plant-based-foods-and-beverages', 'en:plant-based-foods', 'en:fats', 'en:spreads', 'en:plant-based-spreads', 'en:vegetable-fats', 'en:spreadable-fats', 'en:margarines', 'en:light-margarines']",3,[],"['en:e322', 'en:e322i', 'en:e330', 'en:e471']",531.0,59.0,12.0,0.5,0.0,0.5,0.2
Jordans Natural Muesli,5010477338679,"['en:plant-based-foods-and-beverages', 'en:plant-based-foods', 'en:breakfasts', 'en:cereals-and-potatoes', 'en:cereals-and-their-products', 'en:breakfast-cereals', 'en:mueslis']",0,[],[],354.0,3.6,0.7,15.8,11.6,12.0,0.03
Multigrain Hoops,20425609,"['en:plant-based-foods-and-beverages', 'en:plant-based-foods', 'en:breakfasts', 'en:cereals-and-potatoes', 'en:cereals-and-their-products', 'en:breakfast-cereals', 'en:extruded-cereals', 'en:breakfast-cereals-rich-in-fibre']",1,[],"['en:e160b', 'en:e160bii']",376.0,2.7,0.4,17.7,8.0,9.4,0.6875
Grissini Breadstick,40897899,"['en:plant-based-foods-and-beverages', 'en:plant-based-foods', 'en:cereals-and-potatoes', 'en:breads', 'en:breadsticks']",0,[],[],415.0,8.0,1.2,3.0,4.3,12.5,1.75
Porridge Oat,4088600021102,"['en:plant-based-foods-and-beverages', 'en:plant-based-foods', 'en:breakfasts', 'en:cereals-and-potatoes', 'en:seeds', 'en:cereals-and-their-products', 'en:breakfast-cereals', 'en:cereal-grains', 'en:flakes', 'en:cereal-flakes', 'en:rolled-flakes', 'en:rolled-oats', 'en:oat']",0,[],[],375.0,7.75,1.5,1.0,9.25,11.2,0.0
Allinson Signature Seeded Bread 650G,5010092736812,"['en:plant-based-foods-and-beverages', 'en:plant-based-foods', 'en:cereals-and-potatoes', 'en:breads', 'en:wholemeal-breads']",4,[],"['en:e300', 'en:e471', 'en:e472e', 'en:e481']",268.0,9.0,1.3,2.5,,13.2,0.75
cornflakes,00358149,"['en:plant-based-foods-and-beverages', 'en:plant-based-foods', 'en:breakfasts', 'en:cereals-and-potatoes', 'en:cereals-and-their-products', 'en:breakfast-cereals', 'en:flakes', 'en:cereal-flakes', 'en:extruded-cereals', 'en:extruded-flakes', 'en:corn-flakes']",0,[],[],382.0,1.0,0.4,4.2,2.3,7.4,0.835
White Pittas tesco,5000119082985,"['en:plant-based-foods-and-beverages', 'en:plant-based-foods', 'en:cereals-and-potatoes', 'en:breads', 'en:flatbreads', 'en:special-breads', 'en:pitas']",1,[],['en:e282'],254.0,0.7,0.1,2.4,3.8,9.4,0.58
Protein Peanut Butter Bar,5060088700082,"['en:plant-based-foods-and-beverages', 'en:plant-based-foods', 'en:snacks', 'en:sweet-snacks', 'en:nuts-and-their-products', 'en:bars', 'en:dietary-supplements', 'en:bodybuilding-supplements', 'en:nut-bars', 'en:peanut-bars']",0,[],[],418.0,22.0,4.0,26.9,9.56,17.3,0.372
,3400938267266,"['en:plant-based-foods-and-beverages', 'en:plant-based-foods', 'en:seeds', 'en:sunflower-seeds-and-their-products', 'en:sunflower-seeds']",0,[],[],888.0,554.0,595.0,895.0,8909.0,597.0,898.0
Pâtes linguine collezione 500g,8076809523509,"['en:plant-based-foods-and-beverages', 'en:plant-based-foods', 'en:cereals-and-potatoes', 'en:cereals-and-their-products', 'en:pastas', 'en:cereal-pastas', 'en:dry-pastas', 'en:durum-wheat-pasta', 'en:spaghetti', 'en:dry-durum-wheat-pasta', 'en:linguine']",0,[],[],359.0,2.0,0.5,3.5,3.0,13.0,0.01
Swiss Style Muesli,5010029201246,"['en:plant-based-foods-and-beverages', 'en:plant-based-foods', 'en:breakfasts', 'en:cereals-and-potatoes', 'en:cereals-and-their-products', 'en:breakfast-cereals', 'en:cereals-with-fruits', 'en:mueslis', 'en:bircher-style-mueslis', 'en:mueslis-with-fruits', 'en:bircher-style-mueslis-with-fruits', 'en:cereals-with-nuts', 'en:mueslis-with-nuts']",0,[],[],369.0,5.8,0.9,16.0,8.3,12.0,0.275
Céréales trésor - chocolat au lait,5053827199667,"['en:plant-based-foods-and-beverages', 'en:plant-based-foods', 'en:breakfasts', 'en:cereals-and-potatoes', 'en:cereals-and-their-products', 'en:breakfast-cereals', 'en:chocolate-cereals', 'en:extruded-cereals', 'en:filled-cereals', 'en:breakfast-cereals-filled-with-chocolate']",6,[],"['en:e160', 'en:e160b', 'en:e304', 'en:e304i', 'en:e307', 'en:e322', 'en:e322i', 'en:e330']",448.0,15.0,4.7,25.0,3.7,7.0,0.96
Huile d'olive vierge extra Classico,8002470030923,"['en:plant-based-foods-and-beverages', 'en:plant-based-foods', 'en:fats', 'en:vegetable-fats', 'en:olive-tree-products', 'en:vegetable-oils', 'en:olive-oils', 'en:extra-virgin-olive-oils', 'en:virgin-olive-oils']",0,[],[],821.0,91.0,13.0,0.0,,0.0,0.0
Lion cereal with caramel and chocolate,7613031370641,"['en:plant-based-foods-and-beverages', 'en:plant-based-foods', 'en:breakfasts', 'en:cereals-and-potatoes', 'en:cereals-and-their-products', 'en:breakfast-cereals', 'en:chocolate-cereals', 'en:extruded-cereals', 'en:breakfast-cereals-rich-in-fibre', 'en:cereals-with-caramel']",1,[],"['en:e322', 'en:e322i']",405.0,7.4,1.1,24.5,7.0,8.1,0.48
Kelloggs Fruit & Fibre 700g,5059319004051,"['en:plant-based-foods-and-beverages', 'en:plant-based-foods', 'en:breakfasts', 'en:cereals-and-potatoes', 'en:cereals-and-their-products', 'en:breakfast-cereals', 'en:cereals-with-fruits', 'en:extruded-cereals', 'en:cereal-flakes-with-fruits']",0,[],[],408.0,4.7,3.0,23.0,8.8,9.0,1.0825
Bebida de Almendras Enriquecida con Calcio,8480000156488,"['en:beverages-and-beverages-preparations', 'en:plant-based-foods-and-beverages', 'en:beverages', 'en:plant-based-foods', 'en:dairy-substitutes', 'en:milk-substitutes', 'en:nuts-and-their-products', 'en:plant-based-beverages', 'en:plant-based-milk-alternatives', 'en:nut-based-drinks', 'en:almond-based-drinks']",4,[],"['en:e340', 'en:e340iii', 'en:e418', 'en:e452', 'en:e473']",36.0,2.0,0.5,3.5,0.5,0.7,0.08
Epinards hachés à la crème fraîche,3599741006312,"['en:plant-based-foods-and-beverages', 'en:plant-based-foods', 'en:fruits-and-vegetables-based-foods', 'en:vegetables-based-foods', 'en:frozen-foods', 'en:frozen-plant-based-foods', 'en:frozen-vegetables', 'en:prepared-vegetables', 'en:prepared-spinachs', 'en:spinach-with-cream-sauce']",0,[],[],78.0,4.4,2.8,1.4,1.7,3.5,0.6
Shreddies,8445290384874,"['en:plant-based-foods-and-beverages', 'en:plant-based-foods', 'en:breakfasts', 'en:cereals-and-potatoes', 'en:cereals-and-their-products', 'en:breakfast-cereals', 'en:extruded-cereals', 'en:breakfast-cereals-rich-in-fibre']",0,[],[],364.0,1.8,0.3,12.5,12.0,10.8,0.72
Organic Swiss Vegetable Vegan Bouillon Powder,5016084235516,"['en:plant-based-foods-and-beverages', 'en:plant-based-foods', 'en:dried-products', 'en:dried-plant-based-foods', 'en:dried-products-to-be-rehydrated', 'en:broths', 'en:dehydrated-broths', 'en:vegetable-broths', 'en:bouillon-powders', 'en:dehydrated-vegetable-bouillons', 'en:vegetable-bouillon-powders', 'en:groceries']",0,[],[],250.0,2.2,0.4,4.6,,5.9,29.6525
mutigrain brown,5056142400029,"['en:plant-based-foods-and-beverages', 'en:plant-based-foods', 'en:cereals-and-potatoes', 'en:breads']",3,[],"['en:e300', 'en:e471', 'en:e472']",247.0,1.78,0.444,2.67,4.89,10.2,0.811
Medium Sliced Soft White Bread,5010044000039,"['en:plant-based-foods-and-beverages', 'en:plant-based-foods', 'en:cereals-and-potatoes', 'en:breads', 'en:sliced-breads']",4,[],"['en:e282', 'en:e300', 'en:e472e', 'en:e481']",244.0,2.0,0.5,3.0,2.3,9.1,0.965
Ancient Grains Farmhouse Bread,4088600251806,"['en:plant-based-foods-and-beverages', 'en:plant-based-foods', 'en:cereals-and-potatoes', 'en:breads', 'en:wholemeal-breads']",4,[],"['en:e282', 'en:e300', 'en:e471', 'en:e472e']",235.0,1.7,0.4,3.1,4.8,9.5,1.0825
Danish Lighter White Bread,5010044000305,"['en:plant-based-foods-and-beverages', 'en:plant-based-foods', 'en:cereals-and-potatoes', 'en:breads', 'en:white-breads']",4,[],"['en:e282', 'en:e471', 'en:e472e', 'en:e920']",240.0,1.55,0.775,2.71,1.94,9.69,0.95
Very Berry Granola,4088600169842,"['en:plant-based-foods-and-beverages', 'en:plant-based-foods', 'en:breakfasts', 'en:cereals-and-potatoes', 'en:cereals-and-their-products', 'en:breakfast-cereals', 'en:cereals-with-fruits', 'en:mueslis']",0,[],[],418.0,11.3,1.5,16.1,7.8,10.9,0.0301
Primevère doux sans huile de palme,3155251204350,"['en:plant-based-foods-and-beverages', 'en:plant-based-foods', 'en:fats', 'en:spreads', 'en:plant-based-spreads', 'en:salted-spreads', 'en:spreadable-fats', 'en:vegetable-fats', 'en:margarines', 'en:light-margarines']",3,[],"['en:e160a', 'en:e160ai', 'en:e322', 'en:e322i', 'en:e392']",567.0,63.0,17.0,0.1,,0.1,0.35
"Golden Wheat Swedish Krisprolls, 7.9oz (225g)",7311070032574,"['en:plant-based-foods-and-beverages', 'en:plant-based-foods', 'en:cereals-and-potatoes', 'en:breads', 'en:toasts', 'en:toasted-bread-rolls']",0,[],[],432.0,10.0,1.3,9.5,3.1,10.0,0.66
Pipas tostadas gigantes aguasal,8480000340788,"['en:plant-based-foods-and-beverages', 'en:plant-based-foods', 'en:seeds', 'en:sunflower-seeds-and-their-products', 'en:sunflower-seeds', 'en:roasted-sunflower-seeds', 'en:unshelled-sunflower-seeds', 'en:roasted-unshelled-sunflower-seeds', 'es:semillas-de-girasol-con-cascara-tostadas-aguasal']",0,[],[],631.0,52.0,5.8,4.3,8.1,30.0,0.03
Le pain aux Céréales,3560071010058,"['en:plant-based-foods-and-beverages', 'en:plant-based-foods', 'en:cereals-and-potatoes', 'en:breads', 'fr:pains-multicereales']",3,[],"['en:e200', 'en:e262', 'en:e300']",253.0,6.9,0.8,2.3,6.9,8.2,1.2
Muesli Crunchy Chocolate,8480000093554,"['en:plant-based-foods-and-beverages', 'en:plant-based-foods', 'en:breakfasts', 'en:cereals-and-potatoes', 'en:cereals-and-their-products', 'en:breakfast-cereals', 'en:chocolate-cereals', 'en:mueslis', 'en:mueslis-with-chocolate']",2,[],"['en:e306', 'en:e322', 'en:e322i']",434.0,16.0,4.5,24.0,6.0,8.4,0.43
Filets de tofu à la japonaise,4012359144003,"['en:plant-based-foods-and-beverages', 'en:plant-based-foods', 'en:legumes-and-their-products', 'en:meat-alternatives', 'en:meat-analogues', 'en:tofu']",0,[],[],205.0,13.0,2.0,0.3,,19.0,1.3775
Corn Flakes,8010265640202,"['en:plant-based-foods-and-beverages', 'en:plant-based-foods', 'en:breakfasts', 'en:cereals-and-potatoes', 'en:cereals-and-their-products', 'en:breakfast-cereals', 'en:flakes', 'en:cereal-flakes', 'en:extruded-cereals', 'en:extruded-flakes', 'en:corn-flakes']",0,[],[],378.0,0.9,0.2,8.0,3.0,7.0,1.1
Avoine sans sucre,3229820801087,"['en:beverages-and-beverages-preparations', 'en:plant-based-foods-and-beverages', 'en:beverages', 'en:plant-based-foods', 'en:cereals-and-potatoes', 'en:dairy-substitutes', 'en:cereals-and-their-products', 'en:milk-substitutes', 'en:plant-based-beverages', 'en:plant-based-milk-alternatives', 'en:cereal-based-drinks', 'en:oat-based-drinks']",0,[],[],29.0,0.9,0.2,0.5,,0.6,0.0875
Smooth peanut butter,5014213001063,"['en:plant-based-foods-and-beverages', 'en:plant-based-foods', 'en:legumes-and-their-products', 'en:spreads', 'en:nuts-and-their-products', 'en:plant-based-spreads', 'en:oilseed-purees', 'en:legume-butters', 'en:nut-butters', 'en:peanut-butters']",0,[],[],606.0,47.0,6.3,5.3,8.1,26.0,0.02
"Weetabix, Crunchy Bran",5010029204247,"['en:plant-based-foods-and-beverages', 'en:plant-based-foods', 'en:breakfasts', 'en:cereals-and-potatoes', 'en:cereals-and-their-products', 'en:breakfast-cereals', 'en:extruded-cereals', 'en:breakfast-cereals-rich-in-fibre']",0,[],[],351.0,4.3,0.8,14.0,22.0,13.0,0.58
Rice crispies multigrain shapes,5050083197840,"['en:plant-based-foods-and-beverages', 'en:plant-based-foods', 'en:breakfasts', 'en:cereals-and-potatoes', 'en:cereals-and-their-products', 'en:breakfast-cereals', 'en:extruded-cereals', 'en:breakfast-cereals-rich-in-fibre']",3,[],"['en:e160b', 'en:e160bii', 'en:e304', 'en:e304i', 'en:e307']",397.0,3.1,0.6,15.0,7.5,7.5,0.18
Scottish Oats,5000119092502,"['en:plant-based-foods-and-beverages', 'en:plant-based-foods', 'en:breakfasts', 'en:cereals-and-potatoes', 'en:cereals-and-their-products', 'en:breakfast-cereals', 'en:flakes', 'en:cereal-flakes', 'en:rolled-flakes', 'en:rolled-oats']",0,[],[],370.0,7.5,1.3,1.0,8.4,11.7,0.01
Bran Flakes,5053827193368,"['en:plant-based-foods-and-beverages', 'en:plant-based-foods', 'en:breakfasts', 'en:cereals-and-potatoes', 'en:cereals-and-their-products', 'en:breakfast-cereals', 'en:flakes', 'en:cereal-flakes', 'en:extruded-cereals', 'en:extruded-flakes', 'en:extruded-wheat-flakes']",0,[],[],358.0,2.2,0.4,14.0,17.0,11.0,0.66
Muesli Crunchy,4056489687337,"['en:plant-based-foods-and-beverages', 'en:plant-based-foods', 'en:breakfasts', 'en:cereals-and-potatoes', 'en:cereals-and-their-products', 'en:breakfast-cereals', 'en:chocolate-cereals', 'en:mueslis', 'en:mueslis-with-chocolate']",3,[],"['en:e306', 'en:e322', 'en:e492']",445.0,15.8,3.0,16.0,9.8,8.9,0.00013
REFRIED BEANS,8727200500209,"['en:plant-based-foods-and-beverages', 'en:plant-based-foods', 'en:legumes-and-their-products', 'en:canned-foods', 'en:legumes', 'en:seeds', 'en:canned-plant-based-foods', 'en:legume-seeds', 'en:pulses', 'en:common-beans', 'en:prepared-vegetables', 'en:canned-legumes', 'en:pinto-beans', 'en:refried-beans']",0,[],[],86.0,0.5,0.5,0.5,5.5,5.3,1.21
Ready brek original,5010029013047,"['en:plant-based-foods-and-beverages', 'en:plant-based-foods', 'en:breakfasts', 'en:cereals-and-potatoes', 'en:seeds', 'en:cereals-and-their-products', 'en:breakfast-cereals', 'en:cereal-grains', 'en:flakes', 'en:cereal-flakes', 'en:rolled-flakes', 'en:rolled-oats', 'en:oat']",0,[],[],374.0,8.7,1.2,1.0,7.9,12.0,0.03
Oat Milk,4061459290349,"['en:plant-based-foods-and-beverages', 'en:beverages', 'en:plant-based-foods', 'en:cereals-and-potatoes', 'en:dairy-substitutes', 'en:cereals-and-their-products', 'en:milk-substitutes', 'en:plant-based-beverages', 'en:plant-based-milk-alternatives', 'en:cereal-based-drinks', 'en:oat-based-drinks']",0,[],[],49.2,1.52,0.2,4.6,0.8,1.32,0.1
Bonne Maman Strawberry And Wild Strawberry 370G,3045320094015,"['en:plant-based-foods-and-beverages', 'en:plant-based-foods', 'en:fruits-and-vegetables-based-foods', 'en:breakfasts', 'en:spreads', 'en:fruits-based-foods', 'en:plant-based-spreads', 'en:sweet-spreads', 'en:fruit-and-vegetable-preserves', 'en:jams', 'en:berry-jams']",1,[],['en:e440'],241.0,0.1,0.0,59.0,,0.4,0.0
superloaf,5060526430601,"['en:plant-based-foods-and-beverages', 'en:plant-based-foods', 'en:cereals-and-potatoes', 'en:breads', 'en:sliced-breads', 'en:multigrain-sliced-breads']",2,[],"['en:e412', 'en:e414']",242.0,6.25,1.0,1.25,7.5,10.2,0.738
Le Ravioli pur boeuf,3038352880305,"['en:plant-based-foods-and-beverages', 'en:plant-based-foods', 'en:canned-foods', 'en:cereals-and-potatoes', 'en:meats-and-their-products', 'en:cereals-and-their-products', 'en:meals', 'en:pasta-dishes', 'en:pastas', 'en:meals-with-meat', 'en:stuffed-pastas', 'en:beef-dishes', 'en:pasta-stuffed-with-meat', 'en:ravioli', 'en:canned-meals', 'en:meat-ravioli', 'en:beef-ravioli', 'en:canned-raviolis', 'en:canned-raviolis-filled-with-meat-in-tomato-sauce']",1,[],['en:e14xx'],91.0,2.3,0.8,1.4,1.6,3.8,0.75
Confiture Framboises,3045320001570,"['en:plant-based-foods-and-beverages', 'en:plant-based-foods', 'en:fruits-and-vegetables-based-foods', 'en:breakfasts', 'en:spreads', 'en:fruits-based-foods', 'en:plant-based-spreads', 'en:sweet-spreads', 'en:fruit-and-vegetable-preserves', 'en:jams', 'en:berry-jams', 'en:raspberry-jams']",1,[],['en:e440'],239.0,0.2,0.0,57.0,3.4,0.7,0.0
Amande chocolat,3229820784946,"['en:beverages-and-beverages-preparations', 'en:plant-based-foods-and-beverages', 'en:beverages', 'en:plant-based-foods', 'en:dairy-substitutes', 'en:milk-substitutes', 'en:nuts-and-their-products', 'en:plant-based-beverages', 'en:plant-based-milk-alternatives', 'en:nut-based-drinks', 'en:non-alcoholic-beverages', 'en:unsweetened-beverages', 'en:almond-based-drinks', 'en:chocolate-almond-based-drinks']",2,[],"['en:e412', 'en:e415']",59.0,1.9,0.4,7.2,0.7,0.8,0.0775
L’original,8712566246496,"['en:plant-based-foods-and-beverages', 'en:plant-based-foods', 'en:fruits-and-vegetables-based-foods', 'en:canned-foods', 'en:condiments', 'en:vegetables-based-foods', 'en:canned-plant-based-foods', 'en:pickles', 'en:canned-vegetables', 'en:plant-based-pickles', 'en:pickled-vegetables', 'en:pickled-cucumbers', 'en:gherkins', 'en:extra-fine-gherkins', 'en:pickled-gherkins', 'en:groceries']",0,[],[],13.0,0.5,0.1,0.7,0.5,0.6,2.3
Bio napitak od zobi,4056489041320,"['en:beverages-and-beverages-preparations', 'en:plant-based-foods-and-beverages', 'en:beverages', 'en:plant-based-foods', 'en:cereals-and-potatoes', 'en:dairy-substitutes', 'en:cereals-and-their-products', 'en:milk-substitutes', 'en:plant-based-beverages', 'en:plant-based-milk-alternatives', 'en:cereal-based-drinks', 'en:oat-based-drinks']",0,[],[],37.0,1.2,0.1,4.4,,0.4,0.1
Avoine,3245413451804,"['en:beverages-and-beverages-preparations', 'en:plant-based-foods-and-beverages', 'en:beverages', 'en:plant-based-foods', 'en:cereals-and-potatoes', 'en:dairy-substitutes', 'en:cereals-and-their-products', 'en:milk-substitutes', 'en:plant-based-beverages', 'en:plant-based-milk-alternatives', 'en:cereal-based-drinks', 'en:oat-based-drinks']",0,[],[],43.0,1.2,0.2,5.0,0.8,0.5,0.08
Margarina 100% vegetal,8480000201966,"['en:plant-based-foods-and-beverages', 'en:plant-based-foods', 'en:fats', 'en:spreads', 'en:plant-based-spreads', 'en:vegetable-fats', 'en:spreadable-fats', 'en:margarines']",4,[],"['en:e160a', 'en:e160ai', 'en:e202', 'en:e330', 'en:e471']",540.0,60.0,16.0,0.5,,0.5,0.4
Geschälte Italienische Tomaten,8005110060007,"['en:plant-based-foods-and-beverages', 'en:plant-based-foods', 'en:fruits-and-vegetables-based-foods', 'en:vegetable-based-foods-and-beverages', 'en:canned-foods', 'en:vegetables-based-foods', 'en:canned-plant-based-foods', 'en:tomatoes-and-their-products', 'en:vegetables', 'en:canned-tomato-products', 'en:canned-vegetables', 'en:tomatoes', 'en:canned-tomatoes', 'en:peeled-tomatoes', 'en:whole-peeled-tomatoes-in-tomato-juice']",0,[],[],22.0,0.5,0.1,2.9,,1.1,0.01
SHIN RAMYUN NOODLE,8801043150620,"['en:plant-based-foods-and-beverages', 'en:plant-based-foods', 'en:cereals-and-potatoes', 'en:cereals-and-their-products', 'en:meals', 'en:dried-products', 'en:pastas', 'en:dried-products-to-be-rehydrated', 'en:noodles', 'en:soups', 'en:instant-noodles', 'en:instant-noodle-soups']",9,[],"['en:e101', 'en:e306', 'en:e322', 'en:e339', 'en:e500', 'en:e501', 'en:e621', 'en:e627', 'en:e631']",422.0,13.0,6.1,3.0,0.0,8.2,3.8
Special K Chocolat noir,5059319025711,"['en:plant-based-foods-and-beverages', 'en:plant-based-foods', 'en:breakfasts', 'en:cereals-and-potatoes', 'en:cereals-and-their-products', 'en:breakfast-cereals', 'en:chocolate-cereals', 'en:extruded-cereals', 'en:breakfast-cereals-rich-in-fibre', 'en:cereal-flakes-with-chocolate']",1,[],['en:e322'],424.0,6.1,3.2,17.0,6.0,8.2,0.64
Chopped Tomatoes,5010061001613,"['en:plant-based-foods-and-beverages', 'en:plant-based-foods', 'en:fruits-and-vegetables-based-foods', 'en:canned-foods', 'en:vegetables-based-foods', 'en:canned-plant-based-foods', 'en:vegetables', 'en:canned-vegetables', 'en:tomatoes-and-their-products', 'en:tomatoes', 'en:canned-tomatoes']",1,[],['en:e330'],23.0,0.2,0.0,3.6,1.0,1.3,0.0975
"Low Sugar Granola, Wholegrain Oats, Almonds & Seeds",5013803001070,"['en:plant-based-foods-and-beverages', 'en:plant-based-foods', 'en:breakfasts', 'en:cereals-and-potatoes', 'en:cereals-and-their-products', 'en:breakfast-cereals', 'en:mueslis']",0,[],[],495.0,31.4,9.2,4.4,12.8,13.7,0.05
Lincolnshire sausages,5013683305527,"['en:plant-based-foods-and-beverages', 'en:plant-based-foods', 'en:meats-and-their-products', 'en:meats', 'en:prepared-meats', 'en:meat-alternatives', 'en:sausages', 'en:meat-analogues', 'en:vegetarian-sausages']",4,[],"['en:e341', 'en:e341ii', 'en:e461', 'en:e503', 'en:e503ii', 'en:e508']",176.0,6.74,0.652,0.543,2.83,19.6,1.39
"Gran Cereale classico, Fiocchi d avena, farrone orzo",8076809582209,"['en:plant-based-foods-and-beverages', 'en:plant-based-foods', 'en:snacks', 'en:sweet-snacks', 'en:biscuits-and-cakes', 'en:biscuits-and-crackers', 'en:biscuits', 'en:oatmeal-biscuits']",0,[],[],461.0,18.5,1.8,17.0,8.0,8.3,0.7
granary wholemeal bread,5010003000292,"['en:plant-based-foods-and-beverages', 'en:plant-based-foods', 'en:cereals-and-potatoes', 'en:breads', 'en:sliced-breads']",4,[],"['en:e282', 'en:e300', 'en:e471', 'en:e472e']",236.0,2.4,0.4,2.4,6.8,10.6,0.98
PROTEIN,5010029221701,"['en:plant-based-foods-and-beverages', 'en:plant-based-foods', 'en:breakfasts', 'en:cereals-and-potatoes', 'en:cereals-and-their-products', 'en:breakfast-cereals']",0,[],[],365.0,2.5,0.5,4.75,10.0,19.0,0.25
Coconut And Rice Milk,4056489346364,"['en:beverages-and-beverages-preparations', 'en:plant-based-foods-and-beverages', 'en:beverages', 'en:plant-based-foods', 'en:cereals-and-potatoes', 'en:dairy-substitutes', 'en:cereals-and-their-products', 'en:milk-substitutes', 'en:plant-based-beverages', 'en:plant-based-milk-alternatives', 'en:cereal-based-drinks', 'en:rice-based-drinks', 'en:mixed-plant-milks']",3,[],"['en:e412', 'en:e415', 'en:e418']",19.0,0.9,0.9,1.9,,0.0,0.295
Mousline Nature,3760381260819,"['en:plant-based-foods-and-beverages', 'en:plant-based-foods', 'en:cereals-and-potatoes', 'en:dried-products', 'en:dried-products-to-be-rehydrated', 'en:purees', 'en:potato-preparations', 'en:mashed-potatoes', 'en:dehydrated-potato-flakes-with-milk', 'en:instant-mashed-potatoes']",2,[],"['en:e392', 'en:e471']",345.0,0.8,0.7,2.3,7.0,7.5,0.01
Vegetable soup,5056053305802,"['en:plant-based-foods-and-beverages', 'en:plant-based-foods', 'en:fruits-and-vegetables-based-foods', 'en:meals', 'en:soups', 'en:vegetable-soups']",0,[],[],32.1,0.786,0.214,1.57,1.57,1.5,0.387
Chips chili,6111242040823,"['en:plant-based-foods-and-beverages', 'en:plant-based-foods', 'en:snacks', 'en:cereals-and-potatoes', 'en:salty-snacks', 'en:appetizers', 'en:chips-and-fries', 'en:crisps', 'en:potato-crisps', 'en:flavoured-potato-crisps']",0,[],[],545.0,37.0,0.0,0.0,,5.3000001907349,0.85
Lightly Salted Potato Chips,5017764003111,"['en:plant-based-foods-and-beverages', 'en:plant-based-foods', 'en:snacks', 'en:cereals-and-potatoes', 'en:salty-snacks', 'en:appetizers', 'en:chips-and-fries', 'en:crisps', 'en:potato-crisps', 'en:potato-crisps-in-sunflower-oil', 'en:lightly-salted-potato-chips']",0,[],[],494.0,25.4,3.0,0.1,4.1,7.7,0.64
