product_name,code,categories_tags,additives_n,additives,additives_tags,energy_kcal_100g,fat_100g,saturated_fat_100g,sugars_100g,fiber_100g,proteins_100g,salt_100g
Prince Goût Chocolat,7622210449283,"['en:snacks', 'en:breakfasts', 'en:sweet-snacks', 'en:biscuits-and-cakes', 'en:biscuits-and-crackers', 'en:biscuits', 'en:dry-biscuits', 'en:breakfast-biscuit', 'en:breakfast-biscuit-with-chocolate']",3,[],"['en:e322', 'en:e322i', 'en:e500', 'en:e503']",465.0,17.5,5.5,31.5,4.0,6.5,0.5
Supreme Dark 90%,3046920029759,"['en:snacks', 'en:sweet-snacks', 'en:cocoa-and-its-products', 'en:chocolates', 'en:dark-chocolates', 'en:dark-chocolate-bar', 'en:extra-fine-dark-chocolates']",0,[],[],592.0,55.0,30.0,7.0,0.0,10.0,0.03
70% chocolate,3046920028004,"['en:snacks', 'en:sweet-snacks', 'en:cocoa-and-its-products', 'en:chocolates', 'en:dark-chocolates', 'en:dark-chocolate-bar-with-more-than-70-cocoa', 'en:extra-fine-dark-chocolates']",0,[],[],566.0,41.0,24.0,30.0,,9.5,0.1
Tonik,6111031005064,"['en:plant-based-foods-and-beverages', 'en:plant-based-foods', 'en:snacks', 'en:cereals-and-potatoes', 'en:sweet-snacks', 'en:biscuits-and-cakes', 'en:biscuits-and-crackers', 'en:cereals-and-their-products', 'en:cocoa-and-its-products', 'en:confectioneries', 'en:flours', 'en:biscuits', 'en:cereal-flours', 'en:chocolate-candies', 'en:sweeteners', 'en:wheat-flours', 'en:sugars', 'fr:gaufrettes-fourrees-au-cacao']",0,[],[],504.0,22.2,10.9,40.0,0.435,4.35,0.217
Sésame,3175680011480,"['en:snacks', 'en:sweet-snacks', 'en:biscuits-and-cakes', 'en:biscuits-and-crackers', 'en:biscuits']",4,[],"['en:e322', 'en:e336', 'en:e500', 'en:e503']",467.0,18.0,2.0,17.0,4.6,10.0,0.38
zero sin azúcares Fibra,8410376009392,"['en:snacks', 'en:sweet-snacks', 'en:biscuits-and-cakes', 'en:biscuits-and-crackers', 'en:biscuits']",4,[],"['en:e322', 'en:e322i', 'en:e500', 'en:e500ii', 'en:e503', 'en:e503ii', 'en:e965']",431.0,17.0,1.7,0.5,9.3,6.1,0.65
Excellence 85% Cacao Rich Dark,3046920028363,"['en:snacks', 'en:sweet-snacks', 'en:cocoa-and-its-products', 'en:chocolates', 'en:dark-chocolates', 'en:dark-chocolate-bar-with-more-than-70-cocoa', 'en:extra-fine-dark-chocolates']",0,[],[],583.0,46.7,26.7,13.3,16.7,13.3,0.025
Chocolat noir - 85% cacao,20995553,"['en:snacks', 'en:sweet-snacks', 'en:cocoa-and-its-products', 'en:chocolates', 'en:dark-chocolates']",2,[],"['en:e322', 'en:e322i']",600.0,48.0,28.0,12.0,16.0,12.0,0.0
Henry’s,3362600011044,"['en:snacks', 'en:sweet-snacks', 'en:biscuits-and-cakes', 'en:biscuits-and-crackers', 'en:biscuits']",2,[],"['en:e500', 'en:e500ii', 'en:e503', 'en:e503ii']",440.0,10.8235,5.2941,24.2353,2.3529,7.6471,0.882353
,8425197712024,"['en:snacks', 'en:sweet-snacks', 'en:cocoa-and-its-products', 'en:confectioneries', 'en:chocolates', 'en:compound-chocolates', 'en:food']",1,[],"['en:e322', 'en:e322i']",539.0,33.0,25.0,50.0,,7.2,0.275
Organic 70% Dark Chocolate Bar,7622210578464,"['en:snacks', 'en:sweet-snacks', 'en:cocoa-and-its-products', 'en:chocolates', 'en:dark-chocolates', 'en:dark-chocolate-bar-with-more-than-70-cocoa']",0,[],[],580.0,42.0,25.0,29.0,10.0,9.1,0.01
KING COOKIES,6111259343108,"['en:snacks', 'en:sweet-snacks', 'en:biscuits-and-cakes', 'en:biscuits-and-crackers', 'en:biscuits', 'en:drop-cookies']",0,[],[],483.0,24.0,12.0,32.0,,5.2,0.27
Sable coco Henry s 42g,3362600011228,"['en:snacks', 'en:sweet-snacks', 'en:biscuits-and-cakes', 'en:biscuits-and-crackers', 'en:biscuits', 'en:shortbread-cookies', 'en:shortbread-cookie-with-coconut']",2,[],"['en:e500', 'en:e500ii', 'en:e503', 'en:e503ii']",443.0,12.4,7.14,23.8,2.38,7.62,0.899
Tartine croustillante Authentique,7300400481595,"['en:plant-based-foods-and-beverages', 'en:plant-based-foods', 'en:snacks', 'en:breakfasts', 'en:cereals-and-potatoes', 'en:cereals-and-their-products', 'en:breads', 'en:crispbreads']",0,[],[],336.0,1.5,0.4,1.0,19.0,9.0,1.0
Excellence Noir Intense 70% Cacao,3046920022651,"['en:fermented-foods', 'en:snacks', 'en:sweet-snacks', 'en:cocoa-and-its-products', 'en:chocolates', 'en:dark-chocolates', 'en:dark-chocolate-bar', 'en:dark-chocolate-bar-with-more-than-70-cocoa']",0,[],[],566.0,41.0,24.0,30.0,,9.5,0.02
Lightly sea salted crisps,5060042641000,"['en:plant-based-foods-and-beverages', 'en:plant-based-foods', 'en:snacks', 'en:cereals-and-potatoes', 'en:salty-snacks', 'en:appetizers', 'en:chips-and-fries', 'en:crisps', 'en:potato-crisps', 'en:potato-crisps-in-sunflower-oil', 'fr:chips-de-pommes-de-terre-classiques']",0,[],[],476.0,27.0,2.4,0.64,5.5,6.2,0.83
Dark chocolate,7622210584724,"['en:snacks', 'en:sweet-snacks', 'en:cocoa-and-its-products', 'en:confectioneries', 'en:chocolate-candies', 'en:chocolates', 'en:dark-chocolates']",0,[],[],606.0,50.0,30.0,13.9,12.8,10.0,0.131
Excellence Noir Puissant 85% Cacao,3046920022606,"['en:snacks', 'en:sweet-snacks', 'en:cocoa-and-its-products', 'en:chocolates', 'en:dark-chocolates', 'en:dark-chocolate-bar']",0,[],[],584.0,46.0,27.0,15.0,0.0,12.5,0.02
Fourrés Chocolat Noir,3229820100234,"['en:snacks', 'en:sweet-snacks', 'en:biscuits-and-cakes', 'en:biscuits-and-crackers', 'en:biscuits', 'en:chocolate-biscuits', 'en:filled-biscuits', 'en:dark-chocolate-biscuits', 'en:sandwich-biscuits']",2,[],"['en:e414', 'en:e502']",476.0,19.0,6.3,27.0,5.2,7.6,0.49
Extra dark 74% Cocoa,20022464,"['en:snacks', 'en:sweet-snacks', 'en:cocoa-and-its-products', 'en:chocolates', 'en:dark-chocolates', 'en:extra-fine-dark-chocolates', 'en:cacao-et-derives']",1,[],['en:e322'],571.0,42.0,26.0,26.0,,9.9,0.02
FIBRES,7300400481588,"['en:plant-based-foods-and-beverages', 'en:plant-based-foods', 'en:snacks', 'en:cereals-and-potatoes', 'en:salty-snacks', 'en:appetizers', 'en:cereals-and-their-products', 'en:chips-and-fries', 'en:crisps', 'en:breads', 'en:crispbreads', 'en:crispbreads-wholemeal']",0,[],[],333.0,5.0,1.0,2.0,26.0,12.0,1.2
Henry’s,3362600011006,"['en:snacks', 'en:sweet-snacks', 'en:biscuits-and-cakes', 'en:biscuits-and-crackers', 'en:biscuits']",2,[],"['en:e500', 'en:e500ii', 'en:e503', 'en:e503ii']",440.0,10.8,5.29,24.2,2.35,7.65,0.882
Momo black,6111259341197,"['en:snacks', 'en:sweet-snacks', 'en:biscuits-and-cakes', 'en:biscuits-and-crackers', 'en:biscuits', 'en:biscuit-snack-with-chocolate-filling']",6,[],"['en:e322', 'en:e322i', 'en:e330', 'en:e334', 'en:e500', 'en:e500ii', 'en:e503', 'en:e503ii']",497.0,21.0,9.9,27.0,,7.0,0.32
Original,5410041001204,"['en:snacks', 'en:salty-snacks', 'en:appetizers', 'en:biscuits-and-crackers', 'en:crackers-appetizers']",3,[],"['en:e223', 'en:e500', 'en:e503']",480.0,19.0,0.7,7.1,2.4,8.3,0.13775
Biscuits croquants au coeur onctueux de Nutella®,8000500310427,"['en:snacks', 'en:sweet-snacks', 'en:biscuits-and-cakes', 'en:biscuits-and-crackers', 'en:biscuits', 'en:biscuits-cookies-shelf-stable', 'fr:biscoitos-recheados']",5,[],"['en:e322', 'en:e322i', 'en:e450', 'en:e450i', 'en:e500', 'en:e500ii', 'en:e503', 'en:e503ii']",515.0,24.8,11.5,35.8,,7.9,0.559
Eyoo cover,6111259340992,"['en:snacks', 'en:sweet-snacks', 'en:biscuits-and-cakes', 'en:biscuits', 'en:chocolate-biscuits', 'en:biscuits-et-gateaux', 'en:biscuits-fourres', 'en:snacks-sucres', 'fr:biscuit-au-cacao-avec-fourrage-gout-vanille-et-enrobe-au-cacao']",4,[],"['en:e322', 'en:e322i', 'en:e500', 'en:e500ii', 'en:e503', 'en:e503i']",452.0,23.0,0.0,0.0,,6.0,0.0
Tartines craquantes au sarrasin imp,06175700,"['en:plant-based-foods-and-beverages', 'en:plant-based-foods', 'en:snacks', 'en:cereals-and-potatoes', 'en:cereals-and-their-products', 'en:extruded-crispbreads']",0,[],[],388.0,2.8,0.6,2.6,4.4,13.4,0.68
Pomme 🍏 🍎 Noisette🥜,3175681851849,"['en:snacks', 'en:sweet-snacks', 'en:biscuits-and-cakes', 'en:biscuits-and-crackers', 'en:biscuits', 'en:dry-biscuits']",2,[],"['en:e322', 'en:e322i', 'en:e336']",453.0,17.0,1.5,11.0,6.6,9.8,0.01
Trios,6111252860077,"['en:snacks', 'en:aperitif', 'en:snacks-sales']",0,[],[],534.0,32.1,32.1,54.0,,5.2,2.0
Dark Chocolate 70%,20095291,"['en:snacks', 'en:sweet-snacks', 'en:cocoa-and-its-products', 'en:chocolates', 'en:dark-chocolates', 'en:dark-chocolate-bar-with-more-than-70-cocoa']",1,[],['en:e322'],544.0,40.0,24.8,27.2,12.0,8.8,0.08
Nutella,80176800,"['en:snacks', 'en:breakfasts', 'en:spreads', 'en:sweet-spreads', 'fr:pates-a-tartiner', 'en:hazelnut-spreads', 'en:chocolate-spreads', 'en:cocoa-and-hazelnuts-spreads']",1,[],['en:e322'],533.33,30.67,10.67,56.0,0.0,6.0,1.07
Crunchy oats & honey,8410076801180,"['en:plant-based-foods-and-beverages', 'en:plant-based-foods', 'en:snacks', 'en:cereals-and-potatoes', 'en:sweet-snacks', 'en:bars', 'en:cereal-bars']",2,[],"['en:e322', 'en:e322i', 'en:e500', 'en:e500ii']",436.0,16.9,2.0,25.1,6.0,8.0,0.79
bueno,80052760,"['en:snacks', 'en:sweet-snacks', 'en:biscuits-and-cakes', 'en:biscuits-and-crackers', 'en:biscuits', 'en:wafers', 'en:chocolate-biscuits', 'en:stuffed-wafers', 'en:chocolate-stuffed-wafers']",2,[],"['en:e322', 'en:e500', 'en:e500ii']",572.0,37.3,17.3,41.2,2.0,8.6,0.1975
Figue & son,3251490332080,"['en:snacks', 'en:sweet-snacks', 'en:biscuits-and-cakes', 'en:biscuits-and-crackers', 'en:biscuits', 'fr:biscuits-au-son-de-ble', 'fr:biscuits-au-son-de-ble-et-la-figue']",2,[],"['en:e322', 'en:e322i', 'en:e330']",450.0,19.0,1.7,16.0,13.0,9.3,0.19
Bitter Extra Kraftig,3046920028721,"['en:snacks', 'en:sweet-snacks', 'en:cocoa-and-its-products', 'en:chocolates', 'en:dark-chocolates', 'en:dark-chocolate-bar-with-more-than-70-cocoa']",0,[],[],573.0,49.0,30.0,1.0,,14.0,0.7
Nestlé Dessert,7613035040823,"['en:snacks', 'en:desserts', 'en:sweet-snacks', 'en:cocoa-and-its-products', 'en:chocolates', 'en:dark-chocolates', 'en:dark-chocolate-bar', 'en:dark-chocolate-bar-for-cooking-with-more-than-40-cocoa']",1,[],"['en:e322', 'en:e322i']",548.0,34.1,20.2,46.4,7.3,6.0,0.01
Petit beurre,6111259342828,"['en:snacks', 'en:sweet-snacks', 'en:biscuits-and-cakes', 'en:biscuits', 'en:petit-beurre', 'en:biscuit-au-beurre', 'en:snacks-sucres']",4,[],"['en:e322', 'en:e322i', 'en:e450', 'en:e450i', 'en:e500', 'en:e500ii', 'en:e503', 'en:e503ii']",427.0,17.5,8.5,15.3,1.2,6.6,0.23
Pains au lait x10,3256540000698,"['en:snacks', 'en:sweet-snacks', 'en:sweet-pastries-and-pies', 'en:viennoiseries', 'en:milk-bread-rolls']",2,[],"['en:e300', 'en:e471']",353.0,11.0,4.0,11.0,3.5,8.6,0.00275
Chocolat au lait,3045140105502,"['en:snacks', 'en:sweet-snacks', 'en:cocoa-and-its-products', 'en:chocolates', 'en:milk-chocolates', 'en:milk-chocolate-bar', 'en:cacao-et-derives', 'en:snacks-sucres']",1,[],"['en:e322', 'en:e322i']",539.0,31.0,19.0,55.0,2.3,6.5,0.275
Brioche Tranchée Bio 400g,3284230006408,"['en:snacks', 'en:breakfasts', 'en:sweet-snacks', 'en:sweet-pastries-and-pies', 'en:viennoiseries', 'en:brioches', 'en:pure-butter-brioche', 'fr:brioches-tranchees']",0,[],[],336.0,9.4,0.9,13.0,3.9,8.8,0.95
Bio Chocolat Noir Cacao 70%,40896243,"['en:snacks', 'en:sweet-snacks', 'en:cocoa-and-its-products', 'en:chocolates', 'en:dark-chocolates', 'en:dark-chocolate-bar-with-more-than-70-cocoa']",1,[],['en:e322'],570.0,42.0,25.0,28.0,7.0,9.0,0.02
King cookies choco,6111259343344,"['en:snacks', 'en:sweet-snacks', 'en:biscuits-and-cakes', 'en:biscuits', 'en:chocolate-biscuits']",0,[],[],475.0,24.0,12.0,31.2,,5.4,0.27
Granatapfel Sauerkirsche Fruchtgummi,10614594,"['en:snacks', 'en:sweet-snacks', 'en:confectioneries']",0,[],[],138.0,1.84,0.32,0.4,0.0,2.88,1.1
La gâche tranchée,3587220002252,"['en:snacks', 'en:sweet-snacks', 'en:sweet-pastries-and-pies', 'en:viennoiseries', 'en:brioches']",1,[],"['en:e160a', 'en:e160ai']",341.0,12.0,7.4,13.0,,8.1,1.12
Excellence Noir Subtil Doux 70% Cacao,3046920029780,"['en:snacks', 'en:sweet-snacks', 'en:cocoa-and-its-products', 'en:chocolates', 'en:dark-chocolates', 'en:dark-chocolate-bar-with-more-than-70-cocoa', 'en:extra-fine-dark-chocolates']",1,[],"['en:e322', 'en:e322i']",610.0,48.0,29.0,29.0,,6.9,0.01
Sour Cream & Onion,5053990101597,"['en:snacks', 'en:salty-snacks', 'en:appetizers', 'en:chips-and-fries', 'en:crisps', 'en:salty-snacks-made-from-potato']",8,[],"['en:e160b', 'en:e270', 'en:e296', 'en:e330', 'en:e471', 'en:e621', 'en:e627', 'en:e631']",537.0,33.3,5.56,7.41,3.7,6.67,2.5
Chocolat Noir 92% cacao,8410510012196,"['en:snacks', 'en:sweet-snacks', 'en:cocoa-and-its-products', 'en:chocolates', 'en:dark-chocolates']",2,[],"['en:e322', 'en:e322i']",580.0,49.0,33.0,10.0,,15.0,0.0
Granola L'Original,7622210601988,"['en:snacks', 'en:sweet-snacks', 'en:biscuits-and-cakes', 'en:biscuits-and-crackers', 'en:biscuits', 'en:chocolate-biscuits', 'en:shortbread-cookies', 'en:biscuit-with-chocolate-covering', 'en:digestives-covered-with-chocolate', 'en:shortbread-cookie-with-chocolate']",5,[],"['en:e322', 'en:e322i', 'en:e330', 'en:e476', 'en:e500', 'en:e503']",491.0,23.0,12.0,28.0,3.5,5.9,1.2
Biscoff Creamy,5410126006957,"['en:plant-based-foods-and-beverages', 'en:plant-based-foods', 'en:snacks', 'en:breakfasts', 'en:spreads', 'en:sweet-spreads', 'fr:pates-a-tartiner', 'en:speculoos-spreads']",3,[],"['en:e322', 'en:e322i', 'en:e330', 'en:e500', 'en:e500ii']",584.0,38.1,7.6,36.8,0.8,2.9,0.54
Cracotte Céréales Complètes,3041090063206,"['en:plant-based-foods-and-beverages', 'en:plant-based-foods', 'en:snacks', 'en:cereals-and-potatoes', 'en:extruded-crispbreads']",0,[],[],380.0,2.8,1.0,7.9,5.4,11.0,1.6
Fruit & Nut Mix,20815394,"['en:plant-based-foods-and-beverages', 'en:plant-based-foods', 'en:fruits-and-vegetables-based-foods', 'en:snacks', 'en:dried-products', 'en:fruits-based-foods', 'en:dried-plant-based-foods', 'en:dried-fruits', 'en:dried-mixed-fruits', 'en:mix-of-grains-and-dried-fruit', 'en:mix-of-grains-and-raisins', 'en:nuts-with-dried-fruits']",0,[],[],504.0,31.7,3.0,35.7,6.9,10.8,0.02
Chips,5017764128104,"['en:plant-based-foods-and-beverages', 'en:plant-based-foods', 'en:snacks', 'en:cereals-and-potatoes', 'en:salty-snacks', 'en:appetizers', 'en:chips-and-fries', 'en:crisps', 'en:potato-crisps', 'en:corn-chips']",0,[],[],494.0,25.4,3.5,0.1,4.0,7.7,0.9
Pringles Sare,5053990101573,"['en:plant-based-foods-and-beverages', 'en:plant-based-foods', 'en:snacks', 'en:salty-snacks', 'en:appetizers', 'en:chips-and-fries', 'en:crisps', 'en:salty-snacks-made-from-potato']",1,[],['en:e471'],530.0,31.0,3.0,0.9,3.5,6.1,1.0
wasa,7300400481571,"['en:plant-based-foods-and-beverages', 'en:plant-based-foods', 'en:snacks', 'en:cereals-and-potatoes', 'en:salty-snacks', 'en:appetizers', 'en:cereals-and-their-products', 'en:chips-and-fries', 'en:crisps', 'en:breads', 'en:crispbreads', 'en:crispbreads-wholemeal']",0,[],[],338.0,1.5,0.3,2.0,20.0,9.0,1.0
Henry's Sable Coco Biscuit 85G,3362600001106,"['en:snacks', 'en:sweet-snacks', 'en:biscuits-and-cakes', 'en:biscuits-and-crackers', 'en:biscuits', 'en:shortbread-cookies', 'en:shortbread-cookie-with-coconut']",2,[],"['en:e500', 'en:e500ii', 'en:e503', 'en:e503ii']",376.5,10.5,5.45,20.0,2.3,6.5,0.75
Cracotte,3041090063114,"['en:plant-based-foods-and-beverages', 'en:plant-based-foods', 'en:snacks', 'en:cereals-and-potatoes', 'en:extruded-crispbreads']",1,[],['en:e450'],387.0,2.7,1.0,7.9,3.0,11.0,1.7
Biscuit raisins,3175681851856,"['en:snacks', 'en:sweet-snacks', 'en:biscuits-and-cakes', 'en:biscuits-and-crackers', 'en:biscuits', 'en:shortbread-cookies', 'en:fruit-biscuits', 'en:shortbread-biscuit-with-fruits', 'en:biscuits-et-gateaux', 'en:snacks-sucres']",3,[],"['en:e322', 'en:e336', 'en:e500']",442.0,14.0,1.3,17.0,4.9,8.5,0.2
Nutri+ avoine chocolat,3229820794525,"['en:snacks', 'en:sweet-snacks', 'en:biscuits-and-cakes', 'en:biscuits-and-crackers', 'en:biscuits', 'en:chocolate-biscuits', 'en:oatmeal-biscuits']",3,[],"['en:e392', 'en:e500', 'en:e503']",454.0,18.0,3.2,17.0,7.6,8.2,0.61
Pringles Original,5053990156009,"['en:snacks', 'en:salty-snacks', 'en:appetizers', 'en:chips-and-fries', 'en:crisps', 'en:crisps-made-from-reconstituted-potato']",2,[],"['en:e160b', 'en:e160bii', 'en:e471']",534.0,31.0,6.6,1.4,3.5,5.9,1.1
Biscuits goût chocolat,3061990143365,"['en:snacks', 'en:sweet-snacks', 'en:biscuits-and-cakes', 'en:biscuits-and-crackers', 'en:biscuits', 'en:chocolate-biscuits', 'en:filled-biscuits']",3,[],"['en:e322', 'en:e322i', 'en:e500', 'en:e503']",453.0,17.1,8.84,29.8,3.87,6.63,1.1
digestives,5000168036755,"['en:snacks', 'en:sweet-snacks', 'en:biscuits-and-cakes', 'en:biscuits-and-crackers', 'en:biscuits']",3,[],"['en:e296', 'en:e500', 'en:e500ii', 'en:e503', 'en:e503ii']",483.0,21.3,10.1,15.1,3.7,7.0,1.3
Harrys brioche tressee nature au sucre perle sans additifs 500g,3228857001231,"['en:plant-based-foods-and-beverages', 'en:plant-based-foods', 'en:snacks', 'en:cereals-and-potatoes', 'en:sweet-snacks', 'en:cereals-and-their-products', 'en:sweet-pastries-and-pies', 'en:breads', 'en:viennoiseries', 'en:brioches', 'fr:brioches-tressees', 'en:packaged-breads', 'en:pure-butter-brioche', 'fr:brioches-natures']",0,[],[],356.0,13.0,1.0,13.0,4.5,8.6,0.8
Tartines craquantes quinoa - pois chiche,06153153,"['en:plant-based-foods-and-beverages', 'en:plant-based-foods', 'en:snacks', 'en:cereals-and-potatoes', 'en:cereals-and-their-products', 'en:extruded-crispbreads']",0,[],[],378.0,1.6,0.5,0.6,4.7,9.6,0.5
Protein Cacahuetes🥜 & Chocolat🍫,8410076610737,"['en:plant-based-foods-and-beverages', 'en:plant-based-foods', 'en:snacks', 'en:sweet-snacks', 'en:nuts-and-their-products', 'en:bars', 'en:dietary-supplements', 'en:bodybuilding-supplements', 'en:nut-bars', 'en:peanut-bars', 'en:protein-bars']",3,[],"['en:e170', 'en:e170i', 'en:e322', 'en:e322i', 'en:e422']",488.0,28.2,7.5,17.0,10.8,25.5,0.956
Lightly Salted Low Fat Corn Cakes,5013665111610,"['en:plant-based-foods-and-beverages', 'en:plant-based-foods', 'en:snacks', 'en:cereals-and-potatoes', 'en:salty-snacks', 'en:appetizers', 'en:biscuits-and-crackers', 'en:cereals-and-their-products', 'en:crackers-appetizers', 'en:puffed-cereal-cakes', 'en:puffed-corn-cakes', 'en:puffed-salty-snacks', 'en:puffed-salty-snacks-made-from-maize']",0,[],[],359.0,1.38,0.414,1.38,,6.9,1.34
Figolu,7622201133337,"['en:snacks', 'en:sweet-snacks', 'en:biscuits-and-cakes', 'en:biscuits-and-crackers', 'en:biscuits', 'en:filled-biscuits', 'en:biscuit-filled-with-fruit-paste', 'en:biscuits-et-gateaux', 'en:biscuits-fourres', 'en:biscuits-sec-fourre-a-la-pate-de-fruits', 'en:snacks-sucres']",3,[],"['en:e330', 'en:e500', 'en:e503']",400.0,8.12,3.75,50.0,3.12,4.69,0.000937
Krit krititas galletas saladas,8434165466333,"['en:snacks', 'en:salty-snacks', 'en:sweet-snacks', 'en:appetizers', 'en:biscuits-and-cakes', 'en:biscuits-and-crackers', 'en:biscuits', 'en:crackers-appetizers', 'es:galletas-saladas', 'es:galletitas-saladas']",4,[],"['en:e223', 'en:e341', 'en:e502', 'en:e503']",505.0,26.0,12.0,8.7,2.5,6.5,1.7
,6111259347021,"['en:snacks', 'en:sweet-snacks', 'en:biscuits-and-cakes', 'en:biscuits-and-crackers', 'en:biscuits']",2,[],"['en:e322', 'en:e322i', 'en:e476']",522.0,26.0,15.0,37.0,,5.8,0.75
Digestive Avena Choco,8410376026962,"['en:snacks', 'en:sweet-snacks', 'en:biscuits-and-cakes', 'en:biscuits-and-crackers', 'en:biscuits', 'en:chocolate-biscuits', 'en:oatmeal-biscuits']",3,[],"['en:e322', 'en:e322i', 'en:e500', 'en:e500ii', 'en:e503', 'en:e503ii']",476.0,21.0,14.0,22.0,6.5,7.6,0.9825
Chip Choco Zero Sin Azúcares,8410376009415,"['en:snacks', 'en:sweet-snacks', 'en:biscuits-and-cakes', 'en:biscuits-and-crackers', 'en:biscuits', 'en:chocolate-biscuits']",5,[],"['en:e322', 'en:e322i', 'en:e500', 'en:e500ii', 'en:e503', 'en:e503ii', 'en:e953', 'en:e965']",458.0,24.0,6.0,0.5,4.0,5.9,0.58
Crunchy avoine et miel,8410076601131,"['en:snacks', 'en:sweet-snacks', 'en:bars', 'en:cereal-bars']",2,[],"['en:e322', 'en:e500', 'en:e500ii']",467.0,18.1,2.2,26.8,6.4,8.7,0.835
,6111242380219,"['en:snacks', 'en:breakfasts', 'en:spreads', 'en:sweet-snacks', 'en:cocoa-and-its-products', 'en:sweet-spreads', 'en:chocolates', 'fr:pates-a-tartiner']",0,[],[],519.8,35.0,13.58,51.0,31.0,4.5,0.5
Biscuit lait chocolat,3175680011534,"['en:snacks', 'en:sweet-snacks', 'en:biscuits-and-cakes', 'en:biscuits-and-crackers', 'en:biscuits', 'en:chocolate-biscuits']",5,[],"['en:e322', 'en:e322i', 'en:e336', 'en:e500', 'en:e503']",457.0,17.0,2.8,21.0,5.0,8.5,0.74
,4014400400007,"['en:snacks', 'en:sweet-snacks', 'en:cocoa-and-its-products', 'en:confectioneries', 'en:chocolate-candies']",1,[],['en:e420'],521.0,29.0,12.7,48.8,,6.0,0.27
Crunchy Avoine & Chocolat Noir x 5 x 2 barres de 21 g,8410076601148,"['en:snacks', 'en:sweet-snacks', 'en:bars', 'en:cereal-bars', 'en:chocolate-cereal-bars']",3,[],"['en:e322', 'en:e322i', 'en:e500', 'en:e500ii']",473.0,19.8,3.4,26.8,7.0,8.7,0.65
Cookie🍪 cacao pépites Sans Sucre,3175681105423,"['en:snacks', 'en:sweet-snacks', 'en:biscuits-and-cakes', 'en:biscuits-and-crackers', 'en:biscuits', 'en:chocolate-biscuits']",4,[],"['en:e322', 'en:e500', 'en:e503', 'en:e965']",414.0,18.0,3.3,0.0,8.9,8.0,0.21
Biscoff,5410126716016,"['en:snacks', 'en:sweet-snacks', 'en:biscuits-and-cakes', 'en:biscuits-and-crackers', 'en:biscuits', 'en:speculoos']",1,[],"['en:e500', 'en:e500ii']",484.0,19.0,8.0,38.1,1.3,4.9,0.905
Dark milk chocolate,5059697710001,"['en:snacks', 'en:sweet-snacks', 'en:cocoa-and-its-products', 'en:chocolates', 'en:milk-chocolates']",0,[],[],597.0,44.6,27.8,33.6,5.6,9.9,0.23
Biscuit soja orange,3175680011442,"['en:snacks', 'en:breakfasts', 'en:sweet-snacks', 'en:biscuits-and-cakes', 'en:biscuits-and-crackers', 'en:biscuits', 'en:crispy-biscuits', 'en:diet-crispy-biscuit', 'en:dry-biscuits', 'en:shortbread-cookies', 'en:breakfast-biscuit', 'en:shortbread-biscuit-with-fruits']",2,[],"['en:e322', 'en:e500']",444.0,14.0,1.4,18.0,4.9,11.0,0.36
Sablés Anglais L'Original,5000168198491,"['en:snacks', 'en:sweet-snacks', 'en:biscuits-and-cakes', 'en:biscuits-and-crackers', 'en:biscuits', 'en:shortbread-cookies', 'en:plain-wheat-biscuits']",3,[],"['en:e296', 'en:e500', 'en:e503']",483.0,21.3,10.1,15.1,3.7,7.0,1.3
petit déjeuner miel et pépites de chocolat,16811207,"['en:snacks', 'en:breakfasts', 'en:sweet-snacks', 'en:biscuits-and-cakes', 'en:biscuits-and-crackers', 'en:biscuits', 'en:dry-biscuits', 'en:breakfast-biscuit', 'en:breakfast-biscuit-with-cereals-fortified-with-vitamins-and-chemical-elements']",5,[],"['en:e322', 'en:e322i', 'en:e450', 'en:e472e', 'en:e500', 'en:e503']",409.0,15.0,2.8,26.0,7.6,5.7,1.4
P'tit Nature Complet,3229820021027,"['en:snacks', 'en:sweet-snacks', 'en:biscuits-and-cakes', 'en:biscuits-and-crackers', 'en:biscuits']",2,[],"['en:e392', 'en:e503']",416.0,10.0,0.8,20.0,7.6,7.6,0.45
Excellence À la Pointe de Fleur de Sel Noir,3046920029674,"['en:snacks', 'en:sweet-snacks', 'en:cocoa-and-its-products', 'en:confectioneries', 'en:chocolates', 'en:dark-chocolates', 'en:salted-chocolates', 'en:fleur-de-sel-chocolates', 'en:salted-dark-chocolates', 'en:dark-chocolates-with-fleur-de-sel', 'en:extra-fine-dark-chocolates']",1,[],"['en:e322', 'en:e322i']",530.0,32.0,20.0,48.0,,6.0,0.27
Excellence Noir Corsé 78% Cacao,3046920010047,"['en:snacks', 'en:sweet-snacks', 'en:cocoa-and-its-products', 'en:chocolates', 'en:dark-chocolates', 'en:dark-chocolate-bar-with-more-than-70-cocoa']",0,[],[],570.0,46.0,29.0,17.0,,10.0,0.0375
Картофельные чипсы со вкусом парики,5053990161669,"['en:plant-based-foods-and-beverages', 'en:plant-based-foods', 'en:snacks', 'en:cereals-and-potatoes', 'en:salty-snacks', 'en:appetizers', 'en:chips-and-fries', 'en:crisps', 'en:potato-crisps', 'en:flavoured-potato-crisps', 'en:paprika-crisps', 'en:salty-snacks-made-from-potato']",7,[],"['en:e160b', 'en:e160c', 'en:e330', 'en:e471', 'en:e621', 'en:e627', 'en:e631']",522.0,30.0,2.8,3.2,4.4,6.7,1.28
Brioche moins de sucre,3228857001378,"['en:plant-based-foods-and-beverages', 'en:plant-based-foods', 'en:snacks', 'en:cereals-and-potatoes', 'en:sweet-snacks', 'en:sweet-pastries-and-pies', 'en:breads', 'en:viennoiseries', 'en:brioches', 'fr:brioches-tranchees', 'fr:brioches-natures']",0,[],[],327.0,11.0,1.1,9.3,7.2,8.4,1.0
Pringles Original,5053990167807,"['en:snacks', 'en:salty-snacks', 'en:appetizers', 'en:chips-and-fries', 'en:crisps']",2,[],"['en:e160b', 'en:e471']",530.0,31.0,3.0,0.9,3.5,6.1,0.983
Lentil & Pea Veggie Cakes - Beetroot & Balsamic,5013665115373,"['en:snacks', 'en:salty-snacks', 'en:appetizers', 'en:biscuits-and-crackers', 'en:crackers-appetizers', 'en:vegetable-cakes']",0,[],[],426.0,11.7,1.06,3.19,6.38,25.5,1.1
Chocolat monogram,6111025120605,"['en:snacks', 'en:sweet-snacks', 'en:cocoa-and-its-products', 'en:chocolates', 'en:dark-chocolates', 'fr:mini-chocolats']",2,[],"['en:e322', 'en:e322i']",528.0,30.0,18.0,53.0,7.3,5.0,0.0
Fourrés Chocolat au Lait,3229820181950,"['en:snacks', 'en:sweet-snacks', 'en:biscuits-and-cakes', 'en:biscuits-and-crackers', 'en:biscuits', 'en:chocolate-biscuits', 'en:filled-biscuits', 'en:milk-chocolate-biscuits']",4,[],"['en:e392', 'en:e414', 'en:e500', 'en:e503']",486.0,20.0,7.2,30.0,3.8,7.5,0.52
Pringles,5053990107339,"['en:snacks', 'en:salty-snacks', 'en:appetizers', 'en:chips-and-fries', 'en:crisps', 'en:salty-snacks-made-from-potato']",0,[],[],534.0,31.0,6.6,1.4,3.5,5.9,1.1
,8410510012202,"['en:snacks', 'en:sweet-snacks', 'en:cocoa-and-its-products', 'en:chocolates', 'en:dark-chocolates', 'en:dark-chocolate-bar']",1,[],['en:e322'],569.0,47.0,30.0,12.0,,14.0,0.02
LINDT EXCELLENCE 100% COCOA,3046920016377,"['en:snacks', 'en:sweet-snacks', 'en:cocoa-and-its-products', 'en:chocolates', 'en:dark-chocolates']",0,[],[],640.0,54.0,0.0,0.0,0.0,14.0,0.0
180G C OR NOIR NOISETTE,7622210995087,"['en:snacks', 'en:sweet-snacks', 'en:cocoa-and-its-products', 'en:chocolates', 'en:dark-chocolates', 'en:chocolates-with-hazelnuts', 'en:dark-chocolates-with-hazelnuts', 'en:extra-fine-dark-chocolates']",1,[],"['en:e322', 'en:e322i']",569.0,39.0,16.0,40.0,7.8,7.3,0.01
Barres de fruits secs & noix Myrtilles,5060088707685,"['en:plant-based-foods-and-beverages', 'en:plant-based-foods', 'en:snacks', 'en:sweet-snacks', 'en:nuts-and-their-products', 'en:bars', 'en:nut-bars', 'fr:barres-aux-fruits']",0,[],[],368.0,11.0,1.7,49.0,9.5,6.6,0.01
Tagger,6111031005033,"['en:snacks', 'en:sweet-snacks', 'en:biscuits-and-cakes', 'en:biscuits-and-crackers', 'en:cocoa-and-its-products', 'en:biscuits', 'en:bars', 'en:chocolates', 'en:pastries', 'en:waffles', 'en:chocolate-coated-waffles']",2,[],"['en:e322', 'en:e322i', 'en:e500', 'en:e500ii']",535.0,29.0,18.0,47.0,1.5,3.3,0.18
Goûter 4S Saveur pommes,3175681209282,"['en:snacks', 'en:sweet-snacks', 'en:biscuits-and-cakes', 'en:biscuits-and-crackers', 'en:biscuits', 'en:fruit-biscuits']",2,[],"['en:e296', 'en:e322']",456.0,17.0,1.4,8.9,6.5,7.6,0.05
Wheat Biscuits,5000119117359,"['en:plant-based-foods-and-beverages', 'en:plant-based-foods', 'en:snacks', 'en:breakfasts', 'en:cereals-and-potatoes', 'en:sweet-snacks', 'en:cereals-and-their-products', 'en:breakfast-cereals']",0,[],[],358.0,2.0,0.6,4.4,10.0,12.0,0.28
Protein Cocoa Hazelnut Bars,5060088700112,"['en:plant-based-foods-and-beverages', 'en:plant-based-foods', 'en:snacks', 'en:sweet-snacks', 'en:nuts-and-their-products', 'en:bars', 'en:cereal-bars', 'en:dietary-supplements', 'en:bodybuilding-supplements', 'en:chocolate-cereal-bars', 'en:nut-bars', 'en:cereal-bar-with-chocolate-fortified-with-vitamins-and-minerals', 'en:energy-bars', 'en:protein-bars', 'fr:barres-aux-fruits', 'en:barres-de-cereales', 'en:barres-de-fruits-noix']",0,[],[],421.0,21.7,3.5,25.2,15.4,16.1,0.01
Digestive Avena,8480000142139,"['en:snacks', 'en:sweet-snacks', 'en:biscuits-and-cakes', 'en:biscuits-and-crackers', 'en:biscuits']",2,[],"['en:e500', 'en:e500ii', 'en:e503', 'en:e503ii']",477.0,21.0,2.3,18.0,6.8,7.5,1.1
Thé - Biscuits,7622210476296,"['en:snacks', 'en:sweet-snacks', 'en:biscuits-and-cakes', 'en:biscuits-and-crackers', 'en:biscuits', 'fr:gateaux-secs']",3,[],"['en:e322', 'en:e322i', 'en:e500', 'en:e500ii', 'en:e503', 'en:e503ii']",453.0,14.0,6.7,26.0,3.4,7.5,0.7
Goûter pépites de chocolat,3251490307002,"['en:snacks', 'en:sweet-snacks', 'en:biscuits-and-cakes', 'en:biscuits-and-crackers', 'en:biscuits', 'en:chocolate-biscuits', 'fr:biscuit-aux-cereales-et-pepites-de-chocolat', 'fr:gouter-pepites-de-chocolat']",2,[],"['en:e322', 'en:e322i', 'en:e503']",452.0,16.8,3.37,21.2,5.77,9.62,0.27
Petites Madeleines,3178530410105,"['en:snacks', 'en:sweet-snacks', 'en:biscuits-and-cakes', 'en:cakes', 'en:pound-cake', 'en:madeleines', 'en:plain-madeleines', 'fr:koekjes-en-cakes', 'fr:zoete-snacks']",3,[],"['en:e331', 'en:e422', 'en:e500']",419.0,21.0,2.0,23.0,1.5,5.5,0.71
Sea salt & cider vinegar chips,5060042641406,"['en:plant-based-foods-and-beverages', 'en:plant-based-foods', 'en:snacks', 'en:cereals-and-potatoes', 'en:salty-snacks', 'en:appetizers', 'en:chips-and-fries', 'en:crisps', 'en:potato-crisps', 'en:salt-and-vinegar-crisps', 'en:potato-crisps-in-sunflower-oil']",0,[],[],467.0,25.0,2.2,2.5,5.1,5.8,1.77
Sandwich Zero Sin Azúcares,8410376037784,"['en:snacks', 'en:sweet-snacks', 'en:biscuits-and-cakes', 'en:biscuits-and-crackers', 'en:biscuits', 'en:chocolate-biscuits', 'en:filled-biscuits']",5,[],"['en:e223', 'en:e322', 'en:e322i', 'en:e500', 'en:e500ii', 'en:e503', 'en:e503ii', 'en:e965']",422.0,17.0,6.0,5.0,5.3,6.7,0.6
Kinder Bueno White,80761761,"['en:snacks', 'en:sweet-snacks', 'en:cocoa-and-its-products', 'en:confectioneries', 'en:chocolate-candies', 'en:bars', 'en:bonbons', 'en:candy-chocolate-bars', 'en:chocolate-confectioneries-filled-with-wafer']",3,[],"['en:e322', 'en:e500', 'en:e500ii', 'en:e503', 'en:e503ii']",571.0,35.9,16.8,43.9,,8.5,0.33
Príncipe crema de chocolate,7622210204424,"['en:snacks', 'en:sweet-snacks', 'en:biscuits-and-cakes', 'en:biscuits-and-crackers', 'en:biscuits', 'en:chocolate-biscuits', 'en:filled-biscuits']",3,[],"['en:e322', 'en:e500', 'en:e503']",235.0,8.5,2.75,16.0,1.5,3.0,0.245
Sour Cream & Onion,5053990155354,"['en:snacks', 'en:salty-snacks', 'en:appetizers', 'en:chips-and-fries', 'en:crisps', 'en:salty-snacks-made-from-potato']",8,[],"['en:e160b', 'en:e270', 'en:e296', 'en:e330', 'en:e471', 'en:e621', 'en:e627', 'en:e631']",525.0,30.0,6.4,2.7,3.4,6.0,1.3
napolitain,7622201809638,"['en:snacks', 'en:sweet-snacks', 'en:biscuits-and-cakes', 'en:cakes', 'en:filled-sponge-cake-slices']",14,[],"['en:e160a', 'en:e202', 'en:e322', 'en:e322i', 'en:e330', 'en:e331', 'en:e415', 'en:e420', 'en:e422', 'en:e450', 'en:e471', 'en:e472a', 'en:e472b', 'en:e500', 'en:e503']",430.0,19.7,8.67,32.0,2.0,4.33,1.2
PROPERCHIPS Sea Salt Lentil Chips,5060283762199,"['en:snacks', 'en:salty-snacks', 'en:appetizers', 'en:chips-and-fries', 'en:crisps', 'en:corn-chips']",0,[],[],480.0,21.5,1.5,0.5,2.5,10.0,1.57
Petits fours financiers,6923818881323,"['en:snacks', 'en:sweet-snacks', 'en:biscuits-and-cakes', 'en:cakes', 'en:financiers']",0,[],[],452.0,22.9,11.9,31.6,,8.1,0.13
Biscuits pavot citron,3175681066632,"['en:snacks', 'en:sweet-snacks', 'en:biscuits-and-cakes', 'en:biscuits-and-crackers', 'en:biscuits', 'en:dry-biscuits']",1,[],['en:e500'],454.0,16.0,1.4,16.0,5.0,8.9,0.36
The Original Crunchy Rye Breads,5010265002836,"['en:plant-based-foods-and-beverages', 'en:plant-based-foods', 'en:snacks', 'en:cereals-and-potatoes', 'en:salty-snacks', 'en:appetizers', 'en:biscuits-and-crackers', 'en:breads', 'en:crackers-appetizers', 'en:crispbreads']",0,[],[],352.0,0.952,0.19,2.86,13.3,10.5,0.762
Blueberry Muffin Myrtilles,5060088706534,"['en:snacks', 'en:sweet-snacks', 'en:bars']",0,[],[],374.0,11.1,1.71,48.6,9.43,6.57,0.0285
merendina big,6111031005538,"['en:snacks', 'en:sweet-snacks', 'en:biscuits-and-cakes', 'en:biscuits-and-crackers', 'en:biscuits', 'en:cakes', 'en:chocolate-cakes', 'fr:merendina']",0,[],[],402.0,19.0,11.0,38.0,1.7,4.1,0.54
Belvita Original Petit-Déjeuner miel et pépites de chocolat,7622210713889,"['en:snacks', 'en:sweet-snacks', 'en:biscuits-and-cakes', 'en:biscuits-and-crackers', 'en:biscuits', 'en:chocolate-biscuits']",5,[],"['en:e322', 'en:e322i', 'en:e450', 'en:e472e', 'en:e500', 'en:e503']",444.0,15.0,2.5,28.0,5.7,7.3,0.69
Super Seeded Oatcakes,0612322000127,"['en:snacks', 'en:salty-snacks', 'en:appetizers', 'en:biscuits-and-crackers', 'en:crackers-appetizers', 'en:aperitivos', 'en:botanas', 'en:snacks-salados']",0,[],[],460.0,21.0,4.0,1.0,11.0,12.0,1.68
Véritable Petit Écolier Chocolat au Lait,7622210421968,"['en:snacks', 'en:sweet-snacks', 'en:biscuits-and-cakes', 'en:biscuits-and-crackers', 'en:biscuits', 'en:chocolate-biscuits', 'en:milk-chocolate-biscuits', 'en:biscuit-with-a-chocolate-bar-covering', 'en:biscuit-with-a-milk-chocolate-bar-covering']",6,[],"['en:e322', 'en:e322i', 'en:e330', 'en:e450', 'en:e476', 'en:e500', 'en:e503']",498.0,23.0,14.0,39.0,2.8,6.2,0.64
Belvita Petit Déjeuner Chocolat,7622210713780,"['en:snacks', 'en:breakfasts', 'en:sweet-snacks', 'en:biscuits-and-cakes', 'en:biscuits-and-crackers', 'en:biscuits', 'en:chocolate-biscuits', 'en:dry-biscuits', 'en:breakfast-biscuit', 'en:breakfast-biscuit-with-cereals-fortified-with-vitamins-and-chemical-elements']",6,[],"['en:e322', 'en:e322i', 'en:e450', 'en:e472e', 'en:e492', 'en:e500', 'en:e503']",439.0,14.0,3.6,27.0,6.8,7.9,0.62
Proper Corn Sweet & Salty,5060283760072,"['en:snacks', 'en:sweet-snacks', 'en:popcorn', 'en:sugared-popcorn']",1,[],['en:e953'],465.0,20.4,1.7,11.3,12.6,7.6,0.66
Edelbitter Mild 90%,4056489471264,"['en:snacks', 'en:sweet-snacks', 'en:cocoa-and-its-products', 'en:chocolates', 'en:dark-chocolates', 'fr:chocolat-noir-90']",1,[],['en:e322'],605.0,51.9,31.4,7.3,14.6,11.0,0.02
Véritable Petit Beurre Pocket,3017760000062,"['en:snacks', 'en:sweet-snacks', 'en:biscuits-and-cakes', 'en:biscuits', 'en:petit-beurre']",3,[],"['en:e330', 'en:e500', 'en:e503']",440.0,12.0,7.5,23.0,3.8,8.1,1.3
Chips de lentilles saveur fines herbes,3336971805021,"['en:snacks', 'en:salty-snacks', 'en:appetizers', 'en:biscuits-and-crackers', 'en:chips-and-fries', 'en:crisps', 'en:crackers-appetizers', 'en:lentil-crisps', 'fr:chips-produits-aperitifs']",2,[],"['en:e270', 'en:e330']",453.0,19.0,1.7,2.3,7.33,13.0,1.1
Chocolat noir Equateur Bio,20713713,"['en:plant-based-foods-and-beverages', 'en:plant-based-foods', 'en:snacks', 'en:fats', 'en:sweet-snacks', 'en:cocoa-and-its-products', 'en:vegetable-fats', 'en:chocolates', 'en:dark-chocolates']",0,[],[],639.0,55.3,34.0,14.0,11.5,9.0,0.01
Biscuit complet au germe de blé,3251490320001,"['en:snacks', 'en:sweet-snacks', 'en:biscuits-and-cakes', 'en:biscuits-and-crackers', 'en:biscuits', 'fr:biscuit-complet-au-germe-de-ble']",3,[],"['en:e322', 'en:e330', 'en:e502']",440.0,14.3,1.19,21.4,7.14,9.52,0.238
Milka galette choco,7622210100917,"['en:snacks', 'en:sweet-snacks', 'en:biscuits-and-cakes', 'en:biscuits-and-crackers', 'en:biscuits', 'en:cakes', 'en:chocolate-biscuits', 'en:filled-biscuits']",3,[],"['en:e322', 'en:e322i', 'en:e500', 'en:e503']",504.0,24.0,12.0,35.0,2.7,5.7,0.6
Ryvita Multigrain Crispbread,5050974505259,"['en:plant-based-foods-and-beverages', 'en:plant-based-foods', 'en:snacks', 'en:cereals-and-potatoes', 'en:salty-snacks', 'en:appetizers', 'en:biscuits-and-crackers', 'en:breads', 'en:crackers-appetizers', 'en:plain-salty-snacks']",0,[],[],352.0,4.76,0.952,3.81,17.1,12.4,0.571
Tartines craquantes sarrasin,3175681037854,"['en:plant-based-foods-and-beverages', 'en:plant-based-foods', 'en:snacks', 'en:cereals-and-potatoes', 'en:extruded-crispbreads']",0,[],[],370.0,1.7,0.4,1.5,3.5,12.0,0.48
Cocoa Orange Fruit & Nut Bars,5060088701478,"['en:plant-based-foods-and-beverages', 'en:plant-based-foods', 'en:fruits-and-vegetables-based-foods', 'en:snacks', 'en:sweet-snacks', 'en:fruits-based-foods', 'en:nuts-and-their-products', 'en:dried-products', 'en:bars', 'en:dried-plant-based-foods', 'en:dietary-supplements', 'en:bodybuilding-supplements', 'en:nut-bars', 'en:energy-bars']",0,[],[],394.0,15.4,3.14,42.9,8.57,8.57,0.0286
Excellence Noir à la Pointe de Fleur de Sel,3046920027885,"['en:snacks', 'en:sweet-snacks', 'en:cocoa-and-its-products', 'en:chocolates', 'en:dark-chocolates', 'en:salted-chocolates', 'en:fleur-de-sel-chocolates', 'en:salted-dark-chocolates', 'en:dark-chocolates-with-fleur-de-sel']",1,[],"['en:e322', 'en:e322i']",537.0,32.0,19.0,47.0,,5.7,0.37
NAKD Cacahuètes - 140g (4x1p),5060088706022,"['en:plant-based-foods-and-beverages', 'en:plant-based-foods', 'en:snacks', 'en:sweet-snacks', 'en:nuts-and-their-products', 'en:bars', 'en:nut-bars']",0,[],[],442.0,23.0,4.0,35.0,9.3,12.0,0.58
Cream Crackers,5000137121994,"['en:snacks', 'en:salty-snacks', 'en:appetizers', 'en:biscuits-and-crackers', 'en:crackers-appetizers']",1,[],"['en:e500', 'en:e500ii']",440.0,13.5,6.2,1.4,3.8,10.0,1.3
,6111249961466,"['en:snacks', 'en:sweet-snacks', 'en:biscuits-and-cakes', 'en:biscuits']",2,[],"['en:e450', 'en:e450i', 'en:e500', 'en:e500ii']",424.0,15.3,9.7,40.8,,5.7,0.62
Pistaches de Californie,20005719,"['en:plant-based-foods-and-beverages', 'en:plant-based-foods', 'en:snacks', 'en:salty-snacks', 'en:nuts-and-their-products', 'en:nuts', 'en:pistachios', 'en:salted-nuts', 'en:salted-pistachios']",0,[],[],605.0,49.0,6.0,5.0,7.0,26.0,1.74
Organic Crisp Bread,4033634061020,"['en:plant-based-foods-and-beverages', 'en:plant-based-foods', 'en:snacks', 'en:cereals-and-potatoes', 'en:salty-snacks', 'en:appetizers', 'en:biscuits-and-crackers', 'en:breads', 'en:crackers-appetizers', 'en:crispbreads', 'en:aliments-d-origine-vegetale', 'en:aliments-et-boissons-a-base-de-vegetaux', 'en:amuse-gueules', 'en:biscuits-sucres-biscuits-aperitifs', 'en:cereales-et-pommes-de-terre', 'en:pains', 'en:pains-croustillants', 'en:pains-croustillants-complets', 'en:snacks-sales']",0,[],[],442.0,18.0,4.7,2.4,10.0,18.0,1.8
Brioche Tranchée Recette Classique,3228857001316,"['en:snacks', 'en:sweet-snacks', 'en:sweet-pastries-and-pies', 'en:viennoiseries', 'en:brioches', 'fr:brioches-tranchees', 'fr:brioches-natures']",0,[],[],345.0,11.0,4.3,15.0,5.0,8.0,1.1
Véritable Petit Beurre,7622210476104,"['en:snacks', 'en:sweet-snacks', 'en:biscuits-and-cakes', 'en:biscuits-and-crackers', 'en:biscuits', 'en:petit-beurre', 'fr:alimentaire']",3,[],"['en:e330', 'en:e500', 'en:e503']",440.0,12.0,8.0,23.2,3.2,8.0,1.4
"Sweet & Salty Nut chocolat noir et mélange de noix, 5 barres de 30 g",8410076610621,"['en:snacks', 'en:sweet-snacks', 'en:bars', 'en:cereal-bars', 'en:cereal-bars-with-nuts', 'en:chocolate-cereal-bars', 'en:cereal-bars-with-almonds', 'en:cereal-bar-with-almonds-or-hazelnuts', 'fr:barres-de-ce', 'fr:barres-de-cereales-a-la-cacahuete']",4,[],"['en:e306', 'en:e322', 'en:e322i', 'en:e422']",464.0,22.9,8.8,23.3,10.1,9.5,0.93
,80135876,"['en:snacks', 'en:breakfasts', 'en:spreads', 'en:sweet-snacks', 'en:sweet-spreads', 'fr:pates-a-tartiner', 'en:hazelnut-spreads', 'en:chocolate-spreads', 'en:cocoa-and-hazelnuts-spreads']",1,[],['en:e322'],539.0,30.9,10.6,56.3,,6.3,0.1075
Galletas de trigo espelta 0% azúcares añadidos,8480000142429,"['en:snacks', 'en:sweet-snacks', 'en:biscuits-and-cakes', 'en:biscuits-and-crackers', 'en:biscuits']",5,[],"['en:e322', 'en:e322i', 'en:e450', 'en:e500', 'en:e503', 'en:e503i', 'en:e965']",422.0,16.0,1.3,2.0,8.0,9.0,0.885
Granola LU,3017760756198,"['en:snacks', 'en:desserts', 'en:sweet-snacks', 'en:biscuits-and-cakes', 'en:biscuits-and-crackers', 'en:biscuits', 'en:chocolate-biscuits', 'en:biscuits-et-gateaux', 'en:snacks-sucres']",5,[],"['en:e160', 'en:e322', 'en:e322i', 'en:e450', 'en:e500', 'en:e503']",503.0,26.0,14.0,36.0,3.3,5.7,1.0
Cuites au four nature,3168930002987,"['en:plant-based-foods-and-beverages', 'en:plant-based-foods', 'en:snacks', 'en:cereals-and-potatoes', 'en:salty-snacks', 'en:appetizers', 'en:chips-and-fries', 'en:crisps', 'en:potato-crisps', 'en:crisps-made-from-reconstituted-potato']",2,[],"['en:e160b', 'en:e160bii', 'en:e322', 'en:e322i']",442.0,13.0,1.4,5.3,6.2,5.9,0.84
Dark Chocolate,20005832,"['en:snacks', 'en:sweet-snacks', 'en:cocoa-and-its-products', 'en:chocolates', 'en:dark-chocolates']",1,[],['en:e322'],531.0,31.5,18.9,47.7,7.5,5.7,0.01
Wholegrain Wheat Bixies,20471613,"['en:plant-based-foods-and-beverages', 'en:plant-based-foods', 'en:snacks', 'en:breakfasts', 'en:cereals-and-potatoes', 'en:sweet-snacks', 'en:cereals-and-their-products', 'en:biscuits-and-cakes', 'en:breakfast-cereals', 'en:biscuits']",0,[],[],362.0,2.25,0.5,3.0,9.5,12.7,0.225
Cheese Oatcakes,0061232201948,"['en:snacks', 'en:salty-snacks', 'en:sweet-snacks', 'en:appetizers', 'en:biscuits-and-cakes', 'en:biscuits-and-crackers', 'en:biscuits', 'en:crackers-appetizers', 'en:aperitivos', 'en:botanas', 'en:snacks-salados']",1,[],"['en:e500', 'en:e500ii']",473.0,26.6,12.0,0.6,7.2,13.6,2.8
Sour Cream & Onion®,5053990167845,"['en:plant-based-foods-and-beverages', 'en:plant-based-foods', 'en:snacks', 'en:cereals-and-potatoes', 'en:salty-snacks', 'en:appetizers', 'en:biscuits-and-crackers', 'en:chips-and-fries', 'en:crisps', 'en:potato-crisps', 'en:crackers-appetizers']",8,[],"['en:e160b', 'en:e270', 'en:e296', 'en:e330', 'en:e471', 'en:e621', 'en:e627', 'en:e631']",517.0,29.0,2.9,2.1,3.5,6.3,1.2
Belvita Brut & 5 céréales complètes,7622210713926,"['en:snacks', 'en:breakfasts', 'en:sweet-snacks', 'en:biscuits-and-cakes', 'en:biscuits-and-crackers', 'en:biscuits', 'en:dry-biscuits', 'en:breakfast-biscuit', 'en:breakfast-biscuit-with-cereals-fortified-with-vitamins-and-chemical-elements']",5,[],"['en:e322', 'en:e322i', 'en:e450', 'en:e500', 'en:e502', 'en:e503']",438.0,14.0,1.4,22.0,6.1,7.8,1.4
Cacao,8000500267035,"['en:snacks', 'en:desserts', 'en:sweet-snacks', 'en:biscuits-and-cakes', 'en:cakes', 'en:chocolate-soft-cake']",4,[],"['en:e322', 'en:e322i', 'en:e422', 'en:e500', 'en:e500ii', 'en:e503', 'en:e503i']",451.0,22.8,13.6,43.1,,5.38,0.32
Biscotti,6111259347434,"['en:snacks', 'en:sweet-snacks', 'en:biscuits-and-cakes', 'en:biscuits-and-crackers', 'en:biscuits']",0,[],[],193.0,6.0,3.0,12.0,1.0,3.0,0.25
Goûter aux raisins,3251491787810,"['en:snacks', 'en:sweet-snacks', 'en:biscuits-and-cakes', 'en:biscuits', 'en:dry-biscuits']",1,[],['en:e502'],434.0,14.0,1.3,21.0,6.4,9.4,0.0
Chocolate negro 95% cacao,20815882,"['en:snacks', 'en:sweet-snacks', 'en:cocoa-and-its-products', 'en:chocolates', 'en:dark-chocolates', 'en:extra-fine-dark-chocolates']",0,[],[],592.0,51.2,31.2,2.4,10.4,12.8,0.03
Granola L'original Gros éclats de chocolat,7622300689124,"['en:snacks', 'en:sweet-snacks', 'en:biscuits-and-cakes', 'en:biscuits-and-crackers', 'en:biscuits', 'en:chocolate-biscuits', 'en:drop-cookies', 'en:chocolate-chip-cookies']",5,[],"['en:e160', 'en:e322', 'en:e322i', 'en:e450', 'en:e500', 'en:e503']",503.0,26.0,14.0,36.0,3.3,5.7,1.0
Peanut,40111445,"['en:snacks', 'en:sweet-snacks', 'en:cocoa-and-its-products', 'en:confectioneries', 'en:chocolate-candies', 'en:bonbons', 'en:chocolate-covered-nuts-and-fruits', 'en:chocolate-covered-nuts', 'en:chocolate-coated-peanuts']",9,[],"['en:e100', 'en:e120', 'en:e133', 'en:e1400', 'en:e160a', 'en:e160e', 'en:e170', 'en:e414', 'en:e903']",524.0,26.0,11.0,53.0,,9.8,0.11
Pringles sour cream,5053990107384,"['en:plant-based-foods-and-beverages', 'en:plant-based-foods', 'en:snacks', 'en:cereals-and-potatoes', 'en:salty-snacks', 'en:appetizers', 'en:chips-and-fries', 'en:crisps', 'en:potato-crisps', 'en:salty-snacks-made-from-potato']",8,[],"['en:e160b', 'en:e270', 'en:e296', 'en:e330', 'en:e471', 'en:e621', 'en:e627', 'en:e631']",517.0,29.0,2.9,2.1,3.5,6.3,1.2
Toblerone,7614500010013,"['en:snacks', 'en:sweet-snacks', 'en:cocoa-and-its-products', 'en:confectioneries', 'en:chocolate-candies', 'en:chocolates', 'en:milk-chocolates', 'en:chocolates-with-almonds', 'en:flavoured-chocolates', 'en:flavoured-milk-chocolates', 'en:milk-chocolate-bar-with-nougat', 'en:swiss-chocolates']",1,[],"['en:e322', 'en:e322i']",528.0,28.0,17.0,60.0,2.4,5.6,0.12
Organic Milk Chocolate,7622210580092,"['en:snacks', 'en:sweet-snacks', 'en:cocoa-and-its-products', 'en:chocolates', 'en:milk-chocolates']",1,[],['en:e322'],561.0,36.0,22.0,46.0,2.8,9.8,0.22
Noir Extra,3664346305860,"['en:dairies', 'en:fermented-foods', 'en:fermented-milk-products', 'en:snacks', 'en:cheeses', 'en:sweet-snacks', 'en:cocoa-and-its-products', 'en:chocolates', 'en:dark-chocolates', 'en:dark-chocolate-bar', 'en:extra-fine-dark-chocolates', 'fr:chocolat-noir-extra', 'fr:chocolats-noir-a-croquer']",1,[],"['en:e322', 'en:e322i']",508.0,28.0,18.0,52.0,7.2,4.9,0.01
Le cookie Chocolat Noisette,3229820004334,"['en:snacks', 'en:sweet-snacks', 'en:biscuits-and-cakes', 'en:biscuits-and-crackers', 'en:biscuits', 'en:chocolate-biscuits', 'en:drop-cookies', 'en:chocolate-chip-cookies', 'en:chocolate-and-hazelnut-cookies']",2,[],"['en:e322', 'en:e503']",496.0,26.0,5.3,29.0,6.3,7.4,0.36
Tonik,6111031003756,"['en:snacks', 'en:sweet-snacks', 'en:cocoa-and-its-products', 'en:confectioneries', 'en:festive-foods', 'en:bars', 'en:biscuits-and-cakes', 'en:chocolate-candies', 'en:christmas-foods-and-drinks', 'en:biscuits', 'en:christmas-sweets', 'en:bars-covered-with-chocolate', 'en:ms', 'en:erives']",1,[],"['en:e500', 'en:e500ii']",503.0,23.0,11.0,39.0,1.0,4.8,0.1
Tartines céréales 450g,3760049796384,"['en:plant-based-foods-and-beverages', 'en:plant-based-foods', 'en:snacks', 'en:cereals-and-potatoes', 'en:sweet-snacks', 'en:sweet-pastries-and-pies', 'en:breads', 'en:viennoiseries', 'en:sliced-breads', 'en:multigrain-sliced-breads']",2,[],"['en:e282', 'en:e300']",298.0,10.0,1.0,2.9,5.8,10.0,1.1
Spofy,3362600017619,"['en:snacks', 'en:sweet-snacks', 'en:biscuits-and-cakes', 'en:cakes', 'en:pound-cake', 'en:chocolate-cakes', 'en:madeleines', 'en:chocolate-madeleines']",6,[],"['en:e202', 'en:e322', 'en:e322i', 'en:e330', 'en:e420', 'en:e422', 'en:e450', 'en:e450i']",426.0,18.8,2.8e-06,32.8,1.4,4.8,0.0
Galettes St Michel au beurre 4X5 - 130g,3023470001015,"['en:snacks', 'en:sweet-snacks', 'en:biscuits-and-cakes', 'en:biscuits-and-crackers', 'en:biscuits', 'en:dry-biscuits', 'en:shortbread-cookies', 'en:biscuits-cookies-shelf-stable', 'en:shortbread-biscuit-with-butter', 'fr:sables-au-beurre']",2,[],"['en:e500', 'en:e503']",470.0,16.0,10.0,26.0,2.2,7.4,0.87
Petit brun extra,7622210476241,"['en:snacks', 'en:sweet-snacks', 'en:biscuits-and-cakes', 'en:biscuits']",4,[],"['en:e330', 'en:e450', 'en:e500', 'en:e503']",441.0,12.0,5.9,25.0,2.9,7.2,0.8
"BN - Casse Croute Biscuits, 375g",3061990143594,"['en:snacks', 'en:sweet-snacks', 'en:biscuits-and-cakes', 'en:biscuits-and-crackers', 'en:biscuits']",3,[],"['en:e500', 'en:e503', 'en:e920']",381.0,5.0,1.88,25.6,2.5,7.5,0.00156
Chocup,6111259340060,"['en:snacks', 'en:sweet-snacks', 'en:biscuits-and-cakes', 'en:biscuits', 'en:filled-biscuits']",5,[],"['en:e200', 'en:e322', 'en:e322i', 'en:e334', 'en:e500', 'en:e500i', 'en:e503', 'en:e503ii']",522.0,26.0,12.9,33.0,,5.7,0.28
Coco specialty,8000500023976,"['en:snacks', 'en:sweet-snacks', 'en:cocoa-and-its-products', 'en:confectioneries', 'en:chocolate-candies', 'en:bonbons']",2,[],"['en:e322', 'en:e500', 'en:e500ii']",627.0,48.3,29.5,33.6,,7.4,0.267
Goûter aux écorces confites,3251491787803,"['en:snacks', 'en:sweet-snacks', 'en:biscuits-and-cakes', 'en:biscuits', 'fr:gouter-aux-ecorces-confites']",2,[],"['en:e330', 'en:e503']",445.0,15.0,1.4,20.0,6.1,9.5,0.03
Sablé saveur COCO,3175681116832,"['en:snacks', 'en:sweet-snacks', 'en:biscuits-and-cakes', 'en:biscuits-and-crackers', 'en:biscuits', 'en:cakes', 'en:dry-biscuits', 'en:shortbread-cookies', 'en:biscuit-with-reduced-sugar', 'fr:biscuits-edulcores']",4,[],"['en:e322', 'en:e330', 'en:e503', 'en:e965']",427.2,15.0,1.5,0.0,4.1,6.2,0.2
Milka Tablette Noisette,3045140118502,"['en:snacks', 'en:sweet-snacks', 'en:cocoa-and-its-products', 'en:chocolates', 'en:milk-chocolates', 'en:chocolates-with-hazelnuts', 'en:milk-chocolates-with-hazelnuts']",1,[],"['en:e322', 'en:e322i']",563.0,37.0,16.0,45.0,3.7,8.2,0.22
Шоколад с 6% парченца малини,20177201,"['en:snacks', 'en:sweet-snacks', 'en:cocoa-and-its-products', 'en:chocolates', 'en:dark-chocolates', 'en:dark-chocolate-bar-with-more-than-70-cocoa', 'en:dark-chocolates-with-raspberries']",3,[],"['en:e322', 'en:e322i', 'en:e330', 'en:e440']",552.0,39.2,24.0,28.8,11.2,8.0,0.08
Biscuits petit déjeuner moelleux aux pépites de chocolat,7622210444141,"['en:snacks', 'en:breakfasts', 'en:sweet-snacks', 'en:biscuits-and-cakes', 'en:biscuits-and-crackers', 'en:biscuits', 'en:chocolate-biscuits', 'en:dry-biscuits', 'en:breakfast-biscuit', 'en:breakfast-biscuit-with-cereals-fortified-with-vitamins-and-chemical-elements']",7,[],"['en:e14xx', 'en:e322', 'en:e322i', 'en:e422', 'en:e472b', 'en:e475', 'en:e500', 'en:e965']",200.0,7.2,1.6,9.9,3.4,2.9,0.275
Ferrero Rocher,8000500273296,"['en:snacks', 'en:sweet-snacks', 'en:cocoa-and-its-products', 'en:confectioneries', 'en:chocolate-candies', 'en:bonbons']",3,[],"['en:e322', 'en:e322i', 'en:e500', 'en:e500ii']",603.0,42.7,14.1,39.9,,8.2,0.15
Capri choco,6111249960964,"['en:snacks', 'en:sweet-snacks', 'en:biscuits-and-cakes', 'en:biscuits-and-crackers', 'en:biscuits', 'en:chocolate-biscuits', 'en:food']",3,[],"['en:e322', 'en:e322i', 'en:e450', 'en:e450i', 'en:e500', 'en:e500ii']",504.0,22.0,10.8,33.0,,4.4,0.3
Excellence Noir Délicat Doux 85% Cacao,3046920029681,"['en:snacks', 'en:sweet-snacks', 'en:cocoa-and-its-products', 'en:chocolates', 'en:dark-chocolates', 'en:dark-chocolate-bar-with-more-than-70-cocoa', 'en:extra-fine-dark-chocolates']",0,[],[],603.0,55.0,33.0,14.0,,8.9,0.03
NOIR DEGUSTATION 70% CARAMEL,20177218,"['en:snacks', 'en:sweet-snacks', 'en:cocoa-and-its-products', 'en:chocolates', 'en:dark-chocolates', 'en:dark-chocolate-bar-with-more-than-70-cocoa']",2,[],"['en:e322', 'en:e322i']",544.0,36.8,22.4,35.2,9.6,7.2,0.16
La Madeleine Pur beurre,3178530402728,"['en:snacks', 'en:sweet-snacks', 'en:biscuits-and-cakes', 'en:cakes', 'en:pound-cake', 'en:madeleines', 'en:plain-madeleines']",2,[],"['en:e331', 'en:e500']",435.0,25.0,16.0,29.0,1.3,5.9,0.86
,6111031005095,"['en:snacks', 'en:sweet-snacks', 'en:biscuits-and-cakes', 'en:biscuits', 'en:chocolate-biscuits', 'en:filled-biscuits']",3,[],"['en:e322', 'en:e322i', 'en:e500', 'en:e500ii', 'en:e503', 'en:e503ii']",508.0,24.0,12.0,20.0,0.7,5.2,0.45
Oreo Original,7622300336738,"['en:snacks', 'en:sweet-snacks', 'en:biscuits-and-cakes', 'en:biscuits-and-crackers', 'en:biscuits', 'en:biscuits-cookies-shelf-stable']",3,[],"['en:e322', 'en:e502', 'en:e524']",473.0,19.1,5.45,38.2,2.73,5.45,0.727
Blueberry Muffin raw fruit & nut bar,5060088705940,"['en:snacks', 'en:sweet-snacks', 'en:bars', 'fr:barres-aux-fruits']",0,[],[],374.0,11.1,1.71,48.6,9.43,6.57,0.0714
Benco Original,3034470003107,"['en:beverages-and-beverages-preparations', 'en:beverages', 'en:snacks', 'en:breakfasts', 'en:sweet-snacks', 'en:cocoa-and-its-products', 'en:hot-beverages', 'en:beverage-preparations', 'en:cocoa-and-chocolate-powders', 'en:instant-beverages', 'en:cocoa-powders', 'en:cocoa-powder-for-beverages-with-sugar', 'en:instant-chocolate-powders', 'en:sweetened-beverages']",0,[],[],180.0,1.1,0.667,37.1,3.19,2.29,0.105
Pringles,5053990127740,"['en:plant-based-foods-and-beverages', 'en:plant-based-foods', 'en:snacks', 'en:canned-foods', 'en:cereals-and-potatoes', 'en:salty-snacks', 'en:appetizers', 'en:chips-and-fries', 'en:meals', 'en:crisps', 'en:potato-crisps', 'en:canned-meals', 'de:knabbergebäck', 'de:knabbergebäck-mit-sauerrahm-und-zwiebelgeschmack']",7,[],"['en:e160b', 'en:e296', 'en:e330', 'en:e471', 'en:e621', 'en:e627', 'en:e631']",517.0,29.0,2.9,2.1,3.5,6.3,1.2
Pistacchi,20337292,"['en:plant-based-foods-and-beverages', 'en:plant-based-foods', 'en:snacks', 'en:salty-snacks', 'en:nuts-and-their-products', 'en:nuts', 'en:pistachios', 'en:roasted-pistachios', 'en:salted-nuts', 'en:salted-pistachios']",0,[],[],605.0,49.2,6.3,5.6,7.6,26.5,0.03
"Crunchy Oats and Dark chocolate, 2 Barres de 21 g",8410076801197,"['en:snacks', 'en:sweet-snacks', 'en:bars', 'en:cereal-bars', 'en:oat-bar']",2,[],"['en:e322', 'en:e322i', 'en:e500', 'en:e500ii']",474.0,19.8,3.33,26.9,6.9,8.81,0.631
Apple & Raisin Oat Bars,5060482840179,"['en:snacks', 'en:sweet-snacks', 'en:bars', 'en:cereal-bars', 'en:fruits-cereal-bars', 'en:apple-cereal-bars']",0,[],[],426.0,17.4,9.4,29.0,5.0,5.6,0.28
Pelotazos futebolas,5601363006668,"['en:snacks', 'en:salty-snacks', 'en:appetizers', 'en:biscuits-and-crackers', 'en:chips-and-fries', 'en:crisps', 'en:crackers-appetizers', 'en:puffed-salty-snacks', 'en:puffed-salty-snacks-made-from-maize', 'fr:crackersappetizers']",5,[],"['en:e160c', 'en:e508', 'en:e621', 'en:e627', 'en:e631']",520.0,27.8,4.0,6.5,1.4,5.4,1.6
Nutri+ avoine complet,3229820794532,"['en:snacks', 'en:breakfasts', 'en:sweet-snacks', 'en:biscuits-and-cakes', 'en:biscuits-and-crackers', 'en:biscuits', 'en:dry-biscuits', 'en:oatmeal-biscuits', 'en:breakfast-biscuit']",2,[],"['en:e392', 'en:e503']",442.0,15.0,1.4,16.0,7.5,9.1,0.35
,6111017042403,"['en:snacks', 'en:sweet-snacks', 'en:cocoa-and-its-products', 'en:chocolates', 'en:dark-chocolates', 'en:dark-chocolates-with-cocoa-nibs']",2,[],"['en:e322', 'en:e322i']",512.0,39.3,24.4,25.3,,9.2,0.01
Cuetara Digesta Light 200G Marie Cookies,8434165437418,"['en:snacks', 'en:sweet-snacks', 'en:biscuits-and-cakes', 'en:biscuits-and-crackers', 'en:biscuits']",3,[],"['en:e223', 'en:e500', 'en:e500ii', 'en:e503', 'en:e503ii']",406.0,18.0,2.1,0.0,3.9,6.9,0.85
délice noir,6111017046470,"['en:snacks', 'en:sweet-snacks', 'en:cocoa-and-its-products', 'en:chocolates', 'en:dark-chocolates']",0,[],[],534.0,36.0,22.0,44.0,,5.2,0.011
Gingembre saveur citron 🍋,3175681257566,"['en:plant-based-foods-and-beverages', 'en:plant-based-foods', 'en:snacks', 'en:sweet-snacks', 'en:biscuits-and-cakes', 'en:biscuits-and-crackers', 'en:biscuits']",2,[],"['en:e330', 'en:e500']",456.0,16.0,1.4,17.0,5.2,8.3,0.44
Tartines craquantes Sarrasin,3760020508012,"['en:plant-based-foods-and-beverages', 'en:plant-based-foods', 'en:snacks', 'en:cereals-and-potatoes', 'en:specific-products', 'en:products-for-specific-diets', 'en:products-without-gluten', 'en:extruded-crispbreads']",0,[],[],362.0,2.3,0.7,1.0,4.5,11.0,0.57
Kinder Country,4008400260921,"['en:snacks', 'en:sweet-snacks', 'en:cocoa-and-its-products', 'en:confectioneries', 'en:chocolate-candies', 'en:bars', 'en:cereal-bars', 'en:candy-chocolate-bars', 'en:chocolate-covered-bars-with-milk-and-cereals']",2,[],"['en:e322', 'en:e322i']",561.0,33.8,21.9,49.1,2.0,8.6,0.275
Sweet & Salty Popcorn,5060283760669,"['en:snacks', 'en:popcorn']",1,[],['en:e953'],465.0,20.4,1.7,11.3,12.6,7.6,0.00066
Gocciole classiche pav 500 gr,8013355999143,"['en:snacks', 'en:sweet-snacks', 'en:biscuits-and-cakes', 'en:biscuits-and-crackers', 'en:biscuits', 'en:chocolate-biscuits', 'en:biscuits-cookies-shelf-stable']",3,[],"['en:e322', 'en:e322i', 'en:e500', 'en:e500ii', 'en:e503', 'en:e503ii']",488.0,22.0,6.2,22.0,4.1,6.5,0.53
Pelotazos,8410199790958,"['en:snacks', 'en:salty-snacks', 'en:appetizers', 'en:biscuits-and-crackers', 'en:crackers-appetizers', 'en:puffed-salty-snacks', 'en:puffed-salty-snacks-made-from-maize']",3,[],"['en:e160c', 'en:e508', 'en:e621']",520.0,27.8,4.0,6.5,1.4,5.4,1.6
Protein Caramel salé Cacahuètes,8410076610744,"['en:plant-based-foods-and-beverages', 'en:plant-based-foods', 'en:snacks', 'en:sweet-snacks', 'en:nuts-and-their-products', 'en:bars', 'en:cereal-bars', 'en:nut-bars', 'en:peanut-bars']",2,[],"['en:e322', 'en:e322i', 'en:e422']",495.0,29.5,6.75,15.8,10.8,26.0,0.925
85% Cocoa - Dark Chocolate,4088600132334,"['en:snacks', 'en:sweet-snacks', 'en:cocoa-and-its-products', 'en:chocolates', 'en:dark-chocolates']",1,[],['en:e322'],604.0,49.6,32.0,13.2,13.2,10.8,0.0012
Noir equitable 85% Pérou,3700214611548,"['en:snacks', 'en:sweet-snacks', 'en:cocoa-and-its-products', 'en:chocolates', 'en:dark-chocolates', 'en:dark-chocolate-bar']",0,[],[],631.0,53.0,32.0,14.0,13.0,8.1,0.01
Kinder Cards,8000500269169,"['en:snacks', 'en:sweet-snacks', 'en:biscuits-and-cakes', 'en:biscuits-and-crackers', 'en:biscuits', 'en:biscuits-cookies-shelf-stable', 'fr:gefullte-knusprige-waffeln', 'fr:imbiss', 'fr:kekse', 'fr:kekse-und-kuchen', 'fr:knusprige-waffeln', 'fr:knusprige-waffeln-mit-schokoladenfullung', 'fr:schokoladenkekse', 'fr:susser-snack']",3,[],"['en:e322', 'en:e322i', 'en:e500', 'en:e500ii']",510.0,26.3,13.5,42.9,,11.5,0.445
Nutella,4008400409627,"['en:snacks', 'en:breakfasts', 'en:spreads', 'en:sweet-snacks', 'en:cocoa-and-its-products', 'en:sweet-spreads', 'en:chocolates', 'fr:pates-a-tartiner', 'en:chocolate-spreads', 'en:fruhstucke', 'en:susse-brotaufstriche']",1,[],['en:e322'],539.0,30.9,10.6,56.3,0.0,6.3,0.11
Oatibix,5010029207880,"['en:plant-based-foods-and-beverages', 'en:plant-based-foods', 'en:snacks', 'en:breakfasts', 'en:cereals-and-potatoes', 'en:sweet-snacks', 'en:biscuits-and-cakes', 'en:biscuits']",0,[],[],390.0,8.0,1.3,4.8,8.8,12.0,0.23
8 Pains au lait frais Bio 280g,3284230011884,"['en:plant-based-foods-and-beverages', 'en:plant-based-foods', 'en:snacks', 'en:breakfasts', 'en:cereals-and-potatoes', 'en:sweet-snacks', 'en:sweet-pastries-and-pies', 'en:breads', 'en:viennoiseries', 'en:milk-bread-rolls']",0,[],[],345.0,11.0,1.2,8.7,2.4,9.3,0.9
Petites Madeleines pépites chocolat,3178530410143,"['en:snacks', 'en:desserts', 'en:sweet-snacks', 'en:biscuits-and-cakes', 'en:biscuits-and-crackers', 'en:biscuits', 'en:cakes', 'en:pound-cake', 'en:chocolate-cakes', 'en:madeleines', 'en:chocolate-madeleines']",5,[],"['en:e322', 'en:e322i', 'en:e331', 'en:e422', 'en:e500']",425.0,21.0,2.9,29.0,1.6,5.1,0.69
,6111031005279,"['en:snacks', 'en:sweet-snacks', 'en:biscuits-and-cakes', 'en:cakes', 'fr:biscuits-avec-l-arome-d-orange', 'fr:biscuits-avec-l-arome-d-orange']",3,[],"['en:e101', 'en:e101i', 'en:e322', 'en:e322i', 'en:e500', 'en:e500ii']",461.0,14.5,6.7,27.0,0.2,6.3,0.43
Petit écolier chocolat noir pur beurre de cacao,5410041010800,"['en:snacks', 'en:sweet-snacks', 'en:biscuits-and-cakes', 'en:biscuits-and-crackers', 'en:biscuits', 'en:chocolate-biscuits', 'en:dark-chocolate-biscuits', 'en:biscuit-with-a-chocolate-bar-covering', 'en:biscuit-with-a-dark-chocolate-bar-covering']",5,[],"['en:e322', 'en:e322i', 'en:e330', 'en:e450', 'en:e500', 'en:e503']",502.0,25.0,15.0,36.0,4.5,5.6,0.57
Petit Cookies Pépites de chocolat,3178530407396,"['en:snacks', 'en:sweet-snacks', 'en:biscuits-and-cakes', 'en:biscuits-and-crackers', 'en:biscuits', 'en:chocolate-biscuits', 'en:drop-cookies', 'en:chocolate-chip-cookies']",3,[],"['en:e322', 'en:e322i', 'en:e450', 'en:e500']",510.0,26.0,17.0,35.0,3.6,7.3,0.4325
Sweet & salty popcorn,5060283760812,"['en:snacks', 'en:popcorn']",1,[],['en:e953'],464.0,20.7,1.43,27.1,10.7,7.86,1.5
single origin milk chocolate,00938150,"['en:snacks', 'en:sweet-snacks', 'en:cocoa-and-its-products', 'en:chocolates', 'en:milk-chocolates']",0,[],[],618.0,47.4,29.1,37.2,,8.4,0.25
Protein Oat Boosts Cocoa Vanilla,5055958701054,"['en:snacks', 'en:sweet-snacks', 'en:bars', 'en:cereal-bars', 'en:dietary-supplements', 'en:bodybuilding-supplements', 'en:protein-bars']",4,[],"['en:e14xx', 'en:e322', 'en:e322i', 'en:e415', 'en:e422']",386.0,22.0,4.0,8.9,17.0,6.3,0.23
Cranberry saveur amande,3175681257542,"['en:snacks', 'en:sweet-snacks', 'en:biscuits-and-cakes', 'en:biscuits']",2,[],"['en:e330', 'en:e500']",48.0,1.5,0.2,1.8,0.6,0.8,0.02
"Biscuits 3 graines Kasha, Sésame, Pavot",3175681257535,"['en:snacks', 'en:sweet-snacks', 'en:biscuits-and-cakes', 'en:biscuits-and-crackers', 'en:biscuits']",2,[],"['en:e330', 'en:e500']",448.0,17.0,1.6,17.0,8.7,9.5,0.42
Megachok,8412674005021,"['en:snacks', 'en:sweet-snacks', 'en:biscuits-and-cakes', 'en:biscuits', 'en:filled-biscuits']",5,[],"['en:e223', 'en:e322', 'en:e322i', 'en:e500', 'en:e500ii', 'en:e503', 'en:e503ii']",458.0,17.0,9.0,28.0,0.3,5.0,0.82
Véritable petit beurre,7622210988034,"['en:snacks', 'en:sweet-snacks', 'en:biscuits-and-cakes', 'en:biscuits', 'en:petit-beurre']",3,[],"['en:e330', 'en:e500', 'en:e500ii', 'en:e503', 'en:e503ii']",440.0,12.0,7.8,23.0,3.0,8.0,1.3775
Chocolat noir 85% Madagascar,3760091722508,"['en:snacks', 'en:sweet-snacks', 'en:cocoa-and-its-products', 'en:chocolates', 'en:dark-chocolates']",0,[],[],619.0,51.0,31.0,14.0,11.0,11.0,0.0
Pringles Texas BBQ 165g ajman,5053990161966,"['en:snacks', 'en:salty-snacks', 'en:appetizers', 'en:chips-and-fries', 'en:crisps', 'en:salty-snacks-made-from-potato', 'en:texas-bbq-sauce-flavour-savoury-snack']",8,[],"['en:e160b', 'en:e160bii', 'en:e160c', 'en:e262', 'en:e262ii', 'en:e296', 'en:e330', 'en:e471', 'en:e621', 'en:e635']",517.0,29.0,2.9,4.1,3.5,6.3,1.0825
Sablés chocolat,5000168198514,"['en:snacks', 'en:sweet-snacks', 'en:biscuits-and-cakes', 'en:biscuits-and-crackers', 'en:biscuits', 'en:chocolate-biscuits', 'en:milk-chocolate-biscuits', 'en:shortbread-cookies', 'en:chocolate-covered-biscuits', 'en:digestives-covered-with-chocolate', 'en:shortbread-cookie-with-chocolate']",5,[],"['en:e296', 'en:e322', 'en:e322i', 'en:e476', 'en:e500', 'en:e500i', 'en:e503']",496.0,23.6,12.4,28.5,3.0,6.7,0.94
Peanut Butter Oat Bars,5060482840766,"['en:snacks', 'en:sweet-snacks', 'en:bars', 'en:cereal-bars']",0,[],[],460.0,23.6,10.2,22.0,6.0,10.0,0.48
NAKD PROTEIN - Cacao noisette - 45g (16x1p),5060088700105,"['en:plant-based-foods-and-beverages', 'en:plant-based-foods', 'en:seafood', 'en:fishes-and-their-products', 'en:snacks', 'en:fishes', 'en:sweet-snacks', 'en:nuts-and-their-products', 'en:lean-fishes', 'en:bars', 'en:dietary-supplements', 'en:bass', 'en:bodybuilding-supplements', 'en:nut-bars', 'en:protein-bars', 'fr:snack-bar']",0,[],[],424.0,22.0,3.5,28.0,16.0,16.0,0.01
Kinder Bueno,8000500037560,"['en:snacks', 'en:sweet-snacks', 'en:cocoa-and-its-products', 'en:confectioneries', 'en:chocolate-candies', 'en:bars', 'en:candy-chocolate-bars', 'en:chocolate-biscuity-bars', 'en:chocolate-nuts-cookie-bars']",3,[],"['en:e322', 'en:e500', 'en:e500ii', 'en:e502']",572.0,37.3,17.3,41.2,,8.6,0.272
Wheat Biscuits,00130509,"['en:plant-based-foods-and-beverages', 'en:plant-based-foods', 'en:snacks', 'en:breakfasts', 'en:cereals-and-potatoes', 'en:sweet-snacks', 'en:biscuits-and-cakes', 'en:biscuits-and-crackers', 'en:cereals-and-their-products', 'en:biscuits', 'en:breakfast-cereals']",0,[],[],358.0,2.0,0.6,4.4,10.0,12.0,0.28
Shortbread Fingers,0039047011304,"['en:snacks', 'en:sweet-snacks', 'en:biscuits-and-cakes', 'en:biscuits-and-crackers', 'en:biscuits', 'en:shortbread-cookies', 'en:shortbread']",0,[],[],533.0,30.3,18.9,16.2,2.1,5.6,0.7
Chips saveur fromage du Jura,3497917000907,"['en:plant-based-foods-and-beverages', 'en:plant-based-foods', 'en:snacks', 'en:cereals-and-potatoes', 'en:salty-snacks', 'en:appetizers', 'en:chips-and-fries', 'en:crisps', 'en:potato-crisps', 'en:flavoured-potato-crisps', 'en:chips-de-pommes-de-terre-ondulees']",0,[],[],522.0,31.0,2.6,1.1,4.8,6.3,1.7
Top cookies,6111259341517,"['en:snacks', 'en:sweet-snacks', 'en:biscuits-and-cakes', 'en:biscuits']",7,[],"['en:e322', 'en:e322i', 'en:e330', 'en:e334', 'en:e471', 'en:e500', 'en:e500ii', 'en:e503', 'en:e503ii']",494.0,21.0,10.2,31.0,1.2,5.8,0.1
cooky original chocolate chips,6111259346345,"['en:snacks', 'en:sweet-snacks', 'en:biscuits-and-cakes', 'en:biscuits-and-crackers', 'en:biscuits', 'en:chocolate-biscuits', 'en:drop-cookies', 'en:chocolate-chip-cookies']",0,[],[],397.0,20.3,10.9,27.3,2.03,3.2,0.152
Chips de lentilles saveur tomate mozza,3336971805038,"['en:snacks', 'en:salty-snacks', 'en:appetizers', 'en:biscuits-and-crackers', 'en:chips-and-fries', 'en:crisps', 'en:crackers-appetizers', 'en:lentil-crisps', 'en:puffed-salty-snacks']",0,[],[],452.0,19.0,1.8,3.8,7.2,13.0,1.1
Milka oreo,7622210834751,"['en:snacks', 'en:sweet-snacks', 'en:cocoa-and-its-products', 'en:chocolates', 'en:milk-chocolates', 'en:milk-chocolate-bar']",2,[],"['en:e500', 'en:e500ii', 'en:e503', 'en:e503ii']",559.0,35.0,19.0,50.0,0.2,5.0,0.45
Fruit & Seed Oatcakes,0612322000202,"['en:snacks', 'en:salty-snacks', 'en:sweet-snacks', 'en:appetizers', 'en:biscuits-and-cakes', 'en:biscuits-and-crackers', 'en:biscuits']",1,[],"['en:e500', 'en:e500ii']",440.0,15.2,4.8,16.0,9.6,9.6,0.516
Chocolate negro,3270190127765,"['en:snacks', 'en:sweet-snacks', 'en:cocoa-and-its-products', 'en:chocolates', 'en:dark-chocolates', 'en:extra-fine-dark-chocolates', 'es:tabletas-de-chocolate-negro']",1,[],['en:e322'],567.0,42.0,26.0,27.0,12.0,9.6,0.03
Savane,3660140948258,"['en:snacks', 'en:desserts', 'en:sweet-snacks', 'en:biscuits-and-cakes', 'en:cakes', 'en:chocolate-soft-cake', 'en:marble-cakes', 'en:gateaux', 'en:gateaux-au-chocolat', 'en:gateaux-marbres']",5,[],"['en:e322', 'en:e331', 'en:e414', 'en:e422', 'en:e500']",431.0,24.0,3.2,24.0,5.3,5.9,0.5
Cocoa Orange,5060088701447,"['en:plant-based-foods-and-beverages', 'en:plant-based-foods', 'en:fruits-and-vegetables-based-foods', 'en:snacks', 'en:sweet-snacks', 'en:fruits-based-foods', 'en:nuts-and-their-products', 'en:fruits', 'en:bars', 'en:nut-bars', 'fr:barres-aux-fruits']",0,[],[],394.0,16.0,3.1,43.0,8.6,8.7,0.03
Nutabella,6111265980229,"['en:snacks', 'en:breakfasts', 'en:spreads', 'en:sweet-snacks', 'en:confectioneries', 'en:sweet-spreads', 'fr:pates-a-tartiner', 'en:chocolat']",0,[],[],522.0,25.5,0.0,71.7,0.0,1.31,0.2675
Absolute black dark chocolate,5060719920001,"['en:snacks', 'en:sweet-snacks', 'en:cocoa-and-its-products', 'en:chocolates', 'en:dark-chocolates', 'en:dark-chocolate-bar-with-more-than-70-cocoa', 'en:100-cocoa-solids-dark-chocolate']",0,[],[],601.0,54.0,33.0,3.0,17.0,13.0,0.02
eyoo,6111259341654,"['en:snacks', 'en:sweet-snacks', 'en:biscuits-and-cakes', 'en:biscuits-and-crackers', 'en:biscuits', 'en:chocolate-biscuits', 'en:filled-biscuits']",3,[],"['en:e322', 'en:e322i', 'en:e500', 'en:e500ii', 'en:e503', 'en:e503ii']",493.0,19.7,9.58,72.0,,7.0,0.725
Čokoláda na vaření,20022471,"['en:snacks', 'en:sweet-snacks', 'en:cocoa-and-its-products', 'en:chocolates', 'en:dark-chocolates']",0,[],[],544.0,35.0,22.0,45.6,,4.8,0.1
Biscuits Mega Duo imp,8410376017113,"['en:snacks', 'en:sweet-snacks', 'en:biscuits-and-cakes', 'en:biscuits', 'en:filled-biscuits']",4,[],"['en:e223', 'en:e322', 'en:e322i', 'en:e500', 'en:e500ii', 'en:e503', 'en:e503ii']",480.0,20.0,8.6,31.0,4.0,5.9,0.45
cooky,6111259346352,"['en:snacks', 'en:sweet-snacks', 'en:biscuits-and-cakes', 'en:biscuits', 'fr:graisses']",4,[],"['en:e322', 'en:e322i', 'en:e450', 'en:e450i', 'en:e500', 'en:e500ii', 'en:e503', 'en:e503ii']",448.96,22.19,11.9,34.9,3.56,4.64,0.27
180G LT NOISETTE COTE D OR,7622210995063,"['en:snacks', 'en:sweet-snacks', 'en:cocoa-and-its-products', 'en:chocolates', 'en:milk-chocolates', 'en:chocolates-with-hazelnuts', 'en:milk-chocolates-with-hazelnuts']",1,[],"['en:e322', 'en:e322i']",555.0,36.0,14.0,43.0,5.1,9.3,0.18
Dark Chocolate Chip Oat Biscuits,0061232202556,"['en:snacks', 'en:sweet-snacks', 'en:biscuits-and-cakes', 'en:biscuits', 'en:chocolate-biscuits']",2,[],"['en:e322', 'en:e322i', 'en:e500', 'en:e500ii']",454.0,16.9,7.7,19.0,6.7,8.1,0.775
Dark Chocolate,5059697684616,"['en:snacks', 'en:sweet-snacks', 'en:cocoa-and-its-products', 'en:chocolates', 'en:dark-chocolates', 'en:dark-chocolate-bar']",0,[],[],630.0,54.0,33.0,13.0,13.0,10.0,0.1
LOTUS BISCOFF Speculoos Original - 250g (2x125g),5410126806069,"['en:snacks', 'en:sweet-snacks', 'en:biscuits-and-cakes', 'en:biscuits-and-crackers', 'en:biscuits', 'en:biscuits-cookies-shelf-stable', 'en:speculoos']",1,[],"['en:e500', 'en:e500ii']",484.0,19.0,8.0,38.1,1.3,4.9,0.92
Noir 70% Intense,7622400006753,"['en:snacks', 'en:sweet-snacks', 'en:cocoa-and-its-products', 'en:confectioneries', 'en:chocolates', 'en:dark-chocolates', 'en:dark-chocolate-bar-with-more-than-70-cocoa']",1,[],"['en:e322', 'en:e322i']",601.0,47.0,29.0,28.0,11.0,7.1,0.02
Biscuits Germe de Blé et Pépites de Chocolat,4056489369134,"['en:snacks', 'en:frozen-foods', 'en:sweet-snacks', 'en:biscuits-and-cakes', 'en:biscuits-and-crackers', 'en:biscuits', 'en:chocolate-biscuits']",4,[],"['en:e322', 'en:e322i', 'en:e336', 'en:e500', 'en:e503']",467.0,18.0,2.8,21.0,4.2,9.1,0.69
Merci Finest Selection Assorted Chocolates,4014400901191,"['en:snacks', 'en:sweet-snacks', 'en:cocoa-and-its-products', 'en:confectioneries', 'en:chocolate-candies', 'en:bonbons', 'en:chocolates', 'en:filled-chocolates', 'en:assorted-chocolates']",1,[],"['en:e322', 'en:e322i']",563.0,36.1,19.9,48.0,,7.8,0.17
Milka wholenut,7622210834713,"['en:snacks', 'en:sweet-snacks', 'en:cocoa-and-its-products', 'en:confectioneries', 'en:chocolates', 'en:milk-chocolates', 'en:chocolates-with-hazelnuts', 'en:milk-chocolates-with-hazelnuts']",0,[],[],555.0,36.0,15.0,47.0,,8.1,0.3
nakd peanut butter protein bar,5060088700099,"['en:plant-based-foods-and-beverages', 'en:plant-based-foods', 'en:snacks', 'en:sweet-snacks', 'en:nuts-and-their-products', 'en:bars', 'en:nut-bars', 'en:peanut-bars', 'en:date-bars']",0,[],[],443.0,21.9,3.9,26.8,9.6,17.4,0.3725
Fine & Gourmande Noir 70%,3664346306621,"['en:snacks', 'en:sweet-snacks', 'en:cocoa-and-its-products', 'en:chocolates', 'en:chocolates-with-sweeteners', 'en:dark-chocolates', 'en:dark-chocolates-with-sweeteners', 'en:dark-chocolate-bar-with-more-than-70-cocoa']",2,[],"['en:e322', 'en:e322i', 'en:e965']",539.0,44.0,27.0,0.5,11.0,7.6,0.01
Barre céréales Protéines peanut& chocolat🍫,8410076901026,"['en:snacks', 'en:sweet-snacks', 'en:bars', 'en:dietary-supplements', 'en:bodybuilding-supplements', 'en:energy-bars', 'en:protein-bars', 'en:protein-energy-bars']",4,[],"['en:e306', 'en:e322', 'en:e322i', 'en:e422']",492.0,30.1,8.8,15.4,13.6,25.6,0.95
Nature Valley Crunchy Oats & Honey,8410076600790,"['en:snacks', 'en:sweet-snacks', 'en:bars', 'en:cereal-bars']",2,[],"['en:e322', 'en:e322i', 'en:e500', 'en:e500ii']",467.0,18.1,2.2,26.8,6.4,8.7,0.85
B'ono Wafer,6111259344013,"['en:snacks', 'en:sweet-snacks', 'en:biscuits-and-cakes', 'en:biscuits', 'en:chocolate-biscuits', 'en:filled-biscuits', 'en:wafers']",3,[],"['en:e322', 'en:e322i', 'en:e500', 'en:e500ii']",508.0,31.0,15.0,29.5,,6.4,0.03
"Bâtonnets de céréales fourrés (47,5 %) au chocolat - Cracotte Chocolat",3041090061615,"['en:snacks', 'en:sweet-snacks', 'en:biscuits-and-cakes', 'en:biscuits-and-crackers', 'en:biscuits', 'en:chocolate-biscuits', 'en:filled-biscuits', 'en:filled-extruded-crispbreads', 'en:extruded-and-grilled-biscuits-with-chocolate-filling']",1,[],"['en:e322', 'en:e322i']",456.0,16.2,5.11,30.0,4.8,7.51,0.27
,5000159461122,"['en:snacks', 'en:sweet-snacks', 'en:cocoa-and-its-products', 'en:confectioneries', 'en:chocolate-candies', 'en:bars', 'en:candy-chocolate-bars', 'en:caramel-chocolate-bars']",1,[],"['en:e322', 'en:e322i']",481.0,22.5,7.9,51.8,4.3,8.6,0.62875
Tortilla Nachips Original,8410076481597,"['en:snacks', 'en:salty-snacks', 'en:appetizers', 'en:chips-and-fries', 'en:crisps', 'en:corn-chips']",0,[],[],490.0,23.7,2.33,0.67,6.0,7.67,0.49
Tentation aiguebelle,6111017046043,"['en:snacks', 'en:sweet-snacks', 'en:cocoa-and-its-products', 'en:chocolates', 'en:dark-chocolates']",1,[],"['en:e322', 'en:e322i']",582.0,49.6,29.8,10.5,,10.0,0.03
Baiocchi nocciola 260g,8076809573252,"['en:snacks', 'en:sweet-snacks', 'en:biscuits-and-cakes', 'en:biscuits-and-crackers', 'en:biscuits', 'en:chocolate-biscuits', 'en:shortbread-cookies', 'en:biscuits-cookies-shelf-stable', 'fr:biscuits-avec-fourrage-aux-noisettes-et-au-cacao']",3,[],"['en:e336', 'en:e336i', 'en:e500', 'en:e500ii', 'en:e503', 'en:e503ii']",510.0,26.0,5.0,23.0,4.0,8.0,0.6
Digestive Avena,8410376033267,"['en:snacks', 'en:sweet-snacks', 'en:biscuits-and-cakes', 'en:biscuits-and-crackers', 'en:biscuits', 'en:oatmeal-cookies']",3,[],"['en:e500', 'en:e500ii', 'en:e503', 'en:e503ii', 'en:e965']",438.0,18.0,1.8,0.7,5.5,7.7,0.75
Nut & fruit mix classic,20005726,"['en:plant-based-foods-and-beverages', 'en:plant-based-foods', 'en:fruits-and-vegetables-based-foods', 'en:snacks', 'en:dried-products', 'en:fruits-based-foods', 'en:dried-plant-based-foods', 'en:dried-fruits', 'en:dried-mixed-fruits', 'en:mix-of-grains-and-dried-fruit', 'en:mix-of-grains-and-raisins', 'en:nuts-with-dried-fruits']",0,[],[],534.0,36.9,4.6,30.9,6.5,13.4,0.02
B-ready 6 pièces,8000500227848,"['en:snacks', 'en:sweet-snacks', 'en:biscuits-and-cakes', 'en:biscuits-and-crackers', 'en:cocoa-and-its-products', 'en:confectioneries', 'en:biscuits', 'en:bars', 'en:wafers', 'en:stuffed-wafers', 'en:nut-stuffed-wafers', 'en:hazelnut-cream-stuffed-wafers']",2,[],"['en:e322', 'en:e322i']",521.0,27.0,9.5,47.1,,7.2,0.559
Table Water Biscuits,5000168001104,"['en:snacks', 'en:salty-snacks', 'en:appetizers', 'en:biscuits-and-crackers', 'en:crackers-appetizers', 'en:small-crackers']",0,[],[],417.0,7.7,3.3,0.899,4.2,10.1,0.392725
tuc,7622202025587,"['en:snacks', 'en:salty-snacks', 'en:appetizers', 'en:biscuits-and-crackers', 'en:crackers-appetizers', 'en:salty-biscuits']",6,[],"['en:e270', 'en:e322', 'en:e322i', 'en:e330', 'en:e503', 'en:e503i', 'en:e627', 'en:e631']",483.0,19.0,8.7,5.2,2.1,8.1,1.9
Pim's Sinaasappel,5410041005707,"['en:snacks', 'en:sweet-snacks', 'en:biscuits-and-cakes', 'en:biscuits-and-crackers', 'en:biscuits', 'en:jaffa-cakes']",7,[],"['en:e322', 'en:e322i', 'en:e330', 'en:e415', 'en:e440', 'en:e450', 'en:e450i', 'en:e500', 'en:e500ii', 'en:e502']",397.0,13.0,5.8,48.0,2.5,3.3,0.44
Noir intense dessert 70%,3046920021043,"['en:snacks', 'en:sweet-snacks', 'en:cocoa-and-its-products', 'en:chocolates', 'en:dark-chocolates', 'en:dark-chocolate-bar-with-more-than-70-cocoa']",1,[],"['en:e322', 'en:e322i']",537.0,37.0,22.0,30.0,,9.0,0.1075
Cheese & Onion Flavour Potato Crisps,51000005,"['en:plant-based-foods-and-beverages', 'en:plant-based-foods', 'en:snacks', 'en:cereals-and-potatoes', 'en:salty-snacks', 'en:appetizers', 'en:chips-and-fries', 'en:crisps', 'en:potato-crisps', 'en:flavoured-potato-crisps', 'en:cheese-and-onion-crisps']",6,[],"['en:e160b', 'en:e160bi', 'en:e160c', 'en:e296', 'en:e306', 'en:e330', 'en:e392']",512.0,29.6,2.4,2.8,4.0,6.8,1.14
Dark Chocolate Nuts & Sea Salt Bars,5000159535267,"['en:plant-based-foods-and-beverages', 'en:plant-based-foods', 'en:snacks', 'en:sweet-snacks', 'en:cocoa-and-its-products', 'en:confectioneries', 'en:nuts-and-their-products', 'en:chocolate-candies', 'en:bars', 'en:nut-bars']",1,[],"['en:e322', 'en:e322i']",523.0,37.0,7.67,17.0,13.0,17.0,0.75
Biscuits Soja Figue,3175681851863,"['en:snacks', 'en:sweet-snacks', 'en:biscuits-and-cakes', 'en:biscuits']",3,[],"['en:e322', 'en:e322i', 'en:e330', 'en:e500']",457.0,19.0,1.9,15.0,6.9,12.0,0.02
Digestive Avena Naranja,8410376047578,"['en:snacks', 'en:sweet-snacks', 'en:biscuits-and-cakes', 'en:biscuits-and-crackers', 'en:biscuits']",6,[],"['en:e100', 'en:e330', 'en:e422', 'en:e440', 'en:e500', 'en:e500ii', 'en:e503', 'en:e503ii']",475.0,21.0,2.6,18.0,6.8,8.1,0.965
Le petit Gerblé nature,3175681280502,"['en:snacks', 'en:sweet-snacks', 'en:biscuits-and-cakes', 'en:biscuits']",1,[],['en:e500'],449.0,14.0,1.3,18.0,5.3,10.0,0.19
CREAM CRACKERS,5057545916049,"['en:snacks', 'en:salty-snacks', 'en:appetizers', 'en:biscuits-and-crackers', 'en:crackers-appetizers', 'en:wheat-crackers']",1,[],"['en:e500', 'en:e500ii']",443.0,13.7,6.2,1.3,2.9,10.0,0.7875
Bastogne,3056440070896,"['en:snacks', 'en:sweet-snacks', 'en:biscuits-and-cakes', 'en:biscuits', 'en:biscuits-et-gateaux', 'en:snacks-sucres']",2,[],"['en:e150a', 'en:e500', 'en:e500ii']",486.0,20.0,9.7,40.0,1.5,5.0,0.7875
Milk Chocolate,8000500359488,"['en:snacks', 'en:sweet-snacks', 'en:cocoa-and-its-products', 'en:frozen-foods', 'en:chocolates', 'en:dark-chocolates', 'en:milk-chocolates', 'en:chocolates-with-hazelnuts', 'en:dark-chocolates-with-hazelnuts', 'de:gefüllte-milchschokolade-60-mit-haselnusscreme-37-und-haselnuss-stückchen']",0,[],[],614.0,44.4,21.4,45.4,,6.2,0.163
Snickers,5900951311505,"['en:snacks', 'en:sweet-snacks', 'en:cocoa-and-its-products', 'en:confectioneries', 'en:chocolate-candies', 'en:bars', 'en:candy-chocolate-bars', 'en:caramel-chocolate-bars']",1,[],"['en:e322', 'en:e322i']",490.0,23.0,7.6,51.0,,8.7,0.52
Chamonix,3017760819121,"['en:snacks', 'en:sweet-snacks', 'en:biscuits-and-cakes', 'en:biscuits-and-crackers', 'en:biscuits', 'en:filled-biscuits']",6,[],"['en:e160b', 'en:e202', 'en:e330', 'en:e422', 'en:e440', 'en:e503']",340.0,1.54,0.769,42.3,1.54,4.15,0.0192
Twix Double,5000159459228,"['en:snacks', 'en:sweet-snacks', 'en:cocoa-and-its-products', 'en:confectioneries', 'en:chocolate-candies', 'en:bars', 'en:candy-chocolate-bars', 'en:caramel-chocolate-bars', 'en:caramel-chocolate-cookie-bars']",2,[],"['en:e322', 'en:e322i', 'en:e500']",492.0,23.6,14.0,49.2,1.6,4.4,0.4
Cashew-Cranberry-Mix,20815400,"['en:plant-based-foods-and-beverages', 'en:plant-based-foods', 'en:fruits-and-vegetables-based-foods', 'en:snacks', 'en:fruits-based-foods', 'en:dried-products', 'en:dried-plant-based-foods', 'en:dried-fruits', 'en:mix-of-grains-and-dried-fruit', 'en:mix-of-grains-and-raisins', 'en:mixed-dried-fruits', 'en:mixed-nuts-and-dried-fruits']",0,[],[],471.0,24.0,4.2,38.8,5.3,10.4,0.02
Cookie Chocolat saveur noisette Sans sucres,3175681290297,"['en:snacks', 'en:sweet-snacks', 'en:biscuits-and-cakes', 'en:biscuits', 'en:chocolate-biscuits', 'en:drop-cookies', 'en:chocolate-chip-cookies']",5,[],"['en:e322', 'en:e330', 'en:e500', 'en:e503', 'en:e965']",445.0,20.0,3.6,0.0,6.0,8.0,0.18
,6111031005194,"['en:snacks', 'en:sweet-snacks', 'en:biscuits-and-cakes', 'en:biscuits-and-crackers', 'en:biscuits', 'en:chocolate-biscuits']",4,[],"['en:e322', 'en:e322i', 'en:e500', 'en:e500ii', 'en:e501', 'en:e501ii', 'en:e503', 'en:e503ii']",523.0,34.9,17.4,34.2,2.63,5.44,0.877
Biscuit chocolat saveur amande,3175681077324,"['en:snacks', 'en:sweet-snacks', 'en:biscuits-and-cakes', 'en:biscuits', 'en:chocolate-biscuits']",4,[],"['en:e322', 'en:e322i', 'en:e330', 'en:e500', 'en:e503']",464.0,18.0,3.1,17.0,5.1,10.0,0.7
"Gerblé - Sablés sans sucres saveur citron et Yuzu, 132g (4.7oz)",3175681134935,"['en:snacks', 'en:sweet-snacks', 'en:biscuits-and-cakes', 'en:biscuits-and-crackers', 'en:biscuits', 'en:cakes', 'en:shortbread-cookies']",4,[],"['en:e322', 'en:e322i', 'en:e330', 'en:e503', 'en:e965']",424.0,15.0,1.2,0.0,5.1,6.0,0.22
sablé sésame saveur vanille  - Gerblé sans sucres,3175681116863,"['en:snacks', 'en:sweet-snacks', 'en:biscuits-and-cakes', 'en:biscuits-and-crackers', 'en:biscuits']",4,[],"['en:e322', 'en:e330', 'en:e503', 'en:e965']",442.0,18.0,1.7,0.0,5.4,8.1,0.32
Sticks et bretzels d'Alsace,3027030011810,"['en:snacks', 'en:salty-snacks', 'en:appetizers', 'en:biscuits-and-crackers', 'en:crackers-appetizers', 'en:pretzel']",1,[],['en:e524'],391.0,4.8,0.4,3.2,6.2,10.0,2.8
Digestive zero sin azúcares,8410376023831,"['en:snacks', 'en:sweet-snacks', 'en:biscuits-and-cakes', 'en:biscuits-and-crackers', 'en:biscuits']",3,[],"['en:e500', 'en:e500ii', 'en:e953', 'en:e965']",430.0,16.0,1.5,0.5,6.5,6.2,0.88
Ferrero Rocher,4008400163826,"['en:snacks', 'en:sweet-snacks', 'en:cocoa-and-its-products', 'en:confectioneries', 'en:chocolate-candies', 'en:bonbons', 'fr:rochers-au-chocolat']",2,[],"['en:e322', 'en:e500', 'en:e500ii']",603.0,42.7,14.1,39.9,,8.2,0.15
Sea Salt & Balsamic Vinegar Crisps,5017764128128,"['en:snacks', 'en:salty-snacks', 'en:appetizers', 'en:chips-and-fries', 'en:crisps']",1,[],['en:e330'],513.0,29.3,2.0,1.8,4.2,6.2,2.3
Fakiat Barbeque,6111242040991,"['en:plant-based-foods-and-beverages', 'en:plant-based-foods', 'en:snacks', 'en:cereals-and-potatoes', 'en:salty-snacks', 'en:seeds', 'en:appetizers', 'en:cereals-and-their-products', 'en:chips-and-fries', 'en:cereal-grains', 'en:crisps', 'en:potato-crisps', 'en:corn', 'en:flavoured-potato-crisps', 'en:barbecue-crisps']",2,[],"['en:e621', 'en:e635']",512.0,25.0,11.2,0.5,6.2,8.0,1.1
Crousti'Son Miel 🍯🐝Sésame,3175681026766,"['en:snacks', 'en:sweet-snacks', 'en:biscuits-and-cakes', 'en:biscuits-and-crackers', 'en:biscuits', 'en:dry-biscuits', 'en:biscuits-et-gateaux', 'en:snacks-sucres']",3,[],"['en:e322', 'en:e322i', 'en:e336', 'en:e500']",439.0,16.0,1.6,16.0,12.0,8.8,0.26
Excellence Noir Orange Intense,3046920022705,"['en:snacks', 'en:sweet-snacks', 'en:cocoa-and-its-products', 'en:chocolates', 'en:dark-chocolates', 'en:chocolates-with-almonds', 'en:dark-chocolate-bar', 'en:dark-chocolates-with-orange']",2,[],"['en:e322', 'en:e322i', 'en:e440']",535.0,32.0,17.0,46.0,,7.0,0.08
Delice,8000500267103,"['en:snacks', 'en:sweet-snacks']",5,[],"['en:e322', 'en:e422', 'en:e471', 'en:e500', 'en:e500ii', 'en:e503', 'en:e503i']",455.0,22.6,13.1,41.0,,5.5,0.262
pringles hot & spicy,5053990101542,"['en:plant-based-foods-and-beverages', 'en:plant-based-foods', 'en:snacks', 'en:cereals-and-potatoes', 'en:salty-snacks', 'en:appetizers', 'en:chips-and-fries', 'en:crisps', 'en:potato-crisps', 'en:salty-snacks-made-from-potato']",3,[],"['en:e270', 'en:e627', 'en:e631']",503.0,32.0,3.5,3.0,2.6,4.3,1.6002
Seabrook sea salt,5016451062110,"['en:plant-based-foods-and-beverages', 'en:plant-based-foods', 'en:snacks', 'en:cereals-and-potatoes', 'en:salty-snacks', 'en:appetizers', 'en:chips-and-fries', 'en:crisps', 'en:potato-crisps', 'en:potato-crisps-in-sunflower-oil']",0,[],[],516.0,30.4,2.7,0.2,,5.9,1.3
Fourrés chocolat lait noisettes,3229820783673,"['en:snacks', 'en:desserts', 'en:sweet-snacks', 'en:biscuits-and-cakes', 'en:biscuits', 'en:chocolate-biscuits', 'en:filled-biscuits']",4,[],"['en:e392', 'en:e414', 'en:e500', 'en:e503']",524.0,25.2,7.6,28.0,4.0,8.0,0.56
Tartines craquantes au sarrasin,3380380047749,"['en:plant-based-foods-and-beverages', 'en:plant-based-foods', 'en:snacks', 'en:cereals-and-potatoes', 'en:extruded-crispbreads']",0,[],[],386.0,2.86,0.0,2.86,4.29,12.9,0.671
Graze lemon and blueberry,5055958705427,"['en:snacks', 'en:sweet-snacks', 'en:bars', 'en:cereal-bars']",3,[],"['en:e322', 'en:e322i', 'en:e415', 'en:e422']",428.0,21.0,3.6,13.0,16.0,6.0,0.19
Hohos,6223000495971,"['en:snacks', 'en:sweet-snacks', 'en:biscuits-and-cakes', 'en:cakes']",0,[],[],424.0,16.0,8.0,42.0,41.0,1.6,0.45
Bimo,6111031005293,"['en:snacks', 'en:sweet-snacks', 'en:biscuits-and-cakes', 'en:cakes']",2,[],"['en:e420', 'en:e422']",411.0,20.0,11.9,38.9,1.67,4.17,0.528
Oreo original,6111031005385,"['en:snacks', 'en:sweet-snacks', 'en:biscuits-and-cakes', 'en:biscuits-and-crackers', 'en:biscuits', 'en:filled-biscuits', 'en:chocolate-sandwich-cookies']",4,[],"['en:e322', 'en:e322i', 'en:e500', 'en:e500ii', 'en:e501', 'en:e501ii', 'en:e503', 'en:e503ii']",481.0,20.0,9.0,36.0,1.5,4.8,0.7
Malt Loaf,5010043000917,"['en:snacks', 'en:desserts', 'en:sweet-snacks', 'en:biscuits-and-cakes', 'en:cakes', 'en:sponge-cakes']",2,[],"['en:e150c', 'en:e282']",304.0,1.73,0.385,19.2,3.27,7.88,0.452
Whole Nut Milk Chocolate,20005771,"['en:snacks', 'en:sweet-snacks', 'en:cocoa-and-its-products', 'en:chocolates', 'en:milk-chocolates', 'en:chocolates-with-hazelnuts', 'en:milk-chocolates-with-hazelnuts']",1,[],['en:e322'],582.0,39.7,15.5,40.2,,9.0,0.2075
Cuor di Cereale,8410376040425,"['en:snacks', 'en:sweet-snacks', 'en:biscuits-and-cakes', 'en:biscuits']",6,[],"['en:e141', 'en:e330', 'en:e422', 'en:e440', 'en:e500', 'en:e500ii', 'en:e503']",459.0,19.0,1.7,21.0,11.0,7.2,0.75
Milk Chocolate,8717677339914,"['en:snacks', 'en:sweet-snacks', 'en:cocoa-and-its-products', 'en:chocolates', 'en:milk-chocolates']",1,[],"['en:e322', 'en:e322i']",547.0,33.3,20.0,50.7,3.33,7.67,0.208
Smoky Barbecue Crunch,5055958706288,"['en:snacks', 'en:salty-snacks', 'en:appetizers', 'en:chips-and-fries', 'en:crisps', 'en:corn-chips', 'en:roasted-corn-kernels']",2,[],"['en:e160c', 'en:e330']",464.0,17.2,2.0,5.1,7.4,9.6,0.74
Sablé Nature sans sucres,3175681134904,"['en:snacks', 'en:sweet-snacks', 'en:biscuits-and-cakes', 'en:biscuits-and-crackers', 'en:biscuits', 'en:shortbread-cookies']",4,[],"['en:e322', 'en:e330', 'en:e503', 'en:e965']",424.0,15.0,1.2,0.0,5.2,6.0,0.22
Gifflar Cannelle,7311070346916,"['en:snacks', 'en:sweet-snacks', 'en:sweet-pastries-and-pies', 'en:viennoiseries', 'en:brioches', 'de:zimtrollen', 'en:biscuits-et-gateaux', 'en:gateaux', 'en:patisseries', 'en:snacks-sucres']",8,[],"['en:e14xx', 'en:e200', 'en:e282', 'en:e330', 'en:e440', 'en:e450', 'en:e471', 'en:e500']",373.0,14.0,2.8,19.0,0.0,7.3,0.03
Break Chocolate Fingers,6291003203527,"['en:snacks', 'en:sweet-snacks', 'en:biscuits-and-cakes', 'en:biscuits', 'en:chocolate-biscuits', 'en:pastries', 'en:wafers', 'en:milk-chocolate-biscuits', 'en:waffles']",4,[],"['en:e322', 'en:e322i', 'en:e500', 'en:e500ii']",496.0,24.0,16.0,48.0,2.4,8.0,0.24
Gaufres Miel,3229820791081,"['en:snacks', 'en:sweet-snacks', 'en:biscuits-and-cakes', 'en:biscuits-and-crackers', 'en:biscuits', 'en:pastries', 'en:waffles', 'en:stuffed-waffles', 'en:honey-stuffed-waffles']",2,[],"['en:e322', 'en:e500']",464.0,17.0,3.8,36.0,2.6,4.4,0.8
Veg crisps,5056051802419,"['en:snacks', 'en:salty-snacks', 'en:appetizers', 'en:chips-and-fries', 'en:crisps', 'en:parsnip-crisps', 'it:snak-vegetali']",0,[],[],522.0,34.5,3.9,23.5,11.3,5.1,1.1
top cookies original,6111259341494,"['en:snacks', 'en:sweet-snacks', 'en:biscuits-and-cakes', 'en:biscuits', 'en:drop-cookies']",6,[],"['en:e322', 'en:e322i', 'en:e330', 'en:e334', 'en:e500', 'en:e500i', 'en:e503', 'en:e503i']",532.0,25.4,12.7,30.0,2.0,5.8,0.28
Tchicolata,6111242380295,"['en:snacks', 'en:breakfasts', 'en:spreads', 'en:sweet-snacks', 'en:cocoa-and-its-products', 'en:sweet-spreads', 'en:chocolates', 'fr:pates-a-tartiner', 'en:almond-spreads']",1,[],"['en:e322', 'en:e322i']",533.0,31.0,0.0,57.0,,6.5,0.0
Tartines craquantes Froment,20006174,"['en:plant-based-foods-and-beverages', 'en:plant-based-foods', 'en:snacks', 'en:cereals-and-potatoes', 'en:salty-snacks', 'en:appetizers', 'en:biscuits-and-crackers', 'en:breads', 'en:crackers-appetizers', 'en:extruded-crispbreads', 'en:toasts']",0,[],[],385.0,23.4,0.5,3.5,6.2,11.7,1.19
80% cacao noir,3560070669981,"['en:snacks', 'en:desserts', 'en:sweet-snacks', 'en:cocoa-and-its-products', 'en:chocolates', 'en:dark-chocolates']",0,[],[],593.0,47.0,29.0,20.0,13.0,10.0,0.03
Peanut Delight,5060088705230,"['en:plant-based-foods-and-beverages', 'en:plant-based-foods', 'en:snacks', 'en:sweet-snacks', 'en:nuts-and-their-products', 'en:bars', 'en:nut-bars', 'en:peanut-bars']",0,[],[],442.0,23.0,4.0,35.0,9.3,12.0,0.57
Kinderini,8000500391228,"['en:snacks', 'en:sweet-snacks', 'en:biscuits-and-cakes', 'en:biscuits-and-crackers', 'en:biscuits', 'en:pastries']",3,[],"['en:e322', 'en:e500', 'en:e500ii', 'en:e503', 'en:e503ii']",494.0,22.1,12.9,26.6,,5.9,0.34
Excelo nougat,6111259344426,"['en:snacks', 'en:sweet-snacks', 'en:cocoa-and-its-products', 'en:confectioneries', 'en:festive-foods', 'en:biscuits-and-cakes', 'en:christmas-foods-and-drinks', 'en:biscuits', 'en:cakes', 'en:chocolates', 'en:spit-cakes', 'en:baumkuchen', 'en:nougats']",2,[],"['en:e322', 'en:e322i', 'en:e500', 'en:e500ii']",443.0,16.0,7.8,40.3,50.0,6.0,0.17
Rosemary & Sea Salt Sourdough Crackers,5060198820847,"['en:snacks', 'en:salty-snacks', 'en:appetizers', 'en:biscuits-and-crackers', 'en:crackers-appetizers']",0,[],[],411.0,9.2,0.7,3.2,7.7,11.0,2.0
Nachos,8480000336408,"['en:snacks', 'en:salty-snacks', 'en:appetizers', 'en:chips-and-fries', 'en:crisps', 'en:corn-chips']",0,[],[],481.0,22.0,2.3,3.1,6.3,8.2,0.4925
Buscalios,8411859551445,"['en:snacks', 'en:salty-snacks', 'en:appetizers', 'en:chips-and-fries', 'en:crisps']",2,[],"['en:e160c', 'en:e621']",519.0,23.1,2.3,7.5,,5.8,1.4
Dark chocolate 75%,00557825,"['en:snacks', 'en:sweet-snacks', 'en:cocoa-and-its-products', 'en:chocolates', 'en:dark-chocolates']",0,[],[],582.0,43.5,26.7,25.5,11.2,9.4,0.01
Roudor,3023470020016,"['en:snacks', 'en:sweet-snacks', 'en:biscuits-and-cakes', 'en:biscuits-and-crackers', 'en:biscuits', 'en:shortbread-cookies', 'fr:palets']",3,[],"['en:e330', 'en:e500', 'en:e503']",515.0,26.0,17.0,26.0,2.0,6.2,1.1
Tartined Craquantes Châtaigne,3760020508388,"['en:plant-based-foods-and-beverages', 'en:plant-based-foods', 'en:snacks', 'en:cereals-and-potatoes', 'en:extruded-crispbreads']",0,[],[],374.0,1.5,0.5,5.1,2.0,7.2,0.55
Cacahuètes - grillées & salées,20014384,"['en:plant-based-foods-and-beverages', 'en:plant-based-foods', 'en:legumes-and-their-products', 'en:snacks', 'en:legumes', 'en:salty-snacks', 'en:nuts-and-their-products', 'en:nuts', 'en:roasted-nuts', 'en:peanuts', 'en:salted-nuts', 'en:peanut-grilled-salted', 'en:roasted-peanuts', 'en:salted-peanuts', 'en:unshelled-peanuts']",0,[],[],619.0,51.2,7.8,5.2,,24.4,1.0
Chocolate negro 99% cacao,8480000125866,"['en:snacks', 'en:sweet-snacks', 'en:cocoa-and-its-products', 'en:chocolates', 'en:dark-chocolates', 'en:dark-chocolate-bar-with-more-than-70-cocoa']",0,[],[],610.0,54.0,34.0,1.0,16.0,15.0,0.19
Chips Recette Paysanne Nature,3168930168133,"['en:plant-based-foods-and-beverages', 'en:plant-based-foods', 'en:snacks', 'en:cereals-and-potatoes', 'en:salty-snacks', 'en:appetizers', 'en:chips-and-fries', 'en:crisps', 'en:potato-crisps', 'en:farmer-s-crisps']",0,[],[],514.0,30.0,3.2,0.5,3.9,6.2,1.3
Kitkat,6294003539054,"['en:snacks', 'en:sweet-snacks', 'en:cocoa-and-its-products', 'en:confectioneries', 'en:bars', 'en:chocolate-candies', 'en:bars-covered-with-chocolate', 'en:chocolate-biscuity-bars', 'fr:barre-chocolatee-biscuitee-type-kitkat']",0,[],[],509.0,25.9,16.1,47.0,2.4,6.7,0.15
Ready Salted Crisps,0005100000100,"['en:plant-based-foods-and-beverages', 'en:plant-based-foods', 'en:snacks', 'en:cereals-and-potatoes', 'en:salty-snacks', 'en:appetizers', 'en:chips-and-fries', 'en:crisps', 'en:potato-crisps', 'en:potato-crisps-in-sunflower-oil']",4,[],"['en:e300', 'en:e306', 'en:e330', 'en:e392']",518.0,31.0,2.5,0.4,3.9,6.4,1.3
Crunchy,6111259344211,"['en:snacks', 'en:sweet-snacks', 'en:biscuits-and-cakes', 'en:biscuits-and-crackers', 'en:biscuits', 'en:bars', 'en:chocolate-biscuits']",3,[],"['en:e322', 'en:e322i', 'en:e500', 'en:e500ii']",534.0,35.7,16.5,34.3,,4.7,0.25
Thins Multi-Seed Flatbreads,5050974000822,"['en:plant-based-foods-and-beverages', 'en:plant-based-foods', 'en:snacks', 'en:cereals-and-potatoes', 'en:salty-snacks', 'en:appetizers', 'en:breads', 'en:flatbreads']",1,[],['en:e508'],435.0,14.1,3.3,2.9,8.1,16.4,1.54
Aiguebelle,6111017046548,"['en:snacks', 'en:sweet-snacks', 'en:cocoa-and-its-products', 'en:chocolates', 'en:dark-chocolates']",0,[],[],535.0,36.0,22.0,44.0,,5.2,11.0
Sticks Vegetales,8402001014512,"['en:snacks', 'en:salty-snacks', 'en:appetizers']",0,[],[],490.0,23.6,2.5,2.3,1.8,3.3,2.3
Prince Multicéréales Goût Chocolat Au Blé Complet,7622210449313,"['en:snacks', 'en:sweet-snacks', 'en:biscuits-and-cakes', 'en:biscuits-and-crackers', 'en:biscuits', 'en:chocolate-biscuits', 'en:filled-biscuits']",3,[],"['en:e322', 'en:e322i', 'en:e500', 'en:e503']",463.0,17.0,5.1,31.0,4.4,6.5,0.64
Chocolat noir Pérou 90%,3700214614266,"['en:snacks', 'en:sweet-snacks', 'en:cocoa-and-its-products', 'en:chocolates', 'en:dark-chocolates', 'en:dark-chocolate-bar-with-more-than-70-cocoa']",0,[],[],656.0,58.0,35.0,11.0,13.0,8.1,0.0
Nutella biscuits fergulf,8000500310397,"['en:snacks', 'en:sweet-snacks', 'en:biscuits-and-cakes', 'en:biscuits-and-crackers', 'en:biscuits', 'en:chocolate-biscuits', 'en:filled-biscuits', 'en:biscuits-cookies-shelf-stable']",4,[],"['en:e322', 'en:e450', 'en:e450i', 'en:e500', 'en:e500ii', 'en:e503', 'en:e503ii']",515.0,24.8,11.5,35.8,,7.9,0.559
Original Oatcakes,0612322000387,"['en:snacks', 'en:salty-snacks', 'en:appetizers', 'en:biscuits-and-crackers', 'en:crackers-appetizers', 'en:oatcakes']",2,[],"['en:e500', 'en:e500ii', 'en:e503', 'en:e503ii']",475.0,22.8,9.1,0.8,8.4,11.2,1.62
Pringles Paprika,5053990161607,"['en:snacks', 'en:salty-snacks', 'en:appetizers', 'en:chips-and-fries', 'en:crisps', 'en:salty-snacks-made-from-potato']",6,[],"['en:e160c', 'en:e330', 'en:e471', 'en:e621', 'en:e627', 'en:e631']",522.0,30.0,2.8,3.2,4.4,6.7,0.0
Pain au lait bio x12 420g,3760049798890,"['en:plant-based-foods-and-beverages', 'en:plant-based-foods', 'en:snacks', 'en:cereals-and-potatoes', 'en:sweet-snacks', 'en:biscuits-and-cakes', 'en:sweet-pastries-and-pies', 'en:breads', 'en:viennoiseries', 'en:milk-bread-rolls']",0,[],[],345.0,11.0,1.2,8.7,2.4,9.4,0.9
Protein Salted Caramel Nut,8410076901033,"['en:snacks', 'en:dietary-supplements', 'en:bodybuilding-supplements', 'en:protein-bars', 'en:barres', 'en:barres-proteinees', 'en:complements-alimentaires', 'en:snacks-sucres']",3,[],"['en:e306', 'en:e322', 'en:e422']",496.0,29.5,7.1,16.1,10.8,26.0,0.875
Chocolate For Change Single Origin 85% Cocoa Dark Chocolate,5000128981330,"['en:snacks', 'en:sweet-snacks', 'en:cocoa-and-its-products', 'en:chocolates', 'en:dark-chocolates']",0,[],[],624.0,52.0,31.0,17.0,10.0,8.8,0.01
80% Dark Chocolate,00392754,"['en:snacks', 'en:sweet-snacks', 'en:cocoa-and-its-products', 'en:chocolates', 'en:dark-chocolates', 'en:dark-chocolate-bar-with-more-than-70-cocoa']",0,[],[],592.0,45.5,27.7,19.9,10.8,9.4,0.09
Hohos,6223000496022,"['en:snacks', 'en:sweet-snacks', 'en:biscuits-and-cakes', 'en:cakes', 'fr:cake-roule-fourre-a-la-creme-au-cacao-et-enrobe-au-cacao']",12,[],"['en:e14xx', 'en:e150', 'en:e1520', 'en:e200', 'en:e322', 'en:e322i', 'en:e330', 'en:e420', 'en:e420ii', 'en:e450', 'en:e450i', 'en:e466', 'en:e471', 'en:e475', 'en:e500', 'en:e500ii']",424.0,16.0,8.0,41.0,1.1,4.3,0.42
Pim's - Framboise,5410041040807,"['en:snacks', 'en:desserts', 'en:sweet-snacks', 'en:biscuits-and-cakes', 'en:biscuits-and-crackers', 'en:biscuits', 'en:cakes', 'en:chocolate-biscuits', 'en:jaffa-cakes']",9,[],"['en:e322', 'en:e322i', 'en:e330', 'en:e331', 'en:e333', 'en:e415', 'en:e440', 'en:e450', 'en:e500', 'en:e503']",397.0,13.0,5.8,48.0,2.8,3.4,0.45
LU - Grany pommes,3392460510050,"['en:snacks', 'en:sweet-snacks', 'en:bars']",4,[],"['en:e223', 'en:e322', 'en:e322i', 'en:e330', 'en:e420']",410.0,13.0,3.8,24.0,3.0,4.7,0.62
Galleta ligera sin sal y sin azúcar,8410376002201,"['en:snacks', 'en:sweet-snacks', 'en:biscuits-and-cakes', 'en:biscuits']",4,[],"['en:e224', 'en:e322', 'en:e322i', 'en:e502', 'en:e965']",408.0,13.0,1.5,2.8,,9.0,0.01
Sesame Crispbread with a naturally nutty flavour,40874302,"['en:plant-based-foods-and-beverages', 'en:plant-based-foods', 'en:snacks', 'en:cereals-and-potatoes', 'en:salty-snacks', 'en:appetizers', 'en:breads', 'en:crispbreads', 'en:high-fibre-bread', 'en:high-fibre-products']",0,[],[],369.0,6.3,1.0,3.7,16.8,12.3,0.55
Paahdettu maapähkinä,20615420,"['en:plant-based-foods-and-beverages', 'en:plant-based-foods', 'en:legumes-and-their-products', 'en:snacks', 'en:legumes', 'en:salty-snacks', 'en:appetizers', 'en:nuts-and-their-products', 'en:nuts', 'en:roasted-nuts', 'en:peanuts', 'en:salted-nuts', 'en:roasted-peanuts']",0,[],[],626.0,51.8,7.9,5.3,8.3,24.7,0.04
Barritas de Espelta Sabor Manzana 0%,8402001012174,"['en:snacks', 'en:sweet-snacks', 'en:bars', 'en:cereal-bars']",4,[],"['en:e306', 'en:e322', 'en:e322i', 'en:e330', 'en:e422']",346.0,6.1,0.7,4.8,24.0,6.1,0.6
Chocolat noir 80% Équateur intense et floral,3760091726667,"['en:snacks', 'en:sweet-snacks', 'en:cocoa-and-its-products', 'en:confectioneries', 'en:chocolates', 'en:dark-chocolates', 'en:extra-fine-dark-chocolates', 'fr:chocolat-80']",0,[],[],610.0,49.0,29.0,19.0,10.0,9.9,0.0
Chocolate negro 85% cacao,8480000607225,"['en:snacks', 'en:sweet-snacks', 'en:cocoa-and-its-products', 'en:chocolates', 'en:dark-chocolates']",1,[],"['en:e322', 'en:e322i']",597.0,49.0,30.0,14.0,14.0,12.0,0.03
Biscuits fourrés aux framboises,3229820791074,"['en:snacks', 'en:sweet-snacks', 'en:biscuits-and-cakes', 'en:biscuits-and-crackers', 'en:biscuits', 'en:filled-biscuits', 'en:biscuit-filled-with-fruit-paste']",4,[],"['en:e322', 'en:e330', 'en:e500', 'en:e503']",432.0,15.0,3.0,38.0,3.3,5.5,0.48
M&M's peanut,5000159492737,"['en:snacks', 'en:sweet-snacks', 'en:cocoa-and-its-products', 'en:confectioneries', 'en:chocolate-candies', 'en:bonbons', 'en:chocolate-covered-nuts-and-fruits', 'en:bonbons-de-chocolat', 'en:cacahuetes-au-chocolat', 'en:cacao-et-derives', 'en:confiseries', 'en:confiseries-chocolatees', 'en:fruits-a-coques-enrobes-de-chocolat', 'en:snacks-sucres']",10,[],"['en:e100', 'en:e120', 'en:e133', 'en:e1400', 'en:e160a', 'en:e160e', 'en:e170', 'en:e322', 'en:e322i', 'en:e414', 'en:e903']",524.0,25.5,10.6,53.1,,9.77,0.106
Noir 86% Extra intense,7622400013935,"['en:snacks', 'en:sweet-snacks', 'en:cocoa-and-its-products', 'en:confectioneries', 'en:chocolates', 'en:dark-chocolates']",1,[],"['en:e322', 'en:e322i']",643.0,56.0,35.0,13.0,13.0,8.5,0.02
Milk Chocolate,20005825,"['en:snacks', 'en:sweet-snacks', 'en:cocoa-and-its-products', 'en:chocolates', 'en:milk-chocolates']",1,[],"['en:e322', 'en:e322i']",534.0,30.2,18.4,56.3,1.9,7.0,0.93
Dunkle Schokolade mit ganzen Haselnüssen,20815356,"['en:snacks', 'en:sweet-snacks', 'en:cocoa-and-its-products', 'en:confectioneries', 'en:chocolates', 'en:dark-chocolates', 'en:chocolates-with-hazelnuts', 'en:dark-chocolates-with-hazelnuts']",1,[],['en:e322'],587.0,44.3,17.9,30.0,8.0,8.6,0.01
Stem ginger oat biscuits,0061232201047,"['en:snacks', 'en:sweet-snacks', 'en:biscuits-and-cakes', 'en:biscuits']",1,[],['en:e500'],438.0,14.4,5.9,17.2,5.9,8.1,0.91
Oregano Crostini Italian Bread Bites,5060198640643,"['en:plant-based-foods-and-beverages', 'en:plant-based-foods', 'en:snacks', 'en:cereals-and-potatoes', 'en:salty-snacks', 'en:breads', 'en:breadsticks', 'en:bread-bite']",0,[],[],467.0,17.0,2.3,1.5,3.3,10.0,2.0
Ovomaltine crunchy,7612100018477,"['en:snacks', 'en:breakfasts', 'en:spreads', 'en:sweet-snacks', 'en:sweet-spreads', 'fr:pates-a-tartiner', 'en:chocolate-spreads']",3,[],"['en:e304', 'en:e304i', 'en:e307', 'en:e471']",545.0,32.0,5.0,54.5,0.0,3.8,0.25
Chocolat Bio noir 85%,7622210869616,"['en:snacks', 'en:sweet-snacks', 'en:cocoa-and-its-products', 'en:chocolates', 'en:dark-chocolates']",0,[],[],607.0,50.0,30.0,14.0,12.0,10.0,0.1175
Moelleux chocolat noix,3175681135895,"['en:snacks', 'en:desserts', 'en:sweet-snacks', 'en:biscuits-and-cakes', 'en:biscuits', 'en:cakes', 'en:chocolate-cakes', 'en:chocolate-soft-cake']",5,[],"['en:e322', 'en:e322i', 'en:e330', 'en:e420', 'en:e422', 'en:e500']",434.0,23.0,3.0,13.0,9.6,7.3,0.23
Doradas al horno zero sin azúcares,8410376009408,"['en:snacks', 'en:sweet-snacks', 'en:biscuits-and-cakes', 'en:biscuits-and-crackers', 'en:biscuits']",4,[],"['en:e500', 'en:e500ii', 'en:e503', 'en:e503ii', 'en:e953', 'en:e965']",439.0,18.0,1.5,0.5,4.0,6.0,0.4
Crunchy oats and honey,8410076600837,"['en:snacks', 'en:sweet-snacks', 'en:bars', 'en:cereal-bars']",2,[],"['en:e322', 'en:e322i', 'en:e500', 'en:e500ii']",467.0,18.1,2.2,26.8,6.4,8.7,0.85
Berry Delight Raw Fruit & Nut Bar,5060088702000,"['en:snacks', 'en:sweet-snacks', 'en:bars', 'fr:barres-aux-fruits']",0,[],[],380.0,12.0,2.29,48.6,8.57,6.57,0.0571
Cookies chocolate Chip,20080211,"['en:snacks', 'en:sweet-snacks', 'en:biscuits-and-cakes', 'en:biscuits-and-crackers', 'en:biscuits', 'en:chocolate-biscuits', 'en:drop-cookies', 'en:pastries', 'en:chocolate-chip-cookies', 'en:bolleria-industrial']",1,[],['en:e322'],493.0,25.0,14.0,32.0,4.1,7.0,0.78
,7300400117975,"['en:plant-based-foods-and-beverages', 'en:plant-based-foods', 'en:snacks', 'en:cereals-and-potatoes', 'en:salty-snacks', 'en:appetizers', 'en:biscuits-and-crackers', 'en:frozen-foods', 'en:breads', 'en:crackers-appetizers', 'en:crispbreads', 'en:panificati', 'en:sostitutivo-del-pane']",0,[],[],333.0,1.11,0.556,2.22,20.0,8.89,0.00222
"Love, Corn (Sea Salt)",5060490400242,"['en:plant-based-foods-and-beverages', 'en:plant-based-foods', 'en:snacks', 'en:cereals-and-potatoes', 'en:salty-snacks', 'en:seeds', 'en:appetizers', 'en:cereals-and-their-products', 'en:cereal-grains', 'en:corn', 'en:corn-grain']",0,[],[],435.0,13.3,1.3,0.7,7.0,7.4,1.5
,8411414014385,"['en:snacks', 'en:sweet-snacks', 'en:biscuits-and-cakes', 'en:biscuits-and-crackers', 'en:biscuits', 'en:chocolate-biscuits', 'en:drop-cookies', 'en:chocolate-chip-cookies']",0,[],[],433.0,19.0,5.1,2.5,5.0,6.7,0.6875
,6111259347106,"['en:plant-based-foods-and-beverages', 'en:plant-based-foods', 'en:snacks', 'en:cereals-and-potatoes', 'en:sweet-snacks', 'en:cocoa-and-its-products', 'en:confectioneries', 'en:chocolate-candies', 'en:breads', 'en:chocolates', 'en:rusks', 'en:rusk-with-eggs']",0,[],[],500.0,25.0,15.0,45.0,5.0,5.0,0.5
Madagascar Dark Chocolate tummasuklaa,20261375,"['en:snacks', 'en:sweet-snacks', 'en:cocoa-and-its-products', 'en:chocolates', 'en:dark-chocolates', 'en:dark-chocolate-bar-with-more-than-70-cocoa']",0,[],[],600.0,40.0,23.3,26.7,10.0,10.0,0.0
Biscuit fondant choco 🍫noir (sans sucres ajoutés),3175681039599,"['en:snacks', 'en:sweet-snacks', 'en:biscuits-and-cakes', 'en:biscuits', 'en:chocolate-biscuits', 'en:dark-chocolate-biscuits', 'en:biscuit-with-a-chocolate-bar-covering', 'en:biscuit-with-a-dark-chocolate-bar-covering']",3,[],"['en:e322', 'en:e322i', 'en:e502', 'en:e965']",429.0,21.0,9.1,0.495,8.8,7.0,0.26
Véritable Petit écolier Pocket Chocolat au Lait,7622210422026,"['en:snacks', 'en:sweet-snacks', 'en:biscuits-and-cakes', 'en:biscuits-and-crackers', 'en:biscuits', 'en:chocolate-biscuits', 'en:milk-chocolate-biscuits', 'en:biscuit-with-a-chocolate-bar-covering', 'en:biscuit-with-a-milk-chocolate-bar-covering']",5,[],"['en:e322', 'en:e322i', 'en:e330', 'en:e450', 'en:e450i', 'en:e500', 'en:e500ii', 'en:e503', 'en:e503ii']",498.0,23.0,14.0,39.0,2.8,6.2,0.64
4 Baguettes viennoises 340g,3760049790818,"['en:plant-based-foods-and-beverages', 'en:plant-based-foods', 'en:snacks', 'en:cereals-and-potatoes', 'en:sweet-snacks', 'en:sweet-pastries-and-pies', 'en:viennoiseries', 'en:vienna-bread']",2,[],"['en:e282', 'en:e300']",327.0,9.1,1.3,7.8,3.1,9.7,0.91
Mini BN Chocolat,3061990141101,"['en:snacks', 'en:sweet-snacks', 'en:biscuits-and-cakes', 'en:biscuits-and-crackers', 'en:biscuits', 'en:chocolate-biscuits', 'en:filled-biscuits']",3,[],"['en:e472c', 'en:e500', 'en:e503']",492.0,21.7,10.7,30.6,3.4,6.2,0.05
TUC Original,5410041435702,"['en:snacks', 'en:salty-snacks', 'en:appetizers', 'en:biscuits-and-crackers', 'en:crackers-appetizers']",1,[],['en:e223'],482.0,19.0,9.0,7.1,2.4,8.3,1.7
Shortbread Fingers,0072417196379,"['en:snacks', 'en:sweet-snacks', 'en:biscuits-and-cakes', 'en:biscuits', 'en:shortbread-cookies', 'en:shortbread']",0,[],[],500.0,24.0,2.67,18.0,2.0,6.67,0.667
NESTLÉ DESSERT Noir 205g,7613035040700,"['en:snacks', 'en:desserts', 'en:sweet-snacks', 'en:cocoa-and-its-products', 'en:confectioneries', 'en:chocolate-candies', 'en:chocolates', 'en:dark-chocolates']",1,[],['en:e322'],548.0,34.0,20.2,46.4,7.3,6.0,0.01
Chips sel de mer et poivre noir imp,5060042641420,"['en:plant-based-foods-and-beverages', 'en:plant-based-foods', 'en:snacks', 'en:cereals-and-potatoes', 'en:salty-snacks', 'en:appetizers', 'en:chips-and-fries', 'en:crisps', 'en:potato-crisps', 'en:flavoured-potato-crisps', 'en:potato-crisps-in-sunflower-oil']",0,[],[],469.0,26.0,2.3,1.2,5.4,6.4,0.9825
cioccolato fondente,20430733,"['en:snacks', 'en:sweet-snacks', 'en:cocoa-and-its-products', 'en:chocolates', 'en:dark-chocolates', 'en:chocolates-with-hazelnuts', 'en:dark-chocolates-with-hazelnuts']",1,[],['en:e322'],569.0,39.6,16.1,36.5,7.7,7.0,0.01
Graze Marmite Crunch,5055958704161,"['en:plant-based-foods-and-beverages', 'en:plant-based-foods', 'en:legumes-and-their-products', 'en:snacks', 'en:legumes', 'en:nuts-and-their-products', 'en:nuts', 'en:peanuts', 'en:marmite-snack', 'en:marmite-snack']",1,[],['en:e330'],441.0,18.0,1.9,1.3,7.9,15.0,1.0825
Chipotle & lime,5017764003395,"['en:snacks', 'en:salty-snacks', 'en:appetizers', 'en:chips-and-fries', 'en:crisps', 'en:corn-chips']",2,[],"['en:e160c', 'en:e330']",515.0,27.5,2.5,2.0,6.5,7.0,0.4
The Original Cracker,5000137487908,"['en:snacks', 'en:salty-snacks', 'en:sweet-snacks', 'en:appetizers', 'en:biscuits-and-cakes', 'en:biscuits-and-crackers', 'en:biscuits', 'en:crackers-appetizers']",3,[],"['en:e341', 'en:e500', 'en:e503']",490.0,23.0,2.6,8.3,2.8,7.2,1.3
Ginger 60% Cocoa Bar,7622210584717,"['en:snacks', 'en:sweet-snacks', 'en:cocoa-and-its-products', 'en:chocolates', 'en:dark-chocolates', 'en:dark-chocolates-with-ginger']",1,[],"['en:e322', 'en:e322i']",508.0,30.0,18.0,47.0,7.0,6.0,0.01
HIGH FIBRE CREAM CRACKERS,5000137159614,"['en:snacks', 'en:salty-snacks', 'en:appetizers', 'en:biscuits-and-crackers', 'en:crackers-appetizers']",1,[],"['en:e500', 'en:e500ii']",476.0,19.3,9.0,0.8,6.4,9.2,1.7
Barbecue,5060283762212,"['en:plant-based-foods-and-beverages', 'en:plant-based-foods', 'en:snacks', 'en:cereals-and-potatoes', 'en:salty-snacks', 'en:appetizers', 'en:chips-and-fries', 'en:crisps', 'en:potato-crisps', 'en:flavoured-potato-crisps', 'en:barbecue-crisps']",0,[],[],469.0,20.0,1.6,4.1,2.6,9.7,2.35
Müsli oat biscuits,8595229900504,"['en:snacks', 'en:sweet-snacks', 'en:biscuits-and-cakes', 'en:biscuits-and-crackers', 'en:biscuits', 'en:chocolate-biscuits', 'en:biscuits-et-gateaux', 'en:biscuits-a-l-avoine', 'en:snacks-sucres']",5,[],"['en:e304', 'en:e304i', 'en:e306', 'en:e322', 'en:e322i', 'en:e500', 'en:e500ii', 'en:e503', 'en:e503ii']",467.0,20.0,5.0,20.0,6.67,10.0,0.167
Melloeux Fruit Rouges,7622210444127,"['en:snacks', 'en:breakfasts', 'en:sweet-snacks', 'en:biscuits-and-cakes', 'en:biscuits-and-crackers', 'en:biscuits', 'en:dry-biscuits', 'en:breakfast-biscuit-with-cereals-fortified-with-vitamins-and-chemical-elements']",4,[],"['en:e14xx', 'en:e322', 'en:e322i', 'en:e422', 'en:e500']",386.0,12.0,1.1,22.0,7.2,5.3,0.34
"LU - Grany Chocolate 5 Cereals Bar x6, 125g (4.5oz)",3392460511200,"['en:snacks', 'en:sweet-snacks', 'en:bars', 'en:cereal-bars', 'en:chocolate-cereal-bars']",2,[],"['en:e322', 'en:e322i', 'en:e420']",445.0,19.0,7.6,24.0,4.4,5.4,0.68
Brioche tranchée à la crème fraîche,3587222521508,"['en:snacks', 'en:sweet-snacks', 'en:sweet-pastries-and-pies', 'en:viennoiseries', 'en:brioches', 'fr:brioches-tranchees']",2,[],"['en:e160a', 'en:e160ai', 'en:e471']",310.0,8.0,2.7,11.0,,8.3,1.32
Kinder Riegel Einzelpackung,40084077,"['en:snacks', 'en:sweet-snacks', 'en:cocoa-and-its-products', 'en:confectioneries', 'en:chocolate-candies', 'en:bars', 'en:candy-chocolate-bars']",1,[],['en:e322'],566.0,35.0,22.6,53.5,,8.7,0.31
Just Snax Tortilla Chips,01708752,"['en:snacks', 'en:salty-snacks', 'en:appetizers', 'en:chips-and-fries', 'en:crisps', 'en:corn-chips']",0,[],[],480.0,21.0,1.9,0.5,4.9,5.8,0.9
"Hazelnut, Pecan & Maple Oat Bars",5060482841992,"['en:snacks', 'en:sweet-snacks', 'en:bars', 'en:cereal-bars', 'en:cereal-bars-with-nuts', 'en:cereal-bars-with-hazelnuts', 'en:cereal-bar-with-almonds-or-hazelnuts']",0,[],[],488.0,25.9,8.4,18.2,5.2,7.2,0.0
La Paille d'Or aux framboises,7622210422163,"['en:snacks', 'en:sweet-snacks', 'en:biscuits-and-cakes', 'en:biscuits']",2,[],"['en:e330', 'en:e440']",363.0,1.2,0.2,51.0,2.4,4.5,0.12
"Bonne Maman - Quatre Quarts, 500g (17.6oz)",3178530405736,"['en:snacks', 'en:desserts', 'en:sweet-snacks', 'en:biscuits-and-cakes', 'en:cakes', 'en:pound-cake']",2,[],"['en:e450', 'en:e450i', 'en:e500']",429.0,24.0,15.0,28.0,1.0,5.9,0.88
,7622200002290,"['en:snacks', 'en:sweet-snacks', 'en:cocoa-and-its-products', 'en:confectioneries', 'en:chocolates', 'en:dark-chocolates']",0,[],[],554.0,36.0,22.0,44.0,8.9,5.9,0.01
Choco Wafer,7622300292508,"['en:snacks', 'en:sweet-snacks', 'en:biscuits-and-cakes', 'en:biscuits-and-crackers', 'en:biscuits', 'en:chocolate-biscuits', 'en:milk-chocolate-biscuits']",2,[],"['en:e322', 'en:e322i', 'en:e500']",535.0,31.0,18.0,43.0,2.8,6.7,0.28
Chips saveur Sel & Vinaigre,3497911105127,"['en:plant-based-foods-and-beverages', 'en:plant-based-foods', 'en:snacks', 'en:cereals-and-potatoes', 'en:salty-snacks', 'en:appetizers', 'en:chips-and-fries', 'en:crisps', 'en:potato-crisps', 'en:flavoured-potato-crisps', 'en:salt-and-vinegar-crisps', 'en:potato-crisps-in-sunflower-oil', 'en:salt-and-malt-vinegar-crisps']",3,[],"['en:e262', 'en:e262ii', 'en:e296', 'en:e330']",522.0,31.0,2.6,0.9,4.8,6.3,1.8
Lightly Salted Potato chips,5017764003142,"['en:plant-based-foods-and-beverages', 'en:plant-based-foods', 'en:snacks', 'en:cereals-and-potatoes', 'en:salty-snacks', 'en:appetizers', 'en:chips-and-fries', 'en:crisps', 'en:potato-crisps', 'en:potato-crisps-in-sunflower-oil']",0,[],[],494.0,25.4,2.0,0.4,5.0,7.7,0.7
Musli Oat biscuits (Blueberry),8595229901075,"['en:snacks', 'en:sweet-snacks', 'en:biscuits-and-cakes', 'en:biscuits-and-crackers', 'en:biscuits', 'fr:oat-biscuit']",3,[],"['en:e304', 'en:e304i', 'en:e500', 'en:e500ii', 'en:e503', 'en:e503ii']",439.0,17.0,1.1,23.0,4.2,7.3,0.19
Palmito L'original,3017760030106,"['en:snacks', 'en:sweet-snacks', 'en:biscuits-and-cakes', 'en:biscuits', 'en:shortbread-cookies', 'en:flaky-biscuits', 'en:palmiers']",4,[],"['en:e202', 'en:e330', 'en:e471', 'en:e500']",533.0,30.0,15.0,21.0,2.4,6.1,1.4
Chocolat noir Bio 70%,7622210724519,"['en:snacks', 'en:sweet-snacks', 'en:cocoa-and-its-products', 'en:chocolates', 'en:dark-chocolates', 'en:dark-chocolate-bar-with-more-than-70-cocoa']",0,[],[],580.0,42.0,25.0,29.0,10.0,9.1,0.08
Belvita original  - Biscuits petit déjeuner miel & pépites de chocolat,7622210713902,"['en:snacks', 'en:breakfasts', 'en:sweet-snacks', 'en:biscuits-and-cakes', 'en:biscuits-and-crackers', 'en:biscuits', 'en:dry-biscuits', 'en:breakfast-biscuit']",5,[],"['en:e322', 'en:e322i', 'en:e450', 'en:e450i', 'en:e472e', 'en:e500', 'en:e500ii', 'en:e503', 'en:e503ii']",444.0,15.0,2.5,28.0,5.7,7.3,0.69
Curly cacahuète l'original,3336970711064,"['en:snacks', 'en:salty-snacks', 'en:appetizers', 'en:biscuits-and-crackers', 'en:crackers-appetizers', 'en:puffed-salty-snacks', 'en:puffed-salty-snacks-made-from-maize', 'fr:biscuits-aperitif-souffles-a-la-cacahuete']",0,[],[],486.0,24.0,3.2,1.4,5.5,13.0,1.5
Chocolate con Leche,7613035268388,"['en:snacks', 'en:sweet-snacks', 'en:cocoa-and-its-products', 'en:chocolates', 'en:milk-chocolates', 'en:milk-chocolate-bar']",1,[],['en:e322'],538.0,30.3,17.4,57.7,2.0,6.3,0.13
Chips sea salt & cider vinegar,10600425,"['en:plant-based-foods-and-beverages', 'en:plant-based-foods', 'en:snacks', 'en:cereals-and-potatoes', 'en:salty-snacks', 'en:appetizers', 'en:chips-and-fries', 'en:crisps', 'en:potato-crisps', 'en:flavoured-potato-crisps', 'en:potato-crisps-in-sunflower-oil']",1,[],['en:e392'],491.0,27.2,3.0,0.6,3.3,5.2,2.0
Salt and Vinegar Flavour Potato Crisps,51000009,"['en:plant-based-foods-and-beverages', 'en:plant-based-foods', 'en:snacks', 'en:cereals-and-potatoes', 'en:salty-snacks', 'en:appetizers', 'en:chips-and-fries', 'en:crisps', 'en:potato-crisps', 'en:flavoured-potato-crisps', 'en:salt-and-vinegar-crisps', 'en:potato-crisps-in-sunflower-oil']",1,[],['en:e330'],512.0,29.6,2.4,0.4,4.0,6.4,4.0
Ready Salted Crisps,5057373749130,"['en:plant-based-foods-and-beverages', 'en:plant-based-foods', 'en:snacks', 'en:cereals-and-potatoes', 'en:salty-snacks', 'en:appetizers', 'en:chips-and-fries', 'en:crisps', 'en:potato-crisps', 'en:potato-crisps-in-sunflower-oil']",0,[],[],495.0,27.4,2.7,0.3,3.4,6.8,0.9
All butter shortbread fingers,5059512738814,"['en:snacks', 'en:sweet-snacks', 'en:biscuits-and-cakes', 'en:biscuits', 'en:shortbread-cookies', 'en:shortbread']",0,[],[],513.0,26.9,15.5,13.1,2.0,6.3,0.43
Petites Madeleines,3178530410112,"['en:snacks', 'en:desserts', 'en:sweet-snacks', 'en:biscuits-and-cakes', 'en:cakes', 'en:madeleines', 'en:plain-madeleines']",3,[],"['en:e422', 'en:e450', 'en:e450i', 'en:e500']",441.0,22.0,2.3,23.0,1.1,5.8,0.72
The Original Speculoos,5410126006049,"['en:snacks', 'en:sweet-snacks', 'en:biscuits-and-cakes', 'en:biscuits', 'en:speculoos']",1,[],"['en:e500', 'en:e500ii']",484.0,19.0,8.0,38.1,1.3,4.9,0.92
Dark chocolate,4088600132341,"['en:snacks', 'en:sweet-snacks', 'en:cocoa-and-its-products', 'en:chocolates', 'en:dark-chocolates']",1,[],['en:e968'],578.0,40.8,24.5,25.7,8.5,9.3,0.03
Milk Single Origin Chocolate,5000169567418,"['en:snacks', 'en:sweet-snacks', 'en:cocoa-and-its-products', 'en:chocolates', 'en:milk-chocolates']",0,[],[],618.0,47.0,28.5,34.7,3.4,8.0,0.17
,6111259344464,"['en:snacks', 'en:sweet-snacks', 'en:biscuits-and-cakes', 'en:biscuits-and-crackers', 'en:cocoa-and-its-products', 'en:confectioneries', 'en:biscuits', 'en:chocolate-candies', 'en:bars', 'en:candy-chocolate-bars', 'en:caramel-chocolate-bars', 'en:caramel-chocolate-cookie-bars']",2,[],"['en:e471', 'en:e476']",434.0,17.7,8.7,44.0,0.21,3.84,0.58
Snack poppé T&H,3245550078681,"['en:snacks', 'en:salty-snacks', 'en:appetizers', 'en:biscuits-and-crackers', 'en:crackers-appetizers', 'en:puffed-salty-snacks', 'en:puffed-salty-snacks-made-from-potato', 'en:amuse-gueules', 'en:aperitif', 'en:biscuits-aperitifs', 'en:biscuits-aperitifs-souffles', 'en:snacks-sales']",2,[],"['en:e160c', 'en:e296']",398.0,10.0,1.1,7.9,8.6,18.0,2.7
Chocolat noir 75% Pérou,3700214614259,"['en:snacks', 'en:sweet-snacks', 'en:cocoa-and-its-products', 'en:chocolates', 'en:dark-chocolates']",0,[],[],607.0,48.0,29.0,24.0,10.0,6.8,0.0
Carres graines pepites de chocolat,4056489041160,"['en:snacks', 'en:sweet-snacks', 'en:biscuits-and-cakes', 'en:biscuits', 'en:chocolate-biscuits', 'en:dark-chocolate-biscuits']",1,[],['en:e500'],507.0,27.3,10.8,28.9,4.5,8.7,0.6
Sucre Pure Via SpecialPatisserie,3329757004442,"['en:snacks', 'en:sweet-snacks', 'en:biscuits-and-cakes', 'en:sweeteners', 'en:food-additives', 'en:pastries', 'en:sugar-substitutes', 'en:sugars', 'en:natural-sugar-substitutes']",3,[],"['en:e414', 'en:e960', 'en:e968']",1.0,0.0,0.0,0.0,0.0,0.0,0.0
Chips de lentilles saveur oignons caramélisés,3336972109104,"['en:snacks', 'en:salty-snacks', 'en:appetizers', 'en:chips-and-fries', 'en:crisps', 'fr:chips-de-lentilles']",2,[],"['en:e270', 'en:e330']",452.0,19.0,1.7,1.7,7.7,13.0,1.0
Breakfast Milk & Cereals Biscuits,7622202018701,"['en:snacks', 'en:sweet-snacks', 'en:biscuits-and-cakes', 'en:biscuits']",5,[],"['en:e1200', 'en:e322', 'en:e472e', 'en:e500', 'en:e503']",443.0,14.0,1.6,20.0,6.4,8.1,0.22
Excellence Noir Caramel à la pointe de sel,3046920022507,"['en:snacks', 'en:sweet-snacks', 'en:cocoa-and-its-products', 'en:chocolates', 'en:dark-chocolates', 'en:salted-chocolates', 'en:fleur-de-sel-chocolates', 'en:salted-dark-chocolates', 'en:caramel-chocolates', 'en:dark-chocolate-bar', 'en:dark-chocolate-with-caramel', 'en:dark-chocolates-with-fleur-de-sel', 'en:extra-fine-dark-chocolates']",1,[],"['en:e322', 'en:e322i']",520.0,29.0,17.0,52.0,,5.4,0.4
Gerblé cacao céréales,3175681261372,"['en:snacks', 'en:sweet-snacks', 'en:biscuits-and-cakes', 'en:biscuits', 'en:dry-biscuits']",2,[],"['en:e322', 'en:e500']",453.0,17.0,2.2,13.0,6.1,10.0,0.17
Ferrero rocher,8000500009673,"['en:snacks', 'en:sweet-snacks', 'en:cocoa-and-its-products', 'en:confectioneries', 'en:festive-foods', 'en:chocolate-candies', 'en:christmas-foods-and-drinks', 'en:christmas-chocolates']",3,[],"['en:e322', 'en:e322i', 'en:e500', 'en:e500ii']",603.0,42.7,14.1,39.9,0.0,8.2,0.153
Kinder Pinguin,4008400290829,"['en:snacks', 'en:desserts', 'en:sweet-snacks', 'en:biscuits-and-cakes', 'en:cakes', 'en:sponge-cakes', 'en:sponge-cake-filled-and-covered-with-chocolate']",3,[],"['en:e322', 'en:e322i', 'en:e471']",460.0,28.3333333333333,0.0,0.0,0.0,7.66666666666667,0.0
Petit déjeuner fruits rouges,3175681290440,"['en:snacks', 'en:breakfasts', 'en:sweet-snacks', 'en:biscuits-and-cakes', 'en:biscuits-and-crackers', 'en:frozen-foods', 'en:biscuits', 'en:dry-biscuits', 'en:breakfast-biscuit']",2,[],"['en:e330', 'en:e500']",457.0,17.0,1.6,17.0,6.6,8.7,0.21
Crakes choc,6111259341159,"['en:snacks', 'en:sweet-snacks', 'en:biscuits-and-cakes', 'en:biscuits', 'fr:biscuit-fourre-au-cacao']",2,[],"['en:e223', 'en:e322']",433.18,17.46,8.9,26.42,1.63,4.74,0.29
Oreo chocolate,6111031005217,"['en:snacks', 'en:sweet-snacks', 'en:biscuits-and-cakes', 'en:biscuits-and-crackers', 'en:biscuits']",4,[],"['en:e322', 'en:e322i', 'en:e500', 'en:e500ii', 'en:e501', 'en:e501ii', 'en:e503', 'en:e503ii']",525.0,19.6,7.84,39.2,1.96,7.84,2.94
,8000500003787,"['en:snacks', 'en:sweet-snacks', 'en:cocoa-and-its-products', 'en:confectioneries', 'en:chocolate-candies', 'en:bonbons']",1,[],"['en:e500', 'en:e500ii']",603.0,42.7,14.1,39.9,,8.2,0.15
Noir amandes entières,7622210995100,"['en:snacks', 'en:sweet-snacks', 'en:cocoa-and-its-products', 'en:chocolates', 'en:dark-chocolates', 'en:chocolates-with-almonds', 'en:dark-chocolates-with-almonds']",1,[],"['en:e322', 'en:e322i']",569.0,39.0,16.0,40.0,7.8,7.3,0.0
Raffaello - Confetteria - Kokos & Mandelcreme,8000500359556,"['en:snacks', 'en:sweet-snacks', 'en:cocoa-and-its-products', 'en:chocolates', 'en:white-chocolates']",1,[],['en:e322'],599.0,41.8,27.9,46.3,,8.1,0.325
Milk Caramel Sea Salt Chocolate,8717677339938,"['en:snacks', 'en:sweet-snacks', 'en:cocoa-and-its-products', 'en:chocolates', 'en:milk-chocolates', 'en:salted-chocolates', 'en:salted-milk-chocolates', 'en:caramel-chocolates', 'en:milk-chocolate-with-caramel']",1,[],"['en:e322', 'en:e322i']",537.0,32.0,19.0,51.0,,6.9,0.6775
Chocolat Tentation Noir Gourmand Amandes,6111017042427,"['en:snacks', 'en:sweet-snacks', 'en:cocoa-and-its-products', 'en:chocolates', 'en:dark-chocolates', 'en:chocolates-with-almonds', 'en:dark-chocolates-with-almonds']",2,[],"['en:e322', 'en:e322i']",543.0,38.3,18.0,36.8,,9.2,2e-06
Cake & Chock,7622300784751,"['en:snacks', 'en:desserts', 'en:sweet-snacks', 'en:biscuits-and-cakes', 'en:cakes', 'en:soft-cake-filled-with-chocolate']",5,[],"['en:e415', 'en:e422', 'en:e450', 'en:e472b', 'en:e475']",428.0,21.0,4.1,30.0,1.4,5.5,0.57
Brioche tranchée nature ss additif,3228857001323,"['en:snacks', 'en:sweet-snacks', 'en:sweet-pastries-and-pies', 'en:viennoiseries', 'en:brioches', 'fr:brioches-tranchees', 'fr:brioches-natures']",0,[],[],345.0,11.0,4.3,15.0,5.0,8.0,1.1
Haselnuss,20029838,"['en:snacks', 'en:sweet-snacks', 'en:cocoa-and-its-products', 'en:chocolates', 'en:milk-chocolates', 'en:chocolates-with-hazelnuts', 'en:milk-chocolates-with-hazelnuts']",1,[],"['en:e322', 'en:e322i']",557.0,34.7,16.8,50.3,2.99,7.78,0.359
Lindt Excellence Dark Orange Intense,3046920028370,"['en:snacks', 'en:sweet-snacks', 'en:cocoa-and-its-products', 'en:chocolates', 'en:milk-chocolates', 'en:chocolates-with-almonds', 'en:flavoured-chocolates', 'en:flavoured-milk-chocolates', 'en:milk-chocolate-bar', 'en:milk-chocolates-with-almonds']",2,[],"['en:e322', 'en:e322i', 'en:e440']",535.0,32.0,17.0,46.0,,7.0,8e-05
Sweet Chilli & Red Pepper,5060042641413,"['en:plant-based-foods-and-beverages', 'en:plant-based-foods', 'en:snacks', 'en:cereals-and-potatoes', 'en:salty-snacks', 'en:appetizers', 'en:chips-and-fries', 'en:crisps', 'en:potato-crisps', 'en:flavoured-potato-crisps', 'en:potato-crisps-in-sunflower-oil', 'en:vegetarian']",1,[],['en:e160c'],468.0,25.0,2.3,51.0,5.4,6.3,1.0825
,8000500359815,"['en:snacks', 'en:sweet-snacks', 'en:cocoa-and-its-products', 'en:confectioneries', 'en:chocolate-candies', 'en:chocolates', 'en:dark-chocolates', 'en:chocolates-with-hazelnuts', 'en:dark-chocolates-with-hazelnuts']",1,[],['en:e322'],599.0,43.7,22.4,39.6,,6.4,0.086
Pringles,5053990162703,"['en:snacks', 'en:salty-snacks', 'en:appetizers', 'en:chips-and-fries', 'en:crisps', 'en:salty-snacks-made-from-potato']",7,[],"['en:e160b', 'en:e160bii', 'en:e160c', 'en:e330', 'en:e471', 'en:e621', 'en:e627', 'en:e631']",519.0,29.0,6.3,3.3,3.9,6.5,1.2
Chocolate Chip Oat Biscuit Breaks,0612322030087,"['en:snacks', 'en:sweet-snacks', 'en:specific-products', 'en:biscuits-and-cakes', 'en:biscuits-and-crackers', 'en:products-for-specific-diets', 'en:biscuits', 'en:products-without-gluten', 'en:chocolate-biscuits', 'en:gluten-free-biscuits']",3,[],"['en:e322', 'en:e500', 'en:e503', 'en:e503ii']",475.0,20.5,9.3,20.5,5.4,7.7,1.08
Tortilla chips,5059697729072,"['en:snacks', 'en:salty-snacks', 'en:appetizers', 'en:biscuits-and-crackers', 'en:chips-and-fries', 'en:crisps', 'en:crackers-appetizers', 'en:corn-chips', 'en:plain-salty-snacks']",0,[],[],473.0,20.5,1.8,0.9,6.3,6.1,0.443
Pains au chocolat,3256540001008,"['en:snacks', 'en:sweet-snacks', 'en:sweet-pastries-and-pies', 'en:viennoiseries', 'en:chocolate-croissant']",5,[],"['en:e300', 'en:e322', 'en:e322i', 'en:e412', 'en:e471']",379.0,17.0,10.0,14.0,4.8,7.2,0.82
NESTLÉ DESSERT 70% Absolu 170g,7613035859098,"['en:snacks', 'en:desserts', 'en:sweet-snacks', 'en:cocoa-and-its-products', 'en:confectioneries', 'en:chocolate-candies', 'en:chocolates', 'en:dark-chocolates', 'en:dark-chocolate-bar-with-more-than-70-cocoa']",0,[],[],592.0,44.7,26.8,26.5,10.9,9.0,0.01
Chips saveur Chèvre piment d'Espelette,3497917000518,"['en:plant-based-foods-and-beverages', 'en:plant-based-foods', 'en:snacks', 'en:cereals-and-potatoes', 'en:salty-snacks', 'en:appetizers', 'en:chips-and-fries', 'en:crisps', 'en:potato-crisps', 'en:flavoured-potato-crisps', 'en:potato-crisps-in-sunflower-oil']",0,[],[],522.0,31.0,2.6,2.6,4.8,6.3,1.6
Mints,20706852,"['en:plant-based-foods-and-beverages', 'en:plant-based-foods', 'en:snacks', 'en:condiments', 'en:sweet-snacks', 'en:cocoa-and-its-products', 'en:confectioneries', 'en:culinary-plants', 'en:aromatic-plants', 'en:chocolates', 'en:herbs', 'en:dark-chocolates', 'en:mint', 'en:filled-chocolates', 'en:dark-chocolate-filled-with-mint-confectionery']",4,[],"['en:e1103', 'en:e322', 'en:e330', 'en:e406']",456.0,17.0,10.0,63.1,4.5,3.5,0.02
Tosta Rica,8434165483965,"['en:snacks', 'en:sweet-snacks', 'en:biscuits-and-cakes', 'en:biscuits-and-crackers', 'en:baby-foods', 'en:biscuits', 'en:snacks-and-desserts-for-babies', 'en:biscuits-for-babies']",5,[],"['en:e150d', 'en:e223', 'en:e322', 'en:e322i', 'en:e500', 'en:e500i', 'en:e503', 'en:e503i']",463.0,15.0,1.5,20.0,2.9,7.5,0.68
Raffaello,4008400183022,"['en:snacks', 'en:sweet-snacks', 'en:biscuits-and-cakes', 'en:biscuits-and-crackers', 'en:cocoa-and-its-products', 'en:confectioneries', 'en:biscuits', 'en:chocolate-candies', 'en:bonbons']",2,[],"['en:e322', 'en:e500', 'en:e500ii']",627.0,48.3,29.5,33.6,,7.4,0.2625
Mature Cheddar & Chive,5060042641437,"['en:plant-based-foods-and-beverages', 'en:plant-based-foods', 'en:snacks', 'en:cereals-and-potatoes', 'en:salty-snacks', 'en:appetizers', 'en:chips-and-fries', 'en:crisps', 'en:potato-crisps', 'en:flavoured-potato-crisps', 'en:potato-crisps-in-sunflower-oil']",1,[],['en:e160c'],505.0,27.8,0.78,3.6,6.5,7.5,0.38325
Bio crackers,4056489546092,"['en:snacks', 'en:salty-snacks', 'en:appetizers', 'en:biscuits-and-crackers', 'en:crackers-appetizers', 'en:wheat-crackers', 'fr:voorgerechten', 'fr:zoute-snacks']",0,[],[],447.0,19.0,2.6,2.0,12.0,14.0,1.8
Crunchy canadian maple syrup,8410076801203,"['en:snacks', 'en:sweet-snacks', 'en:bars', 'en:cereal-bars', 'en:dietary-supplements', 'en:bodybuilding-supplements', 'en:energy-bars']",2,[],"['en:e322', 'en:e322i', 'en:e500', 'en:e500ii']",464.0,17.9,2.14,26.9,6.43,8.57,0.774
Peanut Delight,5060088705179,"['en:plant-based-foods-and-beverages', 'en:plant-based-foods', 'en:snacks', 'en:sweet-snacks', 'en:nuts-and-their-products', 'en:bars', 'en:cereal-bars', 'en:fruits-cereal-bars', 'en:nut-bars', 'en:peanut-bars', 'fr:barres-aux-fruits']",0,[],[],443.0,22.9,4.0,34.3,9.43,12.0,0.58
Oven Baked Sweet Potato Fries,5391528180073,"['en:plant-based-foods-and-beverages', 'en:plant-based-foods', 'en:fruits-and-vegetables-based-foods', 'en:snacks', 'en:vegetable-based-foods-and-beverages', 'en:cereals-and-potatoes', 'en:frozen-foods', 'en:salty-snacks', 'en:vegetables-based-foods', 'en:appetizers', 'en:chips-and-fries', 'en:vegetables', 'en:frozen-fried-potatoes', 'en:root-vegetables', 'en:sweet-potatoes', 'en:fries', 'en:frozen-fries', 'en:sweet-potato-fries']",0,[],[],192.0,6.88,0.625,16.2,5.38,2.75,0.287
Nesquik,7613035239562,"['en:beverages-and-beverages-preparations', 'en:snacks', 'en:sweet-snacks', 'en:cocoa-and-its-products', 'en:beverage-preparations', 'en:chocolates', 'en:cocoa-and-chocolate-powders', 'en:instant-beverages', 'en:instant-chocolate-powders']",1,[],"['en:e322', 'en:e322i']",70.0,1.8,1.1,9.5,0.4,3.6,0.00014
Baiocchi nocciola snack mb,8076809517706,"['en:snacks', 'en:sweet-snacks', 'en:biscuits-and-cakes', 'en:biscuits-and-crackers', 'en:biscuits', 'en:chocolate-biscuits', 'en:filled-biscuits', 'en:biscuits-cookies-shelf-stable']",3,[],"['en:e336', 'en:e336i', 'en:e500', 'en:e500ii', 'en:e503', 'en:e503ii']",510.0,26.0,5.0,23.0,4.0,8.0,0.6
McVities Rich Tea Biscuits,5000168001210,"['en:snacks', 'en:sweet-snacks', 'en:biscuits-and-cakes', 'en:biscuits']",2,[],"['en:e500', 'en:e500ii', 'en:e503', 'en:e503ii']",460.0,15.7,7.4,18.6,3.0,7.2,0.7975
Crunchy original,6111259344181,"['en:snacks', 'en:sweet-snacks', 'en:biscuits-and-cakes', 'en:biscuits-and-crackers', 'en:biscuits']",2,[],"['en:e322', 'en:e322i', 'en:e500', 'en:e500ii']",530.0,32.87,15.99,34.13,1.2,6.73,0.13
María 100% Integral,8402001009648,"['en:snacks', 'en:sweet-snacks', 'en:biscuits-and-cakes', 'en:biscuits-and-crackers', 'en:biscuits', 'es:galletas-maria']",5,[],"['en:e223', 'en:e306', 'en:e322', 'en:e322i', 'en:e500', 'en:e503']",410.0,10.0,1.0,20.0,11.0,8.7,1.4
Tartines Craquantes Multi-Céréales,3175681037885,"['en:plant-based-foods-and-beverages', 'en:plant-based-foods', 'en:snacks', 'en:cereals-and-potatoes', 'en:extruded-crispbreads']",0,[],[],377.0,2.3,0.3,2.8,2.5,9.9,0.32
Galleta María,8410376010701,"['en:snacks', 'en:sweet-snacks', 'en:biscuits-and-cakes', 'en:biscuits-and-crackers', 'en:biscuits', 'es:galletas-maria']",4,[],"['en:e223', 'en:e322', 'en:e322i', 'en:e502', 'en:e965']",408.0,11.0,1.3,0.5,4.5,7.0,1.0
Chips de Sarrasin au Sel de Guerande,3497917002451,"['en:plant-based-foods-and-beverages', 'en:plant-based-foods', 'en:snacks', 'en:cereals-and-potatoes', 'en:salty-snacks', 'en:seeds', 'en:appetizers', 'en:cereals-and-their-products', 'en:chips-and-fries', 'en:cereal-grains', 'en:crisps', 'en:buckwheat', 'en:chips-de-sarrasin']",0,[],[],567.0,38.0,3.1,0.6,4.6,8.9,1.1
"BN - Strawberry Cookies, 285g (10oz)",3061990143372,"['en:snacks', 'en:sweet-snacks', 'en:biscuits-and-cakes', 'en:biscuits-and-crackers', 'en:biscuits', 'en:filled-biscuits', 'en:sandwich-biscuits', 'en:strawberry-biscuits']",5,[],"['en:e330', 'en:e331', 'en:e331iii', 'en:e422', 'en:e500', 'en:e500ii', 'en:e503', 'en:e503ii']",398.0,8.4,3.7,32.0,2.5,5.3,0.48
Complet au sarrasin,06163826,"['en:plant-based-foods-and-beverages', 'en:plant-based-foods', 'en:snacks', 'en:cereals-and-potatoes', 'en:specific-products', 'en:products-for-specific-diets', 'en:products-without-gluten', 'en:extruded-crispbreads']",1,[],['en:e1510'],224.0,3.6,0.5,4.2,15.0,7.5,1.1
Rosemary & Sea Salt Thins,5050974504139,"['en:plant-based-foods-and-beverages', 'en:plant-based-foods', 'en:snacks', 'en:cereals-and-potatoes', 'en:salty-snacks', 'en:appetizers', 'en:breads', 'en:flatbreads']",1,[],['en:e508'],386.0,4.29,0.857,2.86,8.57,12.9,1.68
Oven Baked Sea Salt Crisps,5000328015927,"['en:plant-based-foods-and-beverages', 'en:plant-based-foods', 'en:snacks', 'en:cereals-and-potatoes', 'en:salty-snacks', 'en:appetizers', 'en:chips-and-fries', 'en:crisps', 'en:potato-crisps']",2,[],"['en:e160b', 'en:e160bii', 'en:e322']",436.0,12.7,1.36,5.45,6.36,5.91,0.852
Intense Dark Chocolate 85% Cocoa Solids,00938112,"['en:snacks', 'en:sweet-snacks', 'en:cocoa-and-its-products', 'en:chocolates', 'en:dark-chocolates', 'en:extra-fine-dark-chocolates']",0,[],[],632.0,52.6,32.0,17.2,10.2,9.1,0.0
La Barquette (chocolat),3017760038331,"['en:snacks', 'en:desserts', 'en:sweet-snacks', 'en:biscuits-and-cakes', 'en:biscuits', 'en:cakes', 'en:chocolate-biscuits', 'en:sponge-cakes', 'fr:barquettes', 'fr:barquettes-au-chocolat']",5,[],"['en:e322', 'en:e322i', 'en:e330', 'en:e450', 'en:e471', 'en:e500']",489.0,23.0,2.9,47.0,2.6,6.5,0.34
Bonbon à la Sève de Pin,3014680009175,"['en:snacks', 'en:sweet-snacks', 'en:cocoa-and-its-products', 'en:confectioneries', 'en:chocolate-candies', 'en:bonbons', 'en:candies']",0,[],[],390.0,0.0,0.0,74.0,0.0,0.1,0.0
Création Rocher Noir,3046920042932,"['en:snacks', 'en:sweet-snacks', 'en:cocoa-and-its-products', 'en:chocolates', 'en:dark-chocolates', 'en:filled-chocolates', 'en:chocolate-filled-with-praline', 'en:dark-chocolate-bar-filled-with-praline', 'en:filled-dark-chocolates']",1,[],"['en:e322', 'en:e322i']",564.0,37.0,18.0,44.0,,6.6,0.08
Digestive Muesli,8410376026979,"['en:snacks', 'en:sweet-snacks', 'en:biscuits-and-cakes', 'en:biscuits-and-crackers', 'en:biscuits', 'en:oatmeal-cookies']",5,[],"['en:e330', 'en:e422', 'en:e440', 'en:e500', 'en:e500ii', 'en:e503', 'en:e503ii']",462.0,18.0,2.0,21.0,7.0,7.5,0.7
10 Pains au lait frais sans sucres ajoutés 350g,3760049798876,"['en:snacks', 'en:sweet-snacks', 'en:sweet-pastries-and-pies', 'en:viennoiseries', 'en:milk-bread-rolls']",0,[],[],324.0,10.0,2.1,4.6,3.0,10.0,0.82
Pomme de terre nature,3168930167983,"['en:plant-based-foods-and-beverages', 'en:plant-based-foods', 'en:snacks', 'en:cereals-and-potatoes', 'en:salty-snacks', 'en:appetizers', 'en:chips-and-fries', 'en:frozen-foods', 'en:crisps', 'en:potato-crisps', 'en:old-fashioned-crisps', 'en:potato-crisps-in-sunflower-oil']",0,[],[],540.0,35.0,3.7,0.5,3.9,6.2,1.1
Scottish Rough Oatcakes,4088600107806,"['en:snacks', 'en:salty-snacks', 'en:appetizers', 'en:biscuits-and-crackers', 'en:crackers-appetizers']",1,[],['en:e500'],447.0,17.0,6.9,1.4,7.6,10.0,1.4
itri choco,6111259341692,"['en:snacks', 'en:sweet-snacks', 'en:biscuits-and-cakes', 'en:biscuits-and-crackers', 'en:biscuits', 'en:chocolate-biscuits', 'en:filled-biscuits']",6,[],"['en:e322', 'en:e322i', 'en:e330', 'en:e334', 'en:e500', 'en:e500i', 'en:e503', 'en:e503i']",449.0,21.0,0.0,35.0,0.0,7.0,2.0
Curly cacahuete,3336971209133,"['en:plant-based-foods-and-beverages', 'en:plant-based-foods', 'en:snacks', 'en:salty-snacks', 'en:appetizers', 'en:biscuits-and-crackers', 'en:crackers-appetizers', 'en:puffed-salty-snacks', 'en:puffed-salty-snacks-made-from-maize', 'en:puffed-salty-snacks-made-from-maize-with-peanuts', 'fr:biscuits-aperitif-souffles-a-la-cacahuete']",0,[],[],461.0,20.0,3.0,1.5,3.8,13.0,1.5
NESTLÉ DESSERT Corsé 200g,7613035898646,"['en:snacks', 'en:sweet-snacks', 'en:cocoa-and-its-products', 'en:confectioneries', 'en:chocolate-candies', 'en:chocolates', 'en:dark-chocolates']",1,[],['en:e322'],554.0,37.3,22.4,34.5,10.6,8.3,0.02
M&M's Cacahuètes - Pack familial,5000159492966,"['en:plant-based-foods-and-beverages', 'en:plant-based-foods', 'en:snacks', 'en:sweet-snacks', 'en:cocoa-and-its-products', 'en:confectioneries', 'en:nuts-and-their-products', 'en:chocolate-candies', 'en:bonbons', 'en:chocolate-covered-nuts-and-fruits', 'en:chocolate-covered-nuts', 'en:chocolate-coated-peanuts', 'en:sugar-coated-chocolate-confectioneries']",10,[],"['en:e100', 'en:e120', 'en:e133', 'en:e1400', 'en:e160a', 'en:e160e', 'en:e170', 'en:e322', 'en:e322i', 'en:e414', 'en:e903']",524.0,26.0,11.0,53.0,,9.8,0.11
Chips nature,3168930171737,"['en:plant-based-foods-and-beverages', 'en:plant-based-foods', 'en:snacks', 'en:cereals-and-potatoes', 'en:salty-snacks', 'en:appetizers', 'en:chips-and-fries', 'en:crisps', 'en:potato-crisps', 'en:potato-crisps-in-sunflower-oil']",0,[],[],508.0,30.0,3.2,0.5,4.3,6.1,1.1
all butter shortbread fingers,20114329,"['en:snacks', 'en:sweet-snacks', 'en:biscuits-and-cakes', 'en:biscuits-and-crackers', 'en:biscuits', 'en:shortbread-cookies', 'en:shortbread']",0,[],[],514.0,27.4,15.4,13.7,2.29,6.29,2.0
Crunchy Avoine & Fruits Rouge 5 x 42 g,8410076600448,"['en:snacks', 'en:sweet-snacks', 'en:bars', 'en:cereal-bars', 'en:fruits-cereal-bars']",2,[],"['en:e322', 'en:e500', 'en:e500ii']",452.0,16.9,2.62,30.2,6.19,7.38,0.667
Hazelnut Butter Dark Chocolate,1230000097048,"['en:snacks', 'en:sweet-snacks', 'en:cocoa-and-its-products', 'en:chocolates', 'en:dark-chocolates', 'en:dark-chocolate-filled-with-hazelnut-paste']",0,[],[],611.0,47.0,22.0,26.0,9.3,9.4,0.1
Brioche tranchée,20840273,"['en:snacks', 'en:sweet-snacks', 'en:sweet-pastries-and-pies', 'en:viennoiseries', 'en:brioches', 'fr:brioches-tranchees']",1,[],['en:e471'],357.0,12.4,3.6,10.1,1.6,7.3,1.03
Petits coeurs chocolat,3056440032696,"['en:snacks', 'en:sweet-snacks', 'en:biscuits-and-cakes', 'en:biscuits', 'en:chocolate-biscuits', 'en:flaky-biscuits']",3,[],"['en:e322', 'en:e322i', 'en:e500', 'en:e500i', 'en:e503', 'en:e503i']",507.0,25.0,16.0,29.0,2.9,5.9,0.84
Schokobons,5413548283128,"['en:snacks', 'en:sweet-snacks', 'en:cocoa-and-its-products', 'en:confectioneries', 'en:chocolate-candies', 'en:bonbons', 'en:chocolate-eggs']",2,[],"['en:e322', 'en:e414']",576.0,36.6,21.2,52.2,0.0,8.3,0.28
Le Sablé pur beurre,3472860001058,"['en:snacks', 'en:sweet-snacks', 'en:biscuits-and-cakes', 'en:biscuits-and-crackers', 'en:biscuits', 'en:shortbread-cookies']",0,[],[],501.0,21.9,14.6,19.6,0.0,6.8,0.26
,3046920010603,"['en:snacks', 'en:sweet-snacks', 'en:cocoa-and-its-products', 'en:chocolates', 'en:dark-chocolates', 'en:extra-fine-dark-chocolates']",1,[],"['en:e322', 'en:e322i']",536.0,32.0,19.0,47.0,7.0,6.1,0.0875
Cookies sin glúten sin azúcares añadidos,8410376037883,"['en:snacks', 'en:sweet-snacks', 'en:biscuits-and-cakes', 'en:biscuits', 'en:products-without-gluten', 'en:chocolate-biscuits', 'en:drop-cookies', 'en:chocolate-chip-cookies', 'en:gluten-free-biscuits']",5,[],"['en:e322', 'en:e322i', 'en:e500', 'en:e500ii', 'en:e503', 'en:e503ii', 'en:e965']",444.0,23.0,6.0,0.7,4.5,5.5,0.58
María dorada 0%,8480000135025,"['en:snacks', 'en:sweet-snacks', 'en:biscuits-and-cakes', 'en:biscuits-and-crackers', 'en:biscuits', 'es:galletas-maria']",5,[],"['en:e223', 'en:e304', 'en:e306', 'en:e503', 'en:e965']",445.0,18.0,8.3,0.7,3.9,6.9,0.95
Tentation,6111017046029,"['en:snacks', 'en:sweet-snacks', 'en:cocoa-and-its-products', 'en:chocolates', 'en:chocolates-with-sweeteners', 'en:dark-chocolates', 'en:dark-chocolates-with-sweeteners', 'en:dark-chocolate-bar-without-sugar-and-with-artificial-sweeteners']",0,[],[],541.0,45.5,27.3,0.2,,7.0,0.01
BelVita Original Petit Déjeuner pépites de chocolat,3017760472890,"['en:snacks', 'en:breakfasts', 'en:sweet-snacks', 'en:biscuits-and-cakes', 'en:biscuits-and-crackers', 'en:biscuits', 'en:chocolate-biscuits', 'en:dry-biscuits', 'en:breakfast-biscuit']",5,[],"['en:e1200', 'en:e322', 'en:e450', 'en:e472e', 'en:e502']",436.0,14.0,2.0,16.0,7.1,8.6,0.85
Biscuits nappés de chocolat noir,3229820789149,"['en:snacks', 'en:sweet-snacks', 'en:biscuits-and-cakes', 'en:biscuits', 'en:chocolate-biscuits', 'en:dark-chocolate-biscuits', 'en:digestives-covered-with-chocolate']",1,[],['en:e322'],471.0,21.0,7.3,21.0,7.1,9.7,0.25
Berry Delight Bars,5060088705148,"['en:snacks', 'en:sweet-snacks', 'en:bars', 'fr:barres-aux-fruits', 'en:sladke-svačiny']",0,[],[],380.0,12.0,2.2,48.0,8.7,6.7,0.02
Walkers Ready Salted Crisps 6pk,5000328376677,"['en:plant-based-foods-and-beverages', 'en:plant-based-foods', 'en:snacks', 'en:cereals-and-potatoes', 'en:salty-snacks', 'en:appetizers', 'en:chips-and-fries', 'en:crisps', 'en:potato-crisps', 'en:potato-crisps-in-sunflower-oil']",4,[],"['en:e300', 'en:e306', 'en:e330', 'en:e392']",384.0,22.4,9.2,0.4,3.6,4.8,0.88
POM-BEAR Potato snacks,5000237132296,"['en:plant-based-foods-and-beverages', 'en:plant-based-foods', 'en:snacks', 'en:cereals-and-potatoes', 'en:salty-snacks', 'en:appetizers', 'en:chips-and-fries', 'en:crisps', 'en:potato-crisps']",2,[],"['en:e1400', 'en:e471']",508.0,26.2,3.08,3.85,5.38,3.85,1.38
Kinder Maxi,4008400828121,"['en:snacks', 'en:sweet-snacks', 'en:cocoa-and-its-products', 'en:confectioneries', 'en:chocolate-candies', 'en:bars', 'en:candy-chocolate-bars', 'en:chocolate-confectionery-with-dairy-filling']",2,[],"['en:e322', 'en:e322i']",566.0,35.0,22.6,53.3,,8.7,0.313
Fourré Cacao sans sucres,3175681123014,"['en:snacks', 'en:sweet-snacks', 'en:biscuits-and-cakes', 'en:biscuits', 'en:chocolate-biscuits', 'en:filled-biscuits', 'fr:biscuits-edulcores']",6,[],"['en:e322', 'en:e322i', 'en:e330', 'en:e414', 'en:e500', 'en:e503', 'en:e965']",456.0,22.0,4.8,0.5,3.0,6.7,0.64
Organic Sesame Biscuits,20842499,"['en:snacks', 'en:sweet-snacks', 'en:biscuits-and-cakes', 'en:biscuits-and-crackers', 'en:biscuits']",2,[],"['en:e500', 'en:e503']",481.0,21.0,2.3,20.0,4.7,9.6,0.5
Excellence Lait Extra Fondant,3046920010283,"['en:snacks', 'en:sweet-snacks', 'en:cocoa-and-its-products', 'en:chocolates', 'en:dark-chocolates', 'en:milk-chocolates', 'en:chocolates-with-extra-fine-milk']",1,[],"['en:e322', 'en:e322i']",569.0,37.0,23.0,50.0,0.0,6.4,0.28
Vegetable chips,4056489530091,"['en:snacks', 'en:salty-snacks', 'en:appetizers', 'en:chips-and-fries', 'en:crisps']",0,[],[],525.0,36.0,3.3,27.0,11.0,4.7,1.4
Bono,6111259343993,"['en:snacks', 'en:sweet-snacks', 'en:biscuits-and-cakes', 'en:biscuits-and-crackers', 'en:biscuits', 'en:wafers', 'en:chocolate-biscuits', 'en:filled-biscuits', 'ar:cacoa', 'ar:goufrette']",1,[],"['en:e500', 'en:e500ii']",522.0,31.27,15.27,35.5,0.0,10.0,0.14
Mon Cherie,8000500408162,"['en:snacks', 'en:sweet-snacks', 'en:cocoa-and-its-products', 'en:confectioneries', 'en:frozen-foods', 'en:chocolate-candies', 'en:bonbons', 'en:liqueur-bonbons', 'en:liquor-filled-chocolate-covered-cherries']",1,[],['en:e322'],455.0,20.3,13.2,48.3,,3.0,0.01
Tobigo,6111262384945,"['en:snacks', 'en:sweet-snacks', 'en:biscuits-and-cakes', 'en:biscuits-and-crackers', 'en:biscuits', 'en:wafers', 'en:chocolate-biscuits']",2,[],"['en:e500', 'en:e500ii', 'en:e503', 'en:e503ii']",450.72,19.2,11.5,31.58,,6.37,0.58
Eyoo choc,6111259341661,"['en:snacks', 'en:sweet-snacks', 'en:biscuits-and-cakes', 'en:biscuits-and-crackers', 'en:biscuits', 'en:chocolate-biscuits']",3,[],"['en:e322', 'en:e322i', 'en:e500', 'en:e500ii', 'en:e503', 'en:e503ii']",494.0,20.0,9.7,33.0,,6.5,0.29
,8000300264388,"['en:snacks', 'en:sweet-snacks', 'en:cocoa-and-its-products', 'en:confectioneries', 'en:chocolates', 'en:milk-chocolates', 'en:cereal-chocolates', 'en:puffed-cereal-milk-chocolates']",1,[],"['en:e322', 'en:e322i']",513.0,25.8,15.5,50.4,1.9,6.5,0.35
Biscuits Nutella B-ready x15 gaufrettes fourrées,8000500223369,"['en:snacks', 'en:sweet-snacks', 'en:biscuits-and-cakes', 'en:biscuits-and-crackers', 'en:confectioneries', 'en:biscuits', 'en:bars', 'en:barres-chocolatees', 'en:barres-chocolatees-biscuitees', 'en:biscuits-et-gateaux', 'en:cacao-et-derives', 'en:confiseries-chocolatees', 'en:snacks-sucres']",2,[],"['en:e322', 'en:e322i']",521.0,27.0,9.5,47.1,0.9,7.2,0.559
Petit Déjeuner Chocolat,7622210713803,"['en:snacks', 'en:breakfasts', 'en:sweet-snacks', 'en:biscuits-and-cakes', 'en:biscuits-and-crackers', 'en:biscuits', 'en:chocolate-biscuits', 'en:dry-biscuits', 'en:breakfast-biscuit', 'en:breakfast-biscuit-with-chocolate']",6,[],"['en:e322', 'en:e322i', 'en:e450', 'en:e472e', 'en:e492', 'en:e500', 'en:e503']",439.0,14.0,3.6,27.0,6.8,7.9,0.62
Chips saveur Poulet Braisé,3497911101129,"['en:plant-based-foods-and-beverages', 'en:plant-based-foods', 'en:snacks', 'en:cereals-and-potatoes', 'en:salty-snacks', 'en:appetizers', 'en:chips-and-fries', 'en:crisps', 'en:potato-crisps', 'en:flavoured-potato-crisps', 'en:potato-crisps-in-sunflower-oil', 'en:roasted-chicken-and-thyme-crisps']",0,[],[],522.0,31.0,2.6,0.8,4.8,6.3,1.4
FITNESS CHOC Barres Céréale 6x23.5g,3387390320008,"['en:snacks', 'en:sweet-snacks', 'en:bars', 'en:cereal-bars', 'en:chocolate-cereal-bars']",7,[],"['en:e1200', 'en:e306', 'en:e322', 'en:e322i', 'en:e420', 'en:e420ii', 'en:e422', 'en:e476']",382.0,9.1,2.9,17.0,7.7,7.7,0.33
"Delacre - Delichoc Milk Chocolate Cookies, 150g (5.3oz)",3116430216342,"['en:snacks', 'en:sweet-snacks', 'en:biscuits-and-cakes', 'en:biscuits', 'en:chocolate-biscuits']",3,[],"['en:e322', 'en:e322i', 'en:e500', 'en:e503', 'en:e503ii']",476.0,18.1,9.9,47.9,0.0,5.2,0.31
The golden experience,8000500037874,"['en:snacks', 'en:sweet-snacks', 'en:cocoa-and-its-products', 'en:confectioneries', 'en:chocolate-candies', 'en:bonbons', 'en:chocolates']",2,[],"['en:e322', 'en:e322i', 'en:e500', 'en:e500ii']",603.0,42.7,14.1,39.9,4.0,8.2,0.15
Cocoa Delight,5060088701980,"['en:snacks', 'en:sweet-snacks', 'en:bars']",0,[],[],390.0,14.0,2.9,43.0,9.4,8.3,0.03
Cream Crackers,4056489511182,"['en:snacks', 'en:salty-snacks', 'en:appetizers', 'en:biscuits-and-crackers', 'en:crackers-appetizers', 'en:wheat-crackers']",1,[],['en:e500'],448.0,13.2,6.0,1.1,3.4,9.8,1.34
Cherry Bakewell Oat Boosts,5055958705342,"['en:plant-based-foods-and-beverages', 'en:plant-based-foods', 'en:snacks', 'en:breakfasts', 'en:cereals-and-potatoes', 'en:sweet-snacks', 'en:cereals-and-their-products', 'en:breakfast-cereals', 'en:bars', 'en:flakes', 'en:cereal-bars', 'en:cereal-flakes', 'en:rolled-flakes', 'en:rolled-oats', 'en:cooked-oat-flakes', 'en:oat-biscuits']",3,[],"['en:e322', 'en:e322i', 'en:e415', 'en:e422']",437.0,22.3,3.67,12.7,15.3,6.33,0.2
Breaksta,6291003087158,"['en:snacks', 'en:sweet-snacks', 'en:biscuits-and-cakes', 'en:biscuits-and-crackers', 'en:confectioneries', 'en:biscuits', 'en:bars', 'en:biscuit-cookie-snack-w-chocolate-filling']",3,[],"['en:e322', 'en:e322i', 'en:e476', 'en:e500', 'en:e500ii']",523.0,30.8,15.4,46.2,2.31,7.69,0.135
Schoko-Bons,8000500242612,"['en:snacks', 'en:sweet-snacks', 'en:cocoa-and-its-products', 'en:confectioneries', 'en:chocolate-candies', 'en:bonbons']",3,[],"['en:e322', 'en:e322i', 'en:e414']",576.0,36.6,21.2,52.2,,8.3,0.28
Harrys brioche tranchee pepites de chocolat sans additif 485g,3228857001347,"['en:plant-based-foods-and-beverages', 'en:plant-based-foods', 'en:snacks', 'en:cereals-and-potatoes', 'en:sweet-snacks', 'en:biscuits-and-cakes', 'en:biscuits-and-crackers', 'en:cereals-and-their-products', 'en:biscuits', 'en:sweet-pastries-and-pies', 'en:breads', 'en:viennoiseries', 'en:brioches', 'en:variety-packs', 'en:biscuits-or-cookies-variety-packs', 'en:biscuits-or-cookies-perishable', 'en:brioche-filled-with-chocolate-drops', 'en:packaged-breads', 'fr:brioches-tranchees']",0,[],[],357.0,13.0,2.7,17.0,5.2,7.5,0.65
Chocolate Extrafino 80% NOIR 0% azúcares añadidos,8410679234514,"['en:snacks', 'en:sweet-snacks', 'en:cocoa-and-its-products', 'en:chocolates', 'en:dark-chocolates']",2,[],"['en:e322', 'en:e322i', 'en:e965']",514.0,43.0,27.0,1.1,,10.0,0.06
Crak's,6111259341098,"['en:snacks', 'en:sweet-snacks', 'en:biscuits-and-cakes', 'en:biscuits']",0,[],[],498.0,21.5,19.21,37.1,,5.8,0.26
Pâte à tartiner aux noisettes,6111017045961,"['en:snacks', 'en:breakfasts', 'en:spreads', 'en:sweet-snacks', 'en:confectioneries', 'en:sweet-spreads', 'fr:pates-a-tartiner', 'en:hazelnut-spreads', 'en:chocolate-spreads', 'en:cocoa-and-hazelnuts-spreads', 'en:compound-chocolates']",1,[],"['en:e322', 'en:e322i']",514.0,28.0,6.5,61.0,,3.0,0.28
Sticks Bretzels d'Alsace L'original,3027030011766,"['en:snacks', 'en:salty-snacks', 'en:appetizers', 'en:biscuits-and-crackers', 'en:crackers-appetizers', 'en:pretzel']",1,[],['en:e524'],391.0,4.8,2.4,3.2,6.2,10.0,2.8
Prince goût tout Choco au blé complet,7622210450098,"['en:snacks', 'en:sweet-snacks', 'en:biscuits-and-cakes', 'en:biscuits-and-crackers', 'en:biscuits', 'en:chocolate-biscuits', 'en:filled-biscuits', 'en:milk-chocolate-biscuits', 'en:biscuits-et-gateaux', 'en:biscuits-fourres', 'en:snacks-sucres']",3,[],"['en:e322', 'en:e322i', 'en:e500', 'en:e503']",93.0,3.5,1.1,6.7,1.0,1.4,0.11
Chocolat Noir - l'Original,5410081200445,"['en:snacks', 'en:desserts', 'en:sweet-snacks', 'en:cocoa-and-its-products', 'en:chocolates', 'en:dark-chocolates']",1,[],"['en:e322', 'en:e322i']",530.0,29.5,18.5,53.5,7.5,5.1,0.0
Biscuit Chocolat Céréales,3175681797420,"['en:snacks', 'en:sweet-snacks', 'en:biscuits-and-cakes', 'en:biscuits', 'en:chocolate-biscuits', 'fr:encas-equilibre']",4,[],"['en:e322', 'en:e322i', 'en:e336', 'en:e503']",434.0,14.0,2.0,15.0,9.4,17.0,0.38
Biscuits Abricot Pistache,3175681261365,"['en:snacks', 'en:sweet-snacks', 'en:biscuits-and-cakes', 'en:biscuits-and-crackers', 'en:biscuits']",2,[],"['en:e322', 'en:e322i', 'en:e500']",467.0,18.0,1.6,16.0,6.1,9.3,0.13
Biscoff Crunchy Pâte À Tartiner,5410126726947,"['en:snacks', 'en:sweet-snacks', 'en:biscuits-and-cakes', 'en:biscuits-and-crackers', 'en:biscuits', 'en:speculoos', 'en:biscuits-et-gateaux', 'en:biscuits-sucres-biscuits-aperitifs', 'en:petit-dejeuners', 'en:produits-a-tartiner', 'en:produits-a-tartiner-sucres', 'en:pates-a-tartiner', 'en:pates-a-tartiner-au-speculoos', 'en:snacks-sucres']",2,[],"['en:e322', 'en:e330']",571.0,35.7,7.9,36.2,0.9,3.2,0.6
Lightly salted tortilla,20952174,"['en:snacks', 'en:salty-snacks', 'en:appetizers', 'en:chips-and-fries', 'en:crisps', 'en:corn-chips']",0,[],[],474.0,19.8,1.8,1.0,4.3,6.2,0.67
Protein Peanut Butter Bar,5060088700082,"['en:plant-based-foods-and-beverages', 'en:plant-based-foods', 'en:snacks', 'en:sweet-snacks', 'en:nuts-and-their-products', 'en:bars', 'en:dietary-supplements', 'en:bodybuilding-supplements', 'en:nut-bars', 'en:peanut-bars']",0,[],[],418.0,22.0,4.0,26.9,9.56,17.3,0.372
Double Trouble Chocolate Cookies,10595125,"['en:snacks', 'en:sweet-snacks', 'en:biscuits-and-cakes', 'en:biscuits', 'en:tesco-brand-reduced-sugar-salt-baked-beans']",0,[],[],491.0,23.2,11.9,31.1,3.1,5.8,0.5
Bouillon cube Légumes sans sel sans gluten,3760020505936,"['en:snacks', 'en:sweet-snacks', 'en:bars', 'en:cereal-bars', 'en:cereal-bars-with-nuts', 'en:cereal-bars-with-almonds']",0,[],[],9.0,0.6,0.3,0.4,0.1,0.1,0.012
300G DRAGIBUS SOFT HARIBO,3103220048658,"['en:snacks', 'en:sweet-snacks', 'en:confectioneries', 'en:frozen-foods', 'en:candies', 'en:gummi-candies']",8,[],"['en:e100', 'en:e131', 'en:e160a', 'en:e163', 'en:e296', 'en:e330', 'en:e331', 'en:e331i', 'en:e903']",369.0,0.5,0.1,56.0,,0.5,0.12
Dairy Milk,7622201148782,"['en:snacks', 'en:sweet-snacks', 'en:cocoa-and-its-products', 'en:confectioneries', 'en:chocolates', 'en:milk-chocolates']",2,[],"['en:e442', 'en:e476']",535.0,30.5,17.5,55.0,2.0,7.5,0.000625
chilli and lime protein nut crunch,5055958706721,"['en:snacks', 'en:salty-snacks', 'en:appetizers']",1,[],['en:e330'],598.0,47.0,6.7,4.9,7.4,22.0,0.88
Ugandan dark chocolate,00392730,"['en:snacks', 'en:sweet-snacks', 'en:cocoa-and-its-products', 'en:confectioneries', 'en:chocolates', 'en:dark-chocolates']",0,[],[],648.0,56.3,34.1,10.4,10.7,9.1,0.04
Sea Salt & Cider Vinegar Veggie Cakes,5013665116738,"['en:snacks', 'en:salty-snacks', 'en:appetizers', 'en:lentil-pea-cakes']",1,[],['en:e330'],430.0,12.9,1.08,1.08,6.45,23.7,1.05
Gâteau marbré au chocolat,3178530405743,"['en:snacks', 'en:desserts', 'en:sweet-snacks', 'en:biscuits-and-cakes', 'en:biscuits', 'en:cakes', 'en:chocolate-cakes', 'en:madeleines', 'en:marble-cakes']",3,[],"['en:e322', 'en:e331', 'en:e500']",454.0,28.0,11.0,27.0,1.8,5.5,0.38
Pérou grand cru Amazonas 70% note de fruits rouges,3760091724632,"['en:snacks', 'en:sweet-snacks', 'en:cocoa-and-its-products', 'en:confectioneries', 'en:chocolates', 'en:dark-chocolates', 'en:dark-chocolate-bar-with-more-than-70-cocoa', 'en:extra-fine-dark-chocolates']",0,[],[],575.0,43.0,26.0,27.0,15.0,8.3,0.1375
Chocolate negro,3560070720859,"['en:snacks', 'en:sweet-snacks', 'en:cocoa-and-its-products', 'en:chocolates', 'en:dark-chocolates', 'en:dark-chocolate-bar-with-more-than-70-cocoa', 'en:chocolat-noir-en-tablette-extra-degustation-a-70-de-cacao-minimum']",1,[],['en:e322'],599.0,46.0,28.0,29.0,11.0,8.5,0.01
Digestive Choco,8410376024326,"['en:snacks', 'en:sweet-snacks', 'en:biscuits-and-cakes', 'en:biscuits-and-crackers', 'en:biscuits', 'en:chocolate-biscuits', 'fr:biscuits-edulcores']",4,[],"['en:e322', 'en:e500', 'en:e500ii', 'en:e503', 'en:e503ii', 'en:e965']",449.0,21.0,7.0,0.5,6.0,7.0,0.65
Cracker épeautre et 3 graines,4056489546108,"['en:snacks', 'en:salty-snacks', 'en:appetizers', 'en:biscuits-and-crackers', 'en:crackers-appetizers']",0,[],[],460.0,21.0,2.9,2.3,9.3,15.0,1.9
Melts Cheese,5000168085593,"['en:snacks', 'en:salty-snacks', 'en:appetizers', 'en:biscuits-and-crackers', 'en:crackers-appetizers']",2,[],"['en:e500', 'en:e500ii', 'en:e503', 'en:e503ii']",493.0,22.9,16.2,8.0,2.5,10.8,2.2
Napolitain noir,6111017040881,"['en:snacks', 'en:sweet-snacks', 'en:cocoa-and-its-products', 'en:chocolates', 'en:dark-chocolates']",2,[],"['en:e322', 'en:e322i']",507.0,37.6,23.0,28.0,0.0,8.9,0.01
Shortbread All Butter Fingers,00019101,"['en:snacks', 'en:sweet-snacks', 'en:biscuits-and-cakes', 'en:biscuits', 'en:shortbread-cookies', 'en:shortbread']",1,[],"['en:e503', 'en:e503ii']",525.0,28.3,18.5,14.8,,6.2,0.6
Cheetos Sticks Palitos,8410199013545,"['en:snacks', 'en:salty-snacks', 'en:appetizers', 'en:biscuits-and-crackers', 'en:chips-and-fries', 'en:crisps', 'en:crackers-appetizers', 'en:puffed-salty-snacks']",5,[],"['en:e160c', 'en:e621', 'en:e627', 'en:e631', 'en:e951']",518.0,29.3,4.2,4.8,,6.0,1.7
Duo Fourré Goût Chocolat 🍫 Noisette 🥜,3017760656092,"['en:snacks', 'en:breakfasts', 'en:sweet-snacks', 'en:biscuits-and-cakes', 'en:biscuits-and-crackers', 'en:biscuits', 'en:chocolate-biscuits', 'en:dry-biscuits', 'en:breakfast-biscuit-with-cereals-fortified-with-vitamins-and-chemical-elements']",5,[],"['en:e322', 'en:e322i', 'en:e450', 'en:e450i', 'en:e472e', 'en:e500', 'en:e500ii', 'en:e503', 'en:e503ii']",447.0,15.0,5.14,27.7,5.53,7.51,0.514
Le Moelleux,3259426021053,"['en:snacks', 'en:desserts', 'en:sweet-snacks', 'en:biscuits-and-cakes', 'en:cakes', 'en:pound-cake']",2,[],"['en:e336', 'en:e500']",437.0,25.0,2.2,26.0,0.0,5.9,0.93
Galletas Desayuno Zero Sin Azúcares,8410376042498,"['en:snacks', 'en:breakfasts', 'en:sweet-snacks', 'en:biscuits-and-cakes', 'en:biscuits-and-crackers', 'en:biscuits', 'en:dry-biscuits', 'en:biscuit-with-reduced-sugar', 'en:breakfast-biscuit', 'en:breakfast-biscuit-with-reduced-sugar']",4,[],"['en:e322', 'en:e322i', 'en:e500', 'en:e500ii', 'en:e503', 'en:e503ii', 'en:e965']",410.0,14.0,1.3,1.4,9.8,6.8,0.65
Mini mix,8410376013191,"['en:snacks', 'en:salty-snacks', 'en:appetizers', 'en:meals']",3,[],"['en:e341', 'en:e341i', 'en:e500', 'en:e500ii', 'en:e502']",465.0,20.0,2.0,9.0,0.0,6.0,2.5
"Gran Cereale classico, Fiocchi d avena, farrone orzo",8076809582209,"['en:plant-based-foods-and-beverages', 'en:plant-based-foods', 'en:snacks', 'en:sweet-snacks', 'en:biscuits-and-cakes', 'en:biscuits-and-crackers', 'en:biscuits', 'en:oatmeal-biscuits']",0,[],[],461.0,18.5,1.8,17.0,8.0,8.3,0.7
Chips chili,6111242040823,"['en:plant-based-foods-and-beverages', 'en:plant-based-foods', 'en:snacks', 'en:cereals-and-potatoes', 'en:salty-snacks', 'en:appetizers', 'en:chips-and-fries', 'en:crisps', 'en:potato-crisps', 'en:flavoured-potato-crisps']",0,[],[],545.0,37.0,0.0,0.0,,5.3000001907349,0.85
Lightly Salted Potato Chips,5017764003111,"['en:plant-based-foods-and-beverages', 'en:plant-based-foods', 'en:snacks', 'en:cereals-and-potatoes', 'en:salty-snacks', 'en:appetizers', 'en:chips-and-fries', 'en:crisps', 'en:potato-crisps', 'en:potato-crisps-in-sunflower-oil', 'en:lightly-salted-potato-chips']",0,[],[],494.0,25.4,3.0,0.1,4.1,7.7,0.64
Nutella B-ready,8000500217078,"['en:snacks', 'en:sweet-snacks', 'en:biscuits-and-cakes', 'en:biscuits-and-crackers', 'en:cocoa-and-its-products', 'en:confectioneries', 'en:biscuits', 'en:chocolate-candies', 'en:bars', 'fr:nutella']",1,[],['en:e322'],521.0,27.0,9.5,47.1,0.0,7.2,0.559
Captain Rondo Cacao,20081232,"['en:snacks', 'en:sweet-snacks', 'en:biscuits-and-cakes', 'en:biscuits-and-crackers', 'en:biscuits', 'en:chocolate-biscuits', 'en:filled-biscuits']",4,[],"['en:e322', 'en:e322i', 'en:e500', 'en:e503']",468.0,19.0,10.0,30.0,3.8,6.3,0.33
Grany Noisettes 5 céréales,3392460481671,"['en:snacks', 'en:sweet-snacks', 'en:bars', 'en:cereal-bars', 'en:cereal-bars-with-nuts', 'en:cereal-bars-with-hazelnuts', 'en:cereal-bar-with-almonds-or-hazelnuts']",3,[],"['en:e322', 'en:e322i', 'en:e330', 'en:e420']",457.0,21.6,4.33,18.3,3.85,6.73,0.577
Tartelettes citron,3178530402988,"['en:snacks', 'en:sweet-snacks', 'en:biscuits-and-cakes', 'en:biscuits-and-crackers', 'en:biscuits', 'en:tartlet-biscuits-with-fruit-preparation']",2,[],"['en:e330', 'en:e440']",453.0,18.0,8.7,41.0,1.7,6.0,0.3
Chocolate negro 0% azúcares añadidos 85% cacao,8480000125248,"['en:snacks', 'en:sweet-snacks', 'en:cocoa-and-its-products', 'en:chocolates', 'en:chocolates-with-sweeteners', 'en:dark-chocolates', 'en:dark-chocolates-with-sweeteners']",3,[],"['en:e322', 'en:e322i', 'en:e960', 'en:e965']",571.0,49.0,30.0,1.0,13.0,11.0,0.0
Pringles Hot & Spicy,5053990107292,"['en:snacks', 'en:salty-snacks', 'en:appetizers', 'en:chips-and-fries', 'en:crisps', 'en:salty-snacks-made-from-potato', 'en:aperitif', 'en:snacks-sales', 'en:tuiles-salees']",10,[],"['en:e14xx', 'en:e160b', 'en:e160c', 'en:e270', 'en:e327', 'en:e330', 'en:e471', 'en:e621', 'en:e627', 'en:e631']",533.0,32.0,3.0,2.7,2.9,4.7,1.4
Monaco,7622210998095,"['en:snacks', 'en:salty-snacks', 'en:appetizers', 'en:biscuits-and-crackers', 'en:crackers-appetizers']",3,[],"['en:e322', 'en:e322i', 'en:e500', 'en:e500ii', 'en:e503', 'en:e503ii']",553.0,36.0,18.0,5.6,2.4,12.0,2.1
Madeleines aux œufs de poules élevées en plein air,3178530410136,"['en:snacks', 'en:desserts', 'en:sweet-snacks', 'en:biscuits-and-cakes', 'en:cakes', 'en:madeleines']",4,[],"['en:e422', 'en:e450', 'en:e450i', 'en:e471', 'en:e500']",476.0,27.0,2.5,22.0,1.0,5.7,0.88
200G CHOC LAIT COTE D OR,5410081200551,"['en:snacks', 'en:sweet-snacks', 'en:cocoa-and-its-products', 'en:chocolates', 'en:milk-chocolates']",1,[],"['en:e322', 'en:e322i']",520.0,28.0,17.0,55.0,3.7,7.4,0.23
Crackers heudebert,3392460460409,"['en:snacks', 'en:salty-snacks', 'en:appetizers', 'en:biscuits-and-crackers', 'en:crackers-appetizers', 'en:plain-salty-snacks']",1,[],['en:e500'],430.0,12.0,5.0,1.0,3.0,11.0,1.8
Gran Cereale Cioccolato,8076809522533,"['en:snacks', 'en:sweet-snacks', 'en:biscuits-and-cakes', 'en:biscuits-and-crackers', 'en:biscuits', 'en:chocolate-biscuits', 'en:dark-chocolate-biscuits']",2,[],"['en:e500', 'en:e500ii', 'en:e503', 'en:e503ii']",457.0,19.0,3.6,29.0,9.0,9.0,0.315
Crunchy Nut Bars with Peanuts & Chocolate,5013803991982,"['en:plant-based-foods-and-beverages', 'en:plant-based-foods', 'en:snacks', 'en:sweet-snacks', 'en:nuts-and-their-products', 'en:bars', 'en:dietary-supplements', 'en:bodybuilding-supplements', 'en:nut-bars', 'en:peanut-bars', 'en:protein-bars']",1,[],"['en:e322', 'en:e322i']",510.0,30.5,9.1,18.8,7.3,22.8,0.32
Raw Fruit & Nut Bars - Salted Caramel,5060088707975,"['en:plant-based-foods-and-beverages', 'en:plant-based-foods', 'en:snacks', 'en:sweet-snacks', 'en:nuts-and-their-products', 'en:bars', 'en:nut-bars', 'en:cashew-nut-bars']",0,[],[],367.0,11.5,2.2,52.0,5.3,6.5,0.45
Barres protéinées aux chocolat et cranberries sans gluten,8410076611277,"['en:snacks', 'en:sweet-snacks', 'en:bars', 'en:cereal-bars', 'fr:barres-de-cereales-aux-fruits-et-chocolat']",4,[],"['en:e170', 'en:e170i', 'en:e322', 'en:e322i', 'en:e422']",472.0,25.5,7.0,20.8,12.5,26.0,0.975
Madagascan Dark Chocolate,5054781841210,"['en:snacks', 'en:sweet-snacks', 'en:cocoa-and-its-products', 'en:chocolates', 'en:dark-chocolates']",0,[],[],590.0,44.0,26.5,28.5,9.5,8.5,0.05
Cacao & Orange Oat Bars,5060482841978,"['en:snacks', 'en:sweet-snacks', 'en:bars', 'en:oat-bar', 'en:oat-bar', 'en:oat-bar-rolled-oats']",0,[],[],418.0,16.7,9.0,24.2,5.7,7.0,0.04
10 Pains au lait au levain,3564700019252,"['en:snacks', 'en:sweet-snacks', 'en:sweet-pastries-and-pies', 'en:viennoiseries', 'en:milk-bread-rolls']",2,[],"['en:e160', 'en:e300']",366.0,13.0,2.3,11.0,2.3,9.0,0.85
Cream Crackers Original,5000137415970,"['en:snacks', 'en:salty-snacks', 'en:appetizers', 'en:biscuits-and-crackers', 'en:crackers-appetizers']",1,[],"['en:e500', 'en:e500ii']",439.0,13.6,6.3,0.6,3.0,10.0,1.2775
Proper Corn Sea Salted Popcorn,5060283760041,"['en:snacks', 'en:salty-snacks', 'en:popcorn', 'en:salted-popcorn']",0,[],[],439.0,17.4,1.2,0.6,10.9,8.6,1.09
Peanut Butter Oat Bar,5060482840759,"['en:snacks', 'en:sweet-snacks', 'en:bars', 'en:cereal-bars', 'en:oat-bar']",0,[],[],460.0,23.6,10.2,21.2,5.0,10.2,0.47
Black Forest cherry dark chocolate,5060719920285,"['en:snacks', 'en:sweet-snacks', 'en:cocoa-and-its-products', 'en:chocolates', 'en:dark-chocolates', 'en:dark-chocolate-bar-with-more-than-70-cocoa']",0,[],[],567.0,40.0,24.0,31.0,9.0,9.0,0.3
Doritos goût nature,3168930173311,"['en:snacks', 'en:salty-snacks', 'en:appetizers', 'en:chips-and-fries', 'en:crisps', 'en:corn-chips']",4,[],"['en:e300', 'en:e306', 'en:e330', 'en:e392']",470.0,20.0,1.8,1.1,6.2,6.5,0.71
Prince -  Goût Lait -  Choco Au Blé Compet,7622210450029,"['en:snacks', 'en:sweet-snacks', 'en:biscuits-and-cakes', 'en:biscuits', 'en:chocolate-biscuits', 'en:filled-biscuits']",3,[],"['en:e322', 'en:e322i', 'en:e500', 'en:e503']",477.0,19.0,6.1,34.0,3.2,6.0,0.52
Bretzels d'Alsace maxi,3018930004903,"['en:snacks', 'en:salty-snacks', 'en:appetizers', 'en:biscuits-and-crackers', 'en:crackers-appetizers', 'en:pretzel']",1,[],['en:e524'],399.0,6.4,3.2,1.8,4.6,10.0,2.5
Maispops,5941868200087,"['en:snacks', 'en:salty-snacks', 'en:appetizers', 'en:biscuits-and-crackers', 'en:crackers-appetizers', 'en:puffed-salty-snacks']",0,[],[],476.0,20.0,4.5,1.0,2.3,6.0,0.6
Fourrés Chocolat🍫,3456300014556,"['en:snacks', 'en:sweet-snacks', 'en:frozen-foods', 'en:biscuits-and-cakes', 'en:biscuits', 'en:filled-biscuits']",1,[],['en:e500'],489.0,22.0,7.6,26.0,4.5,6.6,0.88
Yoyos Strawberry Multipack 5 x,5060139430364,"['en:snacks', 'en:sweet-snacks', 'en:confectioneries']",0,[],[],280.0,0.0,0.0,42.0,8.0,1.9,0.0
Salt & Vinegar Lentil Chips,5060283762427,"['en:plant-based-foods-and-beverages', 'en:plant-based-foods', 'en:snacks', 'en:cereals-and-potatoes', 'en:salty-snacks', 'en:appetizers', 'en:chips-and-fries', 'en:crisps', 'en:potato-crisps', 'en:salt-and-vinegar-crisps']",0,[],[],465.0,20.0,1.5,1.5,2.5,9.5,0.00663
Capri Vanille,6111249960988,"['en:snacks', 'en:sweet-snacks', 'en:biscuits-and-cakes', 'en:biscuits', 'en:wafers', 'en:stuffed-wafers', 'en:vanilla-stuffed-wafers']",3,[],"['en:e322', 'en:e450', 'en:e500', 'en:e500ii']",512.0,24.0,12.0,27.0,,6.4,0.18
Nooco,6111270961442,"['en:snacks', 'en:sweet-snacks', 'en:biscuits-and-cakes', 'en:biscuits-and-crackers', 'en:cocoa-and-its-products', 'en:biscuits', 'en:chocolates', 'en:milk-chocolates']",4,[],"['en:e223', 'en:e322', 'en:e322i', 'en:e450', 'en:e450i', 'en:e503', 'en:e503ii']",494.0,23.5,0.0,0.0,2.3,8.2,0.3
Golden,6111031005651,"['en:plant-based-foods-and-beverages', 'en:plant-based-foods', 'en:snacks', 'en:cereals-and-potatoes', 'en:sweet-snacks', 'en:biscuits-and-cakes', 'en:biscuits-and-crackers', 'en:biscuits', 'en:breads', 'en:rusks']",2,[],"['en:e322', 'en:e322i', 'en:e500', 'en:e500ii']",461.0,14.5,6.7,27.0,0.2,6.3,0.43
Crêpes dentelle - L'authentique,3431410001023,"['en:snacks', 'en:sweet-snacks', 'en:biscuits-and-cakes', 'en:biscuits', 'en:crepes-dentelle', 'en:plain-crepes-dentelle']",1,[],['en:e500'],428.0,10.0,6.8,48.0,,5.5,1.0
LOTUS Gaufre de Liège - Perles de sucre - 315g (7x1p),5410126832051,"['en:snacks', 'en:frozen-foods', 'en:sweet-snacks', 'en:biscuits-and-cakes', 'en:cakes', 'en:sweet-pies', 'en:pastries', 'en:waffles', 'en:shelf-stable-sweet-pies', 'fr:gaufres-liegeoises']",2,[],"['en:e322', 'en:e322i', 'en:e481']",442.0,22.0,11.0,29.0,0.9,5.0,0.6
Petit nesquik,3023290007310,"['en:dairies', 'en:fermented-foods', 'en:fermented-milk-products', 'en:snacks', 'en:desserts', 'en:sweet-snacks', 'en:cocoa-and-its-products', 'en:dairy-desserts', 'en:fermented-dairy-desserts', 'en:entremets-mousses-and-creamy-puddings', 'en:chocolate-desserts', 'en:creamy-puddings', 'en:chocolate-creamy-puddings', 'en:refrigerated-creamy-puddings', 'en:dairy-chocolate-desserts', 'en:refrigerated-chocolate-creamy-puddings']",1,[],['en:e331'],186.0,7.2,4.7,20.4,0.5,4.4,0.5
L'Original noir,7622210438294,"['en:snacks', 'en:sweet-snacks', 'en:cocoa-and-its-products', 'en:chocolates', 'en:dark-chocolates']",1,[],"['en:e322', 'en:e322i']",528.0,30.0,18.0,53.0,7.5,5.1,0.01
Digestive avena,8480000142108,"['en:snacks', 'en:sweet-snacks', 'en:biscuits-and-cakes', 'en:biscuits-and-crackers', 'en:biscuits', 'en:oatmeal-biscuits']",2,[],"['en:e500', 'en:e500ii', 'en:e503', 'en:e503ii']",469.0,20.0,2.0,18.0,8.4,8.0,0.95
Scottish Rough Oatcakes,5031021069665,"['en:snacks', 'en:salty-snacks', 'en:sweet-snacks', 'en:appetizers', 'en:biscuits-and-cakes', 'en:biscuits-and-crackers', 'en:biscuits', 'en:crackers-appetizers']",1,[],"['en:e500', 'en:e500ii']",448.0,17.3,6.4,0.8,9.6,10.7,1.4
Apple & Raisin Oat Bar,5060482840209,"['en:beverages-and-beverages-preparations', 'en:plant-based-foods-and-beverages', 'en:beverages', 'en:plant-based-foods', 'en:snacks', 'en:cereals-and-potatoes', 'en:seeds', 'en:sweet-snacks', 'en:cereals-and-their-products', 'en:hot-beverages', 'en:plant-based-beverages', 'en:cereal-grains', 'en:teas', 'en:bars', 'en:cereal-bars', 'en:fruits-cereal-bars', 'en:apple-cereal-bars', 'en:oat']",0,[],[],426.0,17.4,9.5,29.0,4.9,5.6,0.29
Tortilla chips,00414234,"['en:snacks', 'en:salty-snacks', 'en:appetizers', 'en:chips-and-fries', 'en:crisps', 'en:corn-chips', 'en:aperitif', 'en:chips-de-mais', 'en:snacks-sales']",0,[],[],481.0,21.9,2.0,1.4,5.7,5.5,0.75
Prince petit dej,3017760306492,"['en:snacks', 'en:breakfasts', 'en:sweet-snacks', 'en:biscuits-and-cakes', 'en:biscuits-and-crackers', 'en:biscuits', 'en:chocolate-biscuits', 'en:dry-biscuits', 'en:breakfast-biscuit-with-cereals-fortified-with-vitamins-and-chemical-elements']",5,[],"['en:e322', 'en:e322i', 'en:e472e', 'en:e500', 'en:e503', 'en:e504']",450.0,17.0,8.1,28.0,3.7,7.1,0.55
Doo Wap pépites choco,3228857001132,"['en:snacks', 'en:sweet-snacks', 'en:sweet-pastries-and-pies', 'en:viennoiseries', 'en:brioches', 'en:brioche-filled-with-chocolate-drops']",0,[],[],340.0,12.3,3.5,18.0,4.4,8.0,0.75
Special K High Protein,5053827189927,"['en:snacks', 'en:sweet-snacks', 'en:frozen-foods', 'en:bars', 'en:cereal-bars', 'en:dietary-supplements', 'en:bodybuilding-supplements', 'en:protein-bars']",3,[],"['en:e322', 'en:e322i', 'en:e392', 'en:e422']",421.0,16.1,1.4,4.5,1.6,22.9,0.17
LOTUS BISCOFF Speculoos Fourré - Crème Speculoos - 150g,5410126006360,"['en:snacks', 'en:sweet-snacks', 'en:biscuits-and-cakes', 'en:biscuits-and-crackers', 'en:biscuits', 'en:filled-biscuits', 'en:biscuits-cookies-shelf-stable', 'en:speculoos']",2,[],"['en:e322', 'en:e322i', 'en:e500', 'en:e500ii']",522.0,27.0,12.0,35.0,1.2,4.3,0.82
Cake fourré saveur fraise,06163772,"['en:snacks', 'en:sweet-snacks', 'en:biscuits-and-cakes', 'en:cakes', 'en:biscuits-et-gateaux', 'en:gateaux']",2,[],"['en:e322', 'en:e322i', 'en:e500', 'en:e500ii']",421.0,19.0,2.4,31.0,3.8,4.0,0.15
Pringles Cașcaval,5053990106981,"['en:snacks', 'en:salty-snacks', 'en:appetizers', 'en:chips-and-fries', 'en:crisps', 'en:salty-snacks-made-from-potato']",5,[],"['en:e270', 'en:e471', 'en:e621', 'en:e627', 'en:e631']",514.0,29.0,3.0,1.4,3.5,6.4,1.4
Chocolate Orange Milk,3664346304863,"['en:snacks', 'en:sweet-snacks', 'en:cocoa-and-its-products', 'en:confectioneries', 'en:chocolates', 'en:milk-chocolates']",2,[],"['en:e322', 'en:e476']",524.0,29.0,17.0,59.0,2.4,5.8,0.27
Bournville Dark Chocolate bar,7622210249661,"['en:snacks', 'en:sweet-snacks', 'en:cocoa-and-its-products', 'en:confectioneries', 'en:bars', 'en:chocolate-candies', 'en:chocolates', 'en:dark-chocolates']",2,[],"['en:e322', 'en:e322i', 'en:e476']",523.0,28.0,17.0,58.0,5.5,4.1,0.01
McVitie's Rich Tea Delights,5000168124643,"['en:snacks', 'en:sweet-snacks', 'en:biscuits-and-cakes', 'en:biscuits']",3,[],"['en:e322', 'en:e322i', 'en:e472e', 'en:e500', 'en:e500ii']",452.0,15.8,1.5,12.8,7.3,7.2,0.001675
Lentil chips,5060878780386,"['en:snacks', 'en:salty-snacks', 'en:appetizers', 'en:chips-and-fries', 'en:crisps']",0,[],[],456.0,18.0,1.5,0.7,4.4,13.0,2.1625
"Ker Cadélac - Madeleines Original Recipe, 600g (21.2oz)",3259421340012,"['en:snacks', 'en:desserts', 'en:sweet-snacks', 'en:biscuits-and-cakes', 'en:cakes', 'en:pound-cake', 'en:madeleines', 'en:plain-madeleines']",6,[],"['en:e330', 'en:e420', 'en:e422', 'en:e450', 'en:e471', 'en:e500']",469.0,27.0,2.3,26.0,,5.3,1.0
La Grande Galette 1905,4017100499715,"['en:snacks', 'en:sweet-snacks', 'en:biscuits-and-cakes', 'en:biscuits', 'fr:galettes-au-beurre']",1,[],['en:e503'],501.0,21.0,14.0,25.0,2.4,6.7,0.001875
"Grany moelleux, fruit des bois",5410041161700,"['en:snacks', 'en:sweet-snacks', 'en:bars', 'en:biscuits-and-cakes', 'en:biscuits', 'en:cereal-bars', 'en:fruits-cereal-bars']",11,[],"['en:e14xx', 'en:e163', 'en:e300', 'en:e330', 'en:e331', 'en:e331iii', 'en:e401', 'en:e420', 'en:e420ii', 'en:e422', 'en:e440', 'en:e450', 'en:e450i', 'en:e500', 'en:e500ii']",400.0,15.0,8.5,35.0,3.7,6.0,1.2
Sticks et Bretzels d'Alsace,3027030007622,"['en:snacks', 'en:salty-snacks', 'en:appetizers', 'en:biscuits-and-crackers', 'en:crackers-appetizers', 'en:pretzel']",1,[],['en:e524'],398.0,5.3,0.5,2.3,,10.0,3.9
moelleux pépites de chocolat,3175681135024,"['en:snacks', 'en:sweet-snacks', 'en:biscuits-and-cakes', 'en:biscuits', 'en:cakes', 'en:chocolate-cakes']",9,[],"['en:e1510', 'en:e322', 'en:e322i', 'en:e336', 'en:e412', 'en:e415', 'en:e420', 'en:e422', 'en:e500', 'en:e965']",367.0,21.0,1.3,0.0,4.5,5.4,0.46
Galettes Bretonnes Pur Beurre,20093709,"['en:snacks', 'en:sweet-snacks', 'en:biscuits-and-cakes', 'en:biscuits-and-crackers', 'en:crepes-and-galettes', 'en:biscuits', 'en:shortbread-cookies', 'en:galettes', 'en:shortbread-cookies-from-brittany', 'en:biscuits-et-gateaux', 'en:biscuits-sables', 'en:galettes-bretonnes', 'en:snacks-sucres']",4,[],"['en:e160', 'en:e450', 'en:e500', 'en:e503']",496.0,20.0,13.3,24.2,,7.4,0.92
230G VICHY MENTHE,3664346306539,"['en:snacks', 'en:sweet-snacks', 'en:confectioneries', 'en:candies', 'en:french-candies', 'fr:pastilles-vichy']",1,[],['en:e470b'],400.0,0.6,0.0,98.5,,0.0,0.0
Chips saveur Pesto Mozzarella,3497917002741,"['en:plant-based-foods-and-beverages', 'en:plant-based-foods', 'en:snacks', 'en:cereals-and-potatoes', 'en:salty-snacks', 'en:appetizers', 'en:chips-and-fries', 'en:crisps', 'en:potato-crisps', 'en:flavoured-potato-crisps', 'en:wavy-potato-crisps']",0,[],[],522.0,31.0,2.6,3.4,4.8,6.3,1.4
Rice Crackers Finement Salé promotion,3609200010054,"['en:snacks', 'en:salty-snacks', 'en:appetizers', 'en:biscuits-and-crackers', 'en:crackers-appetizers', 'en:plain-salty-snacks', 'en:rice-crackers']",1,[],['en:e322'],429.0,8.0,2.0,0.8,0.8,6.9,1.1
Lindt Excellence Milk Chocolate 100g,3046920011013,"['en:snacks', 'en:sweet-snacks', 'en:cocoa-and-its-products', 'en:confectioneries', 'en:chocolates', 'en:milk-chocolates', 'en:chocolates-with-extra-fine-milk']",1,[],"['en:e322', 'en:e322i']",566.0,37.0,23.0,50.0,,6.5,0.275
Cocoa Oat Protein Flapjacks Chocolate Flavour Topped 3 x,5060088704097,"['en:plant-based-foods-and-beverages', 'en:plant-based-foods', 'en:snacks', 'en:cereals-and-potatoes', 'en:sweet-snacks', 'en:cereals-and-their-products', 'en:bars', 'en:dietary-supplements', 'en:bodybuilding-supplements', 'en:energy-bars', 'en:protein-bars', 'en:protein-energy-bars']",1,[],"['en:e322', 'en:e322i']",454.0,22.0,10.0,28.0,3.9,18.0,0.698
Baked Pretzels Original Sea Salted,5032439100070,"['en:plant-based-foods-and-beverages', 'en:plant-based-foods', 'en:snacks', 'en:cereals-and-potatoes', 'en:salty-snacks', 'en:appetizers', 'en:biscuits-and-crackers', 'en:breads', 'en:crackers-appetizers', 'en:special-breads', 'en:pretzel']",1,[],['en:e524'],393.0,4.6,0.5,3.3,3.6,10.0,2.46
Pom-Bear Original 6pk,5000237130612,"['en:snacks', 'en:salty-snacks', 'en:appetizers', 'en:chips-and-fries', 'en:crisps']",1,[],['en:e570'],528.0,28.0,2.7,1.2,0.5,3.2,1.7
Bounty 2x,40111216,"['en:snacks', 'en:sweet-snacks', 'en:cocoa-and-its-products', 'en:confectioneries', 'en:chocolate-candies', 'en:bars', 'en:candy-chocolate-bars']",3,[],"['en:e322', 'en:e322i', 'en:e422', 'en:e471']",483.0,24.1,21.0,48.3,6.9,3.45,0.259
Toast brioché,3392460488809,"['en:plant-based-foods-and-beverages', 'en:plant-based-foods', 'en:snacks', 'en:cereals-and-potatoes', 'en:sweet-snacks', 'en:sweet-pastries-and-pies', 'en:breads', 'en:viennoiseries', 'en:brioches', 'en:rusks', 'en:toasts']",3,[],"['en:e300', 'en:e471', 'en:e481']",438.0,8.7,5.4,10.0,3.5,14.0,1.1
Chocolat noir dégustation 85% cacao bio,3564707142700,"['en:snacks', 'en:sweet-snacks', 'en:cocoa-and-its-products', 'en:chocolates', 'en:dark-chocolates', 'en:dark-chocolate-bar', 'fr:chocolat-noir-bio']",0,[],[],639.0,55.0,34.0,16.0,17.0,9.0,0.0
Oreo Double Creme,7622210137258,"['en:snacks', 'en:sweet-snacks', 'en:biscuits-and-cakes', 'en:biscuits-and-crackers', 'en:biscuits', 'en:filled-biscuits', 'en:chocolate-sandwich-cookies']",3,[],"['en:e500', 'en:e503', 'en:e524']",492.0,22.0,7.4,40.0,2.3,4.3,0.58
Ronditas 32% Chocolate,8410376029079,"['en:snacks', 'en:sweet-snacks', 'en:biscuits-and-cakes', 'en:biscuits-and-crackers', 'en:biscuits']",2,[],"['en:e502', 'en:e965']",513.0,25.2,10.6,0.645,4.84,7.1,0.632
Trancetto Cacao,80633044,"['en:snacks', 'en:sweet-snacks', 'en:biscuits-and-cakes', 'en:biscuits-and-crackers', 'en:biscuits', 'en:cakes', 'en:filled-biscuits', 'en:biscuits-with-nuts', 'en:filled-sponge-cake-slices']",3,[],"['en:e322', 'en:e322i', 'en:e450', 'en:e502']",369.0,13.0,6.8,34.0,,5.3,0.4025
Ferrero Rocher,8000500192801,"['en:snacks', 'en:sweet-snacks', 'en:cocoa-and-its-products', 'en:confectioneries', 'en:chocolate-candies']",2,[],"['en:e322', 'en:e500', 'en:e500ii']",603.0,42.7,14.1,39.9,0.0,8.2,0.153
Bear Pure Fruit Yoyos Strawberry 20G,5060139430241,"['en:plant-based-foods-and-beverages', 'en:plant-based-foods', 'en:fruits-and-vegetables-based-foods', 'en:snacks', 'en:sweet-snacks', 'en:confectioneries', 'en:frozen-foods', 'en:fruits-based-foods', 'en:dried-products', 'en:dried-plant-based-foods', 'en:dried-fruits', 'en:fruit-pastes']",0,[],[],280.0,0.0,0.0,42.0,10.0,1.9,0.0
RASPBERRY WHOLEGRAIN OAT BARS,5060183674011,"['en:plant-based-foods-and-beverages', 'en:plant-based-foods', 'en:snacks', 'en:cereals-and-potatoes', 'en:seeds', 'en:sweet-snacks', 'en:cereals-and-their-products', 'en:cereal-grains', 'en:bars', 'en:cereal-bars', 'en:oat', 'en:oat-cereal-bar']",2,[],"['en:e150a', 'en:e422']",429.0,20.0,4.0,13.0,15.0,8.1,0.05
Noir 70 %,3760121219749,"['en:snacks', 'en:sweet-snacks', 'en:cocoa-and-its-products', 'en:chocolates', 'en:dark-chocolates', 'en:dark-chocolate-bar-with-more-than-70-cocoa']",0,[],[],565.0,42.0,27.0,29.0,13.0,7.9,0.1
Mars,5900951311321,"['en:snacks', 'en:sweet-snacks', 'en:cocoa-and-its-products', 'en:confectioneries', 'en:chocolate-candies', 'en:bars', 'en:candy-chocolate-bars', 'en:caramel-chocolate-bars']",0,[],[],443.0,15.9,7.45,60.8,,4.51,0.657
Biscuit chocolat noir,3175680012937,"['en:snacks', 'en:sweet-snacks', 'en:biscuits-and-cakes', 'en:biscuits-and-crackers', 'en:biscuits', 'en:chocolate-biscuits', 'en:dark-chocolate-biscuits', 'en:biscuit-with-a-chocolate-bar-covering', 'en:biscuit-with-a-dark-chocolate-bar-covering']",4,[],"['en:e322', 'en:e330', 'en:e500', 'en:e503']",494.0,23.0,11.0,34.0,4.3,7.6,0.52
Fourrés vanille bio,3229820787442,"['en:snacks', 'en:sweet-snacks', 'en:biscuits-and-cakes', 'en:biscuits-and-crackers', 'en:biscuits', 'en:filled-biscuits']",5,[],"['en:e322', 'en:e392', 'en:e414', 'en:e500', 'en:e503']",484.0,20.0,7.3,31.0,3.0,7.4,0.59
Chamallow,3103220046159,"['en:snacks', 'en:sweet-snacks', 'en:confectioneries', 'en:candies', 'en:marshmallows']",2,[],"['en:e420', 'en:e420ii', 'en:e428']",333.0,0.5,0.1,68.0,,3.5,0.02
Haïti Grand cru Cap haïtien 72% cacaoté et fruité,3760091726650,"['en:snacks', 'en:sweet-snacks', 'en:cocoa-and-its-products', 'en:chocolates', 'en:dark-chocolates', 'en:extra-fine-dark-chocolates']",0,[],[],580.0,42.0,25.0,27.0,9.7,9.5,0.0
Knusper Schnitte,20146092,"['en:snacks', 'en:sweet-snacks', 'en:biscuits-and-cakes', 'en:biscuits-and-crackers', 'en:biscuits', 'en:pastries', 'en:wafers', 'en:chocolate-biscuits', 'en:stuffed-wafers', 'en:waffles', 'en:chocolate-stuffed-wafers']",2,[],"['en:e322', 'en:e500']",529.0,31.2,22.7,34.2,3.4,8.1,0.28
Briochettes,3256549999870,"['en:snacks', 'en:sweet-snacks', 'en:sweet-pastries-and-pies', 'en:viennoiseries', 'en:brioches', 'en:small-brioches']",1,[],['en:e471'],359.0,13.0,3.0,11.0,3.8,7.9,1.0
Gran Cereale Frutta,8076809514064,"['en:snacks', 'en:sweet-snacks', 'en:biscuits-and-cakes', 'en:biscuits']",3,[],"['en:e450', 'en:e450i', 'en:e500', 'en:e500ii', 'en:e503', 'en:e503ii']",464.0,20.0,1.8,18.0,8.4,8.8,0.74
Ugandan dark chocolate,5057172578825,"['en:snacks', 'en:sweet-snacks', 'en:cocoa-and-its-products', 'en:chocolates', 'en:dark-chocolates']",0,[],[],615.0,50.0,30.0,15.0,12.0,10.0,0.05
Shortbread fingers,4088600107998,"['en:snacks', 'en:sweet-snacks', 'en:biscuits-and-cakes', 'en:biscuits', 'en:shortbread-cookies', 'en:shortbread']",0,[],[],514.09997558594,27.0,17.0,14.0,,5.5999999046326,0.40999999642372
chocolat noir aux pépites,6111250477277,"['en:snacks', 'en:sweet-snacks', 'en:cocoa-and-its-products', 'en:chocolates', 'en:dark-chocolates', 'en:dark-chocolates-with-cocoa-nibs']",1,[],"['en:e322', 'en:e322i']",547.0,39.0,25.0,30.0,12.4,7.7,0.02
Cracotte fibres,7622300694678,"['en:plant-based-foods-and-beverages', 'en:plant-based-foods', 'en:snacks', 'en:cereals-and-potatoes', 'en:extruded-crispbreads']",0,[],[],368.0,3.5,1.1,6.3,11.0,11.0,1.4
Butterkekse,4017100370007,"['en:snacks', 'en:sweet-snacks', 'en:biscuits-and-cakes', 'en:biscuits-and-crackers', 'en:biscuits', 'en:petit-beurre']",4,[],"['en:e322', 'en:e330', 'en:e450', 'en:e500']",435.0,12.0,7.8,21.0,2.8,8.4,1.48
Peanuts roasted & salted,20054793,"['en:plant-based-foods-and-beverages', 'en:plant-based-foods', 'en:legumes-and-their-products', 'en:snacks', 'en:legumes', 'en:salty-snacks', 'en:nuts-and-their-products', 'en:nuts', 'en:cashew-nuts', 'en:roasted-nuts', 'en:peanuts', 'en:salted-nuts', 'en:peanut-grilled-salted', 'en:roasted-peanuts', 'en:salted-peanuts']",0,[],[],619.0,51.4,7.9,5.3,8.2,24.0,0.8
Cuor di cereale cioccolato,8410376039979,"['en:snacks', 'en:sweet-snacks', 'en:biscuits-and-cakes', 'en:biscuits-and-crackers', 'en:biscuits', 'en:chocolate-biscuits']",2,[],"['en:e500', 'en:e500ii', 'en:e503', 'en:e503ii']",438.0,15.0,0.5,22.0,1.3,7.8,0.1255
,8410376043686,"['en:snacks', 'en:sweet-snacks', 'en:biscuits-and-cakes', 'en:biscuits-and-crackers', 'en:biscuits', 'en:biscuits-et-gateaux', 'en:snacks-sucres']",5,[],"['en:e1200', 'en:e306', 'en:e322', 'en:e322i', 'en:e502', 'en:e503', 'en:e503ii']",446.0,14.0,2.0,1.0,14.0,7.8,0.65
Chips paysanne nature,3168930168195,"['en:plant-based-foods-and-beverages', 'en:plant-based-foods', 'en:snacks', 'en:cereals-and-potatoes', 'en:salty-snacks', 'en:appetizers', 'en:chips-and-fries', 'en:crisps', 'en:potato-crisps', 'en:farmer-s-crisps', 'en:potato-crisps-in-sunflower-oil']",0,[],[],514.0,30.0,3.2,0.5,3.9,6.2,1.3
Sensations Thai Sweet Chilli Crisps,5000328192871,"['en:plant-based-foods-and-beverages', 'en:plant-based-foods', 'en:snacks', 'en:cereals-and-potatoes', 'en:salty-snacks', 'en:appetizers', 'en:chips-and-fries', 'en:crisps', 'en:potato-crisps', 'en:flavoured-potato-crisps', 'en:potato-crisps-in-sunflower-oil']",2,[],"['en:e160c', 'en:e509']",489.0,26.0,0.66,3.9,5.9,6.6,0.5925
Brunch bar choc chip,7622201824334,"['en:snacks', 'en:sweet-snacks', 'en:bars', 'en:cereal-bars', 'en:chocolate-cereal-bars']",4,[],"['en:e322', 'en:e420', 'en:e471', 'en:e476']",427.0,16.0,8.3,27.0,4.7,6.1,0.53
Corn Smoked BBQ Crunchy Corn,5060490400259,"['en:plant-based-foods-and-beverages', 'en:plant-based-foods', 'en:snacks', 'en:cereals-and-potatoes', 'en:salty-snacks', 'en:seeds', 'en:appetizers', 'en:cereals-and-their-products', 'en:cereal-grains', 'en:corn']",0,[],[],439.0,12.9,1.43,2.86,7.14,7.14,1.05
Cigar,3362600007764,"['en:snacks', 'en:sweet-snacks', 'en:cocoa-and-its-products', 'en:confectioneries', 'en:chocolate-candies']",0,[],[],468.0,18.2,9.09,50.0,2.73,4.55,0.325
brioche tressée,3256540001787,"['en:snacks', 'en:sweet-snacks', 'en:sweet-pastries-and-pies', 'en:viennoiseries', 'en:brioches', 'fr:brioches-tressees']",1,[],['en:e300'],342.0,13.0,5.0,14.0,2.6,8.0,0.92
Taboule oriental 300g,3083680484466,"['en:snacks', 'en:meals', 'en:salty-snacks', 'en:appetizers', 'en:savory-semolina-dishes', 'en:tabbouleh', 'en:eastern-tabbouleh', 'en:vegetables-prepared-processed-perishable']",0,[],[],178.0,6.0,0.6,4.0,2.0,5.0,0.95
Monster Munch Salé,3336971307020,"['en:snacks', 'en:salty-snacks', 'en:appetizers', 'en:biscuits-and-crackers', 'en:crackers-appetizers', 'en:puffed-salty-snacks-potato-soy-based', 'en:puffed-salty-snacks', 'en:puffed-salty-snacks-made-from-potato']",1,[],['en:e471'],494.0,25.0,2.8,3.7,4.8,4.3,1.8
Brossard le cake à l'anglaise,3088866541056,"['en:snacks', 'en:desserts', 'en:sweet-snacks', 'en:biscuits-and-cakes', 'en:cakes', 'en:fruit-cakes']",8,[],"['en:e120', 'en:e202', 'en:e220', 'en:e330', 'en:e401', 'en:e420', 'en:e450', 'en:e500']",345.0,8.9,0.9,37.0,3.2,4.2,0.39
La Vicoise saveur sel de mer,3336971410027,"['en:plant-based-foods-and-beverages', 'en:plant-based-foods', 'en:snacks', 'en:cereals-and-potatoes', 'en:salty-snacks', 'en:appetizers', 'en:chips-and-fries', 'en:crisps', 'en:potato-crisps', 'en:potato-crisps-in-sunflower-oil']",0,[],[],480.0,27.0,2.4,0.64,5.4,6.2,0.89
Biscuits Petit déj Bio Céréales Miel,3175681272934,"['en:snacks', 'en:sweet-snacks', 'en:biscuits-and-cakes', 'en:biscuits']",2,[],"['en:e330', 'en:e500']",465.0,18.0,1.8,16.0,6.7,7.4,0.37
"Biscuits Nutella x3 biscuits fourrés - 41,4g",8000500359358,"['en:snacks', 'en:sweet-snacks', 'en:biscuits-and-cakes', 'en:biscuits-and-crackers', 'en:biscuits', 'en:biscuits-cookies-shelf-stable', 'fr:botanas', 'fr:galletas', 'fr:galletas-de-chocolate', 'fr:galletas-rellenas', 'fr:galletas-y-pasteles', 'fr:snacks-dulces']",4,[],"['en:e322', 'en:e322i', 'en:e450', 'en:e450i', 'en:e503', 'en:e503ii']",515.0,24.8,11.5,35.8,,7.9,0.559
Protein Peanut & Chocolate Bars,8410076610355,"['en:plant-based-foods-and-beverages', 'en:plant-based-foods', 'en:snacks', 'en:sweet-snacks', 'en:nuts-and-their-products', 'en:bars', 'en:cereal-bars', 'en:dietary-supplements', 'en:bodybuilding-supplements', 'en:nut-bars', 'en:peanut-bars', 'en:protein-bars']",2,[],"['en:e322', 'en:e322i', 'en:e422']",489.0,28.3,7.4,17.2,11.0,25.6,0.925
Malt Lunchbox Loaves,5018735224924,"['en:snacks', 'en:sweet-snacks', 'en:biscuits-and-cakes', 'en:cakes']",1,[],['en:e150c'],307.0,1.67,0.333,19.0,3.67,8.0,0.492
All Butter Scottish Shortbread Fingers,00672566,"['en:snacks', 'en:sweet-snacks', 'en:biscuits-and-cakes', 'en:biscuits', 'en:shortbread-cookies', 'en:shortbread', 'en:scottish-shortbread']",1,[],"['en:e500', 'en:e500ii']",517.0,28.0,17.5,17.0,2.8,5.5,0.7
Black Peppercorn Bolli Italian Crackers,5060198641169,"['en:snacks', 'en:salty-snacks', 'en:appetizers', 'en:biscuits-and-crackers', 'en:crackers-appetizers']",1,[],"['en:e503', 'en:e503ii']",426.0,11.0,4.7,11.0,1.5,9.0,2.0
Granola l'original,3017760635295,"['en:snacks', 'en:sweet-snacks', 'en:biscuits-and-cakes', 'en:biscuits-and-crackers', 'en:biscuits', 'en:chocolate-biscuits', 'en:milk-chocolate-biscuits', 'en:digestives-covered-with-chocolate', 'en:biscuits-et-gateaux', 'en:sables-nappes-de-chocolat', 'en:snacks-sucres']",5,[],"['en:e322', 'en:e322i', 'en:e330', 'en:e476', 'en:e500', 'en:e503']",491.0,23.0,12.0,28.0,3.5,5.9,1.2
Belvita petit déjeuner goût noisette et chocolat,3017760803991,"['en:snacks', 'en:breakfasts', 'en:sweet-snacks', 'en:biscuits-and-cakes', 'en:biscuits-and-crackers', 'en:biscuits', 'en:dry-biscuits', 'en:breakfast-biscuit', 'en:breakfast-biscuit-with-cereals-fortified-with-vitamins-and-chemical-elements']",4,[],"['en:e322', 'en:e322i', 'en:e330', 'en:e500', 'en:e500ii', 'en:e503', 'en:e503ii']",452.0,15.0,1.8,26.0,4.3,7.6,0.9
Délichoc Noir,3116430208941,"['en:snacks', 'en:sweet-snacks', 'en:biscuits-and-cakes', 'en:biscuits-and-crackers', 'en:biscuits', 'en:chocolate-biscuits', 'en:dark-chocolate-biscuits', 'en:biscuit-with-a-chocolate-bar-covering', 'en:biscuit-with-a-dark-chocolate-bar-covering', 'en:biscuits-cookies-shelf-stable']",3,[],"['en:e322', 'en:e322i', 'en:e500', 'en:e503']",487.0,22.3,13.0,39.2,,5.3,0.3
Dunkle Voll-Nuss,4000417702005,"['en:snacks', 'en:sweet-snacks', 'en:cocoa-and-its-products', 'en:chocolates', 'en:dark-chocolates', 'en:chocolates-with-hazelnuts', 'en:dark-chocolates-with-hazelnuts']",1,[],['en:e322'],577.0,41.0,16.0,37.0,,8.4,0.01
Molinetti,8076809544504,"['en:snacks', 'en:sweet-snacks', 'en:biscuits-and-cakes', 'en:biscuits-and-crackers', 'en:biscuits']",0,[],[],467.0,19.0,3.2,21.0,6.0,8.0,0.69
Crunchy Oats & Dark Chocolate,8410076600479,"['en:snacks', 'en:sweet-snacks', 'en:bars', 'en:cereal-bars']",2,[],"['en:e322', 'en:e322i', 'en:e500', 'en:e500ii']",474.0,19.8,3.33,26.9,6.9,8.81,0.631
Wafers Bfb Hazelnut,8001585008155,"['en:snacks', 'en:sweet-snacks', 'en:biscuits-and-cakes', 'en:biscuits', 'en:chocolate-biscuits', 'en:wafers', 'en:stuffed-wafers', 'en:chocolate-stuffed-wafers', 'en:hazelnut-cream-stuffed-wafers']",4,[],"['en:e322', 'en:e322i', 'en:e450', 'en:e500']",520.0,27.0,22.0,32.0,,5.6,0.32
Petites Madeleines  -30% de sucres,3178530423815,"['en:snacks', 'en:sweet-snacks', 'en:frozen-foods', 'en:biscuits-and-cakes', 'en:cakes', 'en:pound-cake', 'en:madeleines']",3,[],"['en:e331', 'en:e422', 'en:e500']",419.0,22.0,2.1,17.0,6.4,5.8,0.74
Milka,7622210834386,"['en:snacks', 'en:sweet-snacks', 'en:cocoa-and-its-products', 'en:confectioneries', 'en:chocolates', 'en:milk-chocolates']",2,[],"['en:e322', 'en:e322i', 'en:e500', 'en:e500i']",542.0,33.0,19.0,53.0,1.0,4.6,0.33
Salted Popcorn,5060283761994,"['en:snacks', 'en:salty-snacks', 'en:popcorn', 'en:salted-popcorn']",1,[],['en:e392'],420.0,19.0,6.0,1.0,11.5,8.5,1.86
Twiglets,5000137016955,"['en:snacks', 'en:salty-snacks', 'en:appetizers', 'en:chips-and-fries', 'en:crisps']",0,[],[],421.0,13.4,1.9,0.5,11.3,12.4,1.1
Sweet Chilli Multigrain Snacks,5000328154893,"['en:snacks', 'en:salty-snacks', 'en:appetizers', 'en:chips-and-fries', 'en:crisps']",2,[],"['en:e160c', 'en:e330']",476.0,20.8,2.0,6.0,6.8,7.2,0.55
Sea salted potato crisps,5000436405719,"['en:plant-based-foods-and-beverages', 'en:plant-based-foods', 'en:snacks', 'en:cereals-and-potatoes', 'en:salty-snacks', 'en:appetizers', 'en:chips-and-fries', 'en:crisps', 'en:potato-crisps', 'en:potato-crisps-in-sunflower-oil']",0,[],[],519.0,28.8,2.4,0.2,2.5,5.1,0.9825
54% cocoa dark milk chocolate bar,29211920,"['en:snacks', 'en:sweet-snacks', 'en:cocoa-and-its-products', 'en:chocolates', 'en:dark-chocolates', 'en:dark-chocolate-bar']",0,[],[],574.0,39.6,9.728,36.4,6.2,9.0,0.0494
Hohos,6223000495926,"['en:snacks', 'en:sweet-snacks', 'en:biscuits-and-cakes', 'en:cakes']",8,[],"['en:e202', 'en:e420', 'en:e422', 'en:e450', 'en:e471', 'en:e472b', 'en:e477', 'en:e500']",431.0,18.0,8.0,40.0,1.1,3.7,0.45
Mars,5000159407236,"['en:snacks', 'en:sweet-snacks', 'en:biscuits-and-cakes', 'en:cocoa-and-its-products', 'en:confectioneries', 'en:chocolate-candies', 'en:bars', 'en:candy-chocolate-bars', 'en:caramel-chocolate-bars', 'en:coated-chocolate-bar-without-biscuit']",1,[],"['en:e322', 'en:e322i']",450.0,16.8,8.38,61.6,1.24,4.04,0.42
LOTUS BISCOFF Speculoos Fourré - Crème saveur Chocolat - 150g,5410126006353,"['en:snacks', 'en:sweet-snacks', 'en:biscuits-and-cakes', 'en:biscuits-and-crackers', 'en:biscuits', 'en:filled-biscuits', 'en:sandwich-biscuits', 'en:biscuits-cookies-shelf-stable', 'en:chocolate-sandwich-cookies']",3,[],"['en:e322', 'en:e322i', 'en:e500', 'en:e500ii']",504.0,24.0,14.0,41.0,1.8,4.9,0.71
Salt & Vinegar Flavour Crispy Rice and Corn Snack,5000328250687,"['en:snacks', 'en:salty-snacks', 'en:appetizers', 'en:biscuits-and-crackers', 'en:chips-and-fries', 'en:crisps', 'en:crackers-appetizers', 'en:puffed-salty-snacks']",2,[],"['en:e330', 'en:e332']",421.0,10.0,1.05,2.11,3.16,6.32,1.09
GLuTEN FREE Sandwich Chocolate,8410376061789,"['en:snacks', 'en:sweet-snacks', 'en:biscuits-and-cakes', 'en:biscuits-and-crackers', 'en:specific-products', 'en:biscuits', 'en:products-for-specific-diets', 'en:products-without-gluten', 'en:filled-biscuits', 'en:sandwich-biscuits', 'en:gluten-free-biscuits']",3,[],"['en:e322', 'en:e322i', 'en:e501', 'en:e501ii', 'en:e503', 'en:e503ii']",477.0,21.0,7.0,25.0,6.5,5.7,0.35
Mikado,7622202028335,"['en:snacks', 'en:sweet-snacks', 'en:biscuits-and-cakes', 'en:biscuits-and-crackers', 'en:biscuits', 'en:chocolate-biscuits', 'en:milk-chocolate-biscuits', 'en:stick-biscuits-covered-with-chocolate']",3,[],"['en:e322', 'en:e322i', 'en:e476', 'en:e503']",477.0,19.0,11.0,34.0,2.8,7.7,0.85
Prince Goût Vanille,7622210449979,"['en:snacks', 'en:sweet-snacks', 'en:biscuits-and-cakes', 'en:biscuits', 'en:chocolate-biscuits', 'en:filled-biscuits']",4,[],"['en:e322', 'en:e322i', 'en:e450', 'en:e450i', 'en:e500', 'en:e500ii', 'en:e503', 'en:e503ii']",470.0,17.0,5.3,35.0,2.3,5.1,0.55
Excellence Noir Sésame Grillé,3046920017503,"['en:snacks', 'en:sweet-snacks', 'en:cocoa-and-its-products', 'en:chocolates', 'en:dark-chocolates', 'en:extra-fine-dark-chocolates']",1,[],"['en:e322', 'en:e322i']",531.0,32.0,17.0,45.0,,6.8,0.09
Chocolat Côte d'Ivoire grand crû M'Brimbo,3760091725554,"['en:snacks', 'en:sweet-snacks', 'en:cocoa-and-its-products', 'en:chocolates', 'en:dark-chocolates', 'en:dark-chocolate-bar-with-more-than-70-cocoa']",0,[],[],626.0,53.0,32.0,11.0,11.0,11.0,0.1
Almonds roasted & salted,20558123,['en:snacks'],0,[],[],644.0,56.3,4.7,4.6,,24.0,1.0
Pringles original,5053990156061,"['en:snacks', 'en:salty-snacks', 'en:appetizers', 'en:chips-and-fries', 'en:crisps', 'en:salty-snacks-made-from-potato']",2,[],"['en:e160b', 'en:e471']",534.0,31.0,6.6,1.4,3.5,5.9,1.1
Savane chocolat,3660140953351,"['en:snacks', 'en:sweet-snacks', 'en:biscuits-and-cakes', 'en:cakes', 'en:chocolate-cakes', 'en:marble-cakes', 'en:biscuits-et-gateaux', 'en:gateaux', 'en:gateaux-au-chocolat', 'en:gateaux-marbres']",6,[],"['en:e202', 'en:e322', 'en:e322i', 'en:e422', 'en:e450', 'en:e471', 'en:e500']",432.0,23.0,3.5,24.0,5.5,5.3,0.53
Extra Dark 85% Cocoa,4056489366461,"['en:snacks', 'en:sweet-snacks', 'en:cocoa-and-its-products', 'en:chocolates', 'en:dark-chocolates', 'en:dark-chocolate-bar-with-more-than-70-cocoa']",1,[],['en:e322'],588.0,48.1,29.0,12.8,,10.5,0.02
Kafferep,1205243900004,"['en:snacks', 'en:sweet-snacks', 'en:biscuits-and-cakes', 'en:biscuits-and-crackers', 'en:biscuits', 'en:chocolate-biscuits', 'en:oatmeal-biscuits', 'en:chocolate-rolled-oats-biscuits']",6,[],"['en:e322', 'en:e330', 'en:e450', 'en:e471', 'en:e500', 'en:e503']",508.0,26.0,14.0,41.0,,5.0,0.65
Sea Salt & Crushed Black Peppercorns,5017764004019,"['en:snacks', 'en:salty-snacks', 'en:appetizers', 'en:chips-and-fries', 'en:crisps']",1,[],['en:e330'],485.0,23.5,2.7,0.9,4.0,8.1,0.62
Snickers,5000159560498,"['en:snacks', 'en:sweet-snacks', 'en:cocoa-and-its-products', 'en:confectioneries', 'en:chocolate-candies', 'en:bars', 'en:candy-chocolate-bars', 'en:caramel-chocolate-bars', 'fr:barres-chocolatees-aux-fruits-oleagineux']",0,[],[],490.0,23.0,7.6,51.0,,8.7,0.51
pains au lait x8,3256540002890,"['en:snacks', 'en:sweet-snacks', 'en:sweet-pastries-and-pies', 'en:viennoiseries', 'en:milk-bread-rolls']",1,[],['en:e300'],349.0,11.0,2.0,11.0,4.6,10.4,1.1
Gout Bacon,5410041143508,"['en:snacks', 'en:salty-snacks', 'en:appetizers', 'en:biscuits-and-crackers', 'en:crackers']",9,[],"['en:e120', 'en:e160c', 'en:e221', 'en:e322', 'en:e322i', 'en:e500', 'en:e503', 'en:e621', 'en:e627', 'en:e631']",479.0,19.0,8.9,7.0,2.4,8.5,2.2
Saveur Barbecue,3245550078674,"['en:plant-based-foods-and-beverages', 'en:plant-based-foods', 'en:snacks', 'en:cereals-and-potatoes', 'en:salty-snacks', 'en:appetizers', 'en:biscuits-and-crackers', 'en:chips-and-fries', 'en:crisps', 'en:potato-crisps', 'en:crackers-appetizers', 'en:flavoured-potato-crisps', 'en:puffed-salty-snacks', 'en:puffed-salty-snacks-made-from-potato-and-soy']",2,[],"['en:e160c', 'en:e296']",405.0,9.7,0.9,6.9,8.5,18.9,1.62
220G TAGADA DOYPACK HARIBO,3103220044544,"['en:snacks', 'en:sweet-snacks', 'en:confectioneries', 'en:candies', 'en:gummi-candies', 'en:gummy-strawberries', 'fr:confiserie-gelifiee']",1,[],['en:e428'],363.0,0.5,0.1,74.0,,2.6,0.01
LOTUS DINOSAURUS Original Chocolat 225g (4x3p),5410126004021,"['en:snacks', 'en:breakfasts', 'en:sweet-snacks', 'en:biscuits-and-cakes', 'en:biscuits-and-crackers', 'en:biscuits', 'en:chocolate-biscuits', 'en:dry-biscuits', 'en:biscuits-cookies-shelf-stable']",4,[],"['en:e322', 'en:e322i', 'en:e476', 'en:e500', 'en:e500ii']",496.0,23.0,12.0,30.0,2.7,5.8,0.53
Madeleines Longues Marbrées chocolat,3252755250002,"['en:snacks', 'en:desserts', 'en:sweet-snacks', 'en:biscuits-and-cakes', 'en:cakes', 'en:chocolate-cakes', 'en:madeleines', 'en:chocolate-madeleines', 'en:long-madeleines']",8,[],"['en:e322', 'en:e322i', 'en:e412', 'en:e415', 'en:e422', 'en:e450', 'en:e471', 'en:e500']",442.0,22.0,2.8,29.0,1.6,6.3,1.0
Rebuenas,8480000141576,"['en:snacks', 'en:sweet-snacks', 'en:biscuits-and-cakes', 'en:biscuits-and-crackers', 'en:biscuits', 'en:chocolate-biscuits', 'en:filled-biscuits']",2,[],"['en:e223', 'en:e322', 'en:e322i']",484.615384615385,20.7692307692308,7.69230769230769,33.4615384615385,5.0,6.53846153846154,0.0
Weiße Schokolade,20368197,"['en:snacks', 'en:sweet-snacks', 'en:cocoa-and-its-products', 'en:chocolates', 'en:white-chocolates']",1,[],"['en:e322', 'en:e322i']",571.0,37.1,23.0,52.2,0.5,6.3,0.35
50G RICOLA CITRON MELISSE,7610700015445,"['en:snacks', 'en:sweet-snacks', 'en:confectioneries', 'en:candies', 'en:hard-candies']",4,[],"['en:e330', 'en:e953', 'en:e957', 'en:e960a']",238.0,0.0,0.0,0.0,,0.0,0.0
Leader Chips saveur Sel,6111242040847,"['en:snacks', 'en:salty-snacks', 'en:appetizers', 'en:chips-and-fries', 'en:crisps', 'ar:حليب-ساليم']",1,[],['en:e110'],575.2,37.7,17.8,0.2,,6.6,1.8
Belépi,6111259343788,"['en:snacks', 'en:sweet-snacks', 'en:biscuits-and-cakes', 'en:biscuits-and-crackers', 'en:biscuits']",0,[],[],424.0,14.2,6.76,26.42,,5.83,0.48
Wasa tartine croustillante sensation aux graines de chia & touche de sel 245g,7300400483063,"['en:plant-based-foods-and-beverages', 'en:plant-based-foods', 'en:snacks', 'en:cereals-and-potatoes', 'en:salty-snacks', 'en:seeds', 'en:appetizers', 'en:cereals-and-their-products', 'en:chips-and-fries', 'en:cereal-grains', 'en:crisps', 'en:breads', 'en:chia', 'en:crispbreads']",0,[],[],339.0,3.0,0.4,0.5,20.0,10.0,1.2
Tube caramel beurre salé,3043934243911,"['en:snacks', 'en:breakfasts', 'en:desserts', 'en:spreads', 'en:sweet-snacks', 'en:confectioneries', 'en:sweet-spreads', 'fr:pates-a-tartiner', 'en:caramel-spreads', 'en:caramels', 'en:salted-butter-caramels', 'fr:caramel-sale']",1,[],['en:e440'],385.0,14.0,9.5,63.0,,1.8,0.8
Chocolate,80177616,"['en:snacks', 'en:sweet-snacks', 'en:cocoa-and-its-products', 'en:confectioneries', 'en:chocolate-candies', 'en:bars', 'en:candy-chocolate-bars', 'en:chocolate-confectionery-with-dairy-filling']",1,[],['en:e322'],566.0,35.0,22.6,53.3,,8.7,0.313
L'extra craquante nature,3336972006014,"['en:plant-based-foods-and-beverages', 'en:plant-based-foods', 'en:snacks', 'en:cereals-and-potatoes', 'en:frozen-foods', 'en:salty-snacks', 'en:appetizers', 'en:chips-and-fries', 'en:crisps', 'en:potato-crisps', 'en:potato-crisps-in-sunflower-oil']",0,[],[],526.0,34.0,2.8,0.61,4.5,5.9,1.3
Mini Bites Quinoa & Chía,8410376051940,"['en:snacks', 'en:salty-snacks', 'en:sweet-snacks', 'en:appetizers', 'en:biscuits-and-cakes', 'en:biscuits-and-crackers', 'en:biscuits', 'en:crackers-appetizers']",4,[],"['en:e223', 'en:e306', 'en:e500', 'en:e500ii', 'en:e503', 'en:e503ii']",479.0,22.0,2.0,6.2,8.3,8.2,2.8
Dark Chocolate,4000607852008,"['en:snacks', 'en:sweet-snacks', 'en:cocoa-and-its-products', 'en:confectioneries', 'en:chocolate-candies', 'en:bonbons', 'en:chocolates', 'en:milk-chocolates', 'en:flavoured-chocolates', 'en:flavoured-milk-chocolates']",1,[],['en:e322'],525.0,31.0,19.0,47.0,,6.4,0.01
Frusli Juicy Blueberries Chewy Cereal Bars 6 x (180g),5010477323194,"['en:snacks', 'en:sweet-snacks', 'en:bars', 'en:cereal-bars', 'en:fruits-cereal-bars']",1,[],['en:e440'],385.0,6.9000000953674,1.5,28.60000038147,4.9,5.6999998092651,0.029999999329448
Original Salted Peanuts,5000237127322,"['en:plant-based-foods-and-beverages', 'en:plant-based-foods', 'en:legumes-and-their-products', 'en:snacks', 'en:legumes', 'en:salty-snacks', 'en:nuts-and-their-products', 'en:nuts', 'en:peanuts', 'en:salted-nuts', 'en:salted-peanuts']",0,[],[],615.0,51.0,8.1,5.1,8.5,30.0,1.2
Cacao & Almond Oat Bars,5060482840186,"['en:plant-based-foods-and-beverages', 'en:plant-based-foods', 'en:snacks', 'en:cereals-and-potatoes', 'en:seeds', 'en:sweet-snacks', 'en:cereals-and-their-products', 'en:cereal-grains', 'en:bars', 'en:cereal-bars', 'en:oat']",0,[],[],436.0,19.2,9.6,25.6,5.2,7.4,0.36
Crunchy,3229820803401,"['en:snacks', 'en:sweet-snacks', 'en:biscuits-and-cakes', 'en:biscuits', 'en:chocolate-biscuits', 'en:filled-biscuits', 'en:dark-chocolate-biscuits']",3,[],"['en:e392', 'en:e500', 'en:e503']",478.0,20.0,6.3,23.0,6.0,7.5,0.43
Barritas de avena chocolate negro,8402001012433,"['en:snacks', 'en:sweet-snacks', 'en:bars', 'en:cereal-bars', 'en:chocolate-cereal-bars']",2,[],"['en:e322', 'en:e500', 'en:e500ii']",466.0,20.0,3.4,27.0,6.5,8.6,0.7
Cashew Butter + Pure Vanilla Bean Dark Chocolate,1230000097062,"['en:snacks', 'en:sweet-snacks', 'en:cocoa-and-its-products', 'en:chocolates', 'en:chocolates-with-sweeteners', 'en:dark-chocolates', 'en:dark-chocolate-bar']",0,[],[],601.0,44.0,23.0,27.0,8.1,9.1,0.2075
Doritos cheese,3168930173373,"['en:snacks', 'en:salty-snacks', 'en:appetizers', 'en:chips-and-fries', 'en:frozen-foods', 'en:crisps', 'en:corn-chips']",8,[],"['en:e150a', 'en:e160b', 'en:e160bii', 'en:e270', 'en:e300', 'en:e306', 'en:e330', 'en:e392', 'en:e635']",476.0,22.0,2.2,3.7,5.5,6.8,0.89
Ritz Cracker,7622201386597,"['en:snacks', 'en:salty-snacks', 'en:appetizers', 'en:biscuits-and-crackers', 'en:crackers-appetizers']",4,[],"['en:e150c', 'en:e341', 'en:e500', 'en:e503']",485.0,23.0,10.0,8.6,3.3,7.8,1.3
Galettes Pur Beurre,3045320057294,"['en:snacks', 'en:desserts', 'en:sweet-snacks', 'en:biscuits-and-cakes', 'en:biscuits-and-crackers', 'en:biscuits', 'en:shortbread-cookies', 'fr:sables-au-beurre']",2,[],"['en:e450', 'en:e500']",513.0,26.0,15.0,26.0,1.4,6.0,0.8
Les craquantes blé complet,3564700582640,"['en:plant-based-foods-and-beverages', 'en:plant-based-foods', 'en:snacks', 'en:cereals-and-potatoes', 'en:extruded-crispbreads']",0,[],[],396.0,4.3,0.5,2.8,11.0,12.0,1.0
Cake aux Fruits - Tranché,20928704,"['en:snacks', 'en:desserts', 'en:sweet-snacks', 'en:biscuits-and-cakes', 'en:cakes', 'en:fruit-cakes']",6,[],"['en:e14xx', 'en:e330', 'en:e415', 'en:e422', 'en:e471', 'en:e500']",396.0,15.0,1.6,34.0,1.8,4.4,0.45
Muesli Bars Chocolate,20422684,"['en:snacks', 'en:sweet-snacks', 'en:bars', 'en:cereal-bars', 'en:chocolate-cereal-bars']",3,[],"['en:e322', 'en:e422', 'en:e965']",343.0,9.0,2.5,1.5,6.2,7.6,0.26
Le Palet pur beurre,3472860004011,"['en:snacks', 'en:desserts', 'en:sweet-snacks', 'en:biscuits-and-cakes', 'en:biscuits-and-crackers', 'en:biscuits', 'en:shortbread-cookies', 'fr:palets']",0,[],[],517.0,26.0,17.0,21.0,,6.8,0.35
Muesli CroustillantNoix,3596710446605,"['en:plant-based-foods-and-beverages', 'en:plant-based-foods', 'en:snacks', 'en:breakfasts', 'en:cereals-and-potatoes', 'en:sweet-snacks', 'en:cereals-and-their-products', 'en:breakfast-cereals', 'en:bars', 'en:mueslis', 'en:cereal-bars', 'en:cereals-with-nuts', 'en:crunchy-cereal-clusters', 'en:cereal-clusters-with-nuts', 'fr:alimentos-de-origen-vegetal', 'fr:alimentos-y-bebidas-de-origen-vegetal', 'fr:cereales-para-el-desayuno', 'fr:cereales-y-derivados', 'fr:cereales-y-patatas', 'fr:desayunos']",0,[],[],453.0,17.0,1.9,18.0,5.9,9.7,0.03
Dunkle Ganze Mandel,20481940,"['en:snacks', 'en:sweet-snacks', 'en:cocoa-and-its-products', 'en:chocolates', 'en:dark-chocolates', 'en:chocolates-with-almonds', 'en:dark-chocolates-with-almonds']",1,[],['en:e322'],574.0,38.0,16.0,37.3,9.1,10.3,0.01
Protein Bar Cookie & Cream Flavour,20035594,"['en:snacks', 'en:sweet-snacks', 'en:bars', 'en:dietary-supplements', 'en:bodybuilding-supplements', 'en:protein-bars']",6,[],"['en:e307c', 'en:e322', 'en:e322i', 'en:e422', 'en:e955', 'en:e965']",368.0,10.6,6.0,2.5,,50.0,1.1
Celebrations,5000159500258,"['en:snacks', 'en:sweet-snacks', 'en:cocoa-and-its-products', 'en:confectioneries', 'en:chocolate-candies', 'en:bonbons', 'en:assorted-chocolate-candies']",5,[],"['en:e341', 'en:e422', 'en:e471', 'en:e500', 'en:e501']",495.0,24.0,14.0,55.0,,5.6,0.42
Wafers Cocoa,8001585008162,"['en:snacks', 'en:sweet-snacks', 'en:biscuits-and-cakes', 'en:biscuits-and-crackers', 'en:biscuits', 'en:wafers', 'en:chocolate-biscuits', 'en:stuffed-wafers', 'en:chocolate-stuffed-wafers']",4,[],"['en:e322', 'en:e322i', 'en:e450', 'en:e500']",517.0,26.2,21.7,30.1,,6.7,0.41
Tunnock's  Caramel Wafer Biscuits imp,5010975070095,"['en:snacks', 'en:sweet-snacks', 'en:biscuits-and-cakes', 'en:biscuits', 'en:wafers', 'en:thin-crunchy-wafer-biscuit-with-chocolate', 'en:snacks-sweet-snacks-biscuits-and-cakes-biscuits-wafers']",2,[],"['en:e322', 'en:e322i']",448.0,17.4,12.7,34.7,2.5,3.6,0.66
Nutella biscuits,8000500390306,"['en:snacks', 'en:sweet-snacks', 'en:biscuits-and-cakes', 'en:biscuits-and-crackers', 'en:biscuits', 'en:chocolate-biscuits', 'en:nutella-biscuits', 'en:десерт']",4,[],"['en:e322', 'en:e322i', 'en:e450', 'en:e450i', 'en:e500', 'en:e500ii', 'en:e503', 'en:e503ii']",515.0,24.8,11.5,35.8,,7.9,0.55
Blueberry & Honey Porridge Oat Bars,5060183673915,"['en:snacks', 'en:sweet-snacks', 'en:bars', 'en:cereal-bars', 'en:fruits-cereal-bars']",0,[],[],427.0,20.0,3.9,13.0,15.0,8.0,0.04
Gourmet Sea Salt Savoury crackers,4088600058306,"['en:snacks', 'en:salty-snacks', 'en:appetizers', 'en:biscuits-and-crackers', 'en:crackers-appetizers']",0,[],[],479.0,19.6,1.6,5.1,1.7,7.7,2.25
Rough Oatcakes,01705461,"['en:snacks', 'en:sweet-snacks', 'en:biscuits-and-cakes', 'en:biscuits', 'en:oatmeal-cookies']",1,[],"['en:e500', 'en:e500ii']",454.0,19.2,4.1,0.5,10.0,9.8,1.42
Cream crackers,00440127,"['en:snacks', 'en:salty-snacks', 'en:appetizers', 'en:biscuits-and-crackers', 'en:crackers-appetizers']",1,[],"['en:e500', 'en:e500ii']",448.0,13.2,6.0,11.0,3.4,9.8,0.1
,5900951313592,"['en:snacks', 'en:sweet-snacks', 'en:cocoa-and-its-products', 'en:confectioneries', 'en:chocolate-candies', 'en:bars', 'en:candy-chocolate-bars', 'en:chocolate-biscuity-bars']",2,[],"['en:e322', 'en:e322i', 'en:e500']",492.0,24.0,14.0,48.0,,4.9,0.3825
,6111259347502,"['en:snacks', 'en:sweet-snacks', 'en:biscuits-and-cakes', 'en:biscuits-and-crackers', 'en:biscuits']",2,[],"['en:e322', 'en:e322i', 'en:e500', 'en:e500ii']",386.0,19.6,8.93,30.4,1.79,5.36,0.268
Chipster,3056440083193,"['en:snacks', 'en:salty-snacks', 'en:appetizers', 'en:biscuits-and-crackers', 'en:crackers-appetizers', 'en:puffed-salty-snacks', 'en:puffed-salty-snacks-made-from-potato']",1,[],['en:e392'],472.0,20.0,9.2,0.7,4.0,4.3,3.0
BelVita - Petit déjeuner Tartiné,7622300788094,"['en:snacks', 'en:breakfasts', 'en:sweet-snacks', 'en:biscuits-and-cakes', 'en:biscuits-and-crackers', 'en:biscuits', 'en:chocolate-biscuits', 'en:dry-biscuits', 'en:breakfast-biscuit']",6,[],"['en:e322', 'en:e322i', 'en:e450', 'en:e450i', 'en:e472e', 'en:e476', 'en:e500', 'en:e500ii', 'en:e503', 'en:e503ii']",458.0,16.3,3.01,25.9,4.82,7.23,0.482
"Chocolat Noir 72%, Collection Pure",7610036002737,"['en:snacks', 'en:sweet-snacks', 'en:cocoa-and-its-products', 'en:chocolates', 'en:dark-chocolates']",1,[],"['en:e322', 'en:e322i']",540.0,43.0,26.0,28.0,11.0,6.8,0.02
NESTLE DESSERT Lait,7613035587793,"['en:snacks', 'en:sweet-snacks', 'en:cocoa-and-its-products', 'en:confectioneries', 'en:chocolate-candies', 'en:chocolates', 'en:milk-chocolates', 'en:milk-chocolate-bar']",0,[],[],554.0,34.1,20.2,50.7,3.7,6.9,0.13
Pringles Hot & Spicy,5053990155941,"['en:snacks', 'en:salty-snacks', 'en:appetizers', 'en:chips-and-fries', 'en:crisps', 'en:salty-snacks-made-from-potato', 'en:aperitif', 'en:snacks-sales', 'en:tuiles-salees']",10,[],"['en:e160b', 'en:e160bii', 'en:e160c', 'en:e262', 'en:e262ii', 'en:e270', 'en:e327', 'en:e330', 'en:e471', 'en:e621', 'en:e627', 'en:e631']",519.0,29.0,6.3,3.0,3.7,6.3,1.2
Nature valley crunchy,8410076601445,"['en:snacks', 'en:sweet-snacks', 'en:bars', 'en:cereal-bars', 'en:barres-de-cereales', 'en:snacks-sucres']",2,[],"['en:e322', 'en:e322i', 'en:e500', 'en:e500ii']",479.0,20.7,2.4,25.6,6.6,10.2,0.89
Ritz Crackers Original 200 g,5000396021202,"['en:snacks', 'en:salty-snacks', 'en:sweet-snacks', 'en:appetizers', 'en:biscuits-and-cakes', 'en:biscuits-and-crackers', 'en:biscuits', 'en:crackers-appetizers', 'en:amuse-gueules', 'en:biscuits-crackers', 'en:biscuits-sucres-biscuits-aperitifs', 'en:snacks-sales', 'en:surgeles']",3,[],"['en:e341', 'en:e500', 'en:e503']",485.0,23.0,10.0,8.6,3.3,7.8,1.3
Kinder DUO,8000500385807,"['en:snacks', 'en:sweet-snacks', 'en:biscuits-and-cakes', 'en:biscuits-and-crackers', 'en:biscuits', 'en:biscuits-et-gateaux']",3,[],"['en:e322', 'en:e500', 'en:e500ii', 'en:e503', 'en:e503ii']",524.0,28.1,17.0,35.3,,7.2,0.334
"Gullon Cuordi Cereale Tradizionale, Alto Contenuto Di Fibra",8410376039986,"['en:snacks', 'en:sweet-snacks', 'en:biscuits-and-cakes', 'en:biscuits']",1,[],['en:e1200'],455.0,19.0,1.7,16.0,12.0,7.9,0.75
Chocolate Negro,4056489189244,"['en:snacks', 'en:sweet-snacks', 'en:cocoa-and-its-products', 'en:chocolates', 'en:chocolates-with-sweeteners', 'en:dark-chocolates', 'en:dark-chocolates-with-sweeteners']",3,[],"['en:e322', 'en:e965', 'en:e966']",522.0,42.2,26.9,1.2,,8.2,0.03
Berry Delight Fruit & Nut Bar,5060088701966,"['en:plant-based-foods-and-beverages', 'en:plant-based-foods', 'en:fruits-and-vegetables-based-foods', 'en:snacks', 'en:sweet-snacks', 'en:fruits-based-foods', 'en:bars', 'en:dietary-supplements', 'en:bodybuilding-supplements', 'en:energy-bars', 'en:fruit-based-foods-prepared', 'fr:barres-aux-fruits']",0,[],[],380.0,12.0,2.2,48.0,8.7,6.7,0.02
hula hoops original,5000237117446,"['en:plant-based-foods-and-beverages', 'en:plant-based-foods', 'en:snacks', 'en:cereals-and-potatoes', 'en:salty-snacks', 'en:appetizers', 'en:chips-and-fries', 'en:crisps', 'en:potato-crisps', 'en:potato-crisps-in-sunflower-oil']",0,[],[],503.0,24.0,2.3,0.6,2.3,3.4,1.4
Crunchy Variety,8410076601704,"['en:snacks', 'en:sweet-snacks', 'en:bars', 'en:cereal-bars', 'en:cereal-bar-with-oats-and-honey']",2,[],"['en:e322', 'en:e500', 'en:e500ii']",473.0,19.8,3.4,26.8,7.0,8.7,0.65
Lindt excellence mint intense,3046920028417,"['en:snacks', 'en:sweet-snacks', 'en:cocoa-and-its-products', 'en:chocolates', 'en:dark-chocolates']",1,[],"['en:e322', 'en:e322i']",535.0,32.0,19.0,47.0,0.0,6.0,0.1
Proper corn sea salt,5060283761529,"['en:snacks', 'en:salty-snacks', 'en:popcorn', 'en:salted-popcorn']",0,[],[],439.0,17.4,1.5,0.6,10.9,8.6,1.09
Doritos,5000328018942,"['en:snacks', 'en:salty-snacks', 'en:appetizers', 'en:chips-and-fries', 'en:crisps', 'en:corn-chips']",4,[],"['en:e300', 'en:e306', 'en:e330', 'en:e392']",471.0,20.0,1.8,1.1,6.8,6.5,0.66
Joyfuel Chocolat au Lait & Cookie Dough,3609200011174,"['en:snacks', 'en:sweet-snacks', 'en:confectioneries', 'en:bars', 'en:dietary-supplements', 'en:bodybuilding-supplements', 'en:energy-bars', 'en:protein-bars', 'en:protein-energy-bars']",5,[],"['en:e1200', 'en:e322', 'en:e422', 'en:e955', 'en:e965']",375.0,15.0,8.6,2.6,3.5,37.0,0.5
بريك,6291003045790,"['en:snacks', 'en:sweet-snacks', 'en:biscuits-and-cakes', 'en:biscuits-and-crackers', 'en:biscuits', 'en:wafers', 'en:stuffed-wafers']",0,[],[],499.0,24.3,14.9,46.2,2.3,6.3,0.2375
Single Estate Venezuelan Dark clChocolate,00392778,"['en:snacks', 'en:sweet-snacks', 'en:cocoa-and-its-products', 'en:chocolates', 'en:dark-chocolates']",1,[],['en:e968'],599.0,45.7,27.6,27.4,8.8,8.0,0.08
Pépito Croc sablé goût choco,7622210400574,"['en:snacks', 'en:sweet-snacks', 'en:biscuits-and-cakes', 'en:biscuits-and-crackers', 'en:biscuits', 'en:chocolate-biscuits', 'en:shortbread-cookies', 'en:biscuits-et-gateaux', 'en:gateaux', 'en:snacks-sucres']",3,[],"['en:e322', 'en:e322i', 'en:e500', 'en:e500ii', 'en:e503', 'en:e503ii']",514.0,26.2,12.9,29.0,2.86,5.71,0.31
"Ovomaltine - Vitamin & Mineral Bars, 5 ct 100g (3.5oz)",7612100066430,"['en:beverages', 'en:alcoholic-beverages', 'en:snacks', 'en:sweet-snacks', 'en:wines', 'en:cocoa-and-its-products', 'en:confectioneries', 'en:bars', 'en:chocolate-candies', 'en:wines-from-france', 'en:bars-covered-with-chocolate', 'fr:alsace-grand-cru', 'fr:alsace-grand-cru-saering']",1,[],"['en:e322', 'en:e322i']",89.0,2.8,1.6,10.0,0.0,2.0,0.13
Galletas María Dorada,8480000141323,"['en:snacks', 'en:sweet-snacks', 'en:biscuits-and-cakes', 'en:biscuits-and-crackers', 'en:biscuits']",4,[],"['en:e223', 'en:e306', 'en:e322', 'en:e322i', 'en:e503', 'en:e503ii']",443.0,14.0,1.4,20.0,2.2,7.0,0.9825
Chocolate negro 85%,8480000124937,"['en:snacks', 'en:sweet-snacks', 'en:cocoa-and-its-products', 'en:chocolates', 'en:dark-chocolates']",1,[],"['en:e322', 'en:e322i']",576.0,46.0,28.0,15.0,15.0,12.0,0.0
Digestive fibra 23%,8480000141132,"['en:snacks', 'en:sweet-snacks', 'en:biscuits-and-cakes', 'en:biscuits-and-crackers', 'en:biscuits']",4,[],"['en:e1200', 'en:e322', 'en:e322i', 'en:e500', 'en:e500ii', 'en:e503', 'en:e503ii']",416.0,18.0,1.8,19.0,23.0,5.0,1.1
Milka chocolate Hazelnuts,4025700001023,"['en:snacks', 'en:sweet-snacks', 'en:cocoa-and-its-products', 'en:chocolates', 'en:milk-chocolates', 'en:chocolates-with-hazelnuts', 'en:milk-chocolates-with-hazelnuts']",1,[],['en:e322'],551.0,34.1,17.4,50.9,2.99,7.19,0.000599
Frischei-Waffeln,4056489182528,"['en:snacks', 'en:sweet-snacks', 'en:biscuits-and-cakes', 'en:pastries', 'en:waffles']",3,[],"['en:e322', 'en:e422', 'en:e471']",453.0,23.3,2.8,27.5,1.0,7.1,0.36
Cadbury DAIRY MILK Cadbury DAIRY MILK THE CLASSIC,09051209,"['en:snacks', 'en:sweet-snacks', 'en:cocoa-and-its-products', 'en:confectioneries', 'en:chocolates', 'en:dark-chocolates']",3,[],"['en:e412', 'en:e442', 'en:e476']",607.0,50.0,30.0,14.0,13.0,10.0,0.13
Breaktime,6291003088193,"['en:snacks', 'en:sweet-snacks', 'en:biscuits-and-cakes', 'en:biscuits-and-crackers', 'en:cocoa-and-its-products', 'en:confectioneries', 'en:biscuits', 'en:chocolate-candies', 'en:bars', 'en:chocolates', 'en:milk-chocolates']",3,[],"['en:e322', 'en:e322i', 'en:e476', 'en:e500', 'en:e500ii']",523.0,30.8,15.4,46.2,2.31,7.69,1.73
Bahlsen,4017100207136,"['en:snacks', 'en:sweet-snacks', 'en:biscuits-and-cakes', 'en:biscuits', 'en:chocolate-biscuits', 'en:milk-chocolate-biscuits', 'en:biscuit-cookie-snack-w-chocolate-filling', 'en:biscuit-with-a-chocolate-bar-covering']",4,[],"['en:e322', 'en:e330', 'en:e450', 'en:e500']",504.0,25.0,16.1,39.3,3.21,7.5,0.634
Nappés Intenses Éclats de Fèves de Cacao,3229820804439,"['en:snacks', 'en:sweet-snacks', 'en:biscuits-and-cakes', 'en:biscuits-and-crackers', 'en:biscuits']",4,[],"['en:e392', 'en:e414', 'en:e500', 'en:e503']",509.0,25.0,11.0,25.0,9.0,8.5,0.26
Biscuit saveur vanille citron,3175681845961,"['en:snacks', 'en:sweet-snacks', 'en:biscuits-and-cakes', 'en:biscuits']",2,[],"['en:e150a', 'en:e500']",449.0,14.0,1.2,18.0,3.4,21.0,0.32
Chocolat noir 85% cacao,3564700257647,"['en:snacks', 'en:sweet-snacks', 'en:cocoa-and-its-products', 'en:chocolates', 'en:dark-chocolates', 'en:extra-fine-dark-chocolates']",0,[],[],561.0,43.0,28.0,16.0,17.0,11.0,0.0
Kinder Maxi,4008400221021,"['en:snacks', 'en:sweet-snacks', 'en:biscuits-and-cakes', 'en:cocoa-and-its-products', 'en:confectioneries', 'en:chocolate-candies', 'en:bars', 'en:candy-chocolate-bars', 'en:coated-chocolate-bar-without-biscuit', 'en:cacao-et-derives', 'en:confiseries-chocolatees', 'en:snacks-sucres']",2,[],"['en:e322', 'en:e322i']",566.0,35.0,22.6,53.3,,8.7,0.313
Délices au Caramel,5030765018748,"['en:snacks', 'en:sweet-snacks', 'en:biscuits-and-cakes', 'en:biscuits', 'en:chocolate-biscuits', 'en:pastries', 'en:milk-chocolate-biscuits', 'en:shortbread-cookies', 'en:shortbread-cookie-with-chocolate', 'fr:sables-ecossais']",5,[],"['en:e322', 'en:e337', 'en:e440', 'en:e451', 'en:e502']",505.0,28.0,16.0,40.0,,5.3,0.64
Tablette BIO dégustation Chocolat noir - 100g,3250391737284,"['en:snacks', 'en:desserts', 'en:sweet-snacks', 'en:cocoa-and-its-products', 'en:chocolates', 'en:dark-chocolates', 'en:dark-chocolate-bar-with-more-than-70-cocoa', 'fr:chocolat-noir-superieur']",0,[],[],575.0,42.0,26.0,31.0,9.3,8.1,0.01
pain des fleurs sarrasin,3380380048432,"['en:plant-based-foods-and-beverages', 'en:plant-based-foods', 'en:snacks', 'en:cereals-and-potatoes', 'en:extruded-crispbreads']",0,[],[],385.0,2.8,0.6,2.6,4.4,13.0,0.68
Galletas Digestive Chocolate,8480000141316,"['en:snacks', 'en:sweet-snacks', 'en:biscuits-and-cakes', 'en:biscuits-and-crackers', 'en:biscuits', 'en:chocolate-biscuits', 'en:digestives-covered-with-chocolate', 'en:biscoitos', 'en:biscoitos-de-chocolate', 'en:biscoitos-e-bolos', 'en:lanches-comida', 'en:lanches-doces']",3,[],"['en:e322', 'en:e322i', 'en:e334', 'en:e500', 'en:e500ii']",463.0,20.0,6.0,23.0,3.6,6.0,1.3775
Chocolate con leche Oreo,7622300631574,"['en:snacks', 'en:sweet-snacks', 'en:cocoa-and-its-products', 'en:chocolates', 'en:milk-chocolates', 'en:filled-chocolates', 'en:filled-milk-chocolates']",5,[],"['en:e322', 'en:e500', 'en:e501', 'en:e503', 'en:e524']",564.0,34.0,19.0,49.0,1.4,5.4,0.33
Oats 'N Honey Granola Bars,0016000264694,"['en:plant-based-foods-and-beverages', 'en:plant-based-foods', 'en:snacks', 'en:cereals-and-potatoes', 'en:sweet-snacks', 'en:cereals-and-their-products', 'en:bars', 'en:cereal-bars']",2,[],"['en:e322', 'en:e322i', 'en:e500', 'en:e500ii']",452.0,16.7,2.38,26.2,4.76,7.14,0.833
lindt,3046920028400,"['en:snacks', 'en:sweet-snacks', 'en:cocoa-and-its-products', 'en:chocolates', 'en:dark-chocolates', 'en:dark-chocolate-bar']",2,[],"['en:e322', 'en:e322i', 'en:e440']",535.0,32.0,17.0,46.0,,7.0,0.09
Manchego & Green Olive,5017764003371,"['en:snacks', 'en:salty-snacks', 'en:appetizers', 'en:chips-and-fries', 'en:crisps', 'en:tortilla-crisps']",2,[],"['en:e100', 'en:e330']",473.0,22.3,2.6,5.6,7.0,7.3,0.95
Green & Blacks Smooth Mint,7622201786373,"['en:snacks', 'en:sweet-snacks', 'en:cocoa-and-its-products', 'en:chocolates', 'en:dark-chocolates', 'en:dark-chocolate-bar']",1,[],['en:e322'],546.0,34.0,20.0,47.0,6.7,5.7,0.01
Lulu La Barquette Fraise,3017760038409,"['en:snacks', 'en:sweet-snacks', 'en:biscuits-and-cakes', 'en:biscuits-and-crackers', 'en:biscuits', 'en:cakes', 'en:sponge-cake-biscuits-with-fruits-covering', 'en:strawberry-biscuits', 'fr:barquettes', 'fr:barquettes-a-la-fraise']",2,[],"['en:e330', 'en:e440']",353.0,2.4,0.9,59.0,1.7,3.8,0.1075
Pepito lu pépite choco,3048282900646,"['en:snacks', 'en:desserts', 'en:sweet-snacks', 'en:biscuits-and-cakes', 'en:biscuits-and-crackers', 'en:biscuits', 'en:cakes', 'en:chocolate-biscuits', 'en:chocolate-cakes', 'en:soft-cake-filled-with-chocolate']",7,[],"['en:e322', 'en:e322i', 'en:e415', 'en:e422', 'en:e450', 'en:e450i', 'en:e472b', 'en:e475', 'en:e500', 'en:e500ii']",440.0,24.0,11.0,28.0,3.1,5.2,0.8
8 Navettes au beurre frais et à la crème fraîche,3587220002269,"['en:plant-based-foods-and-beverages', 'en:plant-based-foods', 'en:snacks', 'en:sweet-snacks', 'en:sweet-pastries-and-pies', 'en:viennoiseries', 'en:brioches', 'fr:gaches', 'en:pure-butter-brioche', 'en:small-brioches']",1,[],"['en:e160a', 'en:e160ai']",347.0,12.0,8.2,12.0,,8.7,1.15
Croco,3103220035214,"['en:snacks', 'en:sweet-snacks', 'en:confectioneries', 'en:candies', 'en:gummi-candies', 'en:gummy-crocodiles']",6,[],"['en:e160a', 'en:e161b', 'en:e163', 'en:e330', 'en:e428', 'en:e903']",345.0,0.5,0.1,51.0,,5.7,0.03
MADELEINE,3368390000985,"['en:snacks', 'en:desserts', 'en:sweet-snacks', 'en:biscuits-and-cakes', 'en:cakes', 'en:madeleines']",4,[],"['en:e160', 'en:e330', 'en:e450', 'en:e500']",474.0,25.0,16.0,33.0,,6.4,0.81
Studentenfutter,4008258154229,"['en:plant-based-foods-and-beverages', 'en:plant-based-foods', 'en:fruits-and-vegetables-based-foods', 'en:snacks', 'en:fruits-based-foods', 'en:dried-products', 'en:dried-plant-based-foods', 'en:dried-fruits', 'en:mix-of-grains-and-dried-fruit', 'en:mix-of-grains-and-raisins', 'en:mixed-dried-fruits', 'en:mixed-nuts-and-dried-fruits']",0,[],[],507.0,33.0,3.7,32.0,0.0,13.0,0.03
La Grande Galette pur beurre,3472860001706,"['en:snacks', 'en:sweet-snacks', 'en:biscuits-and-cakes', 'en:biscuits', 'en:shortbread-cookies']",0,[],[],512.0,25.1,16.9,22.1,,7.5,0.26
Gâche tranchée,20055431,"['en:snacks', 'en:sweet-snacks', 'en:sweet-pastries-and-pies', 'en:viennoiseries', 'en:brioches', 'fr:gaches', 'en:pure-butter-brioche', 'fr:brioches-tranchees']",2,[],"['en:e471', 'en:e481']",365.0,14.0,9.3,14.0,,7.2,1.0
Macine mb 350g int. eu,8076809572897,"['en:snacks', 'en:sweet-snacks', 'en:biscuits-and-cakes', 'en:biscuits-and-crackers', 'en:biscuits', 'en:biscuits-cookies-shelf-stable', 'fr:biscotti', 'fr:biscotti-e-torte', 'fr:frollini', 'fr:snack-dolci']",1,[],"['en:e500', 'en:e500ii']",482.0,20.0,3.9,19.0,2.8,6.0,0.83
Sweet & saltynut,8410076610614,"['en:snacks', 'en:sweet-snacks', 'en:bars', 'en:cereal-bars', 'en:chocolate-cereal-bars']",3,[],"['en:e306', 'en:e322', 'en:e322i', 'en:e422']",143.0,7.8,2.4,5.8,3.3,3.7,0.31
Cocoa Oat Protein Flapjack Chocolate Flavour Topped,5060088702307,"['en:snacks', 'en:sweet-snacks', 'en:cocoa-and-its-products', 'en:confectioneries', 'en:bars', 'en:chocolate-candies', 'en:cereal-bars', 'en:dietary-supplements', 'en:bars-covered-with-chocolate', 'en:bodybuilding-supplements', 'en:energy-bars', 'en:protein-bars', 'en:protein-energy-bars']",0,[],[],454.0,22.0,10.0,28.0,4.0,18.0,0.71
5 Banana Lunchbox Loaves,5018735224931,"['en:plant-based-foods-and-beverages', 'en:plant-based-foods', 'en:snacks', 'en:cereals-and-potatoes', 'en:breads']",4,[],"['en:e161b', 'en:e282', 'en:e422', 'en:e440']",337.0,2.33,0.667,21.7,2.67,8.67,0.558
Chocolate 95%,8410679234002,"['en:snacks', 'en:sweet-snacks', 'en:cocoa-and-its-products', 'en:chocolates', 'en:dark-chocolates']",0,[],[],580.0,52.0,33.0,6.3,0.0,11.0,0.08
Totas,8422114170806,"['en:snacks', 'en:salty-snacks', 'en:appetizers', 'en:chips-and-fries', 'en:crisps']",5,[],"['en:e160c', 'en:e392', 'en:e621', 'en:e635', 'en:e955']",526.0,31.0,3.6,2.0,2.6,5.6,2.03
Fruit Slices APPLE,5000168036991,"['en:snacks', 'en:sweet-snacks', 'en:bars', 'en:cereal-bars', 'en:fruits-cereal-bars', 'en:apple-cereal-bars']",9,[],"['en:e327', 'en:e330', 'en:e331', 'en:e422', 'en:e440', 'en:e450', 'en:e450i', 'en:e500', 'en:e500ii', 'en:e503', 'en:e503ii', 'en:e965', 'en:e965ii']",374.0,7.1,0.7,25.6,6.5,5.3,0.42
miredina,6111031005255,"['en:snacks', 'en:desserts', 'en:sweet-snacks', 'en:biscuits-and-cakes', 'en:biscuits-and-crackers', 'en:biscuits', 'en:sponge-cake-with-fruit-mousse']",8,[],"['en:e202', 'en:e322', 'en:e322i', 'en:e330', 'en:e415', 'en:e420', 'en:e422', 'en:e450', 'en:e450i', 'en:e500', 'en:e500ii']",403.0,19.0,11.0,38.0,1.7,4.3,0.54
Lulu L'Ourson Chocolat,3048282322646,"['en:snacks', 'en:desserts', 'en:sweet-snacks', 'en:biscuits-and-cakes', 'en:biscuits-and-crackers', 'en:biscuits', 'en:cakes', 'en:chocolate-cakes']",5,[],"['en:e322', 'en:e322i', 'en:e422', 'en:e450', 'en:e472b', 'en:e475']",392.0,15.0,2.9,31.0,1.8,5.1,0.58
Sablés Miel 🍯 Saveur Citron🍋& Sarrasin,3175681060524,"['en:snacks', 'en:sweet-snacks', 'en:biscuits-and-cakes', 'en:biscuits', 'en:dry-biscuits', 'en:shortbread-cookies']",2,[],"['en:e322', 'en:e503']",472.0,18.0,1.9,17.0,5.0,7.9,0.34
Mentos fruit,87108026,"['en:snacks', 'en:sweet-snacks', 'en:confectioneries', 'en:candies', 'en:dragees']",9,[],"['en:e160a', 'en:e160ai', 'en:e162', 'en:e330', 'en:e414', 'en:e418', 'en:e466', 'en:e570', 'en:e901', 'en:e903']",388.0,1.9,1.7,69.0,,0.0,0.1
Knoppers Einzelpack,40144382,"['en:snacks', 'en:sweet-snacks', 'en:biscuits-and-cakes', 'en:biscuits-and-crackers', 'en:biscuits', 'en:bars', 'en:pastries', 'en:wafers', 'en:chocolate-biscuits', 'en:stuffed-wafers', 'en:waffles', 'en:chocolate-stuffed-wafers']",2,[],"['en:e322', 'en:e500', 'en:e500ii']",546.0,32.8,18.4,34.2,,9.2,0.0014
LOTUS BISCOFF Speculoos Original Pocket Format Familial - 248g (16x2p),5410126676037,"['en:snacks', 'en:sweet-snacks', 'en:biscuits-and-cakes', 'en:biscuits-and-crackers', 'en:biscuits', 'en:biscuits-cookies-shelf-stable', 'en:speculoos']",1,[],"['en:e500', 'en:e500ii']",484.0,19.0,8.0,38.1,1.3,4.9,0.92
Tableta chocolate negro 85%,3560071276539,"['en:snacks', 'en:sweet-snacks', 'en:cocoa-and-its-products', 'en:chocolates', 'en:dark-chocolates', 'es:cacao-et-derives', 'es:chocolats', 'es:chocolats-noirs', 'es:snacks-sucres', 'es:tableta-de-chocolate']",0,[],[],631.0,55.0,34.0,15.0,12.0,9.1,0.01
Gaufrette chocolate waffer,8410376059397,"['en:snacks', 'en:sweet-snacks', 'en:biscuits-and-cakes', 'en:biscuits-and-crackers', 'en:biscuits', 'en:wafers', 'en:chocolate-biscuits', 'en:stuffed-wafers', 'en:chocolate-stuffed-wafers']",5,[],"['en:e160a', 'en:e160ai', 'en:e322', 'en:e322i', 'en:e500', 'en:e500ii', 'en:e503', 'en:e503ii', 'en:e965']",434.0,22.0,13.0,0.5,3.4,4.4,0.15
Digestive Classic,8410376016789,"['en:snacks', 'en:sweet-snacks', 'en:biscuits-and-cakes', 'en:biscuits-and-crackers', 'en:biscuits']",0,[],[],464.0,17.0,2.0,17.0,3.0,6.0,1.6
Lindt lait extra fin,3046920013871,"['en:snacks', 'en:sweet-snacks', 'en:cocoa-and-its-products', 'en:frozen-foods', 'en:chocolates', 'en:milk-chocolates']",1,[],"['en:e322', 'en:e322i']",545.0,32.0,19.0,55.0,,7.0,0.25
PiCK UP ! Choco x6,4017100266416,"['en:snacks', 'en:sweet-snacks', 'en:biscuits-and-cakes', 'en:biscuit-with-chocolate-covering']",4,[],"['en:e322', 'en:e330', 'en:e450', 'en:e500']",511.0,26.0,15.0,35.0,2.8,6.9,0.196
Dark chocolate nuts & sea salt,5000159528511,"['en:snacks', 'en:sweet-snacks', 'en:bars', 'en:dietary-supplements', 'en:bodybuilding-supplements', 'en:energy-bars', 'en:protein-bars', 'en:protein-energy-bars']",1,[],"['en:e322', 'en:e322i']",522.0,37.5,7.5,16.0,13.0,17.0,0.738
Fourré FIGUES,3175681290303,"['en:snacks', 'en:sweet-snacks', 'en:biscuits-and-cakes', 'en:biscuits', 'en:filled-biscuits']",7,[],"['en:e322', 'en:e327', 'en:e330', 'en:e422', 'en:e440', 'en:e500', 'en:e965']",358.0,11.0,0.9,2.6,5.6,4.6,0.48
Sweet And Salted Popcorn,5053526283131,"['en:snacks', 'en:salty-snacks', 'en:sweet-snacks', 'en:popcorn', 'en:salted-popcorn', 'en:sugared-popcorn']",1,[],['en:e322'],507.0,26.3,2.22,22.6,5.93,5.93,1.17
Lentil Chips,4088600463575,"['en:snacks', 'en:salty-snacks', 'en:appetizers', 'en:chips-and-fries', 'en:crisps']",0,[],[],478.0,21.4,1.9,0.6,2.5,9.6,1.6825
Tartelettes chocolat caramel,3178530403022,"['en:snacks', 'en:sweet-snacks', 'en:biscuits-and-cakes', 'en:biscuits-and-crackers', 'en:biscuits', 'en:sweet-pies', 'en:chocolate-biscuits', 'en:tartlets', 'en:tartlet-biscuits-with-chocolate', 'fr:tartelettes-au-caramel']",4,[],"['en:e322', 'en:e322i', 'en:e330', 'en:e500']",493.0,23.3,13.3,38.0,2.0,6.67,0.71
REGAÑA,8480000823656,"['en:plant-based-foods-and-beverages', 'en:plant-based-foods', 'en:snacks', 'en:cereals-and-potatoes', 'en:salty-snacks', 'en:appetizers', 'en:biscuits-and-crackers', 'en:cereals-and-their-products', 'en:breads', 'en:crackers-appetizers', 'en:special-breads', 'en:wheat-crackers', 'es:reganas', 'en:alimentos-y-bebidas-de-origen-vegetal-alimentos-de-origen-vegetal-cereales-y-patatas-panes-panes-especiales-reganas']",0,[],[],448.0,15.0,2.3,2.6,3.7,11.8,1.8
Crackers integrales,8002190020167,"['en:plant-based-foods-and-beverages', 'en:plant-based-foods', 'en:snacks', 'en:salty-snacks', 'en:appetizers', 'en:biscuits-and-crackers', 'en:crackers-appetizers']",1,[],"['en:e500', 'en:e500ii']",430.0,12.6,1.3,2.0,6.5,11.0,1.75
Tablette dégustation chocolat noir 85% - 100g,3250391422715,"['en:snacks', 'en:sweet-snacks', 'en:cocoa-and-its-products', 'en:chocolates', 'en:dark-chocolates', 'en:dark-chocolate-bar-with-more-than-70-cocoa', 'fr:chocolat-noir-superieur']",0,[],[],607.0,49.0,30.0,13.0,14.0,11.0,0.0
Hanuta 10er-Pack,8000500272442,"['en:snacks', 'en:sweet-snacks', 'en:biscuits-and-cakes', 'en:biscuits-and-crackers', 'en:biscuits', 'en:wafers', 'en:stuffed-wafers', 'en:nut-stuffed-wafers', 'en:hazelnut-cream-stuffed-wafers', 'de:haselnuss-schnitte']",2,[],"['en:e322', 'en:e500', 'en:e500ii']",541.0,31.8,13.6,42.7,,7.73,0.00108
Chips Craquante Sel Brets,3497911119124,"['en:plant-based-foods-and-beverages', 'en:plant-based-foods', 'en:snacks', 'en:cereals-and-potatoes', 'en:salty-snacks', 'en:appetizers', 'en:chips-and-fries', 'en:crisps', 'en:potato-crisps', 'en:potato-crisps-in-sunflower-oil']",0,[],[],540.0,34.0,2.7,0.5,4.9,6.1,0.6
Chipsfrisch ungarisch,4003586100313,"['en:plant-based-foods-and-beverages', 'en:plant-based-foods', 'en:snacks', 'en:cereals-and-potatoes', 'en:salty-snacks', 'en:appetizers', 'en:chips-and-fries', 'en:crisps', 'en:potato-crisps', 'en:flavoured-potato-crisps', 'en:potato-crisps-in-sunflower-oil']",0,[],[],533.0,33.0,3.0,2.5,4.5,6.0,1.5
Fennel Seed Tarallini,5060198642289,"['en:snacks', 'en:salty-snacks', 'en:appetizers', 'en:biscuits-and-crackers', 'en:crackers-appetizers', 'en:tarallini']",0,[],[],475.0,20.0,3.0,1.1,3.8,9.4,1.8
CARAMEL,3046920028424,"['en:snacks', 'en:sweet-snacks', 'en:cocoa-and-its-products', 'en:chocolates', 'en:dark-chocolates', 'en:dark-chocolate-bar']",0,[],[],520.0,29.0,17.0,52.0,,5.4,0.3925
Onduladas campesinas,8411859552176,"['en:plant-based-foods-and-beverages', 'en:plant-based-foods', 'en:snacks', 'en:cereals-and-potatoes', 'en:salty-snacks', 'en:appetizers', 'en:chips-and-fries', 'en:crisps', 'en:potato-crisps', 'en:flavoured-potato-crisps', 'en:wavy-potato-crisps']",5,[],"['en:e160c', 'en:e296', 'en:e330', 'en:e621', 'en:e635']",549.0,34.5,4.3,1.6,0.0,6.0,0.8
Sweet & Salty Popped Crisps,5000328015552,"['en:snacks', 'en:salty-snacks', 'en:appetizers', 'en:chips-and-fries', 'en:crisps', 'en:corn-chips']",0,[],[],448.0,14.0,1.2,8.9,4.6,6.7,0.9
Noir 85%,3760121219732,"['en:snacks', 'en:sweet-snacks', 'en:cocoa-and-its-products', 'en:chocolates', 'en:dark-chocolates', 'fr:tablette-chocolat-noir-85']",0,[],[],594.0,49.0,31.0,14.0,19.0,9.4,0.1
Matin Chocolat,3175681297104,"['en:snacks', 'en:breakfasts', 'en:sweet-snacks', 'en:biscuits-and-cakes', 'en:biscuits-and-crackers', 'en:biscuits', 'en:chocolate-biscuits', 'en:dry-biscuits', 'en:breakfast-biscuit-with-cereals-fortified-with-vitamins-and-chemical-elements']",4,[],"['en:e322', 'en:e322i', 'en:e330', 'en:e500']",436.0,15.0,2.4,15.0,8.3,10.0,0.17
Véritable petit beurre🧈,3017760857062,"['en:snacks', 'en:sweet-snacks', 'en:biscuits-and-cakes', 'en:biscuits-and-crackers', 'en:biscuits', 'en:petit-beurre', 'en:biscuits-et-gateaux', 'en:snacks-sucres']",3,[],"['en:e330', 'en:e500', 'en:e500ii', 'en:e502']",440.0,12.0,8.0,23.2,0.8,8.0,1.38
Le palmier,3229820021003,"['en:snacks', 'en:desserts', 'en:sweet-snacks', 'en:biscuits-and-cakes', 'en:biscuits', 'en:flaky-biscuits', 'en:palmiers']",1,[],['en:e500'],508.0,25.0,14.0,20.0,3.3,7.0,0.83
Fourrés goût citron,3229820789880,"['en:snacks', 'en:sweet-snacks', 'en:biscuits-and-cakes', 'en:biscuits-and-crackers', 'en:biscuits', 'en:filled-biscuits', 'en:sandwich-biscuits']",5,[],"['en:e322', 'en:e392', 'en:e414', 'en:e500', 'en:e503']",488.0,20.0,6.9,31.0,3.1,7.4,0.55
Sablés Pavot Coco,3175681257528,"['en:snacks', 'en:sweet-snacks', 'en:biscuits-and-cakes', 'en:biscuits', 'en:shortbread-cookies']",2,[],"['en:e330', 'en:e500']",456.0,17.0,3.0,18.0,5.4,9.0,0.19
Nicaragua grand cru waslala 75%,3760091722515,"['en:snacks', 'en:sweet-snacks', 'en:cocoa-and-its-products', 'en:confectioneries', 'en:chocolates', 'en:dark-chocolates']",0,[],[],593.0,45.0,27.0,24.0,9.7,9.5,0.0
Barritas avellanas,20080709,"['en:plant-based-foods-and-beverages', 'en:plant-based-foods', 'en:snacks', 'en:sweet-snacks', 'en:bars', 'en:cereal-bars', 'en:cereal-bars-with-nuts', 'en:cereal-bars-with-almonds', 'en:cereal-bars-with-hazelnuts', 'en:cereal-bar-with-almonds-or-hazelnuts']",3,[],"['en:e422', 'en:e472', 'en:e965', 'en:e965ii']",172.084129992,8.8,0.5,1.0,2.0,7.5,0.05
Bio crackers,4056489546085,"['en:snacks', 'en:salty-snacks', 'en:appetizers', 'en:biscuits-and-crackers', 'en:crackers-appetizers', 'en:wheat-crackers']",0,[],[],442.0,18.0,4.8,2.4,10.0,18.0,1.8
Digestive,8480000142146,"['en:snacks', 'en:sweet-snacks', 'en:biscuits-and-cakes', 'en:biscuits-and-crackers', 'en:biscuits']",0,[],[],464.0,17.0,2.0,17.0,3.6,6.0,1.5725
gullon zero wafer vanilla,8410376059366,"['en:snacks', 'en:sweet-snacks', 'en:biscuits-and-cakes', 'en:biscuits', 'en:wafers', 'en:stuffed-wafers', 'en:vanilla-stuffed-wafers']",0,[],[],431.0,22.0,12.0,0.4,10.0,3.0,0.15
Gullón Zéro - Choc Tablet,8410376057270,"['en:snacks', 'en:sweet-snacks', 'en:biscuits-and-cakes', 'en:biscuits-and-crackers', 'en:cocoa-and-its-products', 'en:biscuits', 'en:chocolates', 'en:chocolate-biscuits', 'en:dark-chocolate-biscuits', 'en:biscuit-with-a-chocolate-bar-covering', 'en:biscuit-with-a-dark-chocolate-bar-covering']",6,[],"['en:e322', 'en:e330', 'en:e450', 'en:e450i', 'en:e500', 'en:e500ii', 'en:e503', 'en:e503ii', 'en:e965']",451.0,24.0,16.0,1.3,6.3,6.6,0.35
KP Dry Roasted Peanuts,5000237127285,"['en:plant-based-foods-and-beverages', 'en:plant-based-foods', 'en:legumes-and-their-products', 'en:snacks', 'en:legumes', 'en:salty-snacks', 'en:nuts-and-their-products', 'en:nuts', 'en:roasted-nuts', 'en:peanuts', 'en:salted-nuts', 'en:roasted-peanuts', 'en:salted-peanuts']",3,[],"['en:e100', 'en:e160c', 'en:e621']",597.0,46.7,7.67,5.0,9.0,30.0,1.67
Wholegrain Crackerbread,5050974000655,"['en:plant-based-foods-and-beverages', 'en:plant-based-foods', 'en:snacks', 'en:cereals-and-potatoes', 'en:breads', 'en:extruded-crispbreads']",0,[],[],380.0,3.6,0.6,4.1,8.5,12.5,0.58
Tortilla Chips,5057545696439,"['en:snacks', 'en:salty-snacks', 'en:appetizers', 'en:chips-and-fries', 'en:crisps', 'en:corn-chips']",0,[],[],499.0,23.5,2.0,1.0,2.9,5.5,0.8
Dessert 72%,6111017042236,"['en:snacks', 'en:sweet-snacks', 'en:cocoa-and-its-products', 'en:chocolates', 'en:dark-chocolates']",2,[],"['en:e322', 'en:e322i']",507.0,37.6,23.4,28.0,,8.0,0.01
Sea Shells hasselpähkinäkonvehdit,4056489815785,"['en:snacks', 'en:sweet-snacks', 'en:cocoa-and-its-products', 'en:confectioneries', 'en:chocolate-candies', 'en:bonbons']",1,[],['en:e322'],570.0,38.4,13.1,47.8,2.8,6.9,0.08
Galleta dorada,8410376008371,"['en:snacks', 'en:sweet-snacks', 'en:biscuits-and-cakes', 'en:biscuits']",3,[],"['en:e322', 'en:e322i', 'en:e500', 'en:e500ii', 'en:e503', 'en:e503ii']",480.0,19.0,9.2,19.0,,6.3,0.68
tentation croque lait aux noisettes suprêmes,6111017042441,"['en:snacks', 'en:sweet-snacks', 'en:cocoa-and-its-products', 'en:chocolates', 'en:milk-chocolates', 'en:chocolates-with-hazelnuts', 'en:milk-chocolates-with-hazelnuts']",2,[],"['en:e322', 'en:e322i']",577.0,39.7,19.3,39.0,,10.5,0.2
Melly,6111259346260,"['en:snacks', 'en:sweet-snacks', 'en:biscuits-and-cakes', 'en:cakes', 'ar:filled-with-chocolate']",1,[],"['en:e322', 'en:e322i']",352.67,19.5,17.73,23.33,1.77,4.28,0.17
chocolate negro,6111250477154,"['en:snacks', 'en:sweet-snacks', 'en:cocoa-and-its-products', 'en:chocolates', 'en:dark-chocolates', 'en:dark-chocolates-with-orange']",0,[],[],522.0,34.0,21.0,35.0,11.0,8.4,0.06
Digestive sin azúcares,8410376074307,"['en:snacks', 'en:sweet-snacks', 'en:biscuits-and-cakes', 'en:biscuits-and-crackers', 'en:biscuits']",5,[],"['en:e322', 'en:e322i', 'en:e500', 'en:e500ii', 'en:e502', 'en:e953', 'en:e965']",430.0,16.0,1.5,0.5,6.5,6.2,0.88
Brioche tressée pépites de chocolat,3256540001794,"['en:snacks', 'en:sweet-snacks', 'en:sweet-pastries-and-pies', 'en:viennoiseries', 'en:brioches', 'fr:brioches-tressees', 'en:brioche-filled-with-chocolate-drops']",3,[],"['en:e322', 'en:e322i', 'en:e412', 'en:e471']",373.0,16.0,7.8,16.0,,8.3,1.0
,3387390406719,"['en:snacks', 'en:sweet-snacks', 'en:bars', 'en:cereal-bars']",4,[],"['en:e306', 'en:e322', 'en:e420', 'en:e420ii', 'en:e422']",395.0,11.5,5.0,21.8,5.2,6.6,0.42
LOTUS Gaufre de Liège Chocolat 363g (7x1p),5410126832372,"['en:snacks', 'en:sweet-snacks', 'en:biscuits-and-cakes', 'en:sweet-pies', 'en:pastries', 'en:waffles', 'en:chocolate-coated-waffles', 'en:shelf-stable-sweet-pies', 'fr:gaufres-liegeoises']",4,[],"['en:e322', 'en:e322i', 'en:e471', 'en:e476', 'en:e481']",457.0,24.0,12.0,30.0,1.9,5.2,0.54
14 Gaufrettes saveur Cacao,3017760221597,"['en:snacks', 'en:sweet-snacks', 'en:biscuits-and-cakes', 'en:biscuits-and-crackers', 'en:biscuits', 'en:cakes', 'en:wafers', 'en:chocolate-biscuits', 'en:stuffed-wafers', 'en:chocolate-stuffed-wafers']",3,[],"['en:e322', 'en:e322i', 'en:e500', 'en:e503']",512.0,26.0,16.0,39.0,3.1,5.6,0.29
Chocolat Noir Amande et Écorces d'Orange,20936600,"['en:snacks', 'en:sweet-snacks', 'en:cocoa-and-its-products', 'en:chocolates', 'en:dark-chocolates', 'en:chocolates-with-almonds', 'en:dark-chocolates-with-almonds', 'en:dark-chocolates-with-orange']",2,[],"['en:e322', 'en:e330']",573.0,39.4,22.0,41.4,6.7,6.0,0.01
Milka Choco Mini Stars,7622300441715,"['en:snacks', 'en:sweet-snacks', 'en:biscuits-and-cakes', 'en:biscuits-and-crackers', 'en:biscuits', 'en:chocolate-biscuits', 'en:filled-biscuits']",5,[],"['en:e322', 'en:e322i', 'en:e330', 'en:e476', 'en:e500', 'en:e500i', 'en:e503', 'en:e503i']",510.0,25.0,11.0,35.0,2.0,7.1,0.61
Eat Natural Bar Peanut&Chocolate 45g,96103890,"['en:plant-based-foods-and-beverages', 'en:plant-based-foods', 'en:snacks', 'en:sweet-snacks', 'en:nuts-and-their-products', 'en:bars', 'en:cereal-bars', 'en:dietary-supplements', 'en:bodybuilding-supplements', 'en:nut-bars', 'en:protein-bars']",0,[],[],510.0,30.5,9.1,18.8,7.3,22.8,0.315
Choco wafer,7622300675981,"['en:snacks', 'en:sweet-snacks', 'en:biscuits-and-cakes', 'en:biscuits-and-crackers', 'en:cocoa-and-its-products', 'en:confectioneries', 'en:biscuits', 'en:chocolate-candies', 'en:bonbons', 'en:wafers', 'en:chocolate-biscuits', 'en:stuffed-wafers', 'en:chocolate-confectioneries-filled-with-wafer', 'en:chocolate-stuffed-wafers']",2,[],"['en:e322', 'en:e500']",535.0,31.0,18.0,43.0,2.8,6.7,0.28
Barquillo relleno de crema de chocolate,8410376059373,"['en:snacks', 'en:sweet-snacks', 'en:biscuits-and-cakes', 'en:biscuits', 'en:chocolate-biscuits', 'en:wafers', 'en:stuffed-wafers', 'en:chocolate-stuffed-wafers']",5,[],"['en:e322', 'en:e322i', 'en:e500', 'en:e500ii', 'en:e502', 'en:e503', 'en:e503ii', 'en:e965']",434.0,22.0,13.0,0.5,3.4,4.4,0.15
Sweet & Salty Nut,8410076901019,"['en:snacks', 'en:sweet-snacks', 'en:bars', 'en:cereal-bars', 'en:cereal-bars-with-nuts', 'en:chocolate-cereal-bars', 'en:cereal-bars-with-hazelnuts', 'en:cereal-bar-with-almonds-or-hazelnuts']",1,[],['en:e422'],464.0,22.9,8.8,23.3,10.1,9.5,0.93
Barres de céréales fraises et framboises x 6,4056489627173,"['en:snacks', 'en:sweet-snacks', 'en:bars', 'en:cereal-bars', 'en:fruits-cereal-bars']",3,[],"['en:e322', 'en:e330', 'en:e422']",368.0,6.0,0.7,28.0,4.0,5.0,0.425
KIDDYLICIOUS Veggie Straws - saveur Légumes - 48g (4x12g),5060040253724,"['en:snacks', 'en:salty-snacks', 'en:appetizers', 'en:biscuits-and-crackers', 'en:chips-and-fries', 'en:baby-foods', 'en:crisps', 'en:snacks-and-desserts-for-babies', 'en:crackers-appetizers', 'en:biscuits-for-babies', 'fr:bebe', 'fr:bebe-gouter', 'fr:biscuits-et-gouter']",0,[],[],513.0,30.0,2.5,0.6,2.9,2.6,0.33
Anglesey sea salt crisps,5033060100040,"['en:plant-based-foods-and-beverages', 'en:plant-based-foods', 'en:snacks', 'en:cereals-and-potatoes', 'en:salty-snacks', 'en:appetizers', 'en:chips-and-fries', 'en:crisps', 'en:potato-crisps', 'en:potato-crisps-in-sunflower-oil']",0,[],[],532.0,30.7,3.3,0.5,3.5,5.1,0.94
Mini cheddars,5000168035031,"['en:snacks', 'en:salty-snacks', 'en:appetizers', 'en:cheese-biscuits']",3,[],"['en:e270', 'en:e500', 'en:e500ii', 'en:e503', 'en:e503ii']",509.0,28.7,14.3,4.35,2.61,10.4,2.14
Chocolat Dessert Noir 52%,6111017000014,"['en:snacks', 'en:sweet-snacks', 'en:cocoa-and-its-products', 'en:chocolates', 'en:dark-chocolates']",2,[],"['en:e322', 'en:e322i']",525.0,34.5,21.5,44.9,,5.2,1.8
Tartines de Pain multi-céréales,3182180060290,"['en:plant-based-foods-and-beverages', 'en:plant-based-foods', 'en:snacks', 'en:cereals-and-potatoes', 'en:breads', 'en:rusks']",1,[],['en:e300'],410.0,7.5,1.0,5.1,5.3,14.0,1.6
Tartines Craquantes Sarrasin,3380380046940,"['en:plant-based-foods-and-beverages', 'en:plant-based-foods', 'en:snacks', 'en:cereals-and-potatoes', 'en:extruded-crispbreads']",0,[],[],388.0,2.7,0.6,1.7,4.5,13.4,0.01
Petit écolier tendre coeur au lait,3017760002905,"['en:snacks', 'en:sweet-snacks', 'en:biscuits-and-cakes', 'en:biscuits-and-crackers', 'en:biscuits', 'en:chocolate-biscuits', 'en:milk-chocolate-biscuits', 'en:biscuit-with-a-chocolate-bar-covering', 'en:biscuit-with-a-filled-chocolate-bar-covering', 'en:biscuit-with-a-milk-chocolate-bar-covering']",4,[],"['en:e322', 'en:e322i', 'en:e500', 'en:e503']",513.0,27.0,15.0,43.0,2.0,6.3,0.35
Chocolat Noir 95% Togo,3700214616970,"['en:snacks', 'en:sweet-snacks', 'en:cocoa-and-its-products', 'en:chocolates', 'en:dark-chocolates', 'en:extra-fine-dark-chocolates']",0,[],[],648.0,60.0,36.0,3.9,14.0,8.9,0.0
Chocolat noir 72% cacao,3564700010877,"['en:snacks', 'en:sweet-snacks', 'en:cocoa-and-its-products', 'en:chocolates', 'en:dark-chocolates', 'en:extra-fine-dark-chocolates']",2,[],"['en:e322', 'en:e322i']",548.0,39.0,24.0,28.0,12.0,10.0,0.02
Alpine Milk,7622210693280,"['en:snacks', 'en:sweet-snacks', 'en:cocoa-and-its-products', 'en:chocolates', 'en:milk-chocolates', 'en:milk-chocolate-bar']",1,[],['en:e322'],539.0,31.0,19.0,55.0,2.3,6.5,0.28
Snack de Pan con pipas,8423102210153,"['en:plant-based-foods-and-beverages', 'en:plant-based-foods', 'en:snacks', 'en:cereals-and-potatoes', 'en:breads', 'en:breadsticks', 'en:alimentos-e-bebidas-a-base-de-plantas', 'en:alimentos-a-base-de-plantas', 'en:cereais-e-batatas', 'en:paes']",0,[],[],521.0,30.2,2.8,1.3,3.4,11.4,2.3
8 Crêpes Chocolat,3322680010801,"['en:snacks', 'en:sweet-snacks', 'en:crepes-and-galettes', 'en:crepes', 'en:filled-crepes', 'en:sweet-filled-crepes', 'en:filled-crepes-with-chocolate']",2,[],"['en:e322', 'en:e322i']",466.0,21.9,5.62,37.5,2.5,6.56,0.656
Mélange de noix et pistaches,20559625,"['en:plant-based-foods-and-beverages', 'en:plant-based-foods', 'en:snacks', 'en:salty-snacks', 'en:seeds']",0,[],[],598.0,46.1,6.1,6.5,7.6,22.8,0.983
Trancetto cacao,8001585001224,"['en:snacks', 'en:desserts', 'en:sweet-snacks', 'en:biscuits-and-cakes', 'en:cakes', 'en:chocolate-cakes', 'en:filled-sponge-cake-slices']",4,[],"['en:e450', 'en:e471', 'en:e500', 'en:e503']",369.0,13.0,6.7,35.0,,5.1,0.39
Caprice,5201004021328,"['en:snacks', 'en:sweet-snacks', 'en:cocoa-and-its-products', 'en:biscuits-and-cakes', 'en:biscuits', 'en:chocolate-biscuits', 'en:pastries', 'en:wafers', 'en:stuffed-wafers', 'en:waffles', 'en:chocolate-stuffed-wafers', 'en:stuffed-waffles']",5,[],"['en:e150c', 'en:e304', 'en:e304i', 'en:e306', 'en:e322', 'en:e322i', 'en:e420', 'en:e420ii']",477.0,19.0,8.4,48.0,4.3,7.4,0.39
Ferrero collection,8000500247150,"['en:snacks', 'en:sweet-snacks', 'en:cocoa-and-its-products', 'en:confectioneries', 'en:chocolate-candies', 'en:bonbons', 'en:assorted-chocolate-candies', 'en:susser-snack', 'en:susswaren']",0,[],[],623.0,48.6,29.7,33.3,0.0,7.2,0.31
Oatcakes - Organic,0061232200293,"['en:snacks', 'en:sweet-snacks', 'en:biscuits-and-cakes', 'en:biscuits', 'en:oatmeal-cookies']",1,[],"['en:e500', 'en:e500ii']",446.0,17.6,3.7,0.8,8.6,9.6,1.61
Erdnüsse geröstet & gesalzen,4004980401907,"['en:plant-based-foods-and-beverages', 'en:plant-based-foods', 'en:legumes-and-their-products', 'en:snacks', 'en:legumes', 'en:salty-snacks', 'en:nuts-and-their-products', 'en:nuts', 'en:roasted-nuts', 'en:peanuts', 'en:salted-nuts', 'en:roasted-peanuts', 'en:salted-peanuts', 'en:erdnusse', 'en:gesalzene-erdnusse', 'en:nusse']",0,[],[],619.0,51.0,7.8,5.2,8.2,24.0,1.0
Sweet & Salty Popcorn,5060283760034,"['en:snacks', 'en:salty-snacks', 'en:popcorn', 'en:salted-popcorn']",1,[],['en:e953'],463.0,20.3,1.67,11.3,12.7,7.67,0.658
Digestive,4056489356042,"['en:snacks', 'en:sweet-snacks', 'en:biscuits-and-cakes', 'en:biscuits', 'en:wheat-bis']",2,[],"['en:e500', 'en:e503']",464.0,17.0,2.0,17.0,3.6,6.0,1.6025
Ready Salted Grab Bag Crisps,5000328270548,"['en:plant-based-foods-and-beverages', 'en:plant-based-foods', 'en:snacks', 'en:cereals-and-potatoes', 'en:salty-snacks', 'en:appetizers', 'en:chips-and-fries', 'en:crisps', 'en:potato-crisps', 'en:potato-crisps-in-sunflower-oil']",4,[],"['en:e300', 'en:e306', 'en:e330', 'en:e392']",518.0,31.1,2.44,0.444,4.0,6.44,1.33
Savoury Crackers,4088600226736,"['en:snacks', 'en:salty-snacks', 'en:sweet-snacks', 'en:appetizers', 'en:biscuits-and-cakes', 'en:biscuits-and-crackers', 'en:biscuits', 'en:crackers-appetizers']",3,[],"['en:e341', 'en:e500', 'en:e503']",465.0,18.0,1.4,7.9,2.1,7.6,0.88
Multigrain Crackers,20472122,"['en:snacks', 'en:salty-snacks', 'en:appetizers', 'en:biscuits-and-crackers', 'en:crackers-appetizers']",2,[],"['en:e500', 'en:e503']",478.0,20.8,1.8,4.2,6.2,8.8,1.3
Clorets,7622201430498,"['en:snacks', 'en:sweet-snacks', 'en:confectioneries', 'en:chewing-gum', 'en:sugar-free-chewing-gum']",0,[],[],306.0,0.0,0.0,75.0,0.0,0.1,0.02
Sour Cream & Onion Potato Chips,5060292308708,"['en:plant-based-foods-and-beverages', 'en:plant-based-foods', 'en:snacks', 'en:cereals-and-potatoes', 'en:salty-snacks', 'en:appetizers', 'en:biscuits-and-crackers', 'en:chips-and-fries', 'en:crisps', 'en:potato-crisps', 'en:crackers-appetizers', 'en:puffed-salty-snacks', 'en:puffed-salty-snacks-made-from-potato']",1,[],['en:e330'],432.0,13.0,1.7,4.4,4.8,6.7,1.0825
Sea salt lentil chips,5060283762649,"['en:snacks', 'en:salty-snacks', 'en:appetizers', 'en:chips-and-fries', 'en:crisps']",0,[],[],486.0,20.7,2.86,0.714,0.714,10.0,1.86
Major,6194008554789,"['en:snacks', 'en:sweet-snacks', 'en:biscuits-and-cakes', 'en:biscuits', 'en:filled-biscuits']",7,[],"['en:e223', 'en:e322', 'en:e322i', 'en:e330', 'en:e336', 'en:e450', 'en:e450i', 'en:e500', 'en:e500ii', 'en:e503', 'en:e503ii']",442.0,17.7,9.05,27.7,,5.8,0.298
Sablés beurré nantais,3017760000406,"['en:snacks', 'en:sweet-snacks', 'en:biscuits-and-cakes', 'en:biscuits-and-crackers', 'en:biscuits', 'en:shortbread-cookies']",3,[],"['en:e341', 'en:e500', 'en:e503']",462.0,17.0,11.0,26.0,2.6,6.9,1.4
Galette Épeautre Son d'Avoine,3229820780955,"['en:plant-based-foods-and-beverages', 'en:plant-based-foods', 'en:snacks', 'en:cereals-and-potatoes', 'en:sweet-snacks', 'en:biscuits-and-cakes', 'en:cereals-and-their-products', 'en:puffed-cereal-cakes', 'en:puffed-wheat-cakes', 'en:puffed-spelt-cakes']",0,[],[],370.0,2.9,0.6,0.7,9.8,17.0,0.2
"Gerblé - Choco Hazelnut Filled Cake, 200g (7.1oz)",3175680013231,"['en:snacks', 'en:sweet-snacks', 'en:biscuits-and-cakes', 'en:biscuits', 'en:chocolate-biscuits', 'en:filled-biscuits']",4,[],"['en:e322', 'en:e322i', 'en:e330', 'en:e500']",477.0,22.0,3.2,31.0,4.7,7.4,0.1775
3D's Bugles goût nature,3168930000990,"['en:snacks', 'en:salty-snacks', 'en:appetizers', 'en:biscuits-and-crackers', 'en:crackers-appetizers', 'en:puffed-salty-snacks-potato-soy-based', 'en:puffed-salty-snacks', 'en:puffed-salty-snacks-made-from-maize']",2,[],"['en:e160c', 'en:e621']",519.0,31.0,3.0,3.5,0.7,5.4,2.1
Grany Fraise 🍓 & Framboise,3017760502399,"['en:snacks', 'en:sweet-snacks', 'en:bars', 'en:cereal-bars', 'en:fruits-cereal-bars']",3,[],"['en:e322', 'en:e322i', 'en:e330', 'en:e420']",411.0,13.3,0.6,4.44,0.8,5.56,0.653
Pain d'Épices au Miel,3498425800058,"['en:snacks', 'en:sweet-snacks', 'en:biscuits-and-cakes', 'en:gingerbreads', 'en:gingerbread-blocks', 'fr:pains-d-epices-au-miel']",3,[],"['en:e200', 'en:e450', 'en:e500']",297.0,1.1,0.3,36.0,5.7,3.0,0.5
Original Oreo,8410000810004,"['en:snacks', 'en:sweet-snacks', 'en:biscuits-and-cakes', 'en:biscuits-and-crackers', 'en:biscuits', 'en:filled-biscuits', 'en:chocolate-sandwich-cookies']",3,[],"['en:e322', 'en:e503', 'en:e524']",472.0,19.0,5.4,35.0,2.9,5.6,0.76
,3168930000020,"['en:plant-based-foods-and-beverages', 'en:plant-based-foods', 'en:snacks', 'en:cereals-and-potatoes', 'en:salty-snacks', 'en:appetizers', 'en:chips-and-fries', 'en:crisps', 'en:potato-crisps', 'en:potato-crisps-in-sunflower-oil']",0,[],[],508.0,30.0,3.2,0.5,4.3,6.1,1.1
Barritas de trigo y arroz integral con chocolate con leche,8480000093509,"['en:snacks', 'en:sweet-snacks', 'en:bars', 'en:cereal-bars']",7,[],"['en:e304', 'en:e304i', 'en:e307', 'en:e310', 'en:e322', 'en:e322i', 'en:e420', 'en:e422', 'en:e471']",345.0,9.9,6.1,27.0,7.4,6.5,0.82
Oreo,7622300541491,"['en:snacks', 'en:sweet-snacks', 'en:biscuits-and-cakes', 'en:biscuits-and-crackers', 'en:biscuits', 'en:chocolate-biscuits', 'de:kakaokekse-mit-einer-crèmefüllung']",1,[],['en:e524'],476.0,20.0,5.4,38.0,2.7,5.3,0.73
Cacahuètes grillées sans sel ajouté.,3560071084042,"['en:plant-based-foods-and-beverages', 'en:plant-based-foods', 'en:legumes-and-their-products', 'en:snacks', 'en:legumes', 'en:salty-snacks', 'en:nuts-and-their-products', 'en:nuts', 'en:roasted-nuts', 'en:peanuts', 'en:salted-nuts', 'en:roasted-peanuts', 'en:salted-peanuts']",0,[],[],622.0,51.0,6.1,5.0,8.6,27.0,0.04
Galletas chocolate 0%,8480000158444,"['en:snacks', 'en:breakfasts', 'en:sweet-snacks', 'en:biscuits-and-cakes', 'en:biscuits-and-crackers', 'en:biscuits', 'en:chocolate-biscuits', 'en:filled-biscuits', 'en:milk-chocolate-biscuits', 'en:biscuit-with-a-chocolate-bar-covering', 'en:biscuit-with-a-milk-chocolate-bar-covering']",5,[],"['en:e223', 'en:e322', 'en:e322i', 'en:e500', 'en:e500ii', 'en:e503', 'en:e503ii', 'en:e965']",398.0,17.0,5.8,4.1,3.7,6.7,0.63
Takis Fuego 90g,8412600028599,"['en:snacks', 'en:salty-snacks', 'en:appetizers', 'en:chips-and-fries', 'en:crisps', 'en:corn-chips']",6,[],"['en:e120', 'en:e262', 'en:e330', 'en:e500', 'en:e621', 'en:e635']",492.0,27.0,9.9,1.7,8.6,5.6,1.5725
Le Petit Beurre,7622201499679,"['en:snacks', 'en:sweet-snacks', 'en:biscuits-and-cakes', 'en:biscuits', 'en:petit-beurre']",4,[],"['en:e450', 'en:e472e', 'en:e500', 'en:e503']",481.0,21.2,13.6,24.8,2.4,6.4,1.6
popped potato snacks,5060292308203,"['en:plant-based-foods-and-beverages', 'en:plant-based-foods', 'en:snacks', 'en:cereals-and-potatoes', 'en:salty-snacks', 'en:appetizers', 'en:chips-and-fries', 'en:crisps', 'en:potato-crisps', 'en:flavoured-potato-crisps', 'en:potato-crisps-in-sunflower-oil', 'en:barbeque-potato-chips']",3,[],"['en:e160c', 'en:e330', 'en:e392']",436.0,14.0,1.5,8.2,4.7,6.5,0.855
Jelly Snakes,7622201730352,"['en:snacks', 'en:sweet-snacks', 'en:confectioneries', 'en:candies', 'en:gummi-candies', 'en:gummy']",6,[],"['en:e100', 'en:e160c', 'en:e163', 'en:e330', 'en:e428', 'en:e903']",326.0,0.2,0.2,61.0,,3.1,0.04
Pringles Salt & Vinegar,5053990167531,"['en:plant-based-foods-and-beverages', 'en:plant-based-foods', 'en:snacks', 'en:cereals-and-potatoes', 'en:salty-snacks', 'en:appetizers', 'en:chips-and-fries', 'en:crisps', 'en:potato-crisps', 'en:salty-snacks-made-from-potato']",7,[],"['en:e160b', 'en:e160bii', 'en:e296', 'en:e330', 'en:e471', 'en:e621', 'en:e627', 'en:e631']",518.0,30.0,2.8,1.9,3.9,6.0,1.67
Protein Peanuts & Dark Chocolate,8000500416938,"['en:snacks', 'en:sweet-snacks', 'en:cocoa-and-its-products', 'en:confectioneries', 'en:chocolate-candies', 'en:bars', 'en:candy-chocolate-bars', 'en:chocolate-nuts-cookie-bars']",1,[],"['en:e322', 'en:e322i']",510.0,30.5,9.1,18.8,7.3,22.8,0.32
POULAIN NOIR EXTRA 200G,3664346306591,"['en:snacks', 'en:sweet-snacks', 'en:cocoa-and-its-products', 'en:chocolates', 'en:dark-chocolates', 'en:snacks-snacks-sucres-cacao-et-derives-chocolats-chocolats-noirs']",1,[],"['en:e322', 'en:e322i']",508.0,28.0,18.0,52.0,7.0,4.9,0.01
Biscuits à l'orange Orange et au graines de Chia,3175681257511,"['en:snacks', 'en:sweet-snacks', 'en:biscuits-and-cakes', 'en:biscuits-and-crackers', 'en:biscuits']",2,[],"['en:e330', 'en:e500']",452.0,16.0,1.5,18.0,6.6,8.6,0.22
Chocolate 85% Cacao 0% Azúcares Añadidos,8410109109832,"['en:snacks', 'en:sweet-snacks', 'en:cocoa-and-its-products', 'en:specific-products', 'en:products-for-specific-diets', 'en:chocolates', 'en:products-without-gluten', 'en:chocolates-with-sweeteners', 'en:dark-chocolates', 'en:dark-chocolates-with-sweeteners', 'en:dark-chocolate-bar-with-more-than-70-cocoa', 'en:dark-chocolate-bar-without-sugar-and-with-artificial-sweeteners']",3,[],"['en:e322', 'en:e322i', 'en:e960', 'en:e965']",568.0,49.0,31.0,0.5,,11.0,0.12
Cashews roasted & salted,4056489104230,"['en:plant-based-foods-and-beverages', 'en:plant-based-foods', 'en:snacks', 'en:salty-snacks', 'en:nuts-and-their-products', 'en:nuts', 'en:shelled-nuts', 'en:roasted-nuts', 'en:salted-nuts', 'en:cashew-nuts', 'en:roasted-cashew-nuts', 'en:salted-cashews']",0,[],[],621.0,48.8,8.5,5.7,,21.3,1.0
Gran cereale croccante con riso,8076809517300,"['en:plant-based-foods-and-beverages', 'en:plant-based-foods', 'en:snacks', 'en:cereals-and-potatoes', 'en:sweet-snacks', 'en:biscuits-and-cakes', 'en:biscuits']",2,[],"['en:e500', 'en:e500ii', 'en:e503', 'en:e503ii']",443.0,16.0,1.5,18.0,9.2,7.6,0.71
Dark Extreme,5941021001674,"['en:snacks', 'en:sweet-snacks', 'en:cocoa-and-its-products', 'en:chocolates', 'en:dark-chocolates']",1,[],"['en:e322', 'en:e322i']",603.0,52.0,31.0,12.0,,9.3,0.02
"Gerblé - Organic Muesli Fig Apricot Spelt Cookie, 132g (4.7oz)",3175681272927,"['en:snacks', 'en:sweet-snacks', 'en:biscuits-and-cakes', 'en:biscuits-and-crackers', 'en:biscuits', 'en:oatmeal-biscuits']",2,[],"['en:e330', 'en:e500']",452.0,17.0,1.7,16.0,8.2,7.6,0.36
Mini cracker!,8410376014051,"['en:snacks', 'en:salty-snacks', 'en:appetizers', 'en:biscuits-and-crackers', 'en:meals', 'en:crackers-appetizers']",3,[],"['en:e341', 'en:e341i', 'en:e500', 'en:e500ii', 'en:e503', 'en:e503ii']",465.0,20.0,2.0,9.0,2.3,6.0,2.5
Petits chocos 🍫,3178530423136,"['en:snacks', 'en:sweet-snacks', 'en:biscuits-and-cakes', 'en:biscuits', 'en:filled-biscuits']",5,[],"['en:e322', 'en:e322i', 'en:e330', 'en:e500', 'en:e503']",250.0,12.0,5.0,16.0,2.5,3.5,0.000625
Tartines croquantes,2006050102860,"['en:plant-based-foods-and-beverages', 'en:plant-based-foods', 'en:snacks', 'en:cereals-and-potatoes', 'en:salty-snacks', 'en:appetizers', 'en:biscuits-and-crackers', 'en:crackers-appetizers', 'en:extruded-crispbreads', 'en:wheat-crackers']",0,[],[],460.0,21.0,2.5,2.3,9.3,15.0,1.9
Cocoa Delight Raw Fruit & Nut Bars,5060088701942,"['en:plant-based-foods-and-beverages', 'en:plant-based-foods', 'en:snacks', 'en:sweet-snacks', 'en:nuts-and-their-products', 'en:bars', 'en:nut-bars', 'en:fruit-bar']",0,[],[],363.0,12.9,2.63,39.5,8.68,7.63,0.0658
Madeleine,3178530407983,"['en:snacks', 'en:sweet-snacks', 'en:biscuits-and-cakes', 'en:cakes', 'en:pound-cake', 'en:madeleines']",2,[],"['en:diphosphates-and-sodium-carbonates', 'en:e322', 'en:e450', 'en:e500']",447.0,26.0,16.0,26.0,1.2,6.6,0.9
Jacobs Savours Salt And Black Pepper Bakes,5000168137605,"['en:snacks', 'en:salty-snacks', 'en:appetizers', 'en:biscuits-and-crackers', 'en:crackers-appetizers']",1,[],"['en:e500', 'en:e500ii']",470.0,17.6,8.1,0.6,4.0,9.1,1.28
Barre granola goût chocolat et enrobage crème de cacao,8719979202521,"['en:snacks', 'en:sweet-snacks', 'en:frozen-foods', 'en:bars', 'en:cereal-bars', 'en:chocolate-cereal-bars']",6,[],"['en:e322', 'en:e322i', 'en:e420', 'en:e500', 'en:e953', 'en:e960a']",478.0,24.0,9.8,0.9,3.5,8.4,0.2
Brioche tranchée,3256540001756,"['en:snacks', 'en:sweet-snacks', 'en:sweet-pastries-and-pies', 'en:viennoiseries', 'en:brioches', 'fr:brioches-tranchees']",1,[],['en:e471'],362.0,13.0,4.3,11.0,1.5,8.5,1.0
Chocolat au lait du Pays Alpin,3045140105106,"['en:snacks', 'en:sweet-snacks', 'en:cocoa-and-its-products', 'en:chocolates', 'en:milk-chocolates']",1,[],"['en:e322', 'en:e322i']",539.0,31.0,19.0,55.0,2.3,6.5,0.275
Tablette de chocolat noir 100g,3256220512985,"['en:snacks', 'en:sweet-snacks', 'en:cocoa-and-its-products', 'en:chocolates', 'en:dark-chocolates', 'en:dark-chocolate-bar-with-more-than-70-cocoa']",1,[],"['en:e322', 'en:e322i']",572.0,41.0,28.0,26.0,14.0,8.8,0.03
Tartines craquantes Multicéréales,3760020508371,"['en:plant-based-foods-and-beverages', 'en:plant-based-foods', 'en:snacks', 'en:cereals-and-potatoes', 'en:extruded-crispbreads']",0,[],[],378.0,1.6,0.5,0.6,4.7,9.6,0.5
Dunkle Schweizer Schokolade mit Chili-Extrakt,7610400070577,"['en:snacks', 'en:sweet-snacks', 'en:cocoa-and-its-products', 'en:chocolates', 'en:dark-chocolates', 'en:swiss-chocolates']",0,[],[],542.0,33.0,20.0,4.0,,6.0,0.0875
Sasanki,20343255,"['en:snacks', 'en:sweet-snacks', 'en:biscuits-and-cakes', 'en:biscuits-and-crackers', 'en:biscuits', 'en:oatmeal-biscuits']",6,[],"['en:e160a', 'en:e322', 'en:e330', 'en:e471', 'en:e500', 'en:e503']",529.0,26.6,12.0,26.6,4.0,6.5,0.15
Chilli Heatwave Tortilla Chips,5000328741901,"['en:snacks', 'en:salty-snacks', 'en:appetizers', 'en:chips-and-fries', 'en:crisps', 'en:corn-chips']",6,[],"['en:e160c', 'en:e262', 'en:e296', 'en:e330', 'en:e621', 'en:e635']",497.0,24.9,3.0,6.1,5.6,6.1,1.35
Salt & Vinegar flavoured rice cakes,5059697270109,"['en:plant-based-foods-and-beverages', 'en:plant-based-foods', 'en:snacks', 'en:cereals-and-potatoes', 'en:cereals-and-their-products', 'en:puffed-cereal-cakes', 'en:puffed-rice-cakes']",3,[],"['en:e330', 'en:e341', 'en:e414']",417.0,8.33,1.39,1.39,2.78,6.94,2.74
Black Pepper Savoury Crackers,4088600058313,"['en:snacks', 'en:salty-snacks', 'en:appetizers', 'en:biscuits-and-crackers', 'en:crackers-appetizers']",0,[],[],499.0,23.4,1.8,2.5,,8.2,1.3
Lays,3168930171683,"['en:plant-based-foods-and-beverages', 'en:plant-based-foods', 'en:snacks', 'en:cereals-and-potatoes', 'en:frozen-foods', 'en:salty-snacks', 'en:appetizers', 'en:chips-and-fries', 'en:crisps', 'en:potato-crisps', 'en:old-fashioned-crisps', 'en:potato-crisps-in-sunflower-oil']",4,[],"['en:e300', 'en:e306', 'en:e330', 'en:e392']",513.0,29.0,2.1,0.5,5.2,6.2,0.65
Lightly sea salted,00355858,"['en:plant-based-foods-and-beverages', 'en:plant-based-foods', 'en:snacks', 'en:cereals-and-potatoes', 'en:salty-snacks', 'en:appetizers', 'en:chips-and-fries', 'en:crisps', 'en:potato-crisps', 'en:potato-crisps-in-sunflower-oil']",0,[],[],505.0,27.5,2.8,0.5,2.0,6.2,0.94
Barbecue lentil chips,5060283762359,"['en:plant-based-foods-and-beverages', 'en:plant-based-foods', 'en:snacks', 'en:cereals-and-potatoes', 'en:salty-snacks', 'en:appetizers', 'en:chips-and-fries', 'en:crisps', 'en:potato-crisps', 'en:flavoured-potato-crisps', 'en:barbecue-crisps', 'en:barbecue-lentil-chips', 'en:barbecue-lentil-crisps']",0,[],[],469.0,20.0,1.43,4.29,2.86,10.0,2.32
Honey Roast Crunch,5055958704123,"['en:snacks', 'en:salty-snacks', 'en:sweet-snacks', 'en:appetizers', 'en:chips-and-fries', 'en:crisps', 'en:corn-chips', 'en:graze']",0,[],[],450.0,15.0,1.7,13.0,8.8,11.0,0.57
,6111271590498,"['en:snacks', 'en:sweet-snacks', 'en:biscuits-and-cakes', 'en:biscuits-and-crackers', 'en:biscuits']",0,[],[],451.0,14.6,7.2,43.2,,4.5,0.393
Sablés bio chocolat noir intense,3175681060586,"['en:snacks', 'en:sweet-snacks', 'en:biscuits-and-cakes', 'en:biscuits-and-crackers', 'en:biscuits', 'en:chocolate-biscuits', 'en:shortbread-cookies', 'en:shortbread-cookie-with-chocolate']",4,[],"['en:e322', 'en:e322i', 'en:e336', 'en:e500', 'en:e503']",477.0,21.0,5.0,27.0,5.8,7.0,0.52
Biscuits Farine de Blé et Graines de Sésame,3229820181738,"['en:snacks', 'en:sweet-snacks', 'en:biscuits-and-cakes', 'en:biscuits', 'fr:biscuits-bio', 'fr:biscuits-aux-cereales']",4,[],"['en:e330', 'en:e392', 'en:e500', 'en:e503']",484.0,21.0,2.6,20.0,4.6,9.4,0.7
Cracotte framboise,3041090061639,"['en:snacks', 'en:sweet-snacks', 'en:biscuits-and-cakes', 'en:biscuits', 'en:filled-biscuits', 'en:filled-extruded-crispbreads', 'en:extruded-and-grilled-biscuits-with-fruits-filling']",7,[],"['en:e296', 'en:e322', 'en:e330', 'en:e331', 'en:e333', 'en:e422', 'en:e440']",375.0,4.9,2.3,33.0,1.8,5.0,0.24
Petits Muffins Chocolat,3178530408515,"['en:snacks', 'en:desserts', 'en:sweet-snacks', 'en:biscuits-and-cakes', 'en:cakes', 'en:muffins', 'en:chocolate-cakes', 'en:chocolate-muffins']",3,[],"['en:e322', 'en:e331', 'en:e500']",464.0,26.1,5.07,34.8,2.9,5.07,0.000725
La Gâche Tranchée,3587220551507,"['en:snacks', 'en:sweet-snacks', 'en:sweet-pastries-and-pies', 'en:viennoiseries', 'en:brioches', 'fr:gaches', 'en:brioche-filled-with-chocolate-drops']",4,[],"['en:e160a', 'en:e160ai', 'en:e322', 'en:e322i', 'en:e471']",348.0,12.0,5.1,16.0,,8.5,1.12
20 madeleines longues aux œufs frais,3252755150005,"['en:snacks', 'en:desserts', 'en:sweet-snacks', 'en:biscuits-and-cakes', 'en:cakes', 'en:madeleines', 'en:long-madeleines']",5,[],"['en:e415', 'en:e422', 'en:e450', 'en:e471', 'en:e500']",445.0,22.0,2.3,28.0,,6.1,1.0
NESTLE DESSERT Noir Bio 170g,7613038954226,"['en:snacks', 'en:desserts', 'en:sweet-snacks', 'en:cocoa-and-its-products', 'en:confectioneries', 'en:chocolate-candies', 'en:chocolates', 'en:dark-chocolates']",0,[],[],566.0,37.9,21.8,43.2,6.7,6.2,0.01
Milk Hazelnut,3046920042888,"['en:snacks', 'en:sweet-snacks', 'en:cocoa-and-its-products', 'en:chocolates', 'en:milk-chocolates', 'en:filled-chocolates', 'en:filled-milk-chocolates']",0,[],[],576.0,37.2,18.0,0.0,3.2,7.2,0.23
Biscuits caramel épeautre,3175681263130,"['en:snacks', 'en:sweet-snacks', 'en:frozen-foods', 'en:biscuits-and-cakes', 'en:biscuits']",2,[],"['en:e330', 'en:e500']",437.0,15.0,1.4,17.0,8.5,9.2,0.44
Dolca chocolate negro,7613036723671,"['en:snacks', 'en:sweet-snacks', 'en:cocoa-and-its-products', 'en:chocolates', 'en:dark-chocolates', 'en:cacao-et-derives', 'en:chocolats', 'en:chocolats-noirs', 'en:snacks-sucres']",1,[],['en:e322'],515.0,27.2,16.0,54.6,6.9,5.7,0.01
Cioccolato Nocciole intere,4000417700001,"['en:snacks', 'en:sweet-snacks', 'en:cocoa-and-its-products', 'en:chocolates', 'en:milk-chocolates', 'en:chocolates-with-hazelnuts', 'en:milk-chocolates-with-hazelnuts']",1,[],"['en:e322', 'en:e322i']",569.0,38.0,13.0,43.0,,8.9,0.1375
raw fruit & nut bar,5060088707661,"['en:snacks', 'en:sweet-snacks', 'en:bars', 'en:cereal-bars', 'en:aliments-d-origine-vegetale', 'en:aliments-et-boissons-a-base-de-vegetaux', 'en:barres', 'en:barres-aux-fruits', 'en:barres-de-cereales', 'en:barres-de-cereales-aux-fruits', 'en:barres-de-fruits-noix', 'en:barres-de-fruits-a-coques', 'en:biscuits-et-gateaux', 'en:fruits-a-coques-et-derives', 'en:gateaux', 'en:snacks-sucres']",0,[],[],368.0,11.0,1.7,49.0,9.5,6.6,0.02
Crunchy Maple Syrup,8410076600806,"['en:snacks', 'en:sweet-snacks', 'en:bars', 'en:cereal-bars', 'en:cereal-bar-with-maple-syrup']",2,[],"['en:e322', 'en:e322i', 'en:e500', 'en:e500ii']",458.0,17.1,2.7,28.0,6.0,7.9,0.74
Chips saveur beurre salé,3497917002789,"['en:plant-based-foods-and-beverages', 'en:plant-based-foods', 'en:snacks', 'en:cereals-and-potatoes', 'en:salty-snacks', 'en:appetizers', 'en:chips-and-fries', 'en:frozen-foods', 'en:crisps', 'en:potato-crisps', 'fr:chips-au-beurre-sale']",0,[],[],522.0,31.0,2.6,1.0,4.8,6.3,1.5
Sea Salted popcorn,5060283760652,"['en:snacks', 'en:salty-snacks', 'en:popcorn', 'en:salted-popcorn']",0,[],[],440.0,17.0,2.0,1.0,11.0,9.0,1.07
Lightly salted tortilla chips,4088600214689,"['en:snacks', 'en:salty-snacks', 'en:appetizers', 'en:chips-and-fries', 'en:crisps', 'en:corn-chips']",0,[],[],459.0,17.0,1.6,1.2,,5.6,0.73
Sticky Toffee Oat Boosts,5055958706561,"['en:snacks', 'en:sweet-snacks', 'en:bars', 'en:cereal-bars']",4,[],"['en:e14xx', 'en:e322', 'en:e322i', 'en:e415', 'en:e422']",407.0,19.0,3.0,13.0,16.0,6.5,0.22
Soft Bakes Blueberry,7622201766375,"['en:snacks', 'en:breakfasts', 'en:sweet-snacks', 'en:biscuits-and-cakes', 'en:biscuits-and-crackers', 'en:biscuits', 'en:dry-biscuits', 'en:breakfast-biscuit']",5,[],"['en:e14xx', 'en:e322', 'en:e330', 'en:e422', 'en:e500']",388.0,12.0,1.1,21.0,7.5,5.4,0.315
Donut milky,6111259343023,"['en:snacks', 'en:sweet-snacks', 'en:biscuits-and-cakes', 'en:cakes', 'en:doughnuts', 'en:doughnuts-filled-with-chocolate']",13,[],"['en:e14xx', 'en:e171', 'en:e202', 'en:e330', 'en:e341', 'en:e341i', 'en:e401', 'en:e420', 'en:e422', 'en:e433', 'en:e450', 'en:e450i', 'en:e471', 'en:e475', 'en:e500', 'en:e500ii']",441.0,23.59,8.41,23.38,,5.46,0.33
Cool Sour Cream & Chive,5000328333731,"['en:plant-based-foods-and-beverages', 'en:plant-based-foods', 'en:snacks', 'en:cereals-and-potatoes', 'en:salty-snacks', 'en:appetizers', 'en:cereals-and-their-products', 'en:puffed-cereal-cakes', 'en:puffed-rice-cakes']",1,[],['en:e330'],392.0,3.09,1.03,2.06,2.06,9.28,1.11
Rosemary & sea salt Flatbreads,0612322000776,"['en:plant-based-foods-and-beverages', 'en:plant-based-foods', 'en:snacks', 'en:cereals-and-potatoes', 'en:salty-snacks', 'en:appetizers', 'en:biscuits-and-crackers', 'en:breads', 'en:crackers-appetizers', 'en:flatbread-crackers', 'en:flatbread-oat']",1,[],['en:e503'],432.0,14.4,5.6,3.2,7.2,8.8,1.8
Caramelised Onion & Balsamic Vinegar Pea & Bean Sticks,5000328020792,"['en:snacks', 'en:salty-snacks', 'en:appetizers', 'en:pea-sticks']",2,[],"['en:e160c', 'en:e330']",448.0,17.2,1.8,4.2,9.1,9.6,1.99
Krit crackers,8434165466166,"['en:snacks', 'en:salty-snacks', 'en:appetizers', 'en:biscuits-and-crackers', 'en:crackers-appetizers', 'es:galletas-saladas']",2,[],"['en:e500', 'en:e500ii', 'en:e503', 'en:e503ii']",466.0,19.0,5.1,5.9,,7.602,2.0
Original,7622300744663,"['en:snacks', 'en:sweet-snacks', 'en:biscuits-and-cakes', 'en:biscuits', 'en:filled-biscuits', 'en:chocolate-sandwich-cookies']",3,[],"['en:e322', 'en:e322i', 'en:e503', 'en:e524']",476.0,20.0,5.4,38.0,2.7,5.3,0.73
Petites madeleines aux œufs saint Michel,3178530416701,"['en:snacks', 'en:sweet-snacks', 'en:biscuits-and-cakes', 'en:cakes', 'en:madeleines', 'en:plain-madeleines']",1,[],['en:e503'],469.0,26.0,2.4,27.0,1.2,6.2,0.4
"Bonne Maman - Madeleine Milk Chocolate, 300g (10.6oz)",3178530404050,"['en:snacks', 'en:desserts', 'en:sweet-snacks', 'en:biscuits-and-cakes', 'en:biscuits', 'en:cakes', 'en:chocolate-cakes', 'en:madeleines', 'en:chocolate-madeleines']",4,[],"['en:e322', 'en:e322i', 'en:e450', 'en:e450i', 'en:e500', 'en:e500i']",458.0,27.0,16.0,31.0,,6.1,0.66
"Bonne Maman - Le petit Quatre-Quarts pur beurre, 300g (10 sachets fraîcheur)",3178530404142,"['en:snacks', 'en:desserts', 'en:sweet-snacks', 'en:biscuits-and-cakes', 'en:biscuits-and-crackers', 'en:biscuits', 'en:cakes', 'en:pound-cake', 'en:biscuits-et-gateaux', 'en:gateaux', 'en:snacks-sucres']",2,[],"['en:e331', 'en:e500']",433.0,24.0,15.0,28.0,1.67,6.0,0.567
Noix du Bresil,10082584,"['en:plant-based-foods-and-beverages', 'en:plant-based-foods', 'en:fruits-and-vegetables-based-foods', 'en:snacks', 'en:salty-snacks', 'en:dried-products', 'en:fruits-based-foods', 'en:nuts-and-their-products', 'en:dried-plant-based-foods', 'en:nuts']",0,[],[],683.0,66.0,16.0,4.0,,16.0,0.06
Palets Bretons au beurre,20093716,"['en:snacks', 'en:sweet-snacks', 'en:biscuits-and-cakes', 'en:biscuits-and-crackers', 'en:biscuits', 'en:shortbread-cookies', 'fr:palets', 'fr:palets-palet']",3,[],"['en:e450', 'en:e500', 'en:e503']",505.0,25.9,17.0,23.0,,6.6,1.15
La madeleine coque chocolat noir,3700157521850,"['en:snacks', 'en:sweet-snacks', 'en:biscuits-and-cakes', 'en:cakes', 'en:chocolate-cakes', 'en:madeleines', 'en:chocolate-madeleines']",6,[],"['en:e322', 'en:e336', 'en:e420', 'en:e422', 'en:e440', 'en:e500']",461.0,26.0,12.0,32.0,2.8,5.3,0.32
LOTUS BISCOFF Speculoos Original Pocket - 186g (12x2p),5410126836233,"['en:snacks', 'en:sweet-snacks', 'en:biscuits-and-cakes', 'en:biscuits-and-crackers', 'en:biscuits', 'en:biscuits-cookies-shelf-stable', 'en:speculoos']",1,[],"['en:e500', 'en:e500ii']",484.0,19.0,8.0,38.1,1.3,4.9,0.92
La Buena Maria original,8410000826937,"['en:snacks', 'en:sweet-snacks', 'en:biscuits-and-cakes', 'en:biscuits-and-crackers', 'en:biscuits']",4,[],"['en:e223', 'en:e322', 'en:e322i', 'en:e500', 'en:e500ii', 'en:e503', 'en:e503ii']",437.0,11.0,4.9,24.0,2.1,7.6,0.84
Monster Munch - Produit soufflé à base de pomme de terre goût salé,3336971409151,"['en:snacks', 'en:salty-snacks', 'en:appetizers', 'en:biscuits-and-crackers', 'en:crackers-appetizers', 'en:puffed-salty-snacks', 'en:puffed-salty-snacks-made-from-potato', 'fr:gezouten-vlinders', 'fr:voorgerechten', 'fr:zoute-snacks']",1,[],['en:e471'],482.0,22.0,2.8,5.7,2.4,4.4,2.0
Bio Vollmilch-Schokolade,40896250,"['en:snacks', 'en:sweet-snacks', 'en:cocoa-and-its-products', 'en:chocolates', 'en:milk-chocolates']",1,[],['en:e322'],564.0,35.7,21.5,51.5,0.1,7.2,0.23
Chips Paysanne,3497917000136,"['en:plant-based-foods-and-beverages', 'en:plant-based-foods', 'en:snacks', 'en:cereals-and-potatoes', 'en:salty-snacks', 'en:appetizers', 'en:chips-and-fries', 'en:crisps', 'en:potato-crisps', 'en:farmer-s-crisps', 'en:potato-crisps-in-sunflower-oil', 'en:aliments-d-origine-vegetale', 'en:aliments-et-boissons-a-base-de-vegetaux', 'en:amuse-gueules', 'en:chips', 'en:chips-de-pommes-de-terre', 'en:chips-de-pommes-de-terre-a-l-huile-de-tournesol', 'en:chips-et-frites', 'en:chips-paysannes', 'en:cereales-et-pommes-de-terre', 'en:snacks-sales']",0,[],[],530.0,34.0,2.0,0.4,4.0,6.0,1.0
