product_name,code,categories_tags,additives_n,additives,additives_tags,energy_kcal_100g,fat_100g,saturated_fat_100g,sugars_100g,fiber_100g,proteins_100g,salt_100g
,6111242100985,"['en:dairies', 'en:fermented-foods', 'en:fermented-milk-products', 'en:desserts', 'en:dairy-desserts', 'en:fermented-dairy-desserts', 'en:fromages-blancs-petit-suisses-and-skyr', 'en:yogurts', 'en:plain-fermented-dairy-desserts', 'fr:fromages-blancs', 'fr:fromages-blancs-natures']",0,[],[],101.0,6.0,0.0,0.0,0.0,7.6,0.0
Yaourt nature,6111242100206,"['en:dairies', 'en:fermented-foods', 'en:fermented-milk-products', 'en:desserts', 'en:dairy-desserts', 'en:fermented-dairy-desserts', 'en:yogurts', 'en:plain-fermented-dairy-desserts', 'en:plain-yogurts']",0,[],[],78.5,3.3,2.4,0.0,0.0,4.2,0.0
Assil,6111032001003,"['en:dairies', 'en:fermented-foods', 'en:fermented-milk-products', 'en:desserts', 'en:dairy-desserts', 'en:fermented-dairy-desserts', 'en:yogurts']",0,[],[],95.5,2.7,1.8,9.0,2.0,3.4,0.0
Cremy,6111242100305,"['en:dairies', 'en:fermented-foods', 'en:fermented-milk-products', 'en:desserts', 'en:dairy-desserts', 'en:fermented-dairy-desserts', 'en:yogurts']",0,[],[],109.0,3.0,0.4,2.0,,3.6,0.0
Jamila رايبي,6111032006619,"['en:beverages-and-beverages-preparations', 'en:beverages', 'en:dairies', 'en:fermented-foods', 'en:fermented-milk-products', 'en:desserts', 'en:dairy-desserts', 'en:dairy-drinks', 'en:fermented-dairy-desserts', 'en:fermented-drinks', 'en:fermented-dairy-desserts-with-fruits', 'en:fermented-milk-drinks', 'en:yogurts', 'en:fruit-yogurts', 'en:yogurt-drinks']",0,[],[],72.0,1.7,1.1,9.0,0.0,1.9,0.0
DANONE ASSIL BANANE,6111032001010,"['en:dairies', 'en:fermented-foods', 'en:fermented-milk-products', 'en:desserts', 'en:dairy-desserts', 'en:fermented-dairy-desserts', 'en:yogurts', 'en:produits-fermentes', 'en:produits-laitiers-fermentes']",0,[],[],95.0,2.7,1.8,14.3,0.0,3.4,0.1
raibi jaoda,6111242100930,"['en:beverages-and-beverages-preparations', 'en:beverages', 'en:dairies', 'en:fermented-foods', 'en:fermented-milk-products', 'en:desserts', 'en:dairy-desserts', 'en:dairy-drinks', 'en:fermented-dairy-desserts', 'en:yogurts', 'fr:yaourt-a-boire-de-grenadine']",1,[],['en:e330'],75.3,1.38,0.8,13.5,0.0,2.48,0.0
Tendre nature,6111242102781,"['en:dairies', 'en:fermented-foods', 'en:fermented-milk-products', 'en:desserts', 'en:dairy-desserts', 'en:fermented-dairy-desserts', 'en:yogurts']",0,[],[],119.0,5.0,4.2,9.0,0.0,4.2,0.0
NATURAL YOGURT,4056489148739,"['en:dairies', 'en:fermented-foods', 'en:fermented-milk-products', 'en:desserts', 'en:dairy-desserts', 'en:fermented-dairy-desserts', 'en:yogurts', 'en:greek-style-yogurts']",0,[],[],126.0,10.0,6.72,4.4,0.48,4.08,0.102
Yaourt Grec Muesli,6111242103702,"['en:dairies', 'en:fermented-foods', 'en:fermented-milk-products', 'en:desserts', 'en:dairy-desserts', 'en:fermented-dairy-desserts', 'en:yogurts', 'en:greek-style-yogurts', 'en:sheep-milk-yogurts']",0,[],[],140.0,7.0,4.0,9.0,,3.3,0.0
Danino,6111032008453,"['en:dairies', 'en:fermented-foods', 'en:fermented-milk-products', 'en:desserts', 'en:dairy-desserts', 'en:fermented-dairy-desserts', 'en:fermented-dairy-desserts-with-fruits', 'en:yogurts', 'en:fruit-yogurts', 'en:strawberry-yogurts', 'en:yogurt-with-fruits-and-sugar']",0,[],[],132.2,6.3,4.3,8.6,,6.5,0.07
Ghilal Yaourt zr3,6111242102002,"['en:dairies', 'en:fermented-foods', 'en:fermented-milk-products', 'en:desserts', 'en:dairy-desserts', 'en:fermented-dairy-desserts', 'en:yogurts', 'en:stirred-yogurts']",0,[],[],106.0,3.0,2.2,7.5,1.1,3.5,0.0
Yaourt tendre,6111242102767,"['en:dairies', 'en:fermented-foods', 'en:fermented-milk-products', 'en:desserts', 'en:dairy-desserts', 'en:fermented-dairy-desserts', 'en:fermented-dairy-desserts-with-fruits', 'en:yogurts', 'en:fruit-yogurts', 'fr:laitier']",0,[],[],121.0,5.0,0.0,14.9,,4.2,0.0
5% Greek Yogurt,5201054017432,"['en:dairies', 'en:fermented-foods', 'en:fermented-milk-products', 'en:desserts', 'en:dairy-desserts', 'en:fermented-dairy-desserts', 'en:yogurts', 'en:cow-milk-yogurts', 'en:greek-style-yogurts']",0,[],[],93.0,5.0,3.6,3.0,,9.0,0.0975
Skyr | Natural Fat Free | 0% Fat,4016241030573,"['en:dairies', 'en:fermented-foods', 'en:fermented-milk-products', 'en:desserts', 'en:dairy-desserts', 'en:fermented-dairy-desserts', 'en:yogurts', 'en:plain-fermented-dairy-desserts', 'en:plain-yogurts', 'en:skyrs', 'en:plain-skyrs']",0,[],[],60.0,0.2,0.1,4.0,0.0,10.0,0.1375
Greek Style Yogurt,20047559,"['en:dairies', 'en:fermented-foods', 'en:fermented-milk-products', 'en:desserts', 'en:dairy-desserts', 'en:fermented-dairy-desserts', 'en:yogurts', 'en:greek-style-yogurts']",0,[],[],121.0,10.0,6.6,3.2,0.5,4.6,0.1
6111266962446,6111266962446,"['en:dairies', 'en:fermented-foods', 'en:fermented-milk-products', 'en:desserts', 'en:dairy-desserts', 'en:fermented-dairy-desserts', 'en:yogurts']",0,[],[],167.8,7.4,4.8,20.0,,5.3,0.0
Yaourt Nature,6111032002925,"['en:dairies', 'en:fermented-foods', 'en:fermented-milk-products', 'en:desserts', 'en:dairy-desserts', 'en:fermented-dairy-desserts', 'en:yogurts', 'en:plain-fermented-dairy-desserts', 'en:plain-yogurts']",0,[],[],66.2,3.0,2.0,6.7,,3.0,0.34125
Fermented Coconut Yoghurt Alternative,0680569854124,"['en:plant-based-foods-and-beverages', 'en:dairies', 'en:fermented-foods', 'en:fermented-milk-products', 'en:dairy-substitutes', 'en:desserts', 'en:vegan-products', 'en:dairy-desserts', 'en:non-dairy-desserts', 'en:non-dairy-fermented-foods', 'en:fermented-dairy-desserts', 'en:non-dairy-yogurts', 'en:fermented-dairy-desserts-with-fruits', 'en:yogurts', 'en:fruit-yogurts', 'en:coconut-yogurts', 'en:coconutmilk-yogurts']",1,[],['en:e440'],120.0,10.0,9.0,1.6,1.0,1.2,0.0
Organic Natural Yoghurt,5036589255598,"['en:dairies', 'en:fermented-foods', 'en:fermented-milk-products', 'en:desserts', 'en:dairy-desserts', 'en:fermented-dairy-desserts', 'en:yogurts', 'en:plain-fermented-dairy-desserts', 'en:plain-yogurts']",0,[],[],72.0,3.8,2.5,4.9,,4.2,0.117
Fage Total 0% Yogurt,5201054017418,"['en:dairies', 'en:fermented-foods', 'en:fermented-milk-products', 'en:desserts', 'en:dairy-desserts', 'en:fermented-dairy-desserts', 'en:yogurts', 'en:greek-style-yogurts']",0,[],[],54.0,0.0,0.0,3.0,,10.3,0.0975
double zéro Cerise,6111032010135,"['en:dairies', 'en:fermented-foods', 'en:fermented-milk-products', 'en:desserts', 'en:dairy-desserts', 'en:fermented-dairy-desserts', 'en:fermented-dairy-desserts-with-fruits', 'en:yogurts', 'en:fruit-yogurts']",1,[],['en:e960'],48.3,0.2,0.0,0.0,,3.4,0.0
Authentic Greek Yogurt,4088600060880,"['en:dairies', 'en:fermented-foods', 'en:fermented-milk-products', 'en:desserts', 'en:dairy-desserts', 'en:fermented-dairy-desserts', 'en:yogurts', 'en:plain-fermented-dairy-desserts', 'en:plain-yogurts', 'en:greek-style-yogurts', 'en:greek-style-yogurts-plain']",0,[],[],132.0,10.0,6.7,3.1,,5.9,0.1375
,6111266962576,"['en:dairies', 'en:fermented-foods', 'en:fermented-milk-products', 'en:desserts', 'en:dairy-desserts', 'en:fermented-dairy-desserts', 'en:yogurts', 'en:cow-milk-yogurts']",0,[],[],163.6,6.7,4.9,8.5,0.0,6.4,0.0
Activia Céréales,6111032002208,"['en:dairies', 'en:fermented-foods', 'en:fermented-milk-products', 'en:desserts', 'en:dairy-desserts', 'en:fermented-dairy-desserts', 'en:yogurts', 'en:bifidus-yogurts']",1,[],['en:e14xx'],101.0,3.3,2.0,14.3,1.53,3.4,0.0
Greek Style Yoghurt,5036589200970,"['en:dairies', 'en:fermented-foods', 'en:fermented-milk-products', 'en:desserts', 'en:dairy-desserts', 'en:fermented-dairy-desserts', 'en:yogurts', 'en:plain-fermented-dairy-desserts', 'en:plain-yogurts', 'en:cow-milk-yogurts', 'en:greek-style-yogurts']",0,[],[],115.0,8.3,5.5,4.9,,4.5,0.0975
5% Greek Yoghurt,5201054017531,"['en:dairies', 'en:fermented-foods', 'en:fermented-milk-products', 'en:desserts', 'en:dairy-desserts', 'en:fermented-dairy-desserts', 'en:yogurts', 'en:greek-style-yogurts']",0,[],[],93.0,5.0,3.6,3.0,,9.0,0.0975
Velouté Fraise,6111032002888,"['en:dairies', 'en:fermented-foods', 'en:fermented-milk-products', 'en:desserts', 'en:dairy-desserts', 'en:fermented-dairy-desserts', 'en:yogurts', 'en:stirred-yogurts', 'en:fruit-stirred-yogurts']",0,[],[],94.7,3.0,2.0,9.0,,2.3,0.0
Ghani,6111242102187,"['en:dairies', 'en:fermented-foods', 'en:fermented-milk-products', 'en:desserts', 'en:dairy-desserts', 'en:fermented-dairy-desserts', 'en:yogurts']",0,[],[],80.0,1.6,0.6,12.0,,3.2,0.2
Jaouda Cremy Yaourt - Yougart With Strawberries,6111242100299,"['en:dairies', 'en:fermented-foods', 'en:fermented-milk-products', 'en:desserts', 'en:dairy-desserts', 'en:fermented-dairy-desserts', 'en:yogurts']",0,[],[],109.0,3.0,1.0,1.0,,3.6,0.0
Fage,5201054017517,"['en:dairies', 'en:fermented-foods', 'en:fermented-milk-products', 'en:desserts', 'en:dairy-desserts', 'en:fermented-dairy-desserts', 'en:yogurts', 'en:greek-style-yogurts']",0,[],[],54.0,0.0,0.0,3.0,,10.3,0.0975
HIPRO Saveur Vanille,3033491588136,"['en:dairies', 'en:fermented-foods', 'en:fermented-milk-products', 'en:desserts', 'en:dairy-desserts', 'en:fermented-dairy-desserts', 'en:yogurts', 'en:dietary-supplements', 'fr:specialites-laitieres']",4,[],"['en:e14xx', 'en:e330', 'en:e950', 'en:e955']",53.0,0.1,0.1,3.1,,9.4,0.09
Dessert gourmand choco,6111242102552,"['en:dairies', 'en:fermented-foods', 'en:fermented-milk-products', 'en:desserts', 'en:dairy-desserts', 'en:fermented-dairy-desserts', 'en:yogurts', 'en:chocolate-desserts', 'en:stirred-yogurts', 'en:vanilla-yogurt', 'en:caramel-yogurts', 'en:stirred-vanilla-yogurt-drinks']",1,[],['en:e407'],233.0,10.0,0.833,10.0,1.67,3.33,0.0
Iogurte Estilo Grego Lidl,20416690,"['en:dairies', 'en:fermented-foods', 'en:fermented-milk-products', 'en:desserts', 'en:dairy-desserts', 'en:fermented-dairy-desserts', 'en:yogurts', 'en:greek-style-yogurts', 'de:grichischer-joghurt']",0,[],[],58.0,2.0,1.4,4.0,,6.0,0.1275
Greek style yoghurt,5057373489593,"['en:dairies', 'en:fermented-foods', 'en:fermented-milk-products', 'en:desserts', 'en:dairy-desserts', 'en:fermented-dairy-desserts', 'en:yogurts', 'en:greek-style-yogurts']",0,[],[],99.0,7.5,5.1,4.2,0.0,3.7,0.0975
Greek Style Natural Yogurt,5000462416772,"['en:dairies', 'en:fermented-foods', 'en:fermented-milk-products', 'en:desserts', 'en:dairy-desserts', 'en:fermented-dairy-desserts', 'en:yogurts', 'en:plain-fermented-dairy-desserts', 'en:plain-yogurts', 'en:greek-style-yogurts']",0,[],[],98.7,7.5,5.1,4.2,,3.7,0.0975
Danup fraise,6111032004448,"['en:beverages-and-beverages-preparations', 'en:beverages', 'en:dairies', 'en:fermented-foods', 'en:fermented-milk-products', 'en:desserts', 'en:dairy-desserts', 'en:dairy-drinks', 'en:fermented-dairy-desserts', 'en:fermented-drinks', 'en:fermented-milk-drinks', 'en:yogurts', 'en:yogurt-drinks']",0,[],[],246.0,1.28,1.06,5.5,0.0,1.75,0.0
Yaourt grec,6111242103696,"['en:dairies', 'en:fermented-foods', 'en:fermented-milk-products', 'en:desserts', 'en:dairy-desserts', 'en:fermented-dairy-desserts', 'en:yogurts', 'en:greek-style-yogurts']",0,[],[],150.0,8.0,8.0,16.1,,3.3,0.0
Greek style natural yoghurt,4088600266008,"['en:dairies', 'en:fermented-foods', 'en:fermented-milk-products', 'en:desserts', 'en:dairy-desserts', 'en:fermented-dairy-desserts', 'en:yogurts', 'en:plain-fermented-dairy-desserts', 'en:plain-yogurts', 'en:greek-style-yogurts', 'en:plain-greek-style-yogurts']",0,[],[],125.0,10.0,6.7,4.4,,4.1,0.1
LADID,6111242105676,"['en:dairies', 'en:fermented-foods', 'en:fermented-milk-products', 'en:desserts', 'en:dairy-desserts', 'en:fermented-dairy-desserts', 'en:yogurts']",0,[],[],95.0,1.4,0.5,9.4,,3.2,0.0
لينيا,6111242101852,"['en:dairies', 'en:fermented-foods', 'en:fermented-milk-products', 'en:desserts', 'en:dairy-desserts', 'en:fermented-dairy-desserts', 'en:yogurts']",1,[],['en:e955'],48.0,0.0,0.0,0.0,0.0,4.9,0.0
Yogurt Bnine BANANA,6111242102941,"['en:dairies', 'en:fermented-foods', 'en:fermented-milk-products', 'en:desserts', 'en:dairy-desserts', 'en:fermented-dairy-desserts', 'en:yogurts', 'en:flavoured-fermented-dairy-desserts', 'en:cow-milk-yogurts', 'en:flavoured-yogurts']",0,[],[],88.1,1.7,1.2,9.3,,3.9,0.0
Yaourt à la grecque,20665241,"['en:dairies', 'en:fermented-foods', 'en:fermented-milk-products', 'en:desserts', 'en:dairy-desserts', 'en:fermented-dairy-desserts', 'en:yogurts', 'en:plain-fermented-dairy-desserts', 'en:plain-yogurts', 'en:stirred-yogurts', 'en:greek-style-yogurts', 'en:plain-stirred-yogurts']",0,[],[],102.0,8.1,5.4,3.6,0.5,2.9,0.0975
Griego Ligero Natural,8480000213587,"['en:dairies', 'en:fermented-foods', 'en:fermented-milk-products', 'en:desserts', 'en:dairy-desserts', 'en:fermented-dairy-desserts', 'en:yogurts', 'en:plain-fermented-dairy-desserts', 'en:plain-yogurts', 'en:greek-style-yogurts', 'en:plain-greek-style-yogurts', 'en:plain-low-fat-yogurts']",0,[],[],60.0,2.0,1.4,4.7,,5.8,0.16
Tesco Finest Greek Yoghurt,5052320269839,"['en:dairies', 'en:fermented-foods', 'en:fermented-milk-products', 'en:desserts', 'en:dairy-desserts', 'en:fermented-dairy-desserts', 'en:yogurts', 'en:greek-style-yogurts']",0,[],[],132.0,10.3,7.2,3.3,,6.1,0.1975
Skyr,4056489491217,"['en:dairies', 'en:fermented-foods', 'en:fermented-milk-products', 'en:desserts', 'en:dairy-desserts', 'en:fermented-dairy-desserts', 'en:yogurts', 'en:plain-fermented-dairy-desserts', 'en:skyrs', 'en:plain-skyrs']",0,[],[],62.0,0.2,0.133,4.0,,11.0,0.132
Greek style natural yogurt,01206111,"['en:dairies', 'en:fermented-foods', 'en:fermented-milk-products', 'en:desserts', 'en:dairy-desserts', 'en:fermented-dairy-desserts', 'en:yogurts', 'en:plain-fermented-dairy-desserts', 'en:plain-yogurts', 'en:greek-style-yogurts']",0,[],[],103.0,7.6,5.1,4.2,0.5,4.0,0.0975
Activia ananas fraise,6111032009443,"['en:dairies', 'en:fermented-foods', 'en:fermented-milk-products', 'en:desserts', 'en:dairy-desserts', 'en:fermented-dairy-desserts', 'en:yogurts', 'en:bifidus-yogurts']",0,[],[],60.0,1.2,0.8,5.5,0.0,2.7,0.0
Yogur griego natural,8480000205599,"['en:dairies', 'en:fermented-foods', 'en:fermented-milk-products', 'en:desserts', 'en:dairy-desserts', 'en:fermented-dairy-desserts', 'en:yogurts', 'en:plain-fermented-dairy-desserts', 'en:plain-yogurts', 'en:greek-style-yogurts']",0,[],[],103.2,8.64,5.36,3.12,0.0,3.12,0.0
Raib vani jaouda,6111242102361,"['en:dairies', 'en:fermented-foods', 'en:fermented-milk-products', 'en:desserts', 'en:dairy-desserts', 'en:fermented-dairy-desserts', 'en:yogurts', 'en:greek-style-yogurt-on-a-bed-of-fruits']",0,[],[],81.0,2.0,1.0,11.0,2.0,3.0,1.0
Greek Style Natural Yogurt,00277679,"['en:dairies', 'en:fermented-foods', 'en:fermented-milk-products', 'en:desserts', 'en:dairy-desserts', 'en:fermented-dairy-desserts', 'en:yogurts', 'en:greek-style-yogurts']",0,[],[],103.0,7.6,5.1,4.2,4.2,4.0,0.25
Ghilal,6111242101982,"['en:dairies', 'en:fermented-foods', 'en:fermented-milk-products', 'en:desserts', 'en:dairy-desserts', 'en:fermented-dairy-desserts', 'en:fermented-dairy-desserts-with-fruits', 'en:yogurts', 'en:fruit-yogurts', 'en:stirred-yogurts', 'fr:yaourt-brasse-aux-fruits-rouges']",0,[],[],106.0,3.0,2.2,7.5,0.0,3.5,0.0
Actimel,6111032009146,"['en:beverages-and-beverages-preparations', 'en:beverages', 'en:dairies', 'en:fermented-foods', 'en:fermented-milk-products', 'en:desserts', 'en:dairy-desserts', 'en:dairy-drinks', 'en:fermented-dairy-desserts', 'en:fermented-drinks', 'en:fermented-milk-drinks', 'en:yogurts', 'en:yogurt-drinks', 'en:milk-drinks-fermented-with-l-casei']",0,[],[],78.389830508475,1.9067796610169,1.271186440678,5.2966101694915,,2.0127118644068,0.0
Yaos le yaourt à la Grecque,3023290634578,"['en:dairies', 'en:fermented-foods', 'en:fermented-milk-products', 'en:desserts', 'en:dairy-desserts', 'en:fermented-dairy-desserts', 'en:fresh-foods', 'en:yogurts', 'en:plain-fermented-dairy-desserts', 'en:plain-yogurts', 'en:stirred-yogurts', 'en:greek-style-yogurts', 'en:plain-greek-style-yogurts', 'en:plain-stirred-yogurts', 'en:whole-milk-yogurts']",0,[],[],102.0,7.9,5.3,3.5,0.0,3.1,0.12
Fraise Framboise,3033491485756,"['en:beverages-and-beverages-preparations', 'en:beverages', 'en:dairies', 'en:fermented-foods', 'en:fermented-milk-products', 'en:desserts', 'en:dairy-desserts', 'en:dairy-drinks', 'en:fermented-dairy-desserts', 'en:fermented-drinks', 'en:fermented-milk-drinks', 'en:yogurts']",0,[],[],60.0,0.5,0.3,5.2,,8.4,0.18
Chergui creme fruit de bois,6111126001872,"['en:dairies', 'en:fermented-foods', 'en:fermented-milk-products', 'en:desserts', 'en:dairy-desserts', 'en:fermented-dairy-desserts', 'en:yogurts']",0,[],[],113.0,4.0,1.0,14.9,0.0,4.2,1.0
Sport,6111126005719,"['en:dairies', 'en:fermented-foods', 'en:fermented-milk-products', 'en:desserts', 'en:dairy-desserts', 'en:milks-liquid-and-powder', 'en:fermented-dairy-desserts', 'en:milks', 'en:yogurts', 'en:dietary-supplements', 'en:bodybuilding-supplements', 'en:flavoured-fermented-dairy-desserts', 'en:flavoured-yogurts', 'en:protein-shakes']",1,[],['en:e951'],60.0,0.7,0.4,4.4,,8.0,0.11
Ladid fraise,6111242105669,"['en:dairies', 'en:fermented-foods', 'en:fermented-milk-products', 'en:desserts', 'en:dairy-desserts', 'en:fermented-dairy-desserts', 'en:fermented-dairy-desserts-with-fruits', 'en:yogurts', 'en:fruit-yogurts', 'ar:b']",0,[],[],95.0,1.4,0.0,9.4,0.0,3.2,0.0
Crème Yaourt Brassé 🍋,6111126001841,"['en:plant-based-foods-and-beverages', 'en:dairies', 'en:fermented-foods', 'en:plant-based-foods', 'en:fermented-milk-products', 'en:fruits-and-vegetables-based-foods', 'en:desserts', 'en:dairy-desserts', 'en:fruits-based-foods', 'en:fermented-dairy-desserts', 'en:fruits', 'en:citrus', 'en:fermented-dairy-desserts-with-fruits', 'en:yogurts', 'en:fruit-yogurts', 'en:lemons', 'en:stirred-yogurts', 'en:yogurt-with-fruits-and-sugar']",0,[],[],113.0,4.0,2.0,7.45,0.111,4.2,0.0
Greek Natural Yogurt,20577414,"['en:dairies', 'en:fermented-foods', 'en:fermented-milk-products', 'en:desserts', 'en:dairy-desserts', 'en:fermented-dairy-desserts', 'en:yogurts', 'en:greek-style-yogurts']",0,[],[],132.0,10.0,7.04,4.0,0.0,6.0,0.15
Yogur estilo griego natural,8480000205124,"['en:dairies', 'en:fermented-foods', 'en:fermented-milk-products', 'en:desserts', 'en:dairy-desserts', 'en:fermented-dairy-desserts', 'en:yogurts', 'en:plain-fermented-dairy-desserts', 'en:plain-yogurts', 'en:greek-style-yogurts']",0,[],[],129.0,10.8,6.7,3.9,0.0,3.9,0.0
Yoghurt,5036589255550,"['en:dairies', 'en:fermented-foods', 'en:fermented-milk-products', 'en:desserts', 'en:dairy-desserts', 'en:fermented-dairy-desserts', 'en:yogurts', 'en:plain-fermented-dairy-desserts', 'en:plain-yogurts', 'en:cow-milk-yogurts']",0,[],[],72.0,3.8,2.5,4.9,,4.2,0.12
0% fat Greek yoghurt,20577391,"['en:dairies', 'en:fermented-foods', 'en:fermented-milk-products', 'en:desserts', 'en:dairy-desserts', 'en:fermented-dairy-desserts', 'en:yogurts', 'en:greek-style-yogurts']",0,[],[],50.0,0.0,0.0,4.0,0.0,8.3,0.000375
Family Farm Greek Style Natural,5036589201687,"['en:dairies', 'en:fermented-foods', 'en:fermented-milk-products', 'en:desserts', 'en:dairy-desserts', 'en:fermented-dairy-desserts', 'en:yogurts', 'en:plain-fermented-dairy-desserts', 'en:plain-yogurts', 'en:cow-milk-yogurts', 'en:greek-style-yogurts']",0,[],[],115.0,8.3,5.5,4.9,,4.5,0.1
Yaos Yaourt à la Grecque Nature 4 x 150g,3023291122005,"['en:dairies', 'en:fermented-foods', 'en:fermented-milk-products', 'en:desserts', 'en:dairy-desserts', 'en:fermented-dairy-desserts', 'en:yogurts', 'en:plain-fermented-dairy-desserts', 'en:plain-yogurts', 'en:greek-style-yogurts', 'en:greek-style-yogurts-plain']",0,[],[],101.0,7.9,5.3,3.5,0.0,3.1,0.12
Danone max,6111032009429,"['en:plant-based-foods-and-beverages', 'en:dairies', 'en:fermented-foods', 'en:plant-based-foods', 'en:fermented-milk-products', 'en:condiments', 'en:desserts', 'en:dairy-desserts', 'en:herbs-and-spices', 'en:fermented-dairy-desserts', 'en:spices', 'en:yogurts', 'en:vanilla']",0,[],[],51.0,1.0,0.7,7.0,,1.3,0.0
Light greek yogurt,4056489263951,"['en:dairies', 'en:fermented-foods', 'en:fermented-milk-products', 'en:desserts', 'en:dairy-desserts', 'en:fermented-dairy-desserts', 'en:yogurts', 'en:cow-milk-yogurts', 'en:greek-style-yogurts', 'en:light-authentic-greek-yoghurt']",0,[],[],94.0,5.0,3.6,4.5,0.0,7.8,0.000375
Chergui creme 🥭 mangue,6111126001865,"['en:dairies', 'en:fermented-foods', 'en:fermented-milk-products', 'en:desserts', 'en:dairy-desserts', 'en:fermented-dairy-desserts', 'en:yogurts']",0,[],[],113.0,4.0,0.0,14.9,,4.2,0.0
Les 2 Vaches Vanille Bio de Madagascar 4 x 115 g,3661344688339,"['en:dairies', 'en:fermented-foods', 'en:fermented-milk-products', 'en:desserts', 'en:dairy-desserts', 'en:fermented-dairy-desserts', 'en:yogurts', 'en:flavoured-fermented-dairy-desserts', 'en:sweetened-yogurts', 'en:cow-milk-yogurts', 'en:flavoured-yogurts']",0,[],[],94.0,2.8,2.0,12.8,0.0,3.7,0.14
Natural Bio Yogurt,5035251000191,"['en:dairies', 'en:fermented-foods', 'en:fermented-milk-products', 'en:desserts', 'en:dairy-desserts', 'en:fermented-dairy-desserts', 'en:yogurts']",0,[],[],80.0,3.5,2.0,3.7,0.5,5.2,0.2
Daya Ananas Coco,6111126004538,"['en:dairies', 'en:fermented-foods', 'en:fermented-milk-products', 'en:desserts', 'en:dairy-desserts', 'en:fermented-dairy-desserts', 'en:yogurts', 'fr:cc', 'fr:yagourt']",0,[],[],74.0,1.2,0.72,8.5,,2.4,0.08
Danone le nature 125 g x 4,3033490004521,"['en:dairies', 'en:fermented-foods', 'en:fermented-milk-products', 'en:desserts', 'en:dairy-desserts', 'en:fermented-dairy-desserts', 'en:yogurts', 'en:plain-fermented-dairy-desserts', 'en:plain-yogurts']",0,[],[],46.0,1.0,0.6,5.3,0.0,4.0,0.15
Chergui proteine,6111126005702,"['en:beverages-and-beverages-preparations', 'en:beverages', 'en:dairies', 'en:fermented-foods', 'en:fermented-milk-products', 'en:desserts', 'en:dairy-desserts', 'en:dairy-drinks', 'en:fermented-dairy-desserts', 'en:fermented-drinks', 'en:fermented-milk-drinks', 'en:yogurts', 'en:dietary-supplements', 'en:yogurt-drinks', 'fr:yaourts-a-boire-sans-lactose']",0,[],[],58.9,0.7,0.0664,1.09,,8.0,0.0667
Greek style Honey,5036589203896,"['en:dairies', 'en:fermented-foods', 'en:fermented-milk-products', 'en:desserts', 'en:dairy-desserts', 'en:fermented-dairy-desserts', 'en:yogurts', 'en:cow-milk-yogurts', 'en:greek-style-yogurts', 'en:honey-yogurts']",0,[],[],141.0,7.8,4.8,13.7,,4.1,0.13
Délicimo : Stracciatella,6111242106789,"['en:dairies', 'en:fermented-foods', 'en:fermented-milk-products', 'en:desserts', 'en:dairy-desserts', 'en:fermented-dairy-desserts', 'en:yogurts']",0,[],[],168.0,7.4,4.8,20.0,0.0,5.3,0.0
Ghilal Panaché,6111242105287,"['en:dairies', 'en:fermented-foods', 'en:fermented-milk-products', 'en:desserts', 'en:dairy-desserts', 'en:fermented-dairy-desserts', 'en:milks', 'en:yogurts', 'en:stirred-yogurts']",0,[],[],68.0,0.7,0.5,9.3,,1.4,0.0
Strawberry Bio Live Yoghurt,5014067153833,"['en:dairies', 'en:fermented-foods', 'en:fermented-milk-products', 'en:desserts', 'en:dairy-desserts', 'en:fermented-dairy-desserts', 'en:fermented-dairy-desserts-with-fruits', 'en:yogurts', 'en:fruit-yogurts', 'en:strawberry-yogurts']",0,[],[],98.0,4.0,2.8,10.7,,4.5,0.1575
Authentic Greek Yoghurt,00282123,"['en:dairies', 'en:fermented-foods', 'en:fermented-milk-products', 'en:desserts', 'en:dairy-desserts', 'en:fermented-dairy-desserts', 'en:yogurts', 'en:plain-fermented-dairy-desserts', 'en:plain-yogurts', 'en:greek-style-yogurts', 'en:plain-greek-style-yogurts']",0,[],[],137.0,10.7,7.4,3.2,0.2,6.0,0.107
Protein strawberry,6413300018042,"['en:dairies', 'en:fermented-foods', 'en:fermented-milk-products', 'en:desserts', 'en:dairy-desserts', 'en:fermented-dairy-desserts', 'en:yogurts']",2,[],"['en:e440', 'en:e960a']",72.0,0.2,0.1,6.3,,10.0,0.117
"Kefir, Mango and Passion Fruit",5036589252597,"['en:dairies', 'en:fermented-foods', 'en:fermented-milk-products', 'en:desserts', 'en:dairy-desserts', 'en:fermented-dairy-desserts', 'en:fermented-dairy-desserts-with-fruits', 'en:yogurts', 'en:kefir-yogurts', 'en:fruit-kefir-yogurts']",0,[],[],81.0,2.0,1.3,9.7,,4.0,0.0
Greek Style Natural Yogurt,4088600284897,"['en:dairies', 'en:fermented-foods', 'en:fermented-milk-products', 'en:desserts', 'en:dairy-desserts', 'en:fermented-dairy-desserts', 'en:yogurts', 'en:cow-milk-yogurts', 'en:greek-style-yogurts']",0,[],[],122.0,10.3,6.4,3.4,0.0,3.1,0.0875
Actimel,6111032009153,"['en:beverages-and-beverages-preparations', 'en:beverages', 'en:dairies', 'en:fermented-foods', 'en:fermented-milk-products', 'en:desserts', 'en:dairy-desserts', 'en:dairy-drinks', 'en:fermented-dairy-desserts', 'en:fermented-drinks', 'en:fermented-milk-drinks', 'en:yogurts', 'en:yogurt-drinks', 'en:milk-drinks-fermented-with-l-casei']",0,[],[],74.0,1.8,1.2,5.0,,1.9,0.0
Greek Yoghurt,00038317,"['en:dairies', 'en:fermented-foods', 'en:fermented-milk-products', 'en:desserts', 'en:dairy-desserts', 'en:fermented-dairy-desserts', 'en:yogurts', 'en:greek-style-yogurts', 'en:null']",0,[],[],134.0,10.1,7.0,3.9,0.2,6.4,0.1275
yogo fraise,6111242071940,"['en:beverages-and-beverages-preparations', 'en:beverages', 'en:dairies', 'en:fermented-foods', 'en:fermented-milk-products', 'en:desserts', 'en:dairy-desserts', 'en:dairy-drinks', 'en:fermented-dairy-desserts', 'en:fermented-drinks', 'en:fermented-dairy-desserts-with-fruits', 'en:fermented-milk-drinks', 'en:yogurts', 'en:fruit-yogurts', 'en:yogurt-drinks', 'en:strawberry-yogurts']",0,[],[],95.0,6.9,2.44,35.24,6.3,1.99,0.55
M&S x Zoe Gut Shot,29386574,"['en:beverages', 'en:dairies', 'en:fermented-foods', 'en:fermented-milk-products', 'en:desserts', 'en:dairy-desserts', 'en:dairy-drinks', 'en:fermented-dairy-desserts', 'en:fermented-drinks', 'en:yogurts', 'en:fermented-milk-drinks', 'en:drinkable-yogurts']",0,[],[],60.0,1.7,1.1,5.6,2.2,2.2,0.05
Yaourt banin,6111242102934,"['en:dairies', 'en:fermented-foods', 'en:fermented-milk-products', 'en:desserts', 'en:dairy-desserts', 'en:fermented-dairy-desserts', 'en:yogurts']",0,[],[],92.0,1.7,0.0,9.0,0.0,3.9,0.0
Nature,6130760000102,"['en:dairies', 'en:fermented-foods', 'en:fermented-milk-products', 'en:desserts', 'en:dairy-desserts', 'en:fermented-dairy-desserts', 'en:yogurts', 'en:plain-fermented-dairy-desserts', 'en:plain-yogurts']",0,[],[],48.0,1.9,1.24,0.0,0.0,3.5,0.11
Kefir Yogurt,5025840005430,"['en:beverages-and-beverages-preparations', 'en:beverages', 'en:dairies', 'en:fermented-foods', 'en:fermented-milk-products', 'en:desserts', 'en:dairy-desserts', 'en:dairy-drinks', 'en:fermented-dairy-desserts', 'en:fermented-drinks', 'en:fermented-milk-drinks', 'en:yogurts', 'en:kefir-yogurts', 'en:kefir']",0,[],[],76.0,4.1,2.1,4.3,,5.1,0.14
Protein drink plus,4014500520032,"['en:beverages-and-beverages-preparations', 'en:beverages', 'en:dairies', 'en:fermented-foods', 'en:fermented-milk-products', 'en:desserts', 'en:dairy-desserts', 'en:dairy-drinks', 'en:fermented-dairy-desserts', 'en:fermented-drinks', 'en:fermented-milk-drinks', 'en:yogurts', 'en:dietary-supplements', 'en:yogurt-drinks', 'en:bodybuilding-supplements', 'en:protein-shakes']",0,[],[],77.0,1.2,0.8,4.6,5.1,10.9,0.77
Super Thick Kerned Yogurt,5036589253532,"['en:dairies', 'en:fermented-foods', 'en:fermented-milk-products', 'en:desserts', 'en:dairy-desserts', 'en:fermented-dairy-desserts', 'en:yogurts', 'en:plain-fermented-dairy-desserts', 'en:cow-milk-yogurts', 'en:plain-fermented-dairy-desserts-with-cream']",0,[],[],95.0,5.0,3.4,3.5,,9.0,0.0875
Fruity favourites,5036589255710,"['en:dairies', 'en:fermented-foods', 'en:fermented-milk-products', 'en:desserts', 'en:dairy-desserts', 'en:fermented-dairy-desserts', 'en:yogurts', 'en:cow-milk-yogurts']",0,[],[],109.41176470588,5.1764705882353,3.4117647058824,9.5294117647059,,5.0588235294118,0.117647
Greek Style Natural Yogurt,5057753941246,"['en:dairies', 'en:fermented-foods', 'en:fermented-milk-products', 'en:desserts', 'en:dairy-desserts', 'en:fermented-dairy-desserts', 'en:yogurts', 'en:plain-fermented-dairy-desserts', 'en:plain-yogurts', 'en:greek-style-yogurts']",0,[],[],91.0,6.3,4.2,4.6,,4.0,0.0975
Yaourt grec,5201037709774,"['en:dairies', 'en:fermented-foods', 'en:fermented-milk-products', 'en:desserts', 'en:dairy-desserts', 'en:fermented-dairy-desserts', 'en:yogurts', 'en:plain-fermented-dairy-desserts', 'en:plain-yogurts', 'en:cow-milk-yogurts', 'en:greek-style-yogurts', 'en:greek-style-yogurts-plain']",0,[],[],134.0,10.0,6.5,3.8,,6.5,0.12
Skyr nature (8x Nature),3329770082342,"['en:dairies', 'en:fermented-foods', 'en:fermented-milk-products', 'en:desserts', 'en:dairy-desserts', 'en:fermented-dairy-desserts', 'en:fromages-blancs-petit-suisses-and-skyr', 'en:yogurts', 'en:plain-fermented-dairy-desserts', 'en:skyrs', 'en:plain-skyrs']",0,[],[],57.0,0.5,0.1,3.6,,9.5,0.035
alpro sabor natural con coco,5411188139126,"['en:beverages-and-beverages-preparations', 'en:plant-based-foods-and-beverages', 'en:beverages', 'en:dairies', 'en:fermented-foods', 'en:fermented-milk-products', 'en:dairy-substitutes', 'en:desserts', 'en:vegan-products', 'en:dairy-desserts', 'en:milk-substitutes', 'en:non-dairy-desserts', 'en:non-dairy-fermented-foods', 'en:plant-based-beverages', 'en:fermented-dairy-desserts', 'en:non-dairy-yogurts', 'en:plant-based-milk-alternatives', 'en:fermented-dairy-desserts-with-fruits', 'en:soy-milk-yogurts', 'en:yogurts', 'en:fruit-yogurts', 'en:coconut-yogurts', 'en:comida-no-lactea-fermentada', 'en:lacteos', 'en:postres-lacteos']",5,[],"['en:e304', 'en:e306', 'en:e330', 'en:e331', 'en:e440']",55.0,3.0,1.1,2.1,0.8,3.9,0.32
Yogur natural proteínas 0%,8480000212566,"['en:dairies', 'en:fermented-foods', 'en:fermented-milk-products', 'en:desserts', 'en:dairy-desserts', 'en:fermented-dairy-desserts', 'en:yogurts', 'en:plain-fermented-dairy-desserts']",0,[],[],52.0,0.5,0.1,3.1,0.0,10.0,0.0
Suckies Strawberry,5056138201807,"['en:beverages-and-beverages-preparations', 'en:beverages', 'en:dairies', 'en:fermented-foods', 'en:fermented-milk-products', 'en:desserts', 'en:dairy-desserts', 'en:dairy-drinks', 'en:fermented-dairy-desserts', 'en:fermented-drinks', 'en:fermented-milk-drinks', 'en:yogurts', 'en:yogurt-drinks']",0,[],[],76.0,2.7,1.7,7.3,,3.9,0.08
Ghilal,6111242105270,"['en:dairies', 'en:fermented-foods', 'en:fermented-milk-products', 'en:desserts', 'en:dairy-desserts', 'en:fermented-dairy-desserts', 'en:milks', 'en:yogurts', 'fr:raib', 'fr:raibi']",1,[],['en:e330'],69.4,0.7,0.5,9.3,0.0,1.5,0.0
Daya mini vani,6111126002640,"['en:beverages-and-beverages-preparations', 'en:beverages', 'en:dairies', 'en:fermented-foods', 'en:fermented-milk-products', 'en:desserts', 'en:dairy-desserts', 'en:dairy-drinks', 'en:fermented-dairy-desserts', 'en:fermented-drinks', 'en:yogurts', 'en:fermented-milk-drinks', 'en:drinkable-yogurts']",0,[],[],74.0,1.1,0.0,0.0,,2.1,0.0
daya vani sghira,6111126003852,"['en:beverages', 'en:dairies', 'en:fermented-foods', 'en:fermented-milk-products', 'en:desserts', 'en:dairy-desserts', 'en:dairy-drinks', 'en:fermented-dairy-desserts', 'en:yogurts']",0,[],[],75.0,1.2,0.9,12.2,,2.3,0.09
HIPRO Saveur Vanille-Cookie,3033491485763,"['en:beverages-and-beverages-preparations', 'en:beverages', 'en:dairies', 'en:fermented-foods', 'en:fermented-milk-products', 'en:desserts', 'en:dairy-desserts', 'en:dairy-drinks', 'en:fermented-dairy-desserts', 'en:fermented-drinks', 'en:fermented-milk-drinks', 'en:yogurts', 'en:dietary-supplements', 'en:yogurt-drinks', 'en:bodybuilding-supplements', 'en:protein-shakes']",7,[],"['en:e1422', 'en:e14xx', 'en:e270', 'en:e331', 'en:e440', 'en:e950', 'en:e955']",58.0,0.4,0.3,5.1,,8.3,0.17
0% Fat Vanilla Yogurt,5036589200918,"['en:dairies', 'en:fermented-foods', 'en:fermented-milk-products', 'en:desserts', 'en:dairy-desserts', 'en:fermented-dairy-desserts', 'en:yogurts', 'en:low-fat-yogurts']",0,[],[],81.0,0.0,0.0,14.0,,5.8,0.17
Jnane,6111126001704,"['en:dairies', 'en:fermented-foods', 'en:fermented-milk-products', 'en:desserts', 'en:dairy-desserts', 'en:fermented-dairy-desserts', 'en:yogurts', 'en:sweetened-yogurts', 'en:cow-milk-yogurts']",0,[],[],102.0,3.2,3.2,14.5,,3.9,0.0
Onken,7610900299072,"['en:dairies', 'en:fermented-foods', 'en:fermented-milk-products', 'en:desserts', 'en:dairy-desserts', 'en:fermented-dairy-desserts', 'en:yogurts', 'en:cow-milk-yogurts', 'en:natural-yogurt']",0,[],[],64.0,3.5,2.2,4.7,,3.3,0.1375
Yaourt le nature,3033490004514,"['en:dairies', 'en:fermented-foods', 'en:fermented-milk-products', 'en:desserts', 'en:dairy-desserts', 'en:fermented-dairy-desserts', 'en:yogurts', 'en:plain-fermented-dairy-desserts', 'en:plain-yogurts']",0,[],[],45.0,1.0,0.6,5.1,0.0,3.8,0.1
Yaos Le Yaourt à la Grecque Stracciatella 125 g,3023290032114,"['en:dairies', 'en:fermented-foods', 'en:fermented-milk-products', 'en:desserts', 'en:dairy-desserts', 'en:fermented-dairy-desserts', 'en:yogurts', 'en:chocolate-chunks-yogurts', 'en:greek-style-yogurts']",1,[],['en:e440'],148.0,8.16,5.36,14.72,0.24,2.64,0.104
Kefir Drink,5060337221931,"['en:beverages-and-beverages-preparations', 'en:beverages', 'en:dairies', 'en:fermented-foods', 'en:fermented-milk-products', 'en:desserts', 'en:dairy-desserts', 'en:dairy-drinks', 'en:fermented-dairy-desserts', 'en:fermented-drinks', 'en:fermented-milk-drinks', 'en:yogurts', 'en:yogurt-drinks', 'en:kefir']",1,[],['en:e440'],63.0,2.6,1.8,5.0,,3.1,0.0875
Hipro,3033491724633,"['en:dairies', 'en:fermented-foods', 'en:fermented-milk-products', 'en:desserts', 'en:dairy-desserts', 'en:fermented-dairy-desserts', 'en:fermented-dairy-desserts-with-fruits', 'en:yogurts', 'fr:specialites-laitieres', 'fr:specialites-laitieres-aux-fruits']",5,[],"['en:e14xx', 'en:e150a', 'en:e440', 'en:e950', 'en:e955']",56.0,0.1,0.1,4.0,,9.4,0.09
"P'tit Yop, Goût Fraise",3329778164019,"['en:beverages-and-beverages-preparations', 'en:beverages', 'en:dairies', 'en:fermented-foods', 'en:fermented-milk-products', 'en:desserts', 'en:dairy-desserts', 'en:dairy-drinks', 'en:fermented-dairy-desserts', 'en:fermented-drinks', 'en:fresh-foods', 'en:fermented-milk-drinks', 'en:yogurts', 'en:yogurt-drinks', 'en:flavoured-fermented-dairy-desserts', 'en:flavoured-yogurt-drinks', 'en:flavoured-drinkable-yogurts-with-sugar', 'en:flavoured-yogurts', 'en:fruit-flavoured-yogurt-drinks', 'en:strawberry-yogurt-drinks']",0,[],[],65.0,0.8,0.5,10.4,,3.0,0.12
Yeo Valley Organic Kefir Strawberry Fermented Yoghurt,5036589254270,"['en:beverages-and-beverages-preparations', 'en:beverages', 'en:dairies', 'en:fermented-foods', 'en:fermented-milk-products', 'en:desserts', 'en:dairy-desserts', 'en:dairy-drinks', 'en:fermented-dairy-desserts', 'en:fermented-drinks', 'en:yogurts', 'en:fermented-milk-drinks', 'en:drinkable-yogurts', 'en:kefir']",0,[],[],79.0,1.9,1.3,9.5,0.1,4.2,0.11
Family Farm Raspberry,5036589200178,"['en:dairies', 'en:fermented-foods', 'en:fermented-milk-products', 'en:desserts', 'en:dairy-desserts', 'en:fermented-dairy-desserts', 'en:fermented-dairy-desserts-with-fruits', 'en:yogurts', 'en:fruit-yogurts']",0,[],[],99.0,4.0,2.8,11.1,0.0,4.7,0.18
Yogur natural,8480000223135,"['en:dairies', 'en:fermented-foods', 'en:fermented-milk-products', 'en:desserts', 'en:dairy-desserts', 'en:fermented-dairy-desserts', 'en:yogurts', 'en:plain-fermented-dairy-desserts', 'en:plain-yogurts']",0,[],[],62.0,3.4,2.2,4.1,,3.7,0.1
Yogur griego ligero,8402001012051,"['en:dairies', 'en:fermented-foods', 'en:fermented-milk-products', 'en:desserts', 'en:dairy-desserts', 'en:fermented-dairy-desserts', 'en:yogurts', 'en:cow-milk-yogurts', 'en:greek-style-yogurts']",0,[],[],48.0,1.6,1.12,0.0,0.0,4.64,0.0
SMOOZY,6111250010948,"['en:beverages-and-beverages-preparations', 'en:plant-based-foods-and-beverages', 'en:beverages', 'en:dairies', 'en:fermented-foods', 'en:plant-based-foods', 'en:fermented-milk-products', 'en:breakfasts', 'en:cereals-and-potatoes', 'en:desserts', 'en:cereals-and-their-products', 'en:dairy-desserts', 'en:breakfast-cereals', 'en:dairy-drinks', 'en:fermented-dairy-desserts', 'en:fermented-drinks', 'en:yogurts', 'en:fermented-milk-drinks', 'en:drinkable-yogurts']",0,[],[],9.0,1.2,0.8,8.9,,9.0,9.0
6111266962774,6111266962774,"['en:dairies', 'en:fermented-foods', 'en:fermented-milk-products', 'en:desserts', 'en:dairy-desserts', 'en:fermented-dairy-desserts', 'en:yogurts']",0,[],[],52.8,2.4,1.7,0.0,,3.1,0.2
Framboise délicate,3661344221796,"['en:dairies', 'en:fermented-foods', 'en:fermented-milk-products', 'en:desserts', 'en:dairy-desserts', 'en:fermented-dairy-desserts', 'en:fermented-dairy-desserts-with-fruits', 'en:yogurts', 'en:fruit-yogurts', 'en:stirred-yogurts', 'en:cow-milk-yogurts', 'en:raspberry-yogurts']",0,[],[],90.0,2.8,1.9,12.0,,3.8,0.14
HiPRO Saveur Coco,3033491690334,"['en:dairies', 'en:fermented-foods', 'en:fermented-milk-products', 'en:desserts', 'en:dairy-desserts', 'en:fermented-dairy-desserts', 'en:yogurts', 'fr:specialites-laitieres', 'fr:yaourts-proteines']",7,[],"['en:e1422', 'en:e330', 'en:e331', 'en:e412', 'en:e440', 'en:e950', 'en:e955']",56.0,0.4,0.4,3.1,,9.4,0.0875
Super thick organic kerned yogurt,5036589253471,"['en:dairies', 'en:fermented-foods', 'en:fermented-milk-products', 'en:desserts', 'en:dairy-desserts', 'en:fermented-dairy-desserts', 'en:yogurts', 'en:organic-milk']",0,[],[],57.0,0.5,0.30000001192093,3.5,,10.0,0.10000000149012
Kefir - Mango & Passion Fruit,5036589254874,"['en:beverages-and-beverages-preparations', 'en:beverages', 'en:dairies', 'en:fermented-foods', 'en:fermented-milk-products', 'en:desserts', 'en:dairy-desserts', 'en:dairy-drinks', 'en:fermented-dairy-desserts', 'en:fermented-drinks', 'en:fermented-milk-drinks', 'en:yogurts', 'en:yogurt-drinks', 'en:kefir']",0,[],[],66.0,1.6,1.0,7.7,,3.5,0.15
Yaourt au Lait Entier saveur Vanille,3278692111169,"['en:dairies', 'en:fermented-foods', 'en:fermented-milk-products', 'en:desserts', 'en:dairy-desserts', 'en:fermented-dairy-desserts', 'en:fresh-foods', 'en:yogurts', 'en:flavoured-fermented-dairy-desserts', 'en:sweetened-yogurts', 'en:vanilla-yogurt', 'en:flavoured-yogurts', 'en:whole-milk-yogurts']",0,[],[],97.0,3.1,2.0,14.0,0.0,3.3,0.09
Skyr Icelandic Style Strawberry Yogurt,4016241030580,"['en:dairies', 'en:fermented-foods', 'en:fermented-milk-products', 'en:cheeses', 'en:desserts', 'en:dairy-desserts', 'en:fermented-dairy-desserts', 'en:fermented-dairy-desserts-with-fruits', 'en:yogurts', 'en:fruit-yogurts', 'en:skyrs', 'en:cream-cheeses']",0,[],[],68.0,0.2,0.1,6.8,0.0,8.5,0.1175
0% fat greek style yogurt,5052909896579,"['en:dairies', 'en:fermented-foods', 'en:fermented-milk-products', 'en:desserts', 'en:dairy-desserts', 'en:fermented-dairy-desserts', 'en:yogurts', 'en:greek-style-yogurts']",0,[],[],60.0,0.4,0.1,6.6,0.4,6.4,0.1275
Activia,6111032009436,"['en:dairies', 'en:fermented-foods', 'en:fermented-milk-products', 'en:desserts', 'en:dairy-desserts', 'en:fermented-dairy-desserts', 'en:yogurts', 'en:bifidus-yogurts']",0,[],[],64.0,1.2,0.8,5.5,1.5,2.7,0.0
Full Fat Greek Style Yogurt,5052449437362,"['en:dairies', 'en:fermented-foods', 'en:fermented-milk-products', 'en:desserts', 'en:dairy-desserts', 'en:fermented-dairy-desserts', 'en:yogurts', 'en:plain-fermented-dairy-desserts', 'en:plain-yogurts', 'en:cow-milk-yogurts', 'en:greek-style-yogurts']",0,[],[],102.0,7.6,5.1,4.2,0.5,4.0,0.0975
Yaourt saveur myrtille sauvage,3661344221772,"['en:dairies', 'en:fermented-foods', 'en:fermented-milk-products', 'en:desserts', 'en:dairy-desserts', 'en:fermented-dairy-desserts', 'en:fermented-dairy-desserts-with-fruits', 'en:yogurts', 'en:fruit-yogurts', 'en:stirred-yogurts', 'en:blueberry-yogurts', 'en:cow-milk-yogurts', 'en:fruit-stirred-yogurts']",1,[],['en:e440'],91.0,2.6,2.3,13.0,,3.5,0.1375
So soja à la grecque nature,3273220182574,"['en:plant-based-foods-and-beverages', 'en:dairies', 'en:fermented-foods', 'en:fermented-milk-products', 'en:dairy-substitutes', 'en:desserts', 'en:vegan-products', 'en:dairy-desserts', 'en:non-dairy-desserts', 'en:non-dairy-fermented-foods', 'en:fermented-dairy-desserts', 'en:non-dairy-yogurts', 'en:soy-milk-yogurts', 'en:yogurts', 'en:plain-soy-yogurts']",1,[],['en:e440'],53.0,3.3,0.5,0.0,,5.7,0.11
Greek Style Natural Yoghurt,5000128654517,"['en:dairies', 'en:fermented-foods', 'en:fermented-milk-products', 'en:desserts', 'en:dairy-desserts', 'en:fermented-dairy-desserts', 'en:yogurts', 'en:plain-fermented-dairy-desserts', 'en:plain-yogurts', 'en:greek-style-yogurts', 'en:greek-style-yogurts-plain', 'en:produits-fermentes', 'en:produits-laitiers-fermentes', 'en:yaourts-nature']",0,[],[],101.0,7.5,5.1,4.2,0.5,3.9,0.09
yaourt au lait entier nature,3560070845408,"['en:dairies', 'en:fermented-foods', 'en:fermented-milk-products', 'en:desserts', 'en:dairy-desserts', 'en:fermented-dairy-desserts', 'en:yogurts', 'en:plain-fermented-dairy-desserts', 'en:plain-yogurts', 'en:whole-milk-yogurts']",0,[],[],78.75,4.25,2.625,5.125,,4.875,0.1625
"Onken Mango, Papaya & Passionfruit - 450 G",7610900037360,"['en:dairies', 'en:fermented-foods', 'en:fermented-milk-products', 'en:desserts', 'en:dairy-desserts', 'en:fermented-dairy-desserts', 'en:fermented-dairy-desserts-with-fruits', 'en:yogurts', 'en:fruit-yogurts']",3,[],"['en:e100', 'en:e412', 'en:e440']",97.0,2.7,1.7,12.0,,3.8,0.17
Kefir,5036589254218,"['en:dairies', 'en:fermented-foods', 'en:fermented-milk-products', 'en:desserts', 'en:dairy-desserts', 'en:fermented-dairy-desserts', 'en:fermented-dairy-desserts-with-fruits', 'en:yogurts', 'en:kefir-yogurts', 'en:fruit-kefir-yogurts']",0,[],[],81.0,2.0,1.3,9.7,,4.0,0.1
Vanilla Gut-Loving Prebiotic* Yoghurt,5060853640049,"['en:dairies', 'en:fermented-foods', 'en:fermented-milk-products', 'en:desserts', 'en:dairy-desserts', 'en:fermented-dairy-desserts', 'en:yogurts', 'en:cow-milk-yogurts', 'en:fermented']",0,[],[],86.0,3.2,2.4,7.6,,4.9,0.225
Brassé Ananas,6111126001810,"['en:dairies', 'en:fermented-foods', 'en:fermented-milk-products', 'en:desserts', 'en:dairy-desserts', 'en:fermented-dairy-desserts', 'en:fermented-dairy-desserts-with-fruits', 'en:yogurts', 'en:fruit-yogurts', 'en:stirred-yogurts']",0,[],[],107.0,2.8,1.6,16.0,,3.5,0.12
Smoozy,6111250010207,"['en:beverages', 'en:dairies', 'en:fermented-foods', 'en:fermented-milk-products', 'en:desserts', 'en:dairy-desserts', 'en:dairy-drinks', 'en:fermented-dairy-desserts', 'en:fermented-drinks', 'en:yogurts', 'en:fermented-milk-drinks', 'en:drinkable-yogurts']",1,[],['en:e330'],84.0,2.0,1.3,9.2,0.0,2.2,0.1
Natural Yogur,20144302,"['en:dairies', 'en:fermented-foods', 'en:fermented-milk-products', 'en:desserts', 'en:dairy-desserts', 'en:fermented-dairy-desserts', 'en:yogurts', 'en:plain-fermented-dairy-desserts', 'en:plain-yogurts']",0,[],[],75.0,3.8,2.4,4.7,,5.0,0.15
Hipro saveur mangue,3033491729218,"['en:beverages-and-beverages-preparations', 'en:beverages', 'en:dairies', 'en:fermented-foods', 'en:fermented-milk-products', 'en:desserts', 'en:dairy-desserts', 'en:dairy-drinks', 'en:fermented-dairy-desserts', 'en:fermented-drinks', 'en:fermented-milk-drinks', 'en:yogurts', 'en:yogurt-drinks', 'en:fermented-milk-drinks-with-fruits']",6,[],"['en:e14xx', 'en:e330', 'en:e331', 'en:e440', 'en:e950', 'en:e955']",60.0,0.5,0.3,5.2,,8.3,0.1775
organic GREEK YOGURT plain,0096619483556,"['en:dairies', 'en:fermented-foods', 'en:fermented-milk-products', 'en:desserts', 'en:dairy-desserts', 'en:fermented-dairy-desserts', 'en:yogurts', 'en:greek-style-yogurts']",0,[],[],58.8,0.0,0.0,2.35,0.0,10.6,0.0956
Fat Free Greek Style Natural Yogurt,4056489518273,"['en:dairies', 'en:fermented-foods', 'en:fermented-milk-products', 'en:desserts', 'en:dairy-desserts', 'en:fermented-dairy-desserts', 'en:yogurts', 'en:greek-style-yogurts']",0,[],[],68.0,0.24,0.24,9.2,0.48,7.04,0.00038
Activia selection,6111032010142,"['en:dairies', 'en:fermented-foods', 'en:fermented-milk-products', 'en:desserts', 'en:dairy-desserts', 'en:fermented-dairy-desserts', 'en:yogurts', 'en:bifidus-yogurts']",0,[],[],98.0,3.2,2.2,8.3,,3.2,0.0
Yaourt nature,3278692111145,"['en:dairies', 'en:fermented-foods', 'en:fermented-milk-products', 'en:desserts', 'en:dairy-desserts', 'en:fermented-dairy-desserts', 'en:yogurts', 'en:plain-fermented-dairy-desserts', 'en:plain-yogurts', 'fr:yaourts-fromages-blancs']",0,[],[],53.0,1.0,0.6,6.7,0.0,4.3,0.16
Greek Style Yogurt,5010251430896,"['en:dairies', 'en:fermented-foods', 'en:fermented-milk-products', 'en:desserts', 'en:dairy-desserts', 'en:fermented-dairy-desserts', 'en:yogurts', 'en:plain-fermented-dairy-desserts', 'en:plain-yogurts', 'en:greek-style-yogurts']",0,[],[],102.0,7.3,5.1,4.2,0.5,4.0,0.1
Original Gut-Loving Prebiotic* Yoghurt,5060853640032,"['en:dairies', 'en:fermented-foods', 'en:fermented-milk-products', 'en:desserts', 'en:dairy-desserts', 'en:fermented-dairy-desserts', 'en:yogurts']",0,[],[],80.0,3.1,2.6,7.2,1.7,4.8,0.1875
Gourmet Raspberry Yogurt,5056138202545,"['en:dairies', 'en:fermented-foods', 'en:fermented-milk-products', 'en:desserts', 'en:dairy-desserts', 'en:fermented-dairy-desserts', 'en:fermented-dairy-desserts-with-fruits', 'en:yogurts', 'en:fruit-yogurts']",2,[],"['en:e163', 'en:e440']",101.0,4.2,2.9,9.8,,4.6,0.0975
Organic Lemon Curd Yoghurt,5036589204121,"['en:dairies', 'en:fermented-foods', 'en:fermented-milk-products', 'en:desserts', 'en:dairy-desserts', 'en:fermented-dairy-desserts', 'en:fermented-dairy-desserts-with-fruits', 'en:yogurts', 'en:fruit-yogurts']",0,[],[],115.0,4.0,2.5,14.0,,4.1,0.12
Yogur proteínas stracciatella 0%,8402001010484,"['en:dairies', 'en:fermented-foods', 'en:fermented-milk-products', 'en:desserts', 'en:dairy-desserts', 'en:fermented-dairy-desserts', 'en:yogurts']",1,[],['en:e955'],56.0,0.5,0.3,3.0,,9.6,0.1375
Dan up,6111032008705,"['en:dairies', 'en:fermented-foods', 'en:fermented-milk-products', 'en:desserts', 'en:dairy-desserts', 'en:fermented-dairy-desserts', 'en:yogurts']",4,[],"['en:e120', 'en:e14xx', 'en:e331', 'en:e440']",83.1,2.46,1.62,12.0,,2.77,0.154
Skyr,3033490004743,"['en:dairies', 'en:fermented-foods', 'en:fermented-milk-products', 'en:cheeses', 'en:desserts', 'en:dairy-desserts', 'en:fermented-dairy-desserts', 'en:fromages-blancs-petit-suisses-and-skyr', 'en:yogurts', 'en:plain-fermented-dairy-desserts', 'en:skyrs', 'en:plain-skyrs']",0,[],[],57.0,0.2,0.1,3.9,,10.0,0.09
Yaourt chèvre nature,3523230014267,"['en:dairies', 'en:fermented-foods', 'en:fermented-milk-products', 'en:desserts', 'en:dairy-desserts', 'en:fermented-dairy-desserts', 'en:yogurts', 'en:plain-fermented-dairy-desserts', 'en:plain-yogurts', 'en:goat-milk-yogurts', 'en:plain-goat-yogurts', 'en:whole-milk-yogurts']",0,[],[],77.0,4.9,3.4,4.2,,4.1,0.09
Yaourt vanille de Madagascar,3023290234853,"['en:dairies', 'en:fermented-foods', 'en:fermented-milk-products', 'en:desserts', 'en:dairy-desserts', 'en:fermented-dairy-desserts', 'en:yogurts', 'en:vanilla-yogurt']",0,[],[],95.0,3.2,2.1,12.9,0.0,2.9,0.1175
HIGH PROTEIN FRESA MORANGO,4056489467953,"['en:dairies', 'en:fermented-foods', 'en:fermented-milk-products', 'en:desserts', 'en:dairy-desserts', 'en:fermented-dairy-desserts', 'en:fermented-dairy-desserts-with-fruits', 'en:yogurts', 'en:dietary-supplements', 'en:fruit-yogurts', 'en:bodybuilding-supplements', 'en:strawberry-yogurts']",2,[],"['en:e955', 'en:e968']",65.0,0.3,0.2,4.0,,10.0,0.2075
Greek Style Yogurt Unsweetened,00852166,"['en:dairies', 'en:fermented-foods', 'en:fermented-milk-products', 'en:desserts', 'en:dairy-desserts', 'en:fermented-dairy-desserts', 'en:yogurts', 'en:plain-fermented-dairy-desserts', 'en:plain-yogurts', 'en:greek-style-yogurts']",0,[],[],124.0,9.6,6.5,4.8,0.4,4.1,0.2
الشركي,6111126002602,"['en:beverages-and-beverages-preparations', 'en:beverages', 'en:dairies', 'en:fermented-foods', 'en:fermented-milk-products', 'en:desserts', 'en:dairy-desserts', 'en:dairy-drinks', 'en:fermented-dairy-desserts', 'en:fermented-drinks', 'en:fermented-milk-drinks', 'en:yogurts', 'en:yogurt-drinks']",0,[],[],74.0,1.1,0.0,14.0,,2.1,0.0
Gut Health Strawberry,5060360506128,"['en:dairies', 'en:fermented-foods', 'en:fermented-milk-products', 'en:desserts', 'en:dairy-desserts', 'en:fermented-dairy-desserts', 'en:fermented-dairy-desserts-with-fruits', 'en:yogurts', 'en:fruit-yogurts', 'en:bifidus-yogurts', 'en:fruit-bifidus-yogurts', 'en:strawberry-yogurts']",1,[],['en:e440'],90.0,2.8,1.9,11.8,,3.9,0.14
Yaourt brassé sans sucre,6111032009238,"['en:dairies', 'en:fermented-foods', 'en:fermented-milk-products', 'en:desserts', 'en:dairy-desserts', 'en:fermented-dairy-desserts', 'en:yogurts', 'en:stirred-yogurts']",0,[],[],66.0,3.0,2.0,0.0,,3.0,0.0
Le yaourt nature,6111242881716,"['en:dairies', 'en:fermented-foods', 'en:fermented-milk-products', 'en:desserts', 'en:dairy-desserts', 'en:fermented-dairy-desserts', 'en:yogurts']",0,[],[],78.0,3.2999999523163,2.0999999046326,0.0,,4.1999998092651,0.0
Yaourt ferme Vanille,6111250471282,"['en:dairies', 'en:fermented-foods', 'en:fermented-milk-products', 'en:desserts', 'en:dairy-desserts', 'en:fermented-dairy-desserts', 'en:yogurts', 'en:vanilla-yogurt', 'fr:yaourt-ferme-vanille']",0,[],[],100.0,3.0,0.0,0.0,,3.8,0.0
Greek Style Yogurt,01898811,"['en:dairies', 'en:fermented-foods', 'en:fermented-milk-products', 'en:desserts', 'en:dairy-desserts', 'en:fermented-dairy-desserts', 'en:yogurts', 'en:greek-style-yogurts']",0,[],[],51.0,0.5,0.1,5.2,0.5,6.4,0.00035
raib salim vani,6111032009931,"['en:beverages-and-beverages-preparations', 'en:beverages', 'en:dairies', 'en:fermented-foods', 'en:fermented-milk-products', 'en:desserts', 'en:dairy-desserts', 'en:milks-liquid-and-powder', 'en:dairy-drinks', 'en:fermented-dairy-desserts', 'en:fermented-drinks', 'en:milks', 'en:fermented-milk-drinks', 'en:yogurts', 'en:yogurt-drinks']",0,[],[],74.0,3.0,2.0,8.8,,3.0,0.225
Yaourt nature 4 x 125 g,3273220530351,"['en:dairies', 'en:fermented-foods', 'en:fermented-milk-products', 'en:desserts', 'en:dairy-desserts', 'en:fermented-dairy-desserts', 'en:yogurts', 'en:plain-fermented-dairy-desserts', 'en:refrigerated-foods', 'en:plain-yogurts']",0,[],[],50.0,1.9,1.3,4.3,,3.9,0.1
Perle de lait,3329770080119,"['en:dairies', 'en:fermented-foods', 'en:fermented-milk-products', 'en:desserts', 'en:dairy-desserts', 'en:fermented-dairy-desserts', 'en:yogurts', 'en:plain-fermented-dairy-desserts', 'en:plain-yogurts', 'fr:specialites-laitieres', 'fr:specialites-laitieres-nature-non-sucrees']",1,[],['en:e14xx'],111.0,8.9,5.9,2.8,,3.2,0.13
Protein Blueberry,6413300018028,"['en:dairies', 'en:fermented-foods', 'en:fermented-milk-products', 'en:desserts', 'en:dairy-desserts', 'en:fermented-dairy-desserts', 'en:fermented-dairy-desserts-with-fruits', 'en:yogurts', 'en:fruit-yogurts']",1,[],['en:e960a'],71.0,0.2,0.1,6.0,,10.0,0.109
Daya fraise sghira,6111126003869,"['en:beverages-and-beverages-preparations', 'en:beverages', 'en:dairies', 'en:fermented-foods', 'en:fermented-milk-products', 'en:desserts', 'en:dairy-desserts', 'en:dairy-drinks', 'en:fermented-dairy-desserts', 'en:fermented-drinks', 'en:fermented-milk-drinks', 'en:yogurts', 'en:yogurt-drinks', 'fr:jus-de-yaourt']",0,[],[],80.0,1.2,0.0,15.0,,2.3,0.0
Daya mini ananas,6111126004521,"['en:beverages-and-beverages-preparations', 'en:beverages', 'en:dairies', 'en:fermented-foods', 'en:fermented-milk-products', 'en:desserts', 'en:dairy-desserts', 'en:dairy-drinks', 'en:fermented-dairy-desserts', 'en:yogurts']",0,[],[],74.0,1.1,1.1,14.0,0.0,2.1,0.0
Yaourt à la GRECQUE NATURE,3245412511561,"['en:dairies', 'en:fermented-foods', 'en:fermented-milk-products', 'en:desserts', 'en:dairy-desserts', 'en:fermented-dairy-desserts', 'en:yogurts', 'en:plain-fermented-dairy-desserts', 'en:plain-yogurts', 'en:stirred-yogurts', 'en:greek-style-yogurts', 'en:greek-style-yogurts-plain', 'en:plain-stirred-yogurts']",0,[],[],107.0,8.5,6.0,4.0,,3.2,0.09
Yogur Proteínas Fresa 0%,8480000209962,"['en:dairies', 'en:fermented-foods', 'en:fermented-milk-products', 'en:desserts', 'en:dairy-desserts', 'en:fermented-dairy-desserts', 'en:fermented-dairy-desserts-with-fruits', 'en:yogurts', 'en:fruit-yogurts', 'en:strawberry-yogurts']",5,[],"['en:e120', 'en:e14xx', 'en:e440', 'en:e950', 'en:e955']",53.0,0.5,0.005,4.6,,8.3,0.1
Yaos,3023290076354,"['en:dairies', 'en:fermented-foods', 'en:fermented-milk-products', 'en:desserts', 'en:dairy-desserts', 'en:fermented-dairy-desserts', 'en:yogurts', 'en:plain-fermented-dairy-desserts', 'en:plain-yogurts', 'en:greek-style-yogurts', 'en:greek-style-yogurts-plain']",0,[],[],127.0,9.9,6.6,4.4,0.0,3.9,0.375
YAOURT GREC,6111246954546,"['en:dairies', 'en:fermented-foods', 'en:fermented-milk-products', 'en:desserts', 'en:dairy-desserts', 'en:fermented-dairy-desserts', 'en:yogurts']",1,[],['en:e14xx'],102.0,3.5,2.35,14.0,0.0,2.2,0.0
Greek Yogurt Nonfat Plain,0894700010137,"['en:dairies', 'en:fermented-foods', 'en:fermented-milk-products', 'en:desserts', 'en:dairy-desserts', 'en:fermented-dairy-desserts', 'en:yogurts', 'en:greek-style-yogurts']",0,[],[],52.9,0.0,0.0,3.53,0.0,9.41,0.0956
Natural yogurt,00146098,"['en:dairies', 'en:fermented-foods', 'en:fermented-milk-products', 'en:desserts', 'en:dairy-desserts', 'en:fermented-dairy-desserts', 'en:yogurts', 'en:cow-milk-yogurts', 'en:whole-milk-yogurts']",0,[],[],81.0,3.8,2.5,6.6,0.5,5.1,0.18
KEFIR YOGURT Passion Fruit Mango and Papaya,5025840005454,"['en:beverages-and-beverages-preparations', 'en:beverages', 'en:dairies', 'en:fermented-foods', 'en:fermented-milk-products', 'en:desserts', 'en:dairy-desserts', 'en:dairy-drinks', 'en:fermented-dairy-desserts', 'en:fermented-drinks', 'en:yogurts', 'en:fermented-milk-drinks', 'en:kefir-yogurts', 'en:kefir']",0,[],[],77.0,3.4,1.5,6.0,,4.8,0.1475
saif banane jaouda 250gr,6111242102606,"['en:beverages-and-beverages-preparations', 'en:beverages', 'en:dairies', 'en:fermented-foods', 'en:fermented-milk-products', 'en:desserts', 'en:dairy-desserts', 'en:dairy-drinks', 'en:fermented-dairy-desserts', 'en:fermented-drinks', 'en:fermented-milk-drinks', 'en:yogurts', 'en:yogurt-drinks']",0,[],[],76.0,1.4,0.0,4.0,,2.3,0.085
High protein mango,4056489814788,"['en:dairies', 'en:fermented-foods', 'en:fermented-milk-products', 'en:desserts', 'en:dairy-desserts', 'en:fermented-dairy-desserts', 'en:fromages-blancs-petit-suisses-and-skyr', 'en:yogurts', 'fr:fromages-blancs']",3,[],"['en:e14xx', 'en:e950', 'en:e955']",51.0,0.2,0.1,4.0,0.5,7.4,0.1
Protein Raspberry-Pomegranate,4056489258353,"['en:dairies', 'en:fermented-foods', 'en:fermented-milk-products', 'en:desserts', 'en:dairy-desserts', 'en:fermented-dairy-desserts', 'en:fermented-dairy-desserts-with-fruits', 'en:yogurts', 'en:fruit-yogurts', 'en:yogurts-high-in-protein-on-a-fruit-layer']",3,[],"['en:e950', 'en:e955', 'en:e968']",65.0,0.3,0.2,4.0,,10.0,0.22
Greek-style creamy yogurt,20790981,"['en:dairies', 'en:fermented-foods', 'en:fermented-milk-products', 'en:desserts', 'en:dairy-desserts', 'en:fermented-dairy-desserts', 'en:yogurts', 'en:plain-fermented-dairy-desserts', 'en:plain-yogurts', 'en:cow-milk-yogurts', 'en:greek-style-yogurts']",0,[],[],123.0,10.0,6.7,4.5,,3.7,0.0975
Skyr nature,3329770084056,"['en:dairies', 'en:fermented-foods', 'en:fermented-milk-products', 'en:cheeses', 'en:desserts', 'en:dairy-desserts', 'en:fermented-dairy-desserts', 'en:fromages-blancs-petit-suisses-and-skyr', 'en:yogurts', 'en:plain-fermented-dairy-desserts', 'en:skyrs', 'en:cream-cheeses', 'en:plain-skyrs']",0,[],[],57.0,0.5,0.1,3.6,,9.5,0.14
Daya mini Avocat,6111126002763,"['en:beverages-and-beverages-preparations', 'en:beverages', 'en:dairies', 'en:fermented-foods', 'en:fermented-milk-products', 'en:desserts', 'en:dairy-desserts', 'en:dairy-drinks', 'en:fermented-dairy-desserts', 'en:fermented-drinks', 'en:fermented-milk-drinks', 'en:yogurts', 'en:yogurt-drinks']",0,[],[],74.3,1.1,0.0,14.0,1.0,2.1,0.0
Yaourt ferme,6111250471701,"['en:dairies', 'en:fermented-foods', 'en:fermented-milk-products', 'en:desserts', 'en:dairy-desserts', 'en:fermented-dairy-desserts', 'en:yogurts', 'ar:yaourt-from-colainord']",0,[],[],100.0,3.0,0.0,15.5,,3.8,0.0
Brassé abricot mchmach,6111126001834,"['en:dairies', 'en:fermented-foods', 'en:fermented-milk-products', 'en:desserts', 'en:dairy-desserts', 'en:fermented-dairy-desserts', 'en:fermented-dairy-desserts-with-fruits', 'en:yogurts', 'en:fruit-yogurts', 'en:stirred-yogurts']",0,[],[],107.0,2.8,1.6,16.0,,3.5,0.12
Activia rhubarb,5060360506166,"['en:dairies', 'en:fermented-foods', 'en:fermented-milk-products', 'en:desserts', 'en:dairy-desserts', 'en:fermented-dairy-desserts', 'en:fermented-dairy-desserts-with-fruits', 'en:yogurts', 'en:fruit-yogurts', 'en:bifidus-yogurts', 'en:fruit-bifidus-yogurts', 'en:rhubarb-yogurts']",2,[],"['en:e150a', 'en:e440']",89.0,2.8,1.9,12.0,0.0,3.9,0.14
Yaourt au lait de chèvre,6111126002022,"['en:dairies', 'en:fermented-foods', 'en:fermented-milk-products', 'en:desserts', 'en:dairy-desserts', 'en:fermented-dairy-desserts', 'en:yogurts', 'en:plain-fermented-dairy-desserts', 'en:plain-yogurts', 'en:goat-milk-yogurts', 'en:plain-goat-yogurts']",0,[],[],63.0,3.0,0.1,0.0,0.0,4.0,0.0
Greek style live yogurt,00972376,"['en:dairies', 'en:fermented-foods', 'en:fermented-milk-products', 'en:desserts', 'en:dairy-desserts', 'en:fermented-dairy-desserts', 'en:yogurts', 'en:greek-style-yogurts']",0,[],[],124.0,9.6,6.5,4.8,0.5,4.1,0.23
Yaourts Brassés aux Fruits fraise,6111126001827,"['en:dairies', 'en:fermented-foods', 'en:fermented-milk-products', 'en:desserts', 'en:dairy-desserts', 'en:fermented-dairy-desserts', 'en:fermented-dairy-desserts-with-fruits', 'en:yogurts', 'en:fruit-yogurts', 'en:stirred-yogurts', 'en:fruit-stirred-yogurts']",0,[],[],116.0,2.7,2.0,0.0,,0.0,0.0
Jibal mangue,6111246953167,"['en:dairies', 'en:fermented-foods', 'en:fermented-milk-products', 'en:desserts', 'en:dairy-desserts', 'en:fermented-dairy-desserts', 'en:fermented-dairy-desserts-with-fruits', 'en:yogurts', 'en:fruit-yogurts', 'en:mango-yogurts']",0,[],[],96.0,2.6,1.74,13.0,0.0,2.7,0.1
Smoozy,6111250010177,"['en:beverages', 'en:dairies', 'en:fermented-foods', 'en:fermented-milk-products', 'en:desserts', 'en:dairy-desserts', 'en:dairy-drinks', 'en:fermented-dairy-desserts', 'en:fermented-drinks', 'en:yogurts', 'en:fermented-milk-drinks', 'en:drinkable-yogurts']",1,[],['en:e330'],74.0,1.1,0.7,8.9,,2.2,0.0
Yaourt à boire sucré aromatisé,3329770063273,"['en:beverages-and-beverages-preparations', 'en:beverages', 'en:dairies', 'en:fermented-foods', 'en:fermented-milk-products', 'en:desserts', 'en:dairy-desserts', 'en:dairy-drinks', 'en:fermented-dairy-desserts', 'en:fermented-drinks', 'en:fermented-milk-drinks', 'en:yogurts', 'en:yogurt-drinks', 'en:flavoured-drinkable-yogurts-with-sugar', 'en:sweetened-beverages']",0,[],[],65.0,0.8,0.5,10.4,0.0,3.0,0.12
Yogurt,5201054017111,"['en:dairies', 'en:fermented-foods', 'en:fermented-milk-products', 'en:desserts', 'en:dairy-desserts', 'en:fermented-dairy-desserts', 'en:yogurts']",0,[],[],54.0,0.0,0.0,3.0,0.0,10.3,0.0975
Authentic Greek Yoghurt 0% FAT,00843430,"['en:dairies', 'en:fermented-foods', 'en:fermented-milk-products', 'en:desserts', 'en:dairy-desserts', 'en:fermented-dairy-desserts', 'en:yogurts', 'en:plain-fermented-dairy-desserts', 'en:plain-yogurts', 'en:greek-style-yogurts', 'en:greek-style-yogurts-plain']",0,[],[],62.0,0.2,0.1,3.2,0.5,10.0,0.05
Grec,6111242105867,"['en:dairies', 'en:fermented-foods', 'en:fermented-milk-products', 'en:desserts', 'en:dairy-desserts', 'en:fermented-dairy-desserts', 'en:fermented-dairy-desserts-with-fruits', 'en:yogurts', 'en:fruit-yogurts', 'en:greek-style-yogurts']",1,[],['en:e14xx'],102.0,4.5,3.1,11.2,0.0,2.1,0.0
Délicimo,6111242106796,"['en:dairies', 'en:fermented-foods', 'en:fermented-milk-products', 'en:desserts', 'en:dairy-desserts', 'en:fermented-dairy-desserts', 'en:entremets-mousses-and-creamy-puddings', 'en:yogurts', 'en:creamy-puddings', 'en:coffee-creamy-puddings', 'en:refrigerated-coffee-puddings']",0,[],[],161.0,6.3,4.8,8.5,,5.3,0.0
6111246954560,6111246954560,"['en:dairies', 'en:fermented-foods', 'en:fermented-milk-products', 'en:desserts', 'en:dairy-desserts', 'en:fermented-dairy-desserts', 'en:yogurts']",0,[],[],112.0,3.85,2.58,15.45,0.0,2.42,0.0
Activia bifidus saveur noix de coco sans arome artificiel 125 gx 4,3033491350863,"['en:dairies', 'en:fermented-foods', 'en:fermented-milk-products', 'en:desserts', 'en:dairy-desserts', 'en:fermented-dairy-desserts', 'en:yogurts', 'en:flavoured-fermented-dairy-desserts', 'en:bifidus-yogurts', 'en:flavoured-bifidus-yogurts', 'en:flavoured-yogurts']",0,[],[],93.0,3.1,2.0,12.6,0.0,3.6,0.13
Yaourt Nature BIO,3278699005010,"['en:dairies', 'en:fermented-foods', 'en:fermented-milk-products', 'en:desserts', 'en:dairy-desserts', 'en:fermented-dairy-desserts', 'en:yogurts', 'en:plain-fermented-dairy-desserts', 'en:plain-yogurts', 'en:whole-milk-yogurts', 'fr:yaourts-fromages-blancs']",0,[],[],69.0,3.6,2.3,5.5,0.0,3.6,0.12
White Chocolate Yoghurt,3023290037577,"['en:dairies', 'en:fermented-foods', 'en:fermented-milk-products', 'en:desserts', 'en:dairy-desserts', 'en:fermented-dairy-desserts', 'en:yogurts', 'en:quarks']",4,[],"['en:e160a', 'en:e270', 'en:e950', 'en:e951']",55.3,0.2,0.133,3.13,0.0,10.0,0.065
Whole Milk Natural Yoghurt,4056489148975,"['en:dairies', 'en:fermented-foods', 'en:fermented-milk-products', 'en:desserts', 'en:dairy-desserts', 'en:fermented-dairy-desserts', 'en:yogurts']",0,[],[],79.0,3.3,2.2,5.5,0.5,5.2,0.000325
Ferme vanille,6111246951002,"['en:dairies', 'en:fermented-foods', 'en:fermented-milk-products', 'en:desserts', 'en:dairy-desserts', 'en:fermented-dairy-desserts', 'en:yogurts']",0,[],[],105.0,2.5,2.0,14.5,6.0,4.0,0.1
Yaourt au lait de chèvre,6111126002015,"['en:dairies', 'en:fermented-foods', 'en:fermented-milk-products', 'en:desserts', 'en:dairy-desserts', 'en:fermented-dairy-desserts', 'en:yogurts', 'en:goat-milk-yogurts']",0,[],[],108.0,3.0,0.0,12.0,,4.0,0.0
Raïbi,6111265800183,"['en:beverages-and-beverages-preparations', 'en:plant-based-foods-and-beverages', 'en:beverages', 'en:dairies', 'en:fermented-foods', 'en:fermented-milk-products', 'en:desserts', 'en:dairy-desserts', 'en:plant-based-beverages', 'en:dairy-drinks', 'en:fermented-dairy-desserts', 'en:fermented-drinks', 'en:juices-and-nectars', 'en:fermented-milk-drinks', 'en:yogurts', 'en:yogurt-drinks']",0,[],[],72.0,1.1,0.7,9.2,0.0,2.3,0.0
budino chocolate & caramel desert,4056489920045,"['en:dairies', 'en:fermented-foods', 'en:fermented-milk-products', 'en:desserts', 'en:dairy-desserts', 'en:fermented-dairy-desserts', 'en:entremets-mousses-and-creamy-puddings', 'en:yogurts', 'en:creamy-puddings']",6,[],"['en:e14xx', 'en:e150d', 'en:e160a', 'en:e339', 'en:e407', 'en:e955']",81.0,1.6,1.0,4.9,0.4,10.0,0.295
Activia bien-être  digestif,3033491993138,"['en:beverages-and-beverages-preparations', 'en:beverages', 'en:dairies', 'en:fermented-foods', 'en:fermented-milk-products', 'en:desserts', 'en:dairy-desserts', 'en:frozen-foods', 'en:dairy-drinks', 'en:fermented-dairy-desserts', 'en:fermented-drinks', 'en:yogurts', 'en:fermented-milk-drinks', 'en:kefir']",0,[],[],59.0,3.3,2.1,4.1,,3.3,0.13
Kefir,8034066307003,"['en:beverages-and-beverages-preparations', 'en:beverages', 'en:dairies', 'en:fermented-foods', 'en:fermented-milk-products', 'en:desserts', 'en:dairy-desserts', 'en:dairy-drinks', 'en:fermented-dairy-desserts', 'en:fermented-drinks', 'en:fermented-milk-drinks', 'en:yogurts', 'en:kefir']",0,[],[],46.0,1.5,0.9,4.0,0.0,4.0,0.0001
Hipro Saveur Coco,3033491728167,"['en:dairies', 'en:fermented-foods', 'en:fermented-milk-products', 'en:desserts', 'en:dairy-desserts', 'en:fermented-dairy-desserts', 'en:yogurts']",6,[],"['en:e14xx', 'en:e270', 'en:e331', 'en:e440', 'en:e950', 'en:e955']",59.7,0.5,0.3,5.1,,8.33,0.167
Greek Style Natural Yogurt,5035251001310,"['en:dairies', 'en:fermented-foods', 'en:fermented-milk-products', 'en:desserts', 'en:dairy-desserts', 'en:fermented-dairy-desserts', 'en:yogurts', 'en:plain-fermented-dairy-desserts', 'en:plain-yogurts', 'en:greek-style-yogurts', 'en:plain-greek-style-yogurts']",0,[],[],120.0,10.0,5.15,3.4,0.5,4.13,0.15
Yakult original,8713108000835,"['en:beverages-and-beverages-preparations', 'en:beverages', 'en:dairies', 'en:fermented-foods', 'en:fermented-milk-products', 'en:desserts', 'en:dairy-desserts', 'en:dairy-drinks', 'en:fermented-dairy-desserts', 'en:fermented-drinks', 'en:fermented-milk-drinks', 'en:yogurts', 'en:yogurt-drinks', 'en:plain-fermented-skimmed-milk-drink']",0,[],[],66.0,0.0,0.0,13.6,0.0,1.3,0.04
Yaourt Coco,6111250471299,"['en:dairies', 'en:fermented-foods', 'en:fermented-milk-products', 'en:desserts', 'en:dairy-desserts', 'en:fermented-dairy-desserts', 'en:yogurts']",0,[],[],100.0,3.0,0.0,0.0,,3.8,0.0
Yaourt,6111032007685,"['en:beverages-and-beverages-preparations', 'en:beverages', 'en:dairies', 'en:fermented-foods', 'en:fermented-milk-products', 'en:desserts', 'en:meats-and-their-products', 'en:dairy-desserts', 'en:meat-preparations', 'en:meats', 'en:skewers', 'en:chicken-and-its-products', 'en:dairy-drinks', 'en:fermented-dairy-desserts', 'en:meat-skewers', 'en:poultries', 'en:chicken-preparations', 'en:fermented-drinks', 'en:poultry-skewers', 'en:yogurts', 'en:chicken-skewers', 'en:fermented-milk-drinks', 'en:yakitori-chicken-skewers', 'en:drinkable-yogurts', 'en:fermented-milk-drinks-with-sugar', 'en:frozen-yakitori-chicken-skewers']",0,[],[],95.0,3.0,2.0,9.0,0.0,2.3,0.0
Lidl High Protein Greek Yog,4056489851752,"['en:dairies', 'en:fermented-foods', 'en:fermented-milk-products', 'en:desserts', 'en:dairy-desserts', 'en:fermented-dairy-desserts', 'en:yogurts', 'en:greek-style-yogurts']",0,[],[],65.0,0.2,0.1,4.1,0.5,11.0,0.0488
Danone le nature 125 g x 16,3033490004545,"['en:dairies', 'en:fermented-foods', 'en:fermented-milk-products', 'en:desserts', 'en:dairy-desserts', 'en:fermented-dairy-desserts', 'en:yogurts', 'en:plain-fermented-dairy-desserts', 'en:plain-yogurts']",0,[],[],46.0,1.0,0.6,5.3,0.0,4.0,0.15
Lindahls pro+ stracciatella,3023290070628,"['en:dairies', 'en:fermented-foods', 'en:fermented-milk-products', 'en:desserts', 'en:dairy-desserts', 'en:fermented-dairy-desserts', 'en:fromages-blancs-petit-suisses-and-skyr', 'en:yogurts', 'en:chocolate-desserts', 'fr:fromages-blancs']",6,[],"['en:e14xx', 'en:e202', 'en:e333', 'en:e440', 'en:e950', 'en:e951']",63.1,0.625,0.375,3.75,0.0625,10.1,0.119
0 % finesse Poire,6111126001896,"['en:dairies', 'en:fermented-foods', 'en:fermented-milk-products', 'en:desserts', 'en:dairy-desserts', 'en:fermented-dairy-desserts', 'en:yogurts']",0,[],[],60.0,0.2,0.0,6.0,,4.6,0.0
Danone velouté nature,3033490004583,"['en:dairies', 'en:fermented-foods', 'en:fermented-milk-products', 'en:desserts', 'en:dairy-desserts', 'en:fermented-dairy-desserts', 'en:yogurts', 'en:plain-fermented-dairy-desserts', 'en:refrigerated-foods', 'en:plain-yogurts', 'en:stirred-yogurts', 'en:plain-stirred-yogurts']",0,[],[],70.0,3.5,2.4,5.7,,4.3,0.15
Yaourt Nature sucré,3329770052031,"['en:dairies', 'en:fermented-foods', 'en:fermented-milk-products', 'en:desserts', 'en:dairy-desserts', 'en:fermented-dairy-desserts', 'en:yogurts', 'en:plain-fermented-dairy-desserts', 'en:plain-yogurts', 'en:sweetened-yogurts', 'en:plain-yogurt-with-sugar', 'en:whole-milk-yogurts']",0,[],[],88.0,3.2,2.1,10.8,0.1,3.0,0.12
"Yaourt au lait de brebis, nature",4056489199557,"['en:dairies', 'en:fermented-foods', 'en:fermented-milk-products', 'en:desserts', 'en:dairy-desserts', 'en:fermented-dairy-desserts', 'en:yogurts', 'en:plain-fermented-dairy-desserts', 'en:plain-yogurts', 'en:sheep-milk-yogurts', 'en:plain-sheep-milk-yogurts']",0,[],[],67.0,3.0,1.8,4.7,,5.2,0.13
Yaourt à la grecque nature,3564700137826,"['en:dairies', 'en:fermented-foods', 'en:fermented-milk-products', 'en:desserts', 'en:dairy-desserts', 'en:fermented-dairy-desserts', 'en:yogurts', 'en:plain-fermented-dairy-desserts', 'en:plain-yogurts', 'en:stirred-yogurts', 'en:greek-style-yogurts', 'en:greek-style-yogurts-plain', 'en:plain-stirred-yogurts']",0,[],[],107.0,8.9,5.8,3.3,0.0,3.3,0.1
Emprésuré Caramel,3278693504083,"['en:dairies', 'en:fermented-foods', 'en:fermented-milk-products', 'en:desserts', 'en:dairy-desserts', 'en:fermented-dairy-desserts', 'en:yogurts', 'en:flavoured-fermented-dairy-desserts', 'en:junkets', 'en:caramel-junkets', 'en:flavoured-yogurts']",0,[],[],100.0,0.9,0.6,18.0,0.0,4.9,0.18
Creme Joghurt mild Pfirsich maracuja,4056489110149,"['en:dairies', 'en:fermented-foods', 'en:fermented-milk-products', 'en:desserts', 'en:dairy-desserts', 'en:fermented-dairy-desserts', 'en:fermented-dairy-desserts-with-fruits', 'en:yogurts', 'en:fruit-yogurts', 'en:fermentierte-lebensmittel', 'en:fermentierte-milch', 'en:fruchtjoghurt', 'en:joghurt', 'en:milchnachspeisen', 'en:milchprodukte']",5,[],"['en:e14xx', 'en:e330', 'en:e333', 'en:e412', 'en:e440']",108.0,4.0,2.6,13.0,,3.0,0.13
Yaos,3023290077719,"['en:dairies', 'en:fermented-foods', 'en:fermented-milk-products', 'en:desserts', 'en:dairy-desserts', 'en:fermented-dairy-desserts', 'en:yogurts', 'en:plain-fermented-dairy-desserts', 'en:plain-yogurts', 'en:greek-style-yogurts']",0,[],[],101.0,7.9,5.3,3.5,0.0,3.1,0.1175
Skyr à boire fruits exotiques,3033491974199,"['en:dairies', 'en:fermented-foods', 'en:fermented-milk-products', 'en:desserts', 'en:dairy-desserts', 'en:fermented-dairy-desserts', 'en:yogurts']",1,[],['en:e440'],61.0,0.2,0.2,8.6,,6.0,0.17
Danone veloute nature 125 g x 8,3033490004590,"['en:dairies', 'en:fermented-foods', 'en:fermented-milk-products', 'en:desserts', 'en:dairy-desserts', 'en:fermented-dairy-desserts', 'en:yogurts', 'en:plain-fermented-dairy-desserts', 'en:plain-yogurts', 'en:stirred-yogurts', 'en:plain-stirred-yogurts']",0,[],[],72.0,3.5,2.4,5.7,,4.3,0.16
Finess,6111126004088,"['en:dairies', 'en:fermented-foods', 'en:fermented-milk-products', 'en:desserts', 'en:dairy-desserts', 'en:fermented-dairy-desserts', 'en:yogurts']",1,[],['en:e211'],60.0,0.2,0.2,10.1,,4.6,0.0
Greek style,5036589201557,"['en:dairies', 'en:fermented-foods', 'en:fermented-milk-products', 'en:desserts', 'en:dairy-desserts', 'en:fermented-dairy-desserts', 'en:yogurts', 'en:cow-milk-yogurts', 'en:greek-style-yogurts', 'en:honey-yogurts']",0,[],[],134.0,6.6,4.4,13.4,,3.8,0.1
Greek Style Natural yogurt,5036589255697,"['en:dairies', 'en:fermented-foods', 'en:fermented-milk-products', 'en:desserts', 'en:dairy-desserts', 'en:fermented-dairy-desserts', 'en:yogurts', 'en:plain-fermented-dairy-desserts', 'en:plain-yogurts', 'en:greek-style-yogurts']",0,[],[],115.0,8.3,5.5,4.9,,4.5,0.0975
Panier de Yoplait Abricot Nectarine,3329770086104,"['en:dairies', 'en:fermented-foods', 'en:fermented-milk-products', 'en:desserts', 'en:dairy-desserts', 'en:fermented-dairy-desserts', 'en:fermented-dairy-desserts-with-fruits', 'en:yogurts', 'en:fruit-yogurts', 'en:apricot-yogurts']",1,[],['en:e440'],90.0,2.3,1.5,12.5,,3.3,0.13
Yaourt à la vanille bio,3278699005027,"['en:dairies', 'en:fermented-foods', 'en:fermented-milk-products', 'en:desserts', 'en:dairy-desserts', 'en:fermented-dairy-desserts', 'en:yogurts', 'en:flavoured-fermented-dairy-desserts', 'en:sweetened-yogurts', 'en:vanilla-yogurt', 'en:flavoured-yogurts']",0,[],[],89.0,3.2,2.2,11.0,0.0,3.1,0.1
0% Fat Greek Yogurt,5052910123336,"['en:dairies', 'en:fermented-foods', 'en:fermented-milk-products', 'en:desserts', 'en:dairy-desserts', 'en:fermented-dairy-desserts', 'en:yogurts', 'en:greek-style-yogurts', 'en:0-greek-yogurt', 'en:0-greek-yoghurt', 'en:0-greek-yogurt']",0,[],[],65.0,0.2,0.1,4.6,0.0,9.8,0.2
grec boire,6111242109421,"['en:beverages-and-beverages-preparations', 'en:beverages', 'en:dairies', 'en:fermented-foods', 'en:fermented-milk-products', 'en:desserts', 'en:dairy-desserts', 'en:dairy-drinks', 'en:fermented-dairy-desserts', 'en:fermented-drinks', 'en:fermented-milk-drinks', 'en:yogurts', 'en:greek-style-yogurts', 'fr:yaourt-grec-a-boi']",0,[],[],96.7,3.5,2.5,8.0,,2.1,0.0
Sojasun citron,3273220083000,"['en:plant-based-foods-and-beverages', 'en:dairies', 'en:fermented-foods', 'en:fermented-milk-products', 'en:dairy-substitutes', 'en:desserts', 'en:dairy-desserts', 'en:non-dairy-desserts', 'en:non-dairy-fermented-foods', 'en:fermented-dairy-desserts', 'en:non-dairy-yogurts', 'en:fermented-dairy-desserts-with-fruits', 'en:soy-milk-yogurts', 'en:yogurts', 'en:fruit-soy-yogurts', 'en:fruit-yogurts', 'en:soy-desserts', 'en:lemon-soy-yogurts']",1,[],['en:e440'],77.0,2.0,0.3,10.0,0.3,3.7,0.2
Natural Yogurt,5057545755716,"['en:dairies', 'en:fermented-foods', 'en:fermented-milk-products', 'en:desserts', 'en:dairy-desserts', 'en:fermented-dairy-desserts', 'en:yogurts']",0,[],[],83.0,3.8,2.6,5.9,,5.2,0.057
frubes,3329770062467,"['en:beverages-and-beverages-preparations', 'en:beverages', 'en:dairies', 'en:fermented-foods', 'en:fermented-milk-products', 'en:desserts', 'en:dairy-desserts', 'en:dairy-drinks', 'en:fermented-dairy-desserts', 'en:fermented-drinks', 'en:fermented-dairy-desserts-with-fruits', 'en:fermented-milk-drinks', 'en:yogurts', 'en:fruit-yogurts', 'en:yogurt-drinks']",3,[],"['en:e202', 'en:e330', 'en:e412']",91.0,2.7,1.8,10.8,,3.7,0.15
Yeo Valley organic natural yoghurt,5036589255635,"['en:dairies', 'en:fermented-foods', 'en:fermented-milk-products', 'en:desserts', 'en:dairy-desserts', 'en:fermented-dairy-desserts', 'en:yogurts', 'en:plain-fermented-dairy-desserts', 'en:plain-yogurts']",0,[],[],72.0,3.8,2.5,4.9,,4.2,0.12
Danone veloute fruix panache 125 g x 16,3033491579738,"['en:dairies', 'en:fermented-foods', 'en:fermented-milk-products', 'en:desserts', 'en:dairy-desserts', 'en:fermented-dairy-desserts', 'en:fermented-dairy-desserts-with-fruits', 'en:yogurts', 'en:fruit-yogurts', 'en:stirred-yogurts', 'en:fruit-stirred-yogurts']",4,[],"['en:e1422', 'en:e14xx', 'en:e330', 'en:e331']",94.0,2.9,2.0,13.0,,3.4,0.13
Yaourt Nature,6191507249383,"['en:dairies', 'en:fermented-foods', 'en:fermented-milk-products', 'en:desserts', 'en:dairy-desserts', 'en:fermented-dairy-desserts', 'en:yogurts', 'en:plain-fermented-dairy-desserts', 'en:plain-yogurts', 'en:cow-milk-yogurts']",0,[],[],60.0,2.7,1.8,5.5,,3.6,0.12
Greek Yoghurt,5057967395651,"['en:dairies', 'en:fermented-foods', 'en:fermented-milk-products', 'en:desserts', 'en:dairy-desserts', 'en:fermented-dairy-desserts', 'en:yogurts', 'en:greek-style-yogurts']",0,[],[],60.0,0.4,0.1,6.6,0.4,6.2,0.138
Danone ALPRO® Joghurt Soja Natur 400g,5411188137979,"['en:plant-based-foods-and-beverages', 'en:dairies', 'en:fermented-foods', 'en:fermented-milk-products', 'en:dairy-substitutes', 'en:desserts', 'en:vegan-products', 'en:dairy-desserts', 'en:non-dairy-desserts', 'en:non-dairy-fermented-foods', 'en:fermented-dairy-desserts', 'en:non-dairy-yogurts', 'en:soy-milk-yogurts', 'en:yogurts', 'en:plain-soy-yogurts']",5,[],"['en:e304', 'en:e306', 'en:e330', 'en:e331', 'en:e440']",51.0,2.3,0.4,2.2,0.9,4.0,0.24
Ghilal khokh mchmach,6111242105294,"['en:dairies', 'en:fermented-foods', 'en:fermented-milk-products', 'en:desserts', 'en:dairy-desserts', 'en:fermented-dairy-desserts', 'en:fermented-dairy-desserts-with-fruits', 'en:yogurts']",0,[],[],69.4,0.7,0.5,9.3,,1.5,0.0
Yaourt grec jaouda,6111242109414,"['en:dairies', 'en:fermented-foods', 'en:fermented-milk-products', 'en:desserts', 'en:dairy-desserts', 'en:fermented-dairy-desserts', 'en:yogurts', 'en:greek-style-yogurts']",0,[],[],96.0,6.0,2.5,8.0,0.0,2.1,0.0
Albane,6111265800046,"['en:dairies', 'en:fermented-foods', 'en:fermented-milk-products', 'en:desserts', 'en:dairy-desserts', 'en:fermented-dairy-desserts', 'en:yogurts', 'fr:bon']",0,[],[],81.0,3.3,2.1,0.0,0.0,4.2,0.0
Yaos Le Yaourt à la Grecque Stracciatella 4x125g,3023290014080,"['en:dairies', 'en:fermented-foods', 'en:fermented-milk-products', 'en:desserts', 'en:dairy-desserts', 'en:fermented-dairy-desserts', 'en:yogurts', 'en:chocolate-chunks-yogurts', 'en:greek-style-yogurts']",1,[],['en:e440'],148.0,8.2,5.4,14.6,,2.6,0.1
Onken Cherry,7610900037346,"['en:dairies', 'en:fermented-foods', 'en:fermented-milk-products', 'en:desserts', 'en:dairy-desserts', 'en:fermented-dairy-desserts', 'en:yogurts']",2,[],"['en:e412', 'en:e440']",107.0,2.7,1.7,14.8,,4.1,0.2
tartiner Greek style kiri,3073781141429,"['en:dairies', 'en:fermented-foods', 'en:fermented-milk-products', 'en:cheeses', 'en:desserts', 'en:spreads', 'en:dairy-desserts', 'en:salted-spreads', 'en:fermented-dairy-desserts', 'en:yogurts', 'en:cheese-spreads', 'en:cottage-cheeses', 'en:greek-style-yogurts', 'fr:a']",3,[],"['en:e330', 'en:e440', 'en:e452']",0.0,0.0,0.0,0.0,,0.0,0.0
Yoghurt With Walnut & Oats,5060360507309,"['en:dairies', 'en:fermented-foods', 'en:fermented-milk-products', 'en:desserts', 'en:dairy-desserts', 'en:fermented-dairy-desserts', 'en:yogurts']",2,[],"['en:e150', 'en:e440']",111.0,3.83,2.0,13.0,2.0,3.83,0.13
Jnane,6111126001698,"['en:dairies', 'en:fermented-foods', 'en:fermented-milk-products', 'en:desserts', 'en:dairy-desserts', 'en:fermented-dairy-desserts', 'en:yogurts']",0,[],[],102.0,3.2,0.01,13.8,,3.8,0.4
Fruits strawberry,5201054057339,"['en:dairies', 'en:fermented-foods', 'en:fermented-milk-products', 'en:desserts', 'en:dairy-desserts', 'en:fermented-dairy-desserts', 'en:fermented-dairy-desserts-with-fruits', 'en:yogurts', 'en:fruit-yogurts', 'en:strawberry-yogurts']",0,[],[],106.0,4.0,2.9,9.2,,7.3,0.09
jibal nature,6111246951880,"['en:dairies', 'en:fermented-foods', 'en:fermented-milk-products', 'en:desserts', 'en:dairy-desserts', 'en:fermented-dairy-desserts', 'en:yogurts', 'en:plain-fermented-dairy-desserts', 'en:plain-yogurts']",0,[],[],61.8,2.73,1.82,4.0,,3.36,0.338
Yaourt brassé et probiotiques nature,3329770087767,"['en:dairies', 'en:fermented-foods', 'en:fermented-milk-products', 'en:desserts', 'en:dairy-desserts', 'en:frozen-foods', 'en:fermented-dairy-desserts', 'en:yogurts']",0,[],[],65.0,3.2,2.2,4.1,,4.0,0.15
,3329770047891,"['en:beverages-and-beverages-preparations', 'en:beverages', 'en:dairies', 'en:fermented-foods', 'en:fermented-milk-products', 'en:desserts', 'en:dairy-desserts', 'en:dairy-drinks', 'en:fermented-dairy-desserts', 'en:fermented-drinks', 'en:fermented-milk-drinks', 'en:yogurts', 'en:yogurt-drinks', 'en:flavoured-fermented-dairy-desserts', 'en:flavoured-yogurt-drinks', 'en:flavoured-drinkable-yogurts-with-sugar', 'en:flavoured-yogurts', 'en:fruit-flavoured-yogurt-drinks', 'en:strawberry-yogurt-drinks', 'en:sweetened-beverages']",0,[],[],65.0,0.8,0.5,10.4,0.1,3.0,0.12
Hop parfum framboise,3329778164026,"['en:beverages-and-beverages-preparations', 'en:beverages', 'en:dairies', 'en:fermented-foods', 'en:fermented-milk-products', 'en:desserts', 'en:dairy-desserts', 'en:dairy-drinks', 'en:fermented-dairy-desserts', 'en:fermented-drinks', 'en:fermented-milk-drinks', 'en:yogurts', 'en:yogurt-drinks']",0,[],[],66.0,0.8,0.5,10.5,0.1,3.0,0.12
Yop parfum vanille,3329778164064,"['en:beverages-and-beverages-preparations', 'en:beverages', 'en:dairies', 'en:fermented-foods', 'en:fermented-milk-products', 'en:desserts', 'en:dairy-desserts', 'en:dairy-drinks', 'en:fermented-dairy-desserts', 'en:fermented-drinks', 'en:fresh-foods', 'en:fermented-milk-drinks', 'en:yogurts', 'en:yogurt-drinks', 'en:flavoured-fermented-dairy-desserts', 'en:flavoured-yogurt-drinks', 'en:flavoured-drinkable-yogurts-with-sugar', 'en:sweetened-beverages', 'en:vanilla-yogurt-drinks']",0,[],[],66.0,0.8,0.5,10.4,,3.0,0.12
LES 2 VACHES YAOURTS BRASSES NATURE 115 G X 4,3661344961326,"['en:dairies', 'en:fermented-foods', 'en:fermented-milk-products', 'en:desserts', 'en:dairy-desserts', 'en:fermented-dairy-desserts', 'en:yogurts', 'en:plain-fermented-dairy-desserts', 'en:plain-yogurts', 'en:stirred-yogurts', 'en:cow-milk-yogurts', 'en:plain-stirred-yogurts']",0,[],[],69.0,3.5,2.4,5.2,,4.1,0.15
Creamy Greek Natural Yogurt,4056489383529,"['en:dairies', 'en:fermented-foods', 'en:fermented-milk-products', 'en:desserts', 'en:dairy-desserts', 'en:fermented-dairy-desserts', 'en:yogurts', 'en:greek-style-yogurts']",0,[],[],124.0,9.3,6.4,4.8,,4.5,0.11
Brassé citron au lait entier,13297703,"['en:dairies', 'en:fermented-foods', 'en:fermented-milk-products', 'en:desserts', 'en:dairy-desserts', 'en:fermented-dairy-desserts', 'en:fermented-dairy-desserts-with-fruits', 'en:yogurts', 'en:fruit-yogurts', 'en:stirred-yogurts', 'en:lemon-yogurts', 'en:yogurt-with-fruits-and-sugar', 'fr:yaourts-brasses-au-citron']",1,[],['en:e14xx'],92.0,2.7,1.8,10.8,,3.3,0.13
YOP Parfum Vanille,3329770063297,"['en:beverages-and-beverages-preparations', 'en:beverages', 'en:dairies', 'en:fermented-foods', 'en:fermented-milk-products', 'en:desserts', 'en:dairy-desserts', 'en:dairy-drinks', 'en:fermented-dairy-desserts', 'en:fermented-drinks', 'en:fermented-milk-drinks', 'en:yogurts', 'en:yogurt-drinks', 'en:flavoured-yogurt-drinks', 'en:flavoured-drinkable-yogurts-with-sugar', 'en:vanilla-yogurt-drinks']",0,[],[],66.0,0.8,0.5,10.5,,3.0,0.12
Actimel 100 g x 12 original,3033491213205,"['en:beverages-and-beverages-preparations', 'en:beverages', 'en:dairies', 'en:fermented-foods', 'en:fermented-milk-products', 'en:desserts', 'en:dairy-desserts', 'en:dairy-drinks', 'en:fermented-dairy-desserts', 'en:fermented-drinks', 'en:fermented-milk-drinks', 'en:yogurts', 'en:yogurt-drinks', 'en:fermented-milk-drinks-with-sugar', 'en:milk-drinks-fermented-with-l-casei', 'en:sweetened-fermented-milk-drinks-with-l-casei']",0,[],[],72.0,1.5,1.0,10.8,,3.0,0.1
Yogur natural con azucar de caña,8480000205841,"['en:dairies', 'en:fermented-foods', 'en:fermented-milk-products', 'en:desserts', 'en:dairy-desserts', 'en:fermented-dairy-desserts', 'en:yogurts', 'en:plain-fermented-dairy-desserts', 'en:plain-yogurts']",0,[],[],94.0,3.8,2.7,11.6,0.0,2.7,0.1
Скир натурален,4019300170005,"['en:dairies', 'en:fermented-foods', 'en:fermented-milk-products', 'en:desserts', 'en:dairy-desserts', 'en:fermented-dairy-desserts', 'en:yogurts', 'en:skyrs']",0,[],[],64.0,0.2,0.1,4.0,0.0,11.0,0.08
Finesse cereale,6111126004071,"['en:dairies', 'en:fermented-foods', 'en:fermented-milk-products', 'en:desserts', 'en:dairy-desserts', 'en:fermented-dairy-desserts', 'en:yogurts']",0,[],[],61.0,0.3,0.0,0.0,,4.7,0.0
Greek style natural yoghurt,4088600284958,"['en:dairies', 'en:fermented-foods', 'en:fermented-milk-products', 'en:desserts', 'en:dairy-desserts', 'en:fermented-dairy-desserts', 'en:yogurts', 'en:cow-milk-yogurts', 'en:greek-style-yogurts']",0,[],[],120.0,10.0,6.4,3.4,0.0,3.1,0.09
Protein Raspberry Yogurt,6413300018035,"['en:dairies', 'en:fermented-foods', 'en:fermented-milk-products', 'en:desserts', 'en:dairy-desserts', 'en:fermented-dairy-desserts', 'en:yogurts', 'en:protein-yogurt']",1,[],['en:e960a'],71.0,0.2,0.1,6.0,,10.0,0.107
Strawberry Yogurt,8718166007628,"['en:dairies', 'en:fermented-foods', 'en:fermented-milk-products', 'en:desserts', 'en:dairy-desserts', 'en:fermented-dairy-desserts', 'en:fermented-dairy-desserts-with-fruits', 'en:yogurts', 'en:fruit-yogurts', 'en:protein-yoghurt-with-sweetener']",1,[],['en:e960'],71.0,0.6,0.4,5.3,,10.0,0.1275
Yogur Griego Azúcar de Caña,8402001012068,"['en:dairies', 'en:fermented-foods', 'en:fermented-milk-products', 'en:desserts', 'en:dairy-desserts', 'en:fermented-dairy-desserts', 'en:yogurts', 'en:greek-style-yogurts']",0,[],[],150.0,10.0,7.0,11.3,,3.7,0.0003
Soif,6111242102590,"['en:beverages-and-beverages-preparations', 'en:beverages', 'en:dairies', 'en:fermented-foods', 'en:fermented-milk-products', 'en:desserts', 'en:dairy-desserts', 'en:dairy-drinks', 'en:fermented-dairy-desserts', 'en:fermented-drinks', 'en:fermented-milk-drinks', 'en:yogurts', 'en:yogurt-drinks', 'en:sweetened-beverages', 'fr:lait-a-boire']",0,[],[],76.0,1.4,0.0,0.0,0.0,2.3,0.0
Le nature brebis nature,3273220540015,"['en:dairies', 'en:fermented-foods', 'en:fermented-milk-products', 'en:desserts', 'en:dairy-desserts', 'en:fermented-dairy-desserts', 'en:yogurts', 'en:plain-fermented-dairy-desserts', 'en:refrigerated-foods', 'en:plain-yogurts', 'en:sheep-milk-yogurts', 'en:plain-sheep-milk-yogurts']",0,[],[],78.0,4.9,3.9,4.0,,4.5,0.1
"Danone fromage blanc 3,2% de mg nature 100 g x 8",3033491273827,"['en:dairies', 'en:fermented-foods', 'en:fermented-milk-products', 'en:desserts', 'en:dairy-desserts', 'en:fermented-dairy-desserts', 'en:yogurts', 'fr:fromages-blancs', 'en:plain-fresh-cream-cheese-around-3-fat']",0,[],[],75.0,3.2,2.2,3.9,,7.7,0.09
YAOURT Nature,20620400,"['en:dairies', 'en:fermented-foods', 'en:fermented-milk-products', 'en:desserts', 'en:dairy-desserts', 'en:fermented-dairy-desserts', 'en:yogurts', 'en:plain-fermented-dairy-desserts', 'en:plain-yogurts']",0,[],[],44.0,1.0,0.6,4.8,0.0,4.0,0.14
Yogur al estilo griego Stracciatella,8480000205711,"['en:dairies', 'en:fermented-foods', 'en:fermented-milk-products', 'en:desserts', 'en:dairy-desserts', 'en:fermented-dairy-desserts', 'en:yogurts', 'en:chocolate-chunks-yogurts', 'en:greek-style-yogurts']",3,[],"['en:e202', 'en:e415', 'en:e440']",159.0,9.3,6.4,15.0,,3.4,0.125
Hipro 25g protéines Chocolat,3033491602030,"['en:beverages-and-beverages-preparations', 'en:beverages', 'en:dairies', 'en:fermented-foods', 'en:fermented-milk-products', 'en:desserts', 'en:dairy-desserts', 'en:dairy-drinks', 'en:fermented-dairy-desserts', 'en:fermented-drinks', 'en:fermented-milk-drinks', 'en:flavoured-milks', 'en:yogurts', 'en:chocolate-milks', 'en:dietary-supplements', 'en:yogurt-drinks', 'en:bodybuilding-supplements', 'en:flavoured-yogurt-drinks', 'en:protein-shakes']",5,[],"['en:e339', 'en:e418', 'en:e452', 'en:e466', 'en:e955']",54.0,0.2,0.1,4.8,1.65,7.6,0.2
Joghurt mild cremig gerührt,20917906,"['en:dairies', 'en:fermented-foods', 'en:fermented-milk-products', 'en:desserts', 'en:dairy-desserts', 'en:fermented-dairy-desserts', 'en:yogurts', 'en:cow-milk-yogurts']",0,[],[],70.0,3.5,2.5,5.2,,4.5,0.12
,8480000213273,"['en:dairies', 'en:fermented-foods', 'en:fermented-milk-products', 'en:desserts', 'en:dairy-desserts', 'en:fermented-dairy-desserts', 'en:yogurts', 'en:bifidus-yogurts', 'en:cow-milk-yogurts']",0,[],[],95.0,2.9,1.8,11.8,1.1,3.7,0.12
Hipro saveur coco,0034361690334,"['en:dairies', 'en:fermented-foods', 'en:fermented-milk-products', 'en:desserts', 'en:dairy-desserts', 'en:fermented-dairy-desserts', 'en:yogurts', 'fr:specialites-laitieres']",2,[],"['en:e950', 'en:e955']",238.0,0.4,0.4,3.1,,9.4,0.0
Tesco Greek Style Yoghurt 4 X,5054268267717,"['en:dairies', 'en:fermented-foods', 'en:fermented-milk-products', 'en:desserts', 'en:dairy-desserts', 'en:fermented-dairy-desserts', 'en:yogurts', 'en:greek-style-yogurts']",0,[],[],99.0,7.5,5.1,4.2,,3.7,0.1
Gut Health Light and Creamy,5060426812828,"['en:plant-based-foods-and-beverages', 'en:dairies', 'en:fermented-foods', 'en:fermented-milk-products', 'en:dairy-substitutes', 'en:desserts', 'en:dairy-desserts', 'en:non-dairy-desserts', 'en:non-dairy-fermented-foods', 'en:fermented-dairy-desserts', 'en:non-dairy-yogurts', 'en:yogurts', 'en:coconutmilk-yogurts']",2,[],"['en:e412', 'en:e440']",78.0,5.8,5.3,1.2,0.1,0.7,0.0
Actimel Strawberry,5060058330868,"['en:beverages-and-beverages-preparations', 'en:beverages', 'en:dairies', 'en:fermented-foods', 'en:fermented-milk-products', 'en:desserts', 'en:dairy-desserts', 'en:dairy-drinks', 'en:fermented-dairy-desserts', 'en:fermented-drinks', 'en:fermented-milk-drinks', 'en:yogurts', 'en:yogurt-drinks']",2,[],"['en:e330', 'en:e331']",72.0,1.4,1.0,11.0,1.0,2.8,0.0975
Mixy aux céréales,6111242102842,"['en:dairies', 'en:fermented-foods', 'en:fermented-milk-products', 'en:desserts', 'en:dairy-desserts', 'en:fermented-dairy-desserts', 'en:yogurts', 'en:yogurts-with-cereals']",1,[],['en:e330'],76.3,1.3,1.2,9.2,,2.3,0.0
Chergui maxi brassé,6111126005474,"['en:dairies', 'en:fermented-foods', 'en:fermented-milk-products', 'en:desserts', 'en:dairy-desserts', 'en:fermented-dairy-desserts', 'en:fermented-dairy-desserts-with-fruits', 'en:yogurts', 'en:fruit-yogurts', 'en:cow-milk-yogurts']",0,[],[],107.0,2.8,1.6,16.0,,3.5,0.12
Mixy fraise,6111242102866,"['en:beverages-and-beverages-preparations', 'en:beverages', 'en:dairies', 'en:fermented-foods', 'en:fermented-milk-products', 'en:desserts', 'en:dairy-desserts', 'en:dairy-drinks', 'en:fermented-dairy-desserts', 'en:fermented-drinks', 'en:fermented-dairy-desserts-with-fruits', 'en:fermented-milk-drinks', 'en:yogurts', 'en:fruit-yogurts', 'en:yogurt-drinks', 'en:greek-style-yogurts']",1,[],['en:e330'],76.3,1.3,1.2,9.2,,2.3,0.0
Yaos yaourt à la grecque vanille,3023290028650,"['en:dairies', 'en:fermented-foods', 'en:fermented-milk-products', 'en:desserts', 'en:dairy-desserts', 'en:fermented-dairy-desserts', 'en:yogurts', 'en:vanilla-yogurt', 'en:greek-style-yogurts']",1,[],['en:e410'],132.0,6.9,4.6,13.5,,2.6,0.11
Morrisons authentic Greek yogurt,5010251907350,"['en:dairies', 'en:fermented-foods', 'en:fermented-milk-products', 'en:desserts', 'en:dairy-desserts', 'en:fermented-dairy-desserts', 'en:yogurts', 'en:greek-style-yogurts']",0,[],[],131.0,10.0,7.1,3.3,,6.0,0.1
Yaourt,3278692500802,"['en:dairies', 'en:fermented-foods', 'en:fermented-milk-products', 'en:desserts', 'en:dairy-desserts', 'en:frozen-foods', 'en:fermented-dairy-desserts', 'en:yogurts']",0,[],[],99.0,1.0,0.6,17.0,,5.4,0.2
Jnane saveur coco,6111126001674,"['en:dairies', 'en:fermented-foods', 'en:fermented-milk-products', 'en:desserts', 'en:dairy-desserts', 'en:fermented-dairy-desserts', 'en:yogurts']",0,[],[],102.0,3.2,0.01,13.6,,3.8,0.16
Perly max,6111242109476,"['en:dairies', 'en:fermented-foods', 'en:fermented-milk-products', 'en:desserts', 'en:dairy-desserts', 'en:fermented-dairy-desserts', 'en:yogurts', 'en:plain-fermented-dairy-desserts', 'en:plain-yogurts', 'en:sweetened-yogurts', 'en:plain-yogurt-with-sugar']",0,[],[],117.0,5.0,3.9,7.0,0.0,8.6,0.0
Fruity,6111242100152,"['en:dairies', 'en:fermented-foods', 'en:fermented-milk-products', 'en:desserts', 'en:dairy-desserts', 'en:fermented-dairy-desserts', 'en:fermented-dairy-desserts-with-fruits', 'en:yogurts', 'en:fruit-yogurts', 'en:fermented-dairy-desserts-with-fruits-sugar-and-cream']",1,[],['en:e330'],67.6,1.2,0.8,8.3,0.0,2.1,0.0
Yogur Proteínas con Mango y Maracuyá 0%,8480000211514,"['en:dairies', 'en:fermented-foods', 'en:fermented-milk-products', 'en:desserts', 'en:dairy-desserts', 'en:fermented-dairy-desserts', 'en:fermented-dairy-desserts-with-fruits', 'en:yogurts', 'en:fruit-yogurts']",5,[],"['en:e14xx', 'en:e160a', 'en:e160ai', 'en:e440', 'en:e950', 'en:e955']",56.0,0.2,0.04,5.3,,8.3,0.1
yogurt & oats crunchy clusters chocolate,5391115000821,"['en:dairies', 'en:fermented-foods', 'en:fermented-milk-products', 'en:desserts', 'en:dairy-desserts', 'en:fermented-dairy-desserts', 'en:yogurts', 'en:yogurts-with-cereals']",1,[],"['en:e322', 'en:e322i']",185.0,6.7,1.9,11.0,1.5,5.1,0.000175
Fruity Favourites Yoghurts,5036589255659,"['en:dairies', 'en:fermented-foods', 'en:fermented-milk-products', 'en:desserts', 'en:dairy-desserts', 'en:fermented-dairy-desserts', 'en:fermented-dairy-desserts-with-fruits', 'en:yogurts', 'en:fruit-yogurts']",0,[],[],103.0,4.2,2.5,11.1,,5.3,0.15
Hipro,0034361588136,"['en:dairies', 'en:fermented-foods', 'en:fermented-milk-products', 'en:desserts', 'en:dairy-desserts', 'en:fermented-dairy-desserts', 'en:yogurts']",4,[],"['en:e14xx', 'en:e330', 'en:e950', 'en:e955']",53.1,0.125,0.125,3.12,,9.38,0.141
Yaourt brassé crème de marrons 2 x 160 g,3279231182008,"['en:dairies', 'en:fermented-foods', 'en:fermented-milk-products', 'en:desserts', 'en:dairy-desserts', 'en:fermented-dairy-desserts', 'en:fermented-dairy-desserts-with-fruits', 'en:yogurts', 'en:fruit-yogurts', 'en:stirred-yogurts']",0,[],[],139.0,7.2,4.8,1.0,0.0,2.7,0.15
Greek style natural yogurt,5000169126974,"['en:dairies', 'en:fermented-foods', 'en:fermented-milk-products', 'en:desserts', 'en:dairy-desserts', 'en:fermented-dairy-desserts', 'en:yogurts', 'en:plain-fermented-dairy-desserts', 'en:plain-yogurts', 'en:cow-milk-yogurts', 'en:greek-style-yogurts']",0,[],[],99.0,7.3,4.9,4.4,,3.9,0.0875
Natural Yogurt,5057545877678,"['en:dairies', 'en:fermented-foods', 'en:fermented-milk-products', 'en:desserts', 'en:dairy-desserts', 'en:fermented-dairy-desserts', 'en:yogurts', 'en:cow-milk-yogurts']",0,[],[],57.0,1.6,1.1,5.3,0.5,4.9,0.0975
Mango prebiotic yoghurt,5060853640025,"['en:dairies', 'en:fermented-foods', 'en:fermented-milk-products', 'en:desserts', 'en:dairy-desserts', 'en:fermented-dairy-desserts', 'en:yogurts', 'en:cow-milk-yogurts', 'en:mango-pre-biotic-yoghurt']",0,[],[],82.0,3.0,2.4,8.0,2.0,5.0,0.026
Protein Mango Pouch Yogurt,8718166007635,"['en:dairies', 'en:fermented-foods', 'en:fermented-milk-products', 'en:desserts', 'en:dairy-desserts', 'en:fermented-dairy-desserts', 'en:yogurts']",0,[],[],70.0,0.6,0.3,5.1,,10.0,0.1275
Panier de yoplait aux morceaux de fruits,3329770086166,"['en:dairies', 'en:fermented-foods', 'en:fermented-milk-products', 'en:desserts', 'en:dairy-desserts', 'en:fermented-dairy-desserts', 'en:fermented-dairy-desserts-with-fruits', 'en:yogurts', 'en:fruit-yogurts']",1,[],['en:e440'],90.0,2.3,1.5,12.5,0.0,3.3,0.13
Vitam Banane,6111242882355,"['en:dairies', 'en:fermented-foods', 'en:fermented-milk-products', 'en:desserts', 'en:dairy-desserts', 'en:fermented-dairy-desserts', 'en:yogurts']",0,[],[],81.0,1.0,0.7,8.0,,3.0,0.125
Le yaourt citron lai,3023290101964,"['en:dairies', 'en:fermented-foods', 'en:fermented-milk-products', 'en:desserts', 'en:dairy-desserts', 'en:fermented-dairy-desserts', 'en:fermented-dairy-desserts-with-fruits', 'en:yogurts', 'en:fruit-yogurts', 'en:flavoured-fermented-dairy-desserts', 'en:flavoured-yogurts', 'en:lemon-yogurts', 'en:whole-milk-yogurts']",0,[],[],94.0,3.0,2.0,13.1,0.0,3.0,0.12
Yaourt à la vanille,20039639,"['en:dairies', 'en:fermented-foods', 'en:fermented-milk-products', 'en:desserts', 'en:dairy-desserts', 'en:fermented-dairy-desserts', 'en:fresh-foods', 'en:yogurts', 'en:flavoured-fermented-dairy-desserts', 'en:sweetened-yogurts', 'en:vanilla-yogurt', 'en:flavoured-yogurts', 'en:whole-milk-yogurts']",0,[],[],95.0,3.0,2.2,13.0,,3.0,0.09
Vanilla yogurt,7610900296682,"['en:dairies', 'en:fermented-foods', 'en:fermented-milk-products', 'en:desserts', 'en:dairy-desserts', 'en:fermented-dairy-desserts', 'en:yogurts', 'en:vanilla-yogurt']",1,[],['en:e440'],75.0,0.5,0.3,11.8,0.0,4.5,0.4
,6111242101807,"['en:dairies', 'en:fermented-foods', 'en:fermented-milk-products', 'en:desserts', 'en:dairy-desserts', 'en:fermented-dairy-desserts', 'en:yogurts']",1,[],['en:e330'],76.0,1.3,1.2,9.2,1.0,2.3,0.0
daya 🥑 avocat kbir,6111126005733,"['en:dairies', 'en:fermented-foods', 'en:fermented-milk-products', 'en:desserts', 'en:dairy-desserts', 'en:fermented-dairy-desserts', 'en:yogurts', 'en:daya']",0,[],[],80.8,1.2,0.72,8.5,,2.4,0.2
6111032010159,6111032010159,"['en:dairies', 'en:fermented-foods', 'en:fermented-milk-products', 'en:desserts', 'en:dairy-desserts', 'en:fermented-dairy-desserts', 'en:yogurts', 'fr:produits']",0,[],[],72.0,3.2,2.2,8.3,0.0,3.2,0.3175
Yaourt nature,3560071016944,"['en:dairies', 'en:fermented-foods', 'en:fermented-milk-products', 'en:desserts', 'en:dairy-desserts', 'en:fermented-dairy-desserts', 'en:yogurts', 'en:plain-fermented-dairy-desserts', 'en:plain-yogurts']",0,[],[],43.0,1.1,0.7,4.2,,4.0,0.13
Activia bifidus brasse nature 125 g x 8,3033490699833,"['en:dairies', 'en:fermented-foods', 'en:fermented-milk-products', 'en:desserts', 'en:dairy-desserts', 'en:fermented-dairy-desserts', 'en:yogurts', 'en:plain-fermented-dairy-desserts', 'en:plain-yogurts', 'en:stirred-yogurts', 'en:bifidus-yogurts', 'en:plain-bifidus-yogurts', 'en:plain-stirred-yogurts']",0,[],[],68.0,3.4,2.3,5.4,,4.0,0.13
Yaourt au lait de chevre,3523230039680,"['en:dairies', 'en:fermented-foods', 'en:fermented-milk-products', 'en:desserts', 'en:dairy-desserts', 'en:fermented-dairy-desserts', 'en:yogurts', 'en:plain-fermented-dairy-desserts', 'en:plain-yogurts', 'en:goat-milk-yogurts', 'en:plain-goat-yogurts']",0,[],[],77.0,4.9,3.4,4.2,,4.1,0.1
Yaourts à la grecque lit de fraise,4056489020189,"['en:dairies', 'en:fermented-foods', 'en:fermented-milk-products', 'en:desserts', 'en:dairy-desserts', 'en:fermented-dairy-desserts', 'en:fermented-dairy-desserts-with-fruits', 'en:yogurts', 'en:fruit-yogurts', 'en:greek-style-yogurts', 'en:strawberry-yogurts', 'en:yogurts-high-in-protein-on-a-fruit-layer']",2,[],"['en:e120', 'en:e407']",80.7,4.07,2.67,9.0,0.333,1.6,0.065
Skyr,4061458229838,"['en:dairies', 'en:fermented-foods', 'en:fermented-milk-products', 'en:desserts', 'en:dairy-desserts', 'en:fermented-dairy-desserts', 'en:fromages-blancs-petit-suisses-and-skyr', 'en:yogurts', 'en:plain-fermented-dairy-desserts', 'en:skyrs', 'en:plain-skyrs']",0,[],[],63.2,0.24,0.08,4.0,,10.7,0.078
Кисело мляко по гръцка рецепта,20761776,"['en:dairies', 'en:fermented-foods', 'en:fermented-milk-products', 'en:desserts', 'en:dairy-desserts', 'en:fermented-dairy-desserts', 'en:yogurts', 'en:plain-fermented-dairy-desserts', 'en:plain-yogurts', 'en:greek-style-yogurts', 'en:plain-greek-style-yogurts']",0,[],[],121.0,10.0,6.5,0.0,0.0,3.7,0.25
Yaourt brassé vanille,6111032009221,"['en:dairies', 'en:fermented-foods', 'en:fermented-milk-products', 'en:desserts', 'en:dairy-desserts', 'en:fermented-dairy-desserts', 'en:yogurts', 'en:stirred-yogurts']",0,[],[],77.8,2.85,1.9,7.0,86.7,2.1,0.0
Data,6111126005542,"['en:dairies', 'en:fermented-foods', 'en:fermented-milk-products', 'en:desserts', 'en:dairy-desserts', 'en:fermented-dairy-desserts', 'en:yogurts']",0,[],[],76.8000030517578,1.20000004768372,0.720000028610229,8.5,,2.5,0.0984251983170434
Brassé Jus de Citron,3661344221819,"['en:dairies', 'en:fermented-foods', 'en:fermented-milk-products', 'en:desserts', 'en:dairy-desserts', 'en:fermented-dairy-desserts', 'en:fermented-dairy-desserts-with-fruits', 'en:yogurts', 'en:fruit-yogurts', 'en:stirred-yogurts', 'en:cow-milk-yogurts', 'en:lemon-yogurts']",1,[],['en:e406'],90.0,3.1,2.2,11.9,,3.6,0.14
Yaourt nature à la grecque 4x150g,3256224235781,"['en:dairies', 'en:fermented-foods', 'en:fermented-milk-products', 'en:desserts', 'en:dairy-desserts', 'en:fermented-dairy-desserts', 'en:yogurts', 'en:plain-fermented-dairy-desserts', 'en:plain-yogurts', 'en:stirred-yogurts', 'en:greek-style-yogurts', 'en:greek-style-yogurts-plain', 'en:plain-stirred-yogurts']",0,[],[],102.0,8.5,5.7,3.5,0.5,2.9,0.12
Yaourt Nature au Lait 1/2 écrémé,3606520597821,"['en:dairies', 'en:fermented-foods', 'en:fermented-milk-products', 'en:desserts', 'en:dairy-desserts', 'en:fermented-dairy-desserts', 'en:yogurts', 'en:plain-fermented-dairy-desserts', 'en:plain-yogurts']",0,[],[],42.0,0.9,0.6,4.8,0.0,3.5,0.12
Yaourt a la grecque nature 4x150g,3250391040681,"['en:dairies', 'en:fermented-foods', 'en:fermented-milk-products', 'en:desserts', 'en:dairy-desserts', 'en:fermented-dairy-desserts', 'en:yogurts', 'en:plain-fermented-dairy-desserts', 'en:plain-yogurts', 'en:stirred-yogurts', 'en:greek-style-yogurts', 'en:greek-style-yogurts-plain', 'en:plain-stirred-yogurts', 'fr:yaourts-et-laits-fermentes-sucres-gourmands']",0,[],[],101.0,8.2,5.9,3.4,0.0,3.0,0.09
Coco nature,3760192498531,"['en:plant-based-foods-and-beverages', 'en:dairies', 'en:fermented-foods', 'en:fermented-milk-products', 'en:dairy-substitutes', 'en:desserts', 'en:vegan-products', 'en:dairy-desserts', 'en:non-dairy-desserts', 'en:non-dairy-fermented-foods', 'en:fermented-dairy-desserts', 'en:non-dairy-yogurts', 'en:yogurts', 'fr:dessert-vegetal-a-base-de-lait-de-coco']",0,[],[],160.0,16.0,15.0,1.4,0.3,1.1,0.0
Iaurt cremos in stil grecesc 10%,20972622,"['en:dairies', 'en:fermented-foods', 'en:fermented-milk-products', 'en:desserts', 'en:dairy-desserts', 'en:fermented-dairy-desserts', 'en:yogurts']",0,[],[],123.0,10.0,6.7,4.5,,3.7,0.1
Yaourt grec,3560071411220,"['en:dairies', 'en:fermented-foods', 'en:fermented-milk-products', 'en:desserts', 'en:dairy-desserts', 'en:fermented-dairy-desserts', 'en:yogurts', 'en:plain-fermented-dairy-desserts', 'en:plain-yogurts', 'en:greek-style-yogurts', 'en:plain-greek-style-yogurts']",0,[],[],128.0,10.0,7.1,4.0,,5.6,0.16
Strawberry,7610900296668,"['en:dairies', 'en:fermented-foods', 'en:fermented-milk-products', 'en:desserts', 'en:dairy-desserts', 'en:fermented-dairy-desserts', 'en:fermented-dairy-desserts-with-fruits', 'en:yogurts', 'en:fruit-yogurts', 'en:cow-milk-yogurts', 'en:strawberry-yogurts']",2,[],"['en:e412', 'en:e440']",75.0,0.5,0.3,11.6,,4.6,0.45
Greek Style Fat Free Natural Yogurt,4088600284880,"['en:dairies', 'en:fermented-foods', 'en:fermented-milk-products', 'en:desserts', 'en:dairy-desserts', 'en:fermented-dairy-desserts', 'en:yogurts', 'en:cow-milk-yogurts', 'en:greek-style-yogurts', 'en:greek-style-fat-free-yoghurt']",0,[],[],62.0,0.2,0.1,7.7,0.0,5.9,0.1875
Yogurt and Oat Clusters,5391115000302,"['en:dairies', 'en:fermented-foods', 'en:fermented-milk-products', 'en:desserts', 'en:dairy-desserts', 'en:fermented-dairy-desserts', 'en:yogurts', 'en:yogurts-with-cereals']",0,[],[],178.0,6.0,1.2,11.9,2.1,4.8,0.07
Organic Coconut Milk Yog Natural,5060298881601,"['en:plant-based-foods-and-beverages', 'en:dairies', 'en:fermented-foods', 'en:plant-based-foods', 'en:fermented-milk-products', 'en:dairy-substitutes', 'en:desserts', 'en:vegan-products', 'en:dairy-desserts', 'en:non-dairy-desserts', 'en:non-dairy-fermented-foods', 'en:fermented-dairy-desserts', 'en:non-dairy-yogurts', 'en:yogurts', 'en:plant-based-creams', 'en:plant-based-creams-for-cooking', 'en:coconut-milks-and-creams', 'en:coconutmilk-yogurts']",0,[],[],199.0,19.0,17.0,1.2,,2.0,0.0
Yaourt,6111246951927,"['en:dairies', 'en:fermented-foods', 'en:fermented-milk-products', 'en:desserts', 'en:dairy-desserts', 'en:fermented-dairy-desserts', 'en:fermented-dairy-desserts-with-fruits', 'en:yogurts', 'en:fruit-yogurts', 'en:strawberry-yogurts']",0,[],[],95.0,2.7,1.8,12.5,4.0,2.7,0.1
Le nature,6111266961371,"['en:dairies', 'en:fermented-foods', 'en:fermented-milk-products', 'en:desserts', 'en:dairy-desserts', 'en:milks-liquid-and-powder', 'en:fermented-dairy-desserts', 'en:milks', 'en:yogurts', 'en:plain-fermented-dairy-desserts', 'en:plain-yogurts']",0,[],[],137.0,9.0,2.5,0.0,,9.0,0.0
Actimel original nature,3033491460869,"['en:beverages-and-beverages-preparations', 'en:beverages', 'en:dairies', 'en:fermented-foods', 'en:fermented-milk-products', 'en:desserts', 'en:dairy-desserts', 'en:dairy-drinks', 'en:fermented-dairy-desserts', 'en:fermented-drinks', 'en:fermented-milk-drinks', 'en:yogurts', 'en:yogurt-drinks']",0,[],[],73.0,1.6,1.0,10.8,,3.0,0.1
Yogur natural 0%,8480000202109,"['en:dairies', 'en:fermented-foods', 'en:fermented-milk-products', 'en:desserts', 'en:dairy-desserts', 'en:fermented-dairy-desserts', 'en:yogurts', 'en:plain-fermented-dairy-desserts', 'en:plain-yogurts', 'en:low-fat-yogurts']",0,[],[],36.0,0.1,0.0,4.5,,4.3,0.13
Strawberry Quark,5025840005294,"['en:dairies', 'en:fermented-foods', 'en:fermented-milk-products', 'en:desserts', 'en:dairy-desserts', 'en:fermented-dairy-desserts', 'en:fermented-dairy-desserts-with-fruits', 'en:yogurts', 'en:dietary-supplements', 'en:fruit-yogurts', 'en:bodybuilding-supplements', 'en:quarks', 'en:fruit-quarks', 'en:yogurts-high-in-protein-on-a-fruit-layer']",1,[],['en:e330'],83.0,0.4,0.2,5.3,,12.4,39.3
Zottis Fruit Yoghurt,4014500506838,"['en:dairies', 'en:fermented-foods', 'en:fermented-milk-products', 'en:desserts', 'en:dairy-desserts', 'en:fermented-dairy-desserts', 'en:yogurts']",1,[],['en:e14xx'],76.0,0.1,0.0,13.9,,2.1,0.17
mango yogurt,5056138202583,"['en:dairies', 'en:fermented-foods', 'en:fermented-milk-products', 'en:desserts', 'en:dairy-desserts', 'en:fermented-dairy-desserts', 'en:fermented-dairy-desserts-with-fruits', 'en:yogurts', 'en:fruit-yogurts', 'en:cow-milk-yogurts', 'en:live-yoghurt']",2,[],"['en:e330', 'en:e440']",106.0,4.7,3.0,10.8,,4.5,0.1
Brassé fraise,3329770087705,"['en:dairies', 'en:fermented-foods', 'en:fermented-milk-products', 'en:desserts', 'en:dairy-desserts', 'en:frozen-foods', 'en:fermented-dairy-desserts', 'en:fermented-dairy-desserts-with-fruits', 'en:yogurts', 'en:fruit-yogurts']",0,[],[],85.0,2.9,1.9,9.6,,3.6,0.14
Kéfir Saveur myrtille,3033491993176,"['en:beverages-and-beverages-preparations', 'en:beverages', 'en:dairies', 'en:fermented-foods', 'en:fermented-milk-products', 'en:desserts', 'en:dairy-desserts', 'en:dairy-drinks', 'en:fermented-dairy-desserts', 'en:fermented-drinks', 'en:fermented-milk-drinks', 'en:yogurts', 'en:flavoured-fermented-dairy-desserts', 'en:flavoured-yogurts', 'en:kefir']",1,[],['en:e14xx'],72.0,3.1,2.0,7.7,,3.1,0.12
Kefir yoghurt,5060337222150,"['en:beverages-and-beverages-preparations', 'en:beverages', 'en:dairies', 'en:fermented-foods', 'en:fermented-milk-products', 'en:desserts', 'en:dairy-desserts', 'en:dairy-drinks', 'en:fermented-dairy-desserts', 'en:fermented-drinks', 'en:fermented-milk-drinks', 'en:yogurts', 'en:cow-milk-yogurts']",1,[],['en:e440'],74.0,1.8,1.1,6.0,,5.3,0.18
Le yaourt à la vanille,3023290021286,"['en:dairies', 'en:fermented-foods', 'en:fermented-milk-products', 'en:desserts', 'en:dairy-desserts', 'en:fermented-dairy-desserts', 'en:yogurts', 'en:flavoured-fermented-dairy-desserts', 'en:vanilla-yogurt', 'en:flavoured-yogurts']",0,[],[],95.0,3.0,2.0,13.1,0.0,3.0,0.12
High Protein Raspberry Quark-Based,4056489216223,"['en:dairies', 'en:fermented-foods', 'en:fermented-milk-products', 'en:desserts', 'en:dairy-desserts', 'en:fermented-dairy-desserts', 'en:fermented-dairy-desserts-with-fruits', 'en:yogurts', 'en:fruit-yogurts', 'en:quarks', 'en:fruit-quarks']",3,[],"['en:e410', 'en:e950', 'en:e955']",70.0,0.5,0.4,3.2,0.0,12.5,0.14
Brooklea Greek Style Fat Free Natural Yogurt,4088600284941,"['en:dairies', 'en:fermented-foods', 'en:fermented-milk-products', 'en:desserts', 'en:dairy-desserts', 'en:fermented-dairy-desserts', 'en:yogurts', 'en:greek-style-yogurts']",0,[],[],65.0,0.2,0.1,7.4,0.0,7.0,0.1675
Organic Luscious Fruits Naturally Bio-Live Yogurt 4 x (440g),5021638000007,"['en:dairies', 'en:fermented-foods', 'en:fermented-milk-products', 'en:desserts', 'en:dairy-desserts', 'en:fermented-dairy-desserts', 'en:fermented-dairy-desserts-with-fruits', 'en:yogurts', 'en:fruit-yogurts', 'en:fruit-yogurts-with-fruit-chunks']",1,[],['en:e440'],102.0,4.1,2.6,12.5,,3.4,0.0975
Panier de yoplait,3329770086197,"['en:dairies', 'en:fermented-foods', 'en:fermented-milk-products', 'en:desserts', 'en:dairy-desserts', 'en:fermented-dairy-desserts', 'en:fermented-dairy-desserts-with-fruits', 'en:yogurts', 'en:fruit-yogurts', 'en:fruit-yogurts-with-fruit-chunks']",1,[],['en:e440'],90.0,2.3,1.5,12.5,,3.3,0.13
Skyr à boire goût fraise,3033491974182,"['en:dairies', 'en:fermented-foods', 'en:fermented-milk-products', 'en:desserts', 'en:dairy-desserts', 'en:fermented-dairy-desserts', 'en:yogurts', 'fr:nutri-score']",1,[],['en:e440'],61.0,0.2,0.2,8.6,,6.0,0.17
Yaos Le Yaourt à la Grecque Nature 8 x 125 g,3023290223055,"['en:dairies', 'en:fermented-foods', 'en:fermented-milk-products', 'en:desserts', 'en:dairy-desserts', 'en:fermented-dairy-desserts', 'en:yogurts', 'en:plain-fermented-dairy-desserts', 'en:plain-yogurts', 'en:stirred-yogurts', 'en:greek-style-yogurts', 'en:plain-stirred-yogurts']",0,[],[],101.0,7.9,5.3,3.5,,3.1,0.12
Yaourt à la grecque nature,26067049,"['en:dairies', 'en:fermented-foods', 'en:fermented-milk-products', 'en:desserts', 'en:dairy-desserts', 'en:fermented-dairy-desserts', 'en:yogurts', 'en:plain-fermented-dairy-desserts', 'en:plain-yogurts', 'en:stirred-yogurts', 'en:greek-style-yogurts', 'en:plain-greek-style-yogurts', 'en:plain-stirred-yogurts']",0,[],[],106.0,8.9,5.8,3.4,0.0,3.0,0.09
Yogur Natural de Cabra,8480000202871,"['en:dairies', 'en:fermented-foods', 'en:fermented-milk-products', 'en:desserts', 'en:dairy-desserts', 'en:fermented-dairy-desserts', 'en:yogurts', 'en:plain-fermented-dairy-desserts', 'en:plain-yogurts']",0,[],[],73.0,4.9,3.4,3.0,,4.1,0.09
,8480000156617,"['en:beverages-and-beverages-preparations', 'en:beverages', 'en:dairies', 'en:fermented-foods', 'en:fermented-milk-products', 'en:desserts', 'en:dairy-desserts', 'en:dairy-drinks', 'en:fermented-dairy-desserts', 'en:fermented-drinks', 'en:fermented-milk-drinks', 'en:yogurts', 'en:yogurt-drinks', 'en:low-fat-yogurts', 'en:lacteos', 'pt:iogurtes-para-beber', 'pt:yogurt-liquido']",3,[],"['en:e14xx', 'en:e418', 'en:e440']",33.0,0.3,0.11,4.1,,3.3,42.29
Skyr,3329770082359,"['en:dairies', 'en:fermented-foods', 'en:fermented-milk-products', 'en:desserts', 'en:dairy-desserts', 'en:fermented-dairy-desserts', 'en:fermented-dairy-desserts-with-fruits', 'en:fromages-blancs-petit-suisses-and-skyr', 'en:yogurts', 'en:fruit-yogurts', 'en:skyrs']",0,[],[],83.0,0.5,0.1,11.1,0.0,7.8,0.12
Soummam ص,6130760002809,"['en:dairies', 'en:fermented-foods', 'en:fermented-milk-products', 'en:cheeses', 'en:desserts', 'en:dairy-desserts', 'en:fermented-dairy-desserts', 'en:yogurts', 'en:petits-suisses', 'en:fruits-flavoured-fat-fresh-cream-cheese', 'en:cream-cheeses']",0,[],[],85.3,4.5,3.06,3.7,,7.5,0.1
Pilos Graikiškas Jogurtas,20261382,"['en:dairies', 'en:fermented-foods', 'en:fermented-milk-products', 'en:desserts', 'en:dairy-desserts', 'en:fermented-dairy-desserts', 'en:yogurts']",0,[],[],119.7418737861,10.0,6.5,4.0,,3.7,0.0975
Yaourt brassé nature,4056489545699,"['en:dairies', 'en:fermented-foods', 'en:fermented-milk-products', 'en:desserts', 'en:dairy-desserts', 'en:fermented-dairy-desserts', 'en:yogurts', 'en:plain-fermented-dairy-desserts', 'en:plain-yogurts', 'en:stirred-yogurts', 'en:plain-stirred-yogurts']",0,[],[],64.0,3.3,2.2,4.7,0.0,3.9,0.15
Rachel's Organic Greek Style Honey yogurt,5021638190005,"['en:dairies', 'en:fermented-foods', 'en:fermented-milk-products', 'en:desserts', 'en:dairy-desserts', 'en:fermented-dairy-desserts', 'en:yogurts', 'en:greek-style-yogurts']",0,[],[],124.0,7.1,4.5,11.3,,3.1,0.0975
KEFIR cultured lowfat milk,0017077102322,"['en:beverages-and-beverages-preparations', 'en:beverages', 'en:dairies', 'en:fermented-foods', 'en:fermented-milk-products', 'en:desserts', 'en:dairy-desserts', 'en:dairy-drinks', 'en:fermented-dairy-desserts', 'en:fermented-drinks', 'en:fermented-milk-drinks', 'en:yogurts', 'en:kefir']",1,[],['en:e440'],45.8,0.833,0.625,3.75,0.0,4.17,0.13
Yaourts à la Grecque,3564700740699,"['en:dairies', 'en:fermented-foods', 'en:fermented-milk-products', 'en:desserts', 'en:dairy-desserts', 'en:fermented-dairy-desserts', 'en:yogurts', 'en:plain-fermented-dairy-desserts', 'en:plain-yogurts', 'en:greek-style-yogurts', 'en:greek-style-yogurts-plain']",0,[],[],112.810707456979,10.0,6.5,2.8,0.0,3.2,0.1
zuzu Iaurt 3% 140 g,5941355006550,"['en:dairies', 'en:fermented-foods', 'en:fermented-milk-products', 'en:desserts', 'en:dairy-desserts', 'en:fermented-dairy-desserts', 'en:yogurts', 'en:plain-fermented-dairy-desserts', 'en:plain-yogurts']",0,[],[],59.0,3.0,2.0,4.5,,3.4,0.1
Yogurt bifidus natural,8480000213365,"['en:dairies', 'en:fermented-foods', 'en:fermented-milk-products', 'en:desserts', 'en:dairy-desserts', 'en:fermented-dairy-desserts', 'en:yogurts', 'en:bifidus-yogurts']",0,[],[],158.0,10.3,5.5,8.8,,6.0,0.12
Skyr & céréales,3023290069462,"['en:dairies', 'en:fermented-foods', 'en:fermented-milk-products', 'en:desserts', 'en:dairy-desserts', 'en:fermented-dairy-desserts', 'en:fromages-blancs-petit-suisses-and-skyr', 'en:yogurts', 'en:skyrs']",0,[],[],93.0,2.3,1.4,8.5,0.0,9.0,0.1
,4056489035367,"['en:dairies', 'en:fermented-foods', 'en:fermented-milk-products', 'en:desserts', 'en:dairy-desserts', 'en:fermented-dairy-desserts', 'en:yogurts', 'en:plain-fermented-dairy-desserts', 'en:plain-yogurts', 'en:greek-style-yogurts', 'en:greek-style-yogurts-plain']",0,[],[],121.0,10.0,6.6,3.2,0.0,4.6,0.1
Total 0% Milkfat,0689544083016,"['en:dairies', 'en:fermented-foods', 'en:fermented-milk-products', 'en:desserts', 'en:dairy-desserts', 'en:fermented-dairy-desserts', 'en:yogurts', 'en:greek-style-yogurts']",0,[],[],52.9,0.0,0.0,2.94,0.0,10.6,0.0956
Ghilal,6111242106833,"['en:dairies', 'en:fermented-foods', 'en:fermented-milk-products', 'en:desserts', 'en:dairy-desserts', 'en:fermented-dairy-desserts', 'en:yogurts', 'en:stirred-yogurts']",1,[],['en:e330'],69.0,0.7,0.5,9.3,,1.5,0.0
Authentic Greek Yoghurt with Vanilla,29308750,"['en:dairies', 'en:fermented-foods', 'en:fermented-milk-products', 'en:desserts', 'en:dairy-desserts', 'en:fermented-dairy-desserts', 'en:yogurts', 'en:greek-style-yogurts']",0,[],[],139.0,8.4,6.0,8.6,3.5,5.0,0.1475
Suckies peach and apricot,5056138201821,"['en:beverages-and-beverages-preparations', 'en:beverages', 'en:dairies', 'en:fermented-foods', 'en:fermented-milk-products', 'en:desserts', 'en:dairy-desserts', 'en:dairy-drinks', 'en:fermented-dairy-desserts', 'en:fermented-drinks', 'en:fermented-milk-drinks', 'en:yogurts', 'en:yogurt-drinks']",0,[],[],73.0,2.5,1.7,7.5,0.0,3.9,0.1
Brassé a la grecque,3329770087880,"['en:dairies', 'en:fermented-foods', 'en:fermented-milk-products', 'en:desserts', 'en:dairy-desserts', 'en:fermented-dairy-desserts', 'en:yogurts', 'en:stirred-yogurts', 'en:greek-style-yogurts']",0,[],[],79.0,5.5,3.7,3.0,,3.3,0.12
Brassé nature,3329770087675,"['en:beverages-and-beverages-preparations', 'en:beverages', 'en:dairies', 'en:fermented-foods', 'en:fermented-milk-products', 'en:desserts', 'en:dairy-desserts', 'en:dairy-drinks', 'en:fermented-dairy-desserts', 'en:fermented-drinks', 'en:yogurts', 'en:fermented-milk-drinks', 'en:stirred-yogurts', 'en:drinkable-yogurts', 'en:stirred-yogurt-drinks']",0,[],[],66.0,3.3,2.2,4.1,,4.0,0.15
L Casei Fresa,8480000206275,"['en:beverages-and-beverages-preparations', 'en:beverages', 'en:dairies', 'en:fermented-foods', 'en:fermented-milk-products', 'en:desserts', 'en:dairy-desserts', 'en:dairy-drinks', 'en:fermented-dairy-desserts', 'en:fermented-drinks', 'en:fermented-milk-drinks', 'en:yogurts', 'en:yogurt-drinks', 'en:milk-drinks-fermented-with-l-casei']",2,[],"['en:e120', 'en:e202']",65.0,1.5,1.1,10.2,,2.4,0.1
Mousse au fromage blanc sur lit de fruits,3033490006143,"['en:dairies', 'en:fermented-foods', 'en:fermented-milk-products', 'en:cheeses', 'en:desserts', 'en:dairy-desserts', 'en:fermented-dairy-desserts', 'en:fermented-dairy-desserts-with-fruits', 'en:fromages-blancs-petit-suisses-and-skyr', 'en:yogurts', 'en:sweet-mousses', 'fr:fromages-blancs', 'en:fruit-mousses', 'fr:mousse-au-fromage-blanc-sur-lit-de-fruit']",10,[],"['en:e120', 'en:e14xx', 'en:e160a', 'en:e160ai', 'en:e330', 'en:e331', 'en:e412', 'en:e428', 'en:e440', 'en:e950', 'en:e955']",57.0,0.5,0.3,5.5,,6.2,0.13
Yaourts aux Fruits 0% de Matières Grasses,4056489369356,"['en:dairies', 'en:fermented-foods', 'en:fermented-milk-products', 'en:desserts', 'en:dairy-desserts', 'en:fermented-dairy-desserts', 'en:fermented-dairy-desserts-with-fruits', 'en:yogurts', 'en:fruit-yogurts', 'en:fruit-yogurts-with-fruit-chunks', 'en:low-fat-yogurts', 'en:multifruit-yoghurts']",11,[],"['en:e14xx', 'en:e160c', 'en:e161b', 'en:e163', 'en:e330', 'en:e331', 'en:e332', 'en:e412', 'en:e440', 'en:e950', 'en:e951']",48.0,0.5,0.1,5.6,0.5,4.5,0.2
Краве кисело мляко 4.5%,3800748002321,"['en:dairies', 'en:fermented-foods', 'en:fermented-milk-products', 'en:desserts', 'en:dairy-desserts', 'en:fermented-dairy-desserts', 'en:yogurts']",0,[],[],72.1,4.5,2.9,4.2,,3.3,0.1
Greek Style Coconut Yogurt,5021638116753,"['en:dairies', 'en:fermented-foods', 'en:fermented-milk-products', 'en:desserts', 'en:dairy-desserts', 'en:fermented-dairy-desserts', 'en:fermented-dairy-desserts-with-fruits', 'en:yogurts', 'en:fruit-yogurts', 'en:coconut-yogurts', 'en:greek-style-yogurts']",1,[],['en:e440'],148.0,10.2,6.1,10.1,,3.3,0.1
Greek Yogurt Whole Milk Plain,0894700010434,"['en:dairies', 'en:fermented-foods', 'en:fermented-milk-products', 'en:desserts', 'en:dairy-desserts', 'en:fermented-dairy-desserts', 'en:yogurts', 'en:greek-style-yogurts', 'en:whole-milk-yogurts', 'es:yogurt-de-leche-entera-estilo-griego']",0,[],[],100.0,5.29,2.94,3.53,0.588,8.82,0.0882
Greek style yogurt,5000169579633,"['en:dairies', 'en:fermented-foods', 'en:fermented-milk-products', 'en:desserts', 'en:dairy-desserts', 'en:fermented-dairy-desserts', 'en:yogurts', 'en:greek-style-yogurt-on-a-bed-of-fruits', 'en:greek-style-yogurts']",0,[],[],99.0,7.3,4.9,4.4,,3.9,0.12
strawberry Corner,4025500277239,"['en:dairies', 'en:fermented-foods', 'en:fermented-milk-products', 'en:desserts', 'en:dairy-desserts', 'en:fermented-dairy-desserts', 'en:fermented-dairy-desserts-with-fruits', 'en:yogurts', 'en:fruit-yogurts']",3,[],"['en:e330', 'en:e412', 'en:e440']",105.0,3.9,2.5,11.98,,4.3,0.18
Thick & Smooth Strained Yoghurt,5201054057346,"['en:dairies', 'en:fermented-foods', 'en:fermented-milk-products', 'en:desserts', 'en:dairy-desserts', 'en:fermented-dairy-desserts', 'en:fermented-dairy-desserts-with-fruits', 'en:yogurts', 'en:fruit-yogurts', 'en:greek-style-yogurts', 'en:strawberry-yogurts']",0,[],[],105.0,4.0,2.9,9.2,0.0,7.3,0.2
Panier de Yoplait - Aux bons morceaux de fruits - Fruits jaunes,3329770086159,"['en:dairies', 'en:fermented-foods', 'en:fermented-milk-products', 'en:desserts', 'en:dairy-desserts', 'en:fermented-dairy-desserts', 'en:fermented-dairy-desserts-with-fruits', 'en:yogurts', 'en:fruit-yogurts', 'en:fruit-yogurts-with-fruit-chunks']",1,[],['en:e440'],90.0,2.3,1.5,12.4,,3.3,0.13
Panier de Yoplait,3329770086319,"['en:dairies', 'en:fermented-foods', 'en:fermented-milk-products', 'en:desserts', 'en:dairy-desserts', 'en:fermented-dairy-desserts', 'en:fermented-dairy-desserts-with-fruits', 'en:yogurts', 'en:fruit-yogurts', 'en:fruit-yogurts-with-fruit-chunks']",4,[],"['en:e14xx', 'en:e407', 'en:e950', 'en:e951']",45.0,0.5,0.1,5.6,,4.4,0.17
yaourt à boire sans lactose,6111266961364,"['en:beverages-and-beverages-preparations', 'en:beverages', 'en:dairies', 'en:fermented-foods', 'en:fermented-milk-products', 'en:desserts', 'en:dairy-desserts', 'en:milks-liquid-and-powder', 'en:dairy-drinks', 'en:fermented-dairy-desserts', 'en:fermented-drinks', 'en:milks', 'en:fermented-milk-drinks', 'en:yogurts', 'en:yogurt-drinks']",0,[],[],64.0,3.5,2.5,0.0,,3.2,0.0
Danone le nature 125 g x 12,3033490004538,"['en:dairies', 'en:fermented-foods', 'en:fermented-milk-products', 'en:desserts', 'en:dairy-desserts', 'en:fermented-dairy-desserts', 'en:yogurts', 'en:plain-fermented-dairy-desserts', 'en:plain-yogurts']",0,[],[],58.0,1.3,0.8,6.6,,5.0,0.19
Yop framboise,3329770063280,"['en:beverages-and-beverages-preparations', 'en:beverages', 'en:dairies', 'en:fermented-foods', 'en:fermented-milk-products', 'en:desserts', 'en:dairy-desserts', 'en:dairy-drinks', 'en:fermented-dairy-desserts', 'en:fermented-drinks', 'en:fermented-milk-drinks', 'en:yogurts', 'en:yogurt-drinks', 'en:flavoured-drinkable-yogurts-with-sugar', 'fr:yaourt-a-boire-a-la-framboise']",0,[],[],66.0,0.8,0.5,10.5,,3.0,0.12
Yaourt a la grecque pot 1kg,3250392542733,"['en:dairies', 'en:fermented-foods', 'en:fermented-milk-products', 'en:desserts', 'en:dairy-desserts', 'en:fermented-dairy-desserts', 'en:yogurts', 'en:plain-fermented-dairy-desserts', 'en:plain-yogurts', 'en:stirred-yogurts', 'en:greek-style-yogurts', 'en:greek-style-yogurts-plain', 'en:plain-stirred-yogurts', 'fr:yaourts-et-laits-fermentes-nature-non-sucres-gourmands']",0,[],[],111.0,8.3,5.9,3.8,0.0,3.7,0.1
Joghurt Griechischer Art,4003490323600,"['en:dairies', 'en:fermented-foods', 'en:fermented-milk-products', 'en:desserts', 'en:dairy-desserts', 'en:fermented-dairy-desserts', 'en:yogurts', 'en:greek-style-yogurts']",0,[],[],116.0,9.4,6.3,3.9,,3.3,0.1275
Gourmand et végétal à la grecque nature,3608580086048,"['en:plant-based-foods-and-beverages', 'en:dairies', 'en:fermented-foods', 'en:fermented-milk-products', 'en:dairy-substitutes', 'en:desserts', 'en:vegan-products', 'en:dairy-desserts', 'en:non-dairy-desserts', 'en:non-dairy-fermented-foods', 'en:fermented-dairy-desserts', 'en:non-dairy-yogurts', 'en:yogurts']",1,[],['en:e14xx'],105.0,8.1,6.7,0.4,,0.9,0.09
Natural Biopot Yogurt,7610900037483,"['en:dairies', 'en:fermented-foods', 'en:fermented-milk-products', 'en:desserts', 'en:dairy-desserts', 'en:fermented-dairy-desserts', 'en:yogurts', 'en:whole-milk-yogurts']",0,[],[],66.0,3.5,2.3,4.1,,4.5,0.00025
Activia yougurt,5060360506104,"['en:dairies', 'en:fermented-foods', 'en:fermented-milk-products', 'en:desserts', 'en:dairy-desserts', 'en:fermented-dairy-desserts', 'en:yogurts', 'en:cow-milk-yogurts']",3,[],"['en:e150', 'en:e172', 'en:e440']",91.0,2.9,1.9,12.0,,3.9,0.14
Greek Yogurt Vanilla,0894700010144,"['en:dairies', 'en:fermented-foods', 'en:fermented-milk-products', 'en:desserts', 'en:dairy-desserts', 'en:fermented-dairy-desserts', 'en:yogurts', 'en:vanilla-yogurt', 'en:greek-style-yogurts']",3,[],"['en:e410', 'en:e412', 'en:e440']",76.5,0.0,0.0,9.41,0.0,8.24,0.0882
High protein double choc,4002971247909,"['en:dairies', 'en:fermented-foods', 'en:fermented-milk-products', 'en:desserts', 'en:dairy-desserts', 'en:fermented-dairy-desserts', 'en:puddings', 'en:yogurts', 'en:chocolate-desserts', 'en:dairy-chocolate-desserts']",7,[],"['en:e150c', 'en:e407', 'en:e428', 'en:e466', 'en:e472b', 'en:e950', 'en:e955']",81.0,2.3,1.5,4.0,,10.0,0.12
Brassé Saveur Vanille,3329770087736,"['en:dairies', 'en:fermented-foods', 'en:fermented-milk-products', 'en:desserts', 'en:dairy-desserts', 'en:fermented-dairy-desserts', 'en:yogurts', 'en:stirred-yogurts']",0,[],[],86.0,2.9,1.9,9.9,,3.5,0.14
Dost,6111250473514,"['en:dairies', 'en:fermented-foods', 'en:fermented-milk-products', 'en:desserts', 'en:dairy-desserts', 'en:milks-liquid-and-powder', 'en:fermented-dairy-desserts', 'en:milks', 'en:fermented-dairy-desserts-with-fruits', 'en:yogurts', 'en:cow-milks', 'en:fermented-dairy-desserts-with-fruits-enriched-with-vitamin-d']",0,[],[],76.0,2.48,1.6,10.0,,2.8,0.1
Activia bifidus nature 0% de mg 125 g x 8,3033490545185,"['en:dairies', 'en:fermented-foods', 'en:fermented-milk-products', 'en:desserts', 'en:dairy-desserts', 'en:fermented-dairy-desserts', 'en:yogurts', 'en:plain-fermented-dairy-desserts', 'en:plain-yogurts', 'en:bifidus-yogurts', 'en:plain-bifidus-yogurts']",0,[],[],41.0,0.1,0.04,5.8,,4.3,0.16
Fruits Mixés Abricot Goyave - Dessert Végétal,3273220082089,"['en:plant-based-foods-and-beverages', 'en:dairies', 'en:fermented-foods', 'en:fermented-milk-products', 'en:dairy-substitutes', 'en:desserts', 'en:dairy-desserts', 'en:non-dairy-desserts', 'en:non-dairy-fermented-foods', 'en:fermented-dairy-desserts', 'en:non-dairy-yogurts', 'en:soy-milk-yogurts', 'en:yogurts', 'en:fruit-soy-yogurts', 'en:soy-desserts']",1,[],['en:e440'],76.0,2.1,0.4,10.2,0.0,3.7,0.06
Salsa De yogurt,8480000173270,"['en:dairies', 'en:fermented-foods', 'en:fermented-milk-products', 'en:condiments', 'en:desserts', 'en:dairy-desserts', 'en:fermented-dairy-desserts', 'en:sauces', 'en:yogurts', 'en:salad-dressings', 'en:yogurt-sauces', 'en:groceries']",2,[],"['en:e270', 'en:e385']",257.0,23.9,3.1,8.3,,0.8,0.0025
Yaourt brassé aux fruits,3033490006099,"['en:dairies', 'en:fermented-foods', 'en:fermented-milk-products', 'en:desserts', 'en:dairy-desserts', 'en:fermented-dairy-desserts', 'en:fermented-dairy-desserts-with-fruits', 'en:yogurts', 'en:fruit-yogurts', 'en:low-fat-yogurts', 'fr:specialites-laitieres', 'fr:specialites-laitieres-aux-fruits']",8,[],"['en:e14xx', 'en:e270', 'en:e330', 'en:e331', 'en:e407', 'en:e440', 'en:e950', 'en:e955']",50.0,0.1,0.05,7.2,,4.8,0.19
Cremoso Natural,59413523,"['en:dairies', 'en:fermented-foods', 'en:fermented-milk-products', 'en:desserts', 'en:dairy-desserts', 'en:fermented-dairy-desserts', 'en:yogurts']",0,[],[],81.0,5.3,3.4,3.7,0.0,4.5,0.13
Българско кисело мляко 3.6 % ЗНП,3800748060611,"['en:dairies', 'en:fermented-foods', 'en:fermented-milk-products', 'en:desserts', 'en:dairy-desserts', 'en:fermented-dairy-desserts', 'en:yogurts', 'en:bulgarian-yogurt']",0,[],[],62.0,3.6,2.3,4.2,0.0,3.2,0.1
CORNER Vanilla chocolate balls,4025500277031,"['en:dairies', 'en:fermented-foods', 'en:fermented-milk-products', 'en:desserts', 'en:dairy-desserts', 'en:fermented-dairy-desserts', 'en:yogurts']",6,[],"['en:e14xx', 'en:e160a', 'en:e322', 'en:e322i', 'en:e330', 'en:e414', 'en:e440']",133.0,3.9,2.4,16.0,,4.9,0.17
Fat Free Natural Yogurt,20608668,"['en:dairies', 'en:fermented-foods', 'en:fermented-milk-products', 'en:desserts', 'en:dairy-desserts', 'en:fermented-dairy-desserts', 'en:yogurts']",0,[],[],53.0,0.1,0.1,6.6,0.5,5.3,0.138
Plain Yogrt smooth and mellow,5060100603094,"['en:plant-based-foods-and-beverages', 'en:dairies', 'en:fermented-foods', 'en:fermented-milk-products', 'en:dairy-substitutes', 'en:desserts', 'en:vegan-products', 'en:dairy-desserts', 'en:non-dairy-desserts', 'en:non-dairy-fermented-foods', 'en:fermented-dairy-desserts', 'en:non-dairy-yogurts', 'en:yogurts', 'en:coconutmilk-yogurts']",1,[],['en:e14xx'],79.0,4.9,4.2,4.3,0.2,0.6,0.35
Fruits,6111246953716,"['en:dairies', 'en:fermented-foods', 'en:fermented-milk-products', 'en:desserts', 'en:dairy-desserts', 'en:fermented-dairy-desserts', 'en:yogurts']",0,[],[],430.0,3.0,2.0,14.0,,3.0,0.10000000149012
Yaourt Gourmand Cerises Griottes,3456770008352,"['en:dairies', 'en:fermented-foods', 'en:fermented-milk-products', 'en:desserts', 'en:dairy-desserts', 'en:fermented-dairy-desserts', 'en:fermented-dairy-desserts-with-fruits', 'en:yogurts', 'en:fruit-yogurts', 'en:stirred-yogurts', 'en:sweetened-yogurts', 'en:cherry-yogurts', 'en:fruit-stirred-yogurts']",1,[],['en:e407'],94.0,2.5,1.6,13.8,0.3,3.4,0.18
Caillé de brebis nature,3280240000030,"['en:dairies', 'en:fermented-foods', 'en:fermented-milk-products', 'en:desserts', 'en:dairy-desserts', 'en:fermented-dairy-desserts', 'en:yogurts', 'en:junkets', 'en:sheep-milk-yogurts', 'en:plain-junkets']",0,[],[],98.0,6.6,4.9,3.4,,5.3,0.13
Yogur natural,8410500001360,"['en:dairies', 'en:fermented-foods', 'en:fermented-milk-products', 'en:desserts', 'en:dairy-desserts', 'en:fermented-dairy-desserts', 'en:yogurts', 'en:plain-fermented-dairy-desserts', 'en:plain-yogurts']",0,[],[],58.0,3.3,1.7,4.3,,3.3,0.11
Yaourt Stracciatella,4056489110125,"['en:dairies', 'en:fermented-foods', 'en:fermented-milk-products', 'en:desserts', 'en:dairy-desserts', 'en:fermented-dairy-desserts', 'en:yogurts', 'en:chocolate-chunks-yogurts']",1,[],['en:e14xx'],123.0,5.7,3.7,13.1,0.1,3.0,0.13
Yogur Bebible Fresa y Plátano,8480000206138,"['en:beverages-and-beverages-preparations', 'en:beverages', 'en:dairies', 'en:fermented-foods', 'en:fermented-milk-products', 'en:desserts', 'en:dairy-desserts', 'en:dairy-drinks', 'en:fermented-dairy-desserts', 'en:fermented-drinks', 'en:fermented-dairy-desserts-with-fruits', 'en:fermented-milk-drinks', 'en:yogurts', 'en:fruit-yogurts', 'en:yogurt-drinks']",4,[],"['en:e100', 'en:e120', 'en:e202', 'en:e440']",76.0,1.9,1.3,11.8,,2.3,0.12
Yogur con frutas del bosque,8480000203762,"['en:dairies', 'en:fermented-foods', 'en:fermented-milk-products', 'en:desserts', 'en:dairy-desserts', 'en:fermented-dairy-desserts', 'en:fermented-dairy-desserts-with-fruits', 'en:yogurts', 'en:fruit-yogurts', 'en:cow-milk-yogurts']",3,[],"['en:e163', 'en:e202', 'en:e407']",98.0,3.2,2.2,13.2,,3.7,0.1
Yaourt saveur citron,3278699700083,"['en:dairies', 'en:fermented-foods', 'en:fermented-milk-products', 'en:desserts', 'en:dairy-desserts', 'en:fermented-dairy-desserts', 'en:yogurts', 'en:flavoured-fermented-dairy-desserts', 'en:sweetened-yogurts', 'en:flavoured-yogurts', 'en:whole-milk-yogurts']",0,[],[],92.0,3.1,2.1,12.0,,3.1,0.09
Skyr bio Mûre-Myrtilles,3661344723412,"['en:dairies', 'en:fermented-foods', 'en:fermented-milk-products', 'en:desserts', 'en:dairy-desserts', 'en:fermented-dairy-desserts', 'en:fermented-dairy-desserts-with-fruits', 'en:yogurts', 'en:skyrs', 'en:fruit-skyrs']",0,[],[],72.0,0.1,0.09,8.3,,8.6,0.08
Goats milk yoghurt,5015326450069,"['en:dairies', 'en:fermented-foods', 'en:fermented-milk-products', 'en:desserts', 'en:dairy-desserts', 'en:fermented-dairy-desserts', 'en:yogurts', 'en:plain-fermented-dairy-desserts', 'en:plain-yogurts', 'en:goat-milk-yogurts', 'en:plain-goat-yogurts']",0,[],[],105.0,7.3000001907349,5.0,3.2000000476837,,5.5,0.10000000149012
natural light bio life yogurt,5036589255758,"['en:dairies', 'en:fermented-foods', 'en:fermented-milk-products', 'en:desserts', 'en:dairy-desserts', 'en:fermented-dairy-desserts', 'en:yogurts', 'en:cow-milk-yogurts', 'en:low-fat-yogurts']",0,[],[],57.0,0.5,0.1,6.7,,6.2,0.1575
EDEKA Alpro Danone ALPRO® Joghurt Soja Hafer 400g 1.99€ 1kg 4.98€,5411188138112,"['en:plant-based-foods-and-beverages', 'en:dairies', 'en:fermented-foods', 'en:fermented-milk-products', 'en:dairy-substitutes', 'en:desserts', 'en:vegan-products', 'en:dairy-desserts', 'en:non-dairy-desserts', 'en:non-dairy-fermented-foods', 'en:fermented-dairy-desserts', 'en:non-dairy-yogurts', 'en:soy-milk-yogurts', 'en:yogurts', 'en:plain-soy-yogurts']",5,[],"['en:e304', 'en:e306', 'en:e330', 'en:e331', 'en:e440']",56.0,2.2,0.4,1.9,2.1,3.8,0.21
Greek style natural yogurt,4061464980204,"['en:dairies', 'en:fermented-foods', 'en:fermented-milk-products', 'en:desserts', 'en:dairy-desserts', 'en:fermented-dairy-desserts', 'en:yogurts', 'en:cow-milk-yogurts', 'en:greek-style-yogurts']",0,[],[],118.0,9.2,5.5,4.3,0.0,3.5,0.1
,6111246954508,"['en:dairies', 'en:fermented-foods', 'en:fermented-milk-products', 'en:desserts', 'en:dairy-desserts', 'en:fermented-dairy-desserts', 'en:yogurts']",1,[],['en:e14xx'],73.0,1.15,0.77,10.64,0.0,2.7,0.0
Yaourt chèvre nature 0%,3523230026680,"['en:dairies', 'en:fermented-foods', 'en:fermented-milk-products', 'en:desserts', 'en:dairy-desserts', 'en:fermented-dairy-desserts', 'en:yogurts', 'en:plain-fermented-dairy-desserts', 'en:plain-yogurts', 'en:fat-free-plain-fermented-dairy-desserts', 'en:goat-milk-yogurts', 'en:low-fat-yogurts', 'en:plain-goat-yogurts']",0,[],[],39.0,0.2,0.1,4.1,,5.1,0.09
La Laitière yaourts au lait entier panachés,3023290101995,"['en:dairies', 'en:fermented-foods', 'en:fermented-milk-products', 'en:desserts', 'en:dairy-desserts', 'en:fermented-dairy-desserts', 'en:yogurts', 'en:flavoured-fermented-dairy-desserts', 'en:sweetened-yogurts', 'en:flavoured-yogurts', 'en:whole-milk-yogurts']",0,[],[],97.0,3.0,2.0,13.5,0.0,3.1,0.12
Yaourt au lait 🥛🍼de brebis 🐑,3523230039567,"['en:dairies', 'en:fermented-foods', 'en:fermented-milk-products', 'en:desserts', 'en:dairy-desserts', 'en:fermented-dairy-desserts', 'en:yogurts', 'en:plain-fermented-dairy-desserts', 'en:plain-yogurts', 'en:sheep-milk-yogurts', 'en:plain-sheep-milk-yogurts', 'en:whole-milk-yogurts']",0,[],[],90.0,6.4,4.6,2.6,0.0,5.5,0.12
Danone veloute fruix rouges 125 g x 8,3033491579769,"['en:dairies', 'en:fermented-foods', 'en:fermented-milk-products', 'en:desserts', 'en:dairy-desserts', 'en:fermented-dairy-desserts', 'en:fermented-dairy-desserts-with-fruits', 'en:yogurts', 'en:fruit-yogurts']",4,[],"['en:e1422', 'en:e14xx', 'en:e330', 'en:e331']",94.0,2.9,2.0,12.9,,3.4,0.13
Yogurt,20144326,"['en:dairies', 'en:fermented-foods', 'en:fermented-milk-products', 'en:desserts', 'en:dairy-desserts', 'en:fermented-dairy-desserts', 'en:fermented-dairy-desserts-with-fruits', 'en:yogurts', 'en:fruit-yogurts', 'en:cherry-yogurts', 'en:yaourts-a-la-cerise']",0,[],[],97.0,2.99,1.8,12.4,0.0,3.7,0.13
Fromage blanc 0% fraise,3033490005962,"['en:dairies', 'en:fermented-foods', 'en:fermented-milk-products', 'en:desserts', 'en:dairy-desserts', 'en:fermented-dairy-desserts', 'en:fromages-blancs-petit-suisses-and-skyr', 'en:yogurts', 'fr:fromages-blancs', 'fr:fromages-blancs-aromatisees']",10,[],"['en:e120', 'en:e1200', 'en:e14xx', 'en:e330', 'en:e331', 'en:e333', 'en:e412', 'en:e440', 'en:e950', 'en:e955']",54.0,0.1,0.1,6.3,0.0,6.4,0.14
Low fat greek style,4056489148722,"['en:dairies', 'en:fermented-foods', 'en:fermented-milk-products', 'en:desserts', 'en:dairy-desserts', 'en:fermented-dairy-desserts', 'en:yogurts', 'en:yogurt-greek-style-low-fat']",0,[],[],67.0,1.9,1.2,5.9,0.5,5.2,0.14
Kvarg Vanilla,3023290018415,"['en:dairies', 'en:fermented-foods', 'en:fermented-milk-products', 'en:desserts', 'en:dairy-desserts', 'en:fermented-dairy-desserts', 'en:yogurts']",3,[],"['en:e330', 'en:e950', 'en:e951']",54.0,0.2,0.133,3.13,0.0,10.0,0.0983
Straight up - unsweetened yoghurt,5014067345337,"['en:dairies', 'en:fermented-foods', 'en:fermented-milk-products', 'en:desserts', 'en:dairy-desserts', 'en:fermented-dairy-desserts', 'en:yogurts', 'en:cow-milk-yogurts']",1,[],['en:e440'],105.0,5.805,3.705,6.795,,6.0,0.18
Benecol,5055940100513,"['en:beverages', 'en:dairies', 'en:fermented-foods', 'en:fermented-milk-products', 'en:desserts', 'en:dairy-desserts', 'en:dairy-drinks', 'en:fermented-dairy-desserts', 'en:fermented-drinks', 'en:yogurts', 'en:fermented-milk-drinks', 'en:plain-fermented-skimmed-milk-drink']",2,[],"['en:e440', 'en:e955']",47.0,2.0,0.2,4.1,,2.8,0.09
YOGORY,6111250013376,"['en:beverages-and-beverages-preparations', 'en:beverages', 'en:dairies', 'en:fermented-foods', 'en:fermented-milk-products', 'en:desserts', 'en:dairy-desserts', 'en:dairy-drinks', 'en:fermented-dairy-desserts', 'en:fermented-drinks', 'en:fermented-milk-drinks', 'en:yogurts', 'fr:albane-yogory']",0,[],[],90.0,1.2,0.8,9.5,0.0,3.9,0.0
Panier de Yoplait 0% Fruits jaunes,3329770086289,"['en:dairies', 'en:fermented-foods', 'en:fermented-milk-products', 'en:desserts', 'en:dairy-desserts', 'en:fermented-dairy-desserts', 'en:fermented-dairy-desserts-with-fruits', 'en:yogurts', 'en:fruit-yogurts', 'en:low-fat-yogurts']",2,[],"['en:e14xx', 'en:e950']",46.0,0.0,0.0,5.7,,4.4,0.17
kéfir 500g,8424893600352,"['en:beverages-and-beverages-preparations', 'en:beverages', 'en:dairies', 'en:fermented-foods', 'en:fermented-milk-products', 'en:desserts', 'en:dairy-desserts', 'en:dairy-drinks', 'en:fermented-dairy-desserts', 'en:fermented-drinks', 'en:fermented-milk-drinks', 'en:yogurts', 'en:kefir']",0,[],[],75.0,4.2,2.8,5.5,,3.9,0.15
Yaourt sucré à la vanille,3279231149001,"['en:dairies', 'en:fermented-foods', 'en:fermented-milk-products', 'en:desserts', 'en:dairy-desserts', 'en:fermented-dairy-desserts', 'en:yogurts', 'en:stirred-yogurts', 'en:vanilla-yogurt']",0,[],[],120.0,7.3,4.9,11.0,0.0,2.9,0.19
Bifidus nature,20457631,"['en:dairies', 'en:fermented-foods', 'en:fermented-milk-products', 'en:desserts', 'en:dairy-desserts', 'en:fermented-dairy-desserts', 'en:fresh-foods', 'en:yogurts', 'en:plain-fermented-dairy-desserts', 'en:plain-yogurts', 'en:bifidus-yogurts', 'en:plain-bifidus-yogurts']",0,[],[],59.0,3.2,2.1,4.2,0.0,3.3,0.12
Notre yaourt mûre myrtille,3523230046725,"['en:dairies', 'en:fermented-foods', 'en:fermented-milk-products', 'en:desserts', 'en:dairy-desserts', 'en:fermented-dairy-desserts', 'en:fermented-dairy-desserts-with-fruits', 'en:yogurts', 'en:fruit-yogurts', 'en:stirred-yogurts', 'en:blackberry-yogurts', 'en:blueberry-yogurts', 'en:fruit-stirred-yogurts']",0,[],[],98.0,4.0,2.6,11.0,,3.4,0.08
Yaourt bio nature,5412971116072,"['en:dairies', 'en:fermented-foods', 'en:fermented-milk-products', 'en:desserts', 'en:dairy-desserts', 'en:frozen-foods', 'en:fermented-dairy-desserts', 'en:yogurts', 'en:plain-fermented-dairy-desserts', 'en:plain-yogurts']",0,[],[],73.0,3.8,2.4,5.1,0.0,4.2,0.0
BIO YAOURT AU LAIT ENTIER,4056489010647,"['en:dairies', 'en:fermented-foods', 'en:fermented-milk-products', 'en:desserts', 'en:dairy-desserts', 'en:fermented-dairy-desserts', 'en:yogurts', 'en:plain-fermented-dairy-desserts', 'en:plain-yogurts', 'en:whole-milk-yogurts']",0,[],[],63.0,3.4,2.1,4.1,,3.9,0.1
"Joghurt mild 3,5 % Fett, 4er-Pack",4061458028820,"['en:dairies', 'en:fermented-foods', 'en:fermented-milk-products', 'en:desserts', 'en:dairy-desserts', 'en:fermented-dairy-desserts', 'en:yogurts', 'en:plain-fermented-dairy-desserts', 'en:plain-yogurts']",0,[],[],70.0,3.5,2.4,4.8,,4.3,0.14
Bífidus 0% con nueces,8480000213297,"['en:dairies', 'en:fermented-foods', 'en:fermented-milk-products', 'en:desserts', 'en:dairy-desserts', 'en:fermented-dairy-desserts', 'en:yogurts', 'en:bifidus-yogurts']",0,[],[],55.0,0.5,0.1,4.9,,4.0,0.1
Yogur estilo Griego,8480017034045,"['en:beverages-and-beverages-preparations', 'en:beverages', 'en:dairies', 'en:fermented-foods', 'en:fermented-milk-products', 'en:desserts', 'en:dairy-desserts', 'en:dairy-drinks', 'en:fermented-dairy-desserts', 'en:fermented-drinks', 'en:fermented-milk-drinks', 'en:yogurts', 'en:yogurt-drinks']",0,[],[],125.0,10.0,6.5,4.5,3.6,3.6,0.000325
Oikos,6194003804223,"['en:dairies', 'en:fermented-foods', 'en:fermented-milk-products', 'en:desserts', 'en:dairy-desserts', 'en:fermented-dairy-desserts', 'en:yogurts', 'en:greek-style-yogurts']",0,[],[],128.0,9.7,6.5,4.1,,4.0,0.13
Activia Cherry,5060360506180,"['en:dairies', 'en:fermented-foods', 'en:fermented-milk-products', 'en:desserts', 'en:dairy-desserts', 'en:fermented-dairy-desserts', 'en:yogurts']",4,[],"['en:e163', 'en:e407', 'en:e440', 'en:e950']",48.7,0.087,0.087,6.87,,4.7,0.239
Banana Chocolate Flakes,4025500277055,"['en:dairies', 'en:fermented-foods', 'en:fermented-milk-products', 'en:desserts', 'en:dairy-desserts', 'en:fermented-dairy-desserts', 'en:fermented-dairy-desserts-with-fruits', 'en:yogurts', 'en:fruit-yogurts', 'en:banana-yogurts']",4,[],"['en:e160a', 'en:e322', 'en:e322i', 'en:e330', 'en:e414']",107.745327823352,3.2258064516129,0.0,12.8225806451613,0.0,2.01612903225806,0.0
Yoghurt 5% fat,5201054017036,"['en:dairies', 'en:fermented-foods', 'en:fermented-milk-products', 'en:desserts', 'en:dairy-desserts', 'en:fermented-dairy-desserts', 'en:yogurts']",0,[],[],98.0,5.0,3.6,3.0,,9.0,0.1
Yes valley organic keffir,5036589255093,"['en:beverages', 'en:dairies', 'en:fermented-foods', 'en:fermented-milk-products', 'en:desserts', 'en:dairy-desserts', 'en:dairy-drinks', 'en:fermented-dairy-desserts', 'en:fermented-drinks', 'en:yogurts', 'en:fermented-milk-drinks', 'en:kefir']",0,[],[],60.0,1.6,1.0,6.9,,3.5,0.128
Chocolate protein pudding,3023290038918,"['en:dairies', 'en:fermented-foods', 'en:fermented-milk-products', 'en:desserts', 'en:dairy-desserts', 'en:fermented-dairy-desserts', 'en:puddings', 'en:yogurts']",2,[],"['en:e440', 'en:e955']",75.7,0.357,0.214,4.64,,10.0,0.134
Fat Free Greek Yogurt,5052449330625,"['en:dairies', 'en:fermented-foods', 'en:fermented-milk-products', 'en:desserts', 'en:dairy-desserts', 'en:fermented-dairy-desserts', 'en:yogurts', 'en:greek-style-yogurts', 'en:low-fat-yogurts']",0,[],[],66.0,0.5,0.1,8.0,0.5,7.0,0.16
Protein Salted Caramel,6413300024357,"['en:dairies', 'en:fermented-foods', 'en:fermented-milk-products', 'en:desserts', 'en:dairy-desserts', 'en:fermented-dairy-desserts', 'en:yogurts', 'en:cow-milk-yogurts']",0,[],[],78.0,0.6,0.4,6.8,,10.0,0.198
Suckies,5056138201869,"['en:beverages-and-beverages-preparations', 'en:beverages', 'en:dairies', 'en:fermented-foods', 'en:fermented-milk-products', 'en:desserts', 'en:dairy-desserts', 'en:dairy-drinks', 'en:fermented-dairy-desserts', 'en:fermented-drinks', 'en:fermented-milk-drinks', 'en:yogurts', 'en:yogurt-drinks', 'en:cow-milk-yogurts']",0,[],[],78.0,2.7,1.9,8.0,,3.7,0.09
raspberry,5060337221986,"['en:dairies', 'en:fermented-foods', 'en:fermented-milk-products', 'en:desserts', 'en:dairy-desserts', 'en:fermented-dairy-desserts', 'en:yogurts']",1,[],['en:e440'],76.0,1.8,1.2,6.9,,5.4,0.18
Actimel 0% de mg 100 g x 8 original,3033491214509,"['en:beverages-and-beverages-preparations', 'en:beverages', 'en:dairies', 'en:fermented-foods', 'en:fermented-milk-products', 'en:desserts', 'en:dairy-desserts', 'en:dairy-drinks', 'en:fermented-dairy-desserts', 'en:fermented-drinks', 'en:fermented-milk-drinks', 'en:yogurts', 'en:yogurt-drinks']",3,[],"['en:e440', 'en:e950', 'en:e955']",28.0,0.1,0.03,3.3,0.0,2.8,0.1
YAOURT CHEVRE BIO,3273220540855,"['en:dairies', 'en:fermented-foods', 'en:fermented-milk-products', 'en:desserts', 'en:dairy-desserts', 'en:fermented-dairy-desserts', 'en:fresh-foods', 'en:yogurts', 'en:plain-fermented-dairy-desserts', 'en:plain-yogurts', 'en:goat-milk-yogurts', 'en:plain-goat-yogurts']",0,[],[],77.0,4.9,3.8,3.5,,4.6,0.07
Yaourt brassé fruits mixes,20378240,"['en:dairies', 'en:fermented-foods', 'en:fermented-milk-products', 'en:desserts', 'en:dairy-desserts', 'en:fermented-dairy-desserts', 'en:fermented-dairy-desserts-with-fruits', 'en:yogurts', 'en:fruit-yogurts', 'en:stirred-yogurts', 'en:fruit-stirred-yogurts']",3,[],"['en:e14xx', 'en:e330', 'en:e331']",89.0,2.9,1.9,12.0,,3.0,0.11
Yaourt nature 4x125g,3256224221302,"['en:dairies', 'en:fermented-foods', 'en:fermented-milk-products', 'en:desserts', 'en:dairy-desserts', 'en:fermented-dairy-desserts', 'en:yogurts', 'en:plain-fermented-dairy-desserts', 'en:plain-yogurts']",0,[],[],43.0,1.0,0.7,4.7,0.0,3.8,0.12
Actimel gout fraise 100 g x 12,3033491213199,"['en:beverages-and-beverages-preparations', 'en:beverages', 'en:dairies', 'en:fermented-foods', 'en:fermented-milk-products', 'en:desserts', 'en:dairy-desserts', 'en:dairy-drinks', 'en:fermented-dairy-desserts', 'en:fermented-drinks', 'en:fermented-milk-drinks', 'en:yogurts', 'en:yogurt-drinks', 'en:milk-drinks-fermented-with-l-casei']",3,[],"['en:e1442', 'en:e14xx', 'en:e331']",75.0,1.5,1.0,11.6,0.3,2.7,0.1
Sahnejoghurt Griechischer Art,20917937,"['en:dairies', 'en:fermented-foods', 'en:fermented-milk-products', 'en:desserts', 'en:dairy-desserts', 'en:fermented-dairy-desserts', 'en:yogurts', 'de:sahnejoghurt']",0,[],[],121.0,10.0,6.6,3.2,,4.6,0.0975
Natural,20248321,"['en:dairies', 'en:fermented-foods', 'en:fermented-milk-products', 'en:desserts', 'en:dairy-desserts', 'en:fermented-dairy-desserts', 'en:yogurts', 'en:plain-fermented-dairy-desserts', 'en:plain-yogurts']",0,[],[],61.0,3.5,2.5,4.0,,3.3,0.13
Brassé nature au Lait de Brebis,3273220141076,"['en:dairies', 'en:fermented-foods', 'en:fermented-milk-products', 'en:desserts', 'en:dairy-desserts', 'en:fermented-dairy-desserts', 'en:yogurts', 'en:plain-fermented-dairy-desserts', 'en:plain-yogurts', 'en:stirred-yogurts', 'fr:fromages-blancs', 'en:plain-stirred-yogurts', 'en:sheep-milk-yogurts', 'fr:fromages-blancs-au-lait-de-brebis']",0,[],[],98.0,6.7,4.3,4.2,,5.3,0.11
"Iaurt grecesc olympus, Low Fat 2 %",5941875900413,"['en:dairies', 'en:fermented-foods', 'en:fermented-milk-products', 'en:desserts', 'en:dairy-desserts', 'en:fermented-dairy-desserts', 'en:yogurts', 'en:greek-style-yogurts']",0,[],[],65.0,2.0,1.2,3.8,,8.0,0.0005
Bífidus 0% con frutos silvestres,8480000213303,"['en:dairies', 'en:fermented-foods', 'en:fermented-milk-products', 'en:desserts', 'en:dairy-desserts', 'en:fermented-dairy-desserts', 'en:fermented-dairy-desserts-with-fruits', 'en:yogurts', 'en:fruit-yogurts', 'en:bifidus-yogurts']",2,[],"['en:e14xx', 'en:e440']",46.0,0.1,0.1,5.1,,3.8,0.0
actimel,3033491786167,"['en:beverages-and-beverages-preparations', 'en:beverages', 'en:dairies', 'en:fermented-foods', 'en:fermented-milk-products', 'en:desserts', 'en:dairy-desserts', 'en:dairy-drinks', 'en:fermented-dairy-desserts', 'en:fermented-drinks', 'en:fermented-milk-drinks', 'en:yogurts', 'en:yogurt-drinks', 'en:fermented-milk-drinks-with-sugar', 'en:milk-drinks-fermented-with-l-casei', 'en:sweetened-fermented-milk-drinks-with-l-casei']",0,[],[],72.0,1.5,1.0,10.8,0.0,3.0,0.1
kefir bianco,8034066307317,"['en:beverages-and-beverages-preparations', 'en:beverages', 'en:dairies', 'en:fermented-foods', 'en:fermented-milk-products', 'en:desserts', 'en:dairy-desserts', 'en:dairy-drinks', 'en:fermented-dairy-desserts', 'en:fermented-drinks', 'en:yogurts', 'en:fermented-milk-drinks', 'en:kefir-yogurts', 'en:kefir']",0,[],[],89.0,5.0,3.0,6.4,,4.5,0.1
Natural Yogurt,7610900230815,"['en:dairies', 'en:fermented-foods', 'en:fermented-milk-products', 'en:desserts', 'en:dairy-desserts', 'en:fermented-dairy-desserts', 'en:yogurts', 'en:plain-fermented-dairy-desserts', 'en:plain-yogurts']",0,[],[],64.0,3.5,2.2,4.7,,3.3,0.138
Fat free greek style yogurt,00316286,"['en:dairies', 'en:fermented-foods', 'en:fermented-milk-products', 'en:desserts', 'en:dairy-desserts', 'en:fermented-dairy-desserts', 'en:yogurts', 'en:greek-style-yogurts']",0,[],[],50.0,0.5,0.1,5.2,,6.4,0.1375
Organic Plain Whole Milk Yogurt w/probiotics,0052159000011,"['en:dairies', 'en:fermented-foods', 'en:fermented-milk-products', 'en:desserts', 'en:dairy-desserts', 'en:fermented-dairy-desserts', 'en:yogurts', 'en:whole-milk-yogurts']",1,[],['en:e440'],70.6,4.12,2.65,3.53,0.0,3.53,0.0809
Total 2% Milkfat,0689544083023,"['en:dairies', 'en:fermented-foods', 'en:fermented-milk-products', 'en:desserts', 'en:dairy-desserts', 'en:fermented-dairy-desserts', 'en:yogurts', 'en:greek-style-yogurts', 'en:low-fat-yogurts']",0,[],[],70.6,2.06,1.47,2.94,0.0,10.0,0.0809
kefir protein vanilla,5060337221955,"['en:beverages', 'en:dairies', 'en:fermented-foods', 'en:fermented-milk-products', 'en:desserts', 'en:dairy-desserts', 'en:dairy-drinks', 'en:fermented-dairy-desserts', 'en:fermented-drinks', 'en:yogurts', 'en:fermented-milk-drinks', 'en:kefir-yogurts']",1,[],['en:e440'],68.0,0.4,0.2,4.9,0.0,10.6,0.0975
Laktose Frei Jogurt mild,4056489628903,"['en:dairies', 'en:fermented-foods', 'en:fermented-milk-products', 'en:desserts', 'en:dairy-desserts', 'en:fermented-dairy-desserts', 'en:yogurts', 'en:кисело-мляко', 'en:млечни-десерти', 'en:млечни-продукти', 'en:ферментирали-млечни-десерти', 'en:ферментирали-млечни-продукти', 'en:ферментирали-продукти']",0,[],[],70.0,3.8,2.3,4.9,0.0,4.0,0.1
Skyr fruit rouge,3329770087316,"['en:dairies', 'en:fermented-foods', 'en:fermented-milk-products', 'en:desserts', 'en:dairy-desserts', 'en:fermented-dairy-desserts', 'en:yogurts']",1,[],['en:e412'],82.0,0.5,0.1,11.0,0.0,7.8,0.12
FRU FRU,4002334115241,"['en:dairies', 'en:fermented-foods', 'en:fermented-milk-products', 'en:desserts', 'en:dairy-desserts', 'en:fermented-dairy-desserts', 'en:fermented-dairy-desserts-with-fruits', 'en:yogurts', 'en:fruit-yogurts']",5,[],"['en:e14xx', 'en:e160a', 'en:e330', 'en:e428', 'en:e440']",79.0,0.1,0.1,14.1,,3.0,0.29
Skyr pêche et mangue,3329770087286,"['en:dairies', 'en:fermented-foods', 'en:fermented-milk-products', 'en:desserts', 'en:dairy-desserts', 'en:fermented-dairy-desserts', 'en:fermented-dairy-desserts-with-fruits', 'en:yogurts', 'en:fruit-yogurts']",2,[],"['en:e14xx', 'en:e440']",82.0,0.5,0.1,11.3,,7.8,0.12
,6111250012072,"['en:beverages-and-beverages-preparations', 'en:beverages', 'en:dairies', 'en:fermented-foods', 'en:fermented-milk-products', 'en:desserts', 'en:dairy-desserts', 'en:dairy-drinks', 'en:fermented-dairy-desserts', 'en:fermented-drinks', 'en:fermented-milk-drinks', 'en:yogurts', 'en:yogurt-drinks', 'en:flavoured-yogurt-drinks', 'en:flavoured-drinkable-yogurts-with-sugar', 'en:fruit-flavoured-yogurt-drinks', 'en:strawberry-yogurt-drinks', 'en:yogurt-drinks-with-sugar']",0,[],[],72.0,1.1,0.7,9.2,0.0,2.3,0.0
Vache à boire vanille de Madagascar,3760122960749,"['en:beverages-and-beverages-preparations', 'en:beverages', 'en:dairies', 'en:fermented-foods', 'en:fermented-milk-products', 'en:desserts', 'en:dairy-desserts', 'en:dairy-drinks', 'en:fermented-dairy-desserts', 'en:fresh-foods', 'en:fermented-drinks', 'en:yogurts', 'en:fermented-milk-drinks', 'en:unsweetened-beverages', 'en:drinkable-yogurts', 'en:vanilla-yogurt-drinks']",0,[],[],67.0,1.3,0.9,8.9,0.5,3.0,0.08
Danoino aux fruits fraise framboise abricot 50 g x 6,3033491225253,"['en:dairies', 'en:fermented-foods', 'en:fermented-milk-products', 'en:cheeses', 'en:desserts', 'en:dairy-desserts', 'en:fermented-dairy-desserts', 'en:fermented-dairy-desserts-with-fruits', 'en:fromages-blancs-petit-suisses-and-skyr', 'en:yogurts', 'en:fruit-yogurts', 'en:quarks', 'fr:fromages-blancs', 'en:cream-cheeses']",5,[],"['en:e1422', 'en:e1442', 'en:e14xx', 'en:e330', 'en:e412']",102.0,2.9,2.0,12.1,,6.4,0.08
Gervita fraise melba 100 g x 4,3033490192037,"['en:dairies', 'en:fermented-foods', 'en:fermented-milk-products', 'en:cheeses', 'en:desserts', 'en:dairy-desserts', 'en:fermented-dairy-desserts', 'en:fermented-dairy-desserts-with-fruits', 'en:fromages-blancs-petit-suisses-and-skyr', 'en:yogurts', 'en:fruit-yogurts', 'en:sweet-mousses', 'en:quarks', 'fr:fromages-blancs', 'en:cream-cheeses', 'en:fromages-blancs-with-fruits']",11,[],"['en:e120', 'en:e1422', 'en:e14xx', 'en:e160a', 'en:e160ai', 'en:e330', 'en:e331', 'en:e333', 'en:e412', 'en:e428', 'en:e440']",153.0,8.3,5.8,14.5,,4.4,0.11
Yaos Le Yaourt à la Greque Pulpe de Citron,3023290032022,"['en:dairies', 'en:fermented-foods', 'en:fermented-milk-products', 'en:desserts', 'en:dairy-desserts', 'en:fermented-dairy-desserts', 'en:fermented-dairy-desserts-with-fruits', 'en:yogurts', 'en:fruit-yogurts', 'en:greek-style-yogurts', 'en:lemon-yogurts']",1,[],['en:e412'],135.0,6.9,4.6,14.2,0.1,2.6,0.1
Oikos yogur griego natural,8410500021870,"['en:dairies', 'en:fermented-foods', 'en:fermented-milk-products', 'en:desserts', 'en:dairy-desserts', 'en:fermented-dairy-desserts', 'en:yogurts', 'en:plain-fermented-dairy-desserts', 'en:plain-yogurts', 'en:greek-style-yogurts']",0,[],[],122.0,10.0,6.3,4.1,,3.2,0.0975
Yop parfum fraise banane,3329770063334,"['en:beverages-and-beverages-preparations', 'en:beverages', 'en:dairies', 'en:fermented-foods', 'en:fermented-milk-products', 'en:desserts', 'en:dairy-desserts', 'en:dairy-drinks', 'en:fermented-dairy-desserts', 'en:fermented-drinks', 'en:fermented-dairy-desserts-with-fruits', 'en:fermented-milk-drinks', 'en:yogurts', 'en:yogurt-drinks', 'en:flavoured-drinkable-yogurts-with-sugar']",0,[],[],65.0,0.8,0.5,10.6,,3.0,0.12
Yogur natural ecológico,29007905,"['en:dairies', 'en:fermented-foods', 'en:fermented-milk-products', 'en:desserts', 'en:dairy-desserts', 'en:fermented-dairy-desserts', 'en:yogurts', 'en:plain-fermented-dairy-desserts', 'en:plain-yogurts']",0,[],[],75.0,3.8,2.4,4.7,,5.0,0.15
,8713108000811,"['en:beverages-and-beverages-preparations', 'en:beverages', 'en:dairies', 'en:fermented-foods', 'en:fermented-milk-products', 'en:desserts', 'en:dairy-desserts', 'en:frozen-foods', 'en:dairy-drinks', 'en:fermented-dairy-desserts', 'en:fermented-drinks', 'en:fermented-milk-drinks', 'en:yogurts', 'en:yogurt-drinks', 'en:fermented-milk-drinks-with-sugar', 'en:milk-drinks-fermented-with-l-casei']",0,[],[],66.0,0.0,0.0,13.6,0.0,1.3,0.04
Perle de lait,3329770080737,"['en:dairies', 'en:fermented-foods', 'en:fermented-milk-products', 'en:desserts', 'en:dairy-desserts', 'en:fermented-dairy-desserts', 'en:yogurts', 'en:plain-fermented-dairy-desserts', 'fr:specialites-laitieres', 'fr:specialites-laitieres-nature-non-sucrees']",1,[],['en:e14xx'],111.0,8.9,5.9,2.8,,3.2,0.13
FAGE TOTAL,5201054017135,"['en:dairies', 'en:fermented-foods', 'en:fermented-milk-products', 'en:desserts', 'en:dairy-desserts', 'en:fermented-dairy-desserts', 'en:yogurts', 'en:greek-style-yogurts']",0,[],[],93.0,5.0,3.6,3.0,0.1,9.0,0.1
Munch Bunch Fromage Frais Strawberry Vanilla,3023290453674,"['en:dairies', 'en:fermented-foods', 'en:fermented-milk-products', 'en:desserts', 'en:dairy-desserts', 'en:fermented-dairy-desserts', 'en:fermented-dairy-desserts-with-fruits', 'en:yogurts', 'en:fruit-yogurts']",7,[],"['en:e120', 'en:e150a', 'en:e330', 'en:e331', 'en:e410', 'en:e412', 'en:e415']",92.9,2.71,1.76,10.7,,5.06,0.265
Lindhals Pro,3023290041703,"['en:dairies', 'en:fermented-foods', 'en:fermented-milk-products', 'en:desserts', 'en:dairy-desserts', 'en:fermented-dairy-desserts', 'en:yogurts', 'en:quarks']",5,[],"['en:e100', 'en:e160a', 'en:e330', 'en:e950', 'en:e951']",61.3,0.2,0.133,2.73,,12.0,0.0983
"Skyr Passion Fruit, Mango & Papaya",5025840004761,"['en:beverages', 'en:dairies', 'en:fermented-foods', 'en:fermented-milk-products', 'en:desserts', 'en:dairy-desserts', 'en:dairy-drinks', 'en:fermented-dairy-desserts', 'en:fermented-drinks', 'en:yogurts', 'en:fermented-milk-drinks', 'en:drinkable-yogurts']",0,[],[],87.0,0.4,0.2,7.2,,10.3,0.0975
Yougurt,5060360506388,"['en:dairies', 'en:fermented-foods', 'en:fermented-milk-products', 'en:desserts', 'en:dairy-desserts', 'en:fermented-dairy-desserts', 'en:fermented-dairy-desserts-with-fruits', 'en:yogurts', 'en:fruit-yogurts', 'en:bifidus-yogurts', 'en:fruit-bifidus-yogurts']",5,[],"['en:e270', 'en:e407', 'en:e440', 'en:e950', 'en:e955']",47.8,0.087,0.087,6.61,0.609,4.61,0.0
Greek style coconut yoghurt,4088600155869,"['en:dairies', 'en:fermented-foods', 'en:fermented-milk-products', 'en:desserts', 'en:dairy-desserts', 'en:fermented-dairy-desserts', 'en:yogurts', 'en:greek-style-yogurts']",0,[],[],146.0,9.8,5.1,10.0,0.5,3.5,0.11
Little Yeos Organic,5036589254553,"['en:dairies', 'en:fermented-foods', 'en:fermented-milk-products', 'en:desserts', 'en:dairy-desserts', 'en:fermented-dairy-desserts', 'en:fermented-dairy-desserts-with-fruits', 'en:yogurts', 'en:fruit-yogurts', 'en:cow-milk-yogurts']",0,[],[],84.0,4.3,2.9,6.2,,3.9,0.09
Little Yeos Oganic Fromage Frais,5036589206118,"['en:dairies', 'en:fermented-foods', 'en:fermented-milk-products', 'en:desserts', 'en:dairy-desserts', 'en:fermented-dairy-desserts', 'en:yogurts', 'fr:fromages-blancs', 'en:fromage-frais']",0,[],[],96.0,4.4,2.9,8.2,,4.0,0.11
Passion Fruit & Papaya Protein Yoghurt,6413300018332,"['en:dairies', 'en:fermented-foods', 'en:fermented-milk-products', 'en:desserts', 'en:dairy-desserts', 'en:fermented-dairy-desserts', 'en:fermented-dairy-desserts-with-fruits', 'en:yogurts', 'en:fruit-yogurts', 'en:yogurts-high-in-protein-on-a-fruit-layer']",3,[],"['en:e331', 'en:e440', 'en:e960']",72.0,0.2,0.1,6.3,,10.0,0.128
Yaourt grec nature 10%MG 1kg,3256229807419,"['en:dairies', 'en:fermented-foods', 'en:fermented-milk-products', 'en:desserts', 'en:dairy-desserts', 'en:fermented-dairy-desserts', 'en:yogurts', 'en:plain-fermented-dairy-desserts', 'en:plain-yogurts', 'en:greek-style-yogurts', 'fr:yaourt-grec']",0,[],[],129.0,10.0,7.1,4.0,0.5,5.6,0.16
HiPRO Saveur Vanille-Cookie,0034361485763,"['en:beverages-and-beverages-preparations', 'en:beverages', 'en:dairies', 'en:fermented-foods', 'en:fermented-milk-products', 'en:desserts', 'en:dairy-desserts', 'en:dairy-drinks', 'en:fermented-dairy-desserts', 'en:fermented-drinks', 'en:yogurts', 'en:fermented-milk-drinks', 'en:drinkable-yogurts', 'en:vanilla-yogurt-drinks']",6,[],"['en:e14xx', 'en:e270', 'en:e331', 'en:e440', 'en:e950', 'en:e955']",58.0,0.4,0.3,5.1,,8.3,0.17
Dost Up Yaourt à Boire Arôme de Fraise,6111250472791,"['en:beverages-and-beverages-preparations', 'en:beverages', 'en:dairies', 'en:fermented-foods', 'en:fermented-milk-products', 'en:desserts', 'en:dairy-desserts', 'en:dairy-drinks', 'en:fermented-dairy-desserts', 'en:fermented-drinks', 'en:fermented-milk-drinks', 'en:yogurts', 'en:yogurt-drinks']",0,[],[],75.0,14.2,0.0,14.0,,1.8,0.0
6111126004347,6111126004347,"['en:dairies', 'en:fermented-foods', 'en:fermented-milk-products', 'en:desserts', 'en:dairy-desserts', 'en:fermented-dairy-desserts', 'en:fermented-dairy-desserts-with-fruits', 'en:yogurts', 'en:fruit-yogurts']",0,[],[],90.9,2.9,2.0,9.0,0.0,3.2,0.16
Yaourt gourmand 6 variétés,3456770005382,"['en:dairies', 'en:fermented-foods', 'en:fermented-milk-products', 'en:desserts', 'en:dairy-desserts', 'en:fermented-dairy-desserts', 'en:fermented-dairy-desserts-with-fruits', 'en:yogurts', 'en:fruit-yogurts', 'en:stirred-yogurts', 'en:sweetened-yogurts', 'en:fruit-stirred-yogurts']",1,[],['en:e407'],93.0,2.5,1.6,13.2,0.4,3.4,0.15
Yaourt Nature,3270190021438,"['en:dairies', 'en:fermented-foods', 'en:fermented-milk-products', 'en:desserts', 'en:dairy-desserts', 'en:fermented-dairy-desserts', 'en:yogurts', 'en:plain-fermented-dairy-desserts', 'en:plain-yogurts']",0,[],[],43.0,1.0,0.7,4.8,,3.7,0.13
Yaourt bio sucré à la poire,3661344155114,"['en:dairies', 'en:fermented-foods', 'en:fermented-milk-products', 'en:desserts', 'en:dairy-desserts', 'en:fermented-dairy-desserts', 'en:fermented-dairy-desserts-with-fruits', 'en:yogurts', 'en:fruit-yogurts', 'en:stirred-yogurts', 'en:sweetened-yogurts', 'en:fruit-stirred-yogurts', 'en:pear-yogurts']",0,[],[],90.0,2.7,1.9,12.5,,3.6,0.14
Bifidus* nature,3245412058776,"['en:dairies', 'en:fermented-foods', 'en:fermented-milk-products', 'en:desserts', 'en:dairy-desserts', 'en:fermented-dairy-desserts', 'en:yogurts', 'en:plain-fermented-dairy-desserts', 'en:plain-yogurts', 'en:bifidus-yogurts', 'en:plain-bifidus-yogurts']",0,[],[],63.0,3.5,2.1,4.1,,3.7,0.1
Proteínas Sabor Tropical,8480000213785,"['en:beverages-and-beverages-preparations', 'en:beverages', 'en:dairies', 'en:fermented-foods', 'en:fermented-milk-products', 'en:desserts', 'en:dairy-desserts', 'en:dairy-drinks', 'en:fermented-dairy-desserts', 'en:fermented-drinks', 'en:fermented-milk-drinks', 'en:yogurts', 'en:flavoured-fermented-dairy-desserts', 'en:flavoured-yogurts']",2,[],"['en:e14xx', 'en:e440']",51.0,0.4,0.2,4.3,,7.1,0.14
GREEK STYLE All Natural Yogurt,9300658228537,"['en:dairies', 'en:fermented-foods', 'en:fermented-milk-products', 'en:desserts', 'en:dairy-desserts', 'en:fermented-dairy-desserts', 'en:yogurts', 'en:greek-style-yogurts']",0,[],[],119.0,9.44,6.24,4.8,,4.24,0.142
Organic Greek Style Set Natural Bio-Live Yogurt,5021638100097,"['en:dairies', 'en:fermented-foods', 'en:fermented-milk-products', 'en:desserts', 'en:dairy-desserts', 'en:fermented-dairy-desserts', 'en:yogurts', 'en:greek-style-yogurts']",0,[],[],116.0,9.0,5.6,5.0,,3.6,0.1
Bonne Maman Yoghurt Rubarb and Strawberry,3608580023807,"['en:dairies', 'en:fermented-foods', 'en:fermented-milk-products', 'en:desserts', 'en:dairy-desserts', 'en:fermented-dairy-desserts', 'en:fermented-dairy-desserts-with-fruits', 'en:yogurts', 'en:fruit-yogurts']",0,[],[],97.0,3.8,2.31,11.74,,3.16,0.1
Organic strawberry yoghurt,5036589255734,"['en:dairies', 'en:fermented-foods', 'en:fermented-milk-products', 'en:desserts', 'en:dairy-desserts', 'en:fermented-dairy-desserts', 'en:yogurts', 'en:cow-milk-yogurts']",0,[],[],86.4,3.45,2.27,9.0,,4.09,0.341
Natural Yogurt,5059697775628,"['en:dairies', 'en:fermented-foods', 'en:fermented-milk-products', 'en:desserts', 'en:dairy-desserts', 'en:fermented-dairy-desserts', 'en:yogurts']",0,[],[],83.0,3.8,2.6,5.9,0.4,5.2,0.1375
Perly max Fromage frais Nature,6111242109483,"['en:dairies', 'en:fermented-foods', 'en:fermented-milk-products', 'en:cheeses', 'en:desserts', 'en:dairy-desserts', 'en:fermented-dairy-desserts', 'en:yogurts', 'en:plain-fermented-dairy-desserts', 'en:plain-yogurts']",0,[],[],117.0,8.0,5.0,0.0,,8.0,0.0
,4056489814764,"['en:dairies', 'en:fermented-foods', 'en:fermented-milk-products', 'en:desserts', 'en:dairy-desserts', 'en:frozen-foods', 'en:fermented-dairy-desserts', 'en:yogurts']",3,[],"['en:e14xx', 'en:e950', 'en:e955']",51.0,0.4,0.3,3.5,0.5,7.4,0.1
High Protein Strawberry Yogurt,4056489710837,"['en:dairies', 'en:fermented-foods', 'en:fermented-milk-products', 'en:desserts', 'en:dairy-desserts', 'en:fermented-dairy-desserts', 'en:fermented-dairy-desserts-with-fruits', 'en:yogurts', 'en:fruit-yogurts', 'en:yogurts-high-in-protein-on-a-fruit-layer']",1,[],['en:e330'],83.0,0.4,0.2,5.3,0.0,12.4,0.0975
Activia bífidus natural desnatado 0%,8410500002961,"['en:dairies', 'en:fermented-foods', 'en:fermented-milk-products', 'en:desserts', 'en:dairy-desserts', 'en:fermented-dairy-desserts', 'en:yogurts', 'en:plain-fermented-dairy-desserts', 'en:bifidus-yogurts', 'en:plain-bifidus-yogurts']",0,[],[],42.0,0.4,0.2,5.0,0.0,4.0,0.15
Yaourt Grec au lait de vache,3700286924416,"['en:dairies', 'en:fermented-foods', 'en:fermented-milk-products', 'en:desserts', 'en:dairy-desserts', 'en:fermented-dairy-desserts', 'en:yogurts', 'en:greek-style-yogurts']",0,[],[],132.0,10.0,6.5,3.5,0.0,7.0,0.11
Actimel nature sans sucres ajoutes 100 g x 6,3033491460845,"['en:beverages-and-beverages-preparations', 'en:beverages', 'en:dairies', 'en:fermented-foods', 'en:fermented-milk-products', 'en:desserts', 'en:dairy-desserts', 'en:dairy-drinks', 'en:fermented-dairy-desserts', 'en:fermented-drinks', 'en:fermented-milk-drinks', 'en:yogurts', 'en:yogurt-drinks']",0,[],[],45.0,1.6,0.9,4.0,0.0,3.6,0.13
Yaourts nature 12x125g,3256224221203,"['en:dairies', 'en:fermented-foods', 'en:fermented-milk-products', 'en:desserts', 'en:dairy-desserts', 'en:fermented-dairy-desserts', 'en:yogurts', 'en:plain-fermented-dairy-desserts', 'en:plain-yogurts']",0,[],[],43.0,1.0,0.7,4.7,0.0,3.8,0.12
Cuidacol natural,8480000220011,"['en:beverages-and-beverages-preparations', 'en:beverages', 'en:dairies', 'en:fermented-foods', 'en:fermented-milk-products', 'en:desserts', 'en:dairy-desserts', 'en:dairy-drinks', 'en:fermented-dairy-desserts', 'en:fermented-drinks', 'en:fermented-milk-drinks', 'en:yogurts', 'en:yogurt-drinks']",4,[],"['en:e200', 'en:e440', 'en:e950', 'en:e955']",47.0,1.4,0.8,0.5,,3.3,0.13
,8480000206404,"['en:beverages-and-beverages-preparations', 'en:beverages', 'en:dairies', 'en:fermented-foods', 'en:fermented-milk-products', 'en:desserts', 'en:dairy-desserts', 'en:dairy-drinks', 'en:fermented-dairy-desserts', 'en:fermented-drinks', 'en:fermented-dairy-desserts-with-fruits', 'en:fermented-milk-drinks', 'en:yogurts', 'en:fruit-yogurts', 'en:yogurt-drinks', 'en:milk-drinks-fermented-with-l-casei']",4,[],"['en:e100', 'en:e120', 'en:e14xx', 'en:e161b']",65.0,1.5,1.1,10.1,,2.4,0.21
yaourts nature,26022413,"['en:dairies', 'en:fermented-foods', 'en:fermented-milk-products', 'en:desserts', 'en:dairy-desserts', 'en:frozen-foods', 'en:fermented-dairy-desserts', 'en:yogurts', 'en:plain-fermented-dairy-desserts', 'en:plain-yogurts']",0,[],[],63.0,3.4,2.1,4.1,,3.9,0.1
Chocolate & Topping with Protein,4002971247503,"['en:dairies', 'en:fermented-foods', 'en:fermented-milk-products', 'en:desserts', 'en:dairy-desserts', 'en:fermented-dairy-desserts', 'en:puddings', 'en:yogurts', 'en:chocolate-desserts', 'en:chocolate-chunks-yogurts']",7,[],"['en:e14xx', 'en:e407', 'en:e428', 'en:e466', 'en:e472b', 'en:e950', 'en:e955']",82.0,2.4,1.6,4.0,,10.0,0.1175
skyr,27001271,"['en:dairies', 'en:fermented-foods', 'en:fermented-milk-products', 'en:desserts', 'en:dairy-desserts', 'en:fermented-dairy-desserts', 'en:yogurts']",3,[],"['en:e440', 'en:e950', 'en:e955']",47.0,0.2,0.2,3.0,0.0,8.0,0.1
Yaourt Style Greek 0%Fat,00972512,"['en:dairies', 'en:fermented-foods', 'en:fermented-milk-products', 'en:desserts', 'en:dairy-desserts', 'en:fermented-dairy-desserts', 'en:yogurts', 'en:greek-style-yogurts']",0,[],[],64.0,0.4,0.1,8.0,0.5,7.0,0.1775
Total 5% Milkfat,0689544083009,"['en:dairies', 'en:fermented-foods', 'en:fermented-milk-products', 'en:desserts', 'en:dairy-desserts', 'en:fermented-dairy-desserts', 'en:yogurts', 'en:greek-style-yogurts']",0,[],[],94.1,5.29,3.53,2.94,0.0,8.82,0.0882
Multifruit x 8,5016769993724,"['en:beverages-and-beverages-preparations', 'en:beverages', 'en:dairies', 'en:fermented-foods', 'en:fermented-milk-products', 'en:desserts', 'en:dairy-desserts', 'en:dairy-drinks', 'en:fermented-dairy-desserts', 'en:fermented-drinks', 'en:fermented-milk-drinks', 'en:yogurts', 'en:yogurt-drinks']",1,[],['en:e440'],79.0,1.5,1.0,13.0,0.0,2.8,0.1
Fat Free Natural Yogurt,5035251000146,"['en:dairies', 'en:fermented-foods', 'en:fermented-milk-products', 'en:desserts', 'en:dairy-desserts', 'en:fermented-dairy-desserts', 'en:yogurts']",0,[],[],48.0,0.1,0.05,4.0,0.5,5.03,0.18
Oganic Greek Recipe Strained Natural Yoghurt,5036589253556,"['en:dairies', 'en:fermented-foods', 'en:fermented-milk-products', 'en:desserts', 'en:dairy-desserts', 'en:fermented-dairy-desserts', 'en:yogurts', 'en:cow-milk-yogurts', 'en:greek-style-yogurts']",0,[],[],95.0,5.0,3.4,3.5,0.0,9.0,0.0875
FRUFRU,4002334115234,"['en:dairies', 'en:fermented-foods', 'en:fermented-milk-products', 'en:desserts', 'en:dairy-desserts', 'en:fermented-dairy-desserts', 'en:fermented-dairy-desserts-with-fruits', 'en:yogurts', 'en:fruit-yogurts']",0,[],[],78.0,0.1,0.1,14.1,,3.0,0.1
High Protrein Quark-Joghurt Creme kirsche,4056489814771,"['en:dairies', 'en:fermented-foods', 'en:fermented-milk-products', 'en:desserts', 'en:dairy-desserts', 'en:fermented-dairy-desserts', 'en:yogurts']",3,[],"['en:e14xx', 'en:e950', 'en:e955']",52.0,0.2,0.1,4.0,,7.5,0.00075
"High Protein Passion Fruit, Mango & Papaya",4056489710851,"['en:dairies', 'en:fermented-foods', 'en:fermented-milk-products', 'en:desserts', 'en:dairy-desserts', 'en:fermented-dairy-desserts', 'en:yogurts', 'en:cow-milk-yogurts']",0,[],[],88.0,0.4,0.3,6.3,0.5,12.4,0.06
Le yaourt nature,3023290234860,"['en:dairies', 'en:fermented-foods', 'en:fermented-milk-products', 'en:desserts', 'en:dairy-desserts', 'en:fermented-dairy-desserts', 'en:yogurts', 'en:plain-fermented-dairy-desserts', 'en:plain-yogurts', 'en:whole-milk-yogurts']",0,[],[],66.0,3.8,2.5,3.7,0.0,3.2,0.13
yaourt gourmand noix de coco,3456770316105,"['en:dairies', 'en:fermented-foods', 'en:fermented-milk-products', 'en:desserts', 'en:dairy-desserts', 'en:fermented-dairy-desserts', 'en:fermented-dairy-desserts-with-fruits', 'en:yogurts', 'en:fruit-yogurts', 'en:refrigerated-foods', 'en:stirred-yogurts', 'en:sweetened-yogurts', 'en:coconut-yogurts', 'en:fruit-stirred-yogurts', 'en:whole-milk-yogurts']",1,[],['en:e407'],88.7,4.93,3.47,8.93,0.133,2.0,0.0833
Yaourt nature sucré,3329770052024,"['en:dairies', 'en:fermented-foods', 'en:fermented-milk-products', 'en:desserts', 'en:dairy-desserts', 'en:fermented-dairy-desserts', 'en:yogurts', 'en:plain-fermented-dairy-desserts', 'en:plain-yogurts', 'en:sweetened-yogurts', 'en:plain-yogurt-with-sugar', 'en:whole-milk-yogurts']",0,[],[],88.0,3.2,2.1,10.8,0.1,3.0,0.12
Yaourt nature 0%,20442842,"['en:dairies', 'en:fermented-foods', 'en:fermented-milk-products', 'en:desserts', 'en:dairy-desserts', 'en:fermented-dairy-desserts', 'en:yogurts', 'en:plain-fermented-dairy-desserts', 'en:plain-yogurts', 'en:low-fat-yogurts']",0,[],[],36.0,0.1,0.0,4.5,0.0,4.3,0.13
Frulos,3329770052017,"['en:dairies', 'en:fermented-foods', 'en:fermented-milk-products', 'en:desserts', 'en:dairy-desserts', 'en:fermented-dairy-desserts', 'en:fresh-foods', 'en:yogurts', 'en:flavoured-fermented-dairy-desserts', 'en:sweetened-yogurts', 'en:flavoured-yogurts']",0,[],[],75.0,0.9,0.6,12.1,0.1,3.4,0.13
Yogur Natural Griego,20562847,"['en:dairies', 'en:fermented-foods', 'en:fermented-milk-products', 'en:desserts', 'en:dairy-desserts', 'en:fermented-dairy-desserts', 'en:yogurts', 'en:plain-fermented-dairy-desserts', 'en:plain-yogurts', 'en:greek-style-yogurts']",0,[],[],101.0,8.0,5.3,4.2,,3.1,0.13
Yogur con melocotón y maracuyá,8480000203793,"['en:dairies', 'en:fermented-foods', 'en:fermented-milk-products', 'en:desserts', 'en:dairy-desserts', 'en:fermented-dairy-desserts', 'en:fermented-dairy-desserts-with-fruits', 'en:yogurts', 'en:fruit-yogurts', 'en:peach-yogurts']",3,[],"['en:e161b', 'en:e202', 'en:e407']",96.0,3.2,2.2,12.7,,3.6,0.1
HIPRO Saveur Vanille,3033491601910,"['en:beverages-and-beverages-preparations', 'en:beverages', 'en:dairies', 'en:fermented-foods', 'en:fermented-milk-products', 'en:desserts', 'en:dairy-desserts', 'en:dairy-drinks', 'en:fermented-dairy-desserts', 'en:fermented-drinks', 'en:fermented-milk-drinks', 'en:yogurts', 'en:yogurt-drinks', 'en:flavoured-yogurt-drinks']",5,[],"['en:e339', 'en:e418', 'en:e452', 'en:e466', 'en:e955']",51.0,0.1,0.03,4.9,,7.6,0.2
Yaourts Saveur Vanille au Lait Entier,3278699700090,"['en:dairies', 'en:fermented-foods', 'en:fermented-milk-products', 'en:desserts', 'en:dairy-desserts', 'en:fermented-dairy-desserts', 'en:yogurts', 'en:flavoured-fermented-dairy-desserts', 'en:sweetened-yogurts', 'en:vanilla-yogurt', 'en:flavoured-yogurts', 'en:whole-milk-yogurts']",0,[],[],93.0,3.1,2.1,12.0,0.0,3.2,0.09
Yaourt saveur coco,3278699700106,"['en:dairies', 'en:fermented-foods', 'en:fermented-milk-products', 'en:desserts', 'en:dairy-desserts', 'en:fermented-dairy-desserts', 'en:yogurts', 'en:flavoured-fermented-dairy-desserts', 'en:sweetened-yogurts', 'en:flavoured-yogurts']",0,[],[],92.0,3.0,2.1,11.0,0.0,3.2,0.08
Yaourts entier NATURE issu de l'agriculture biologique,3596710337217,"['en:dairies', 'en:fermented-foods', 'en:fermented-milk-products', 'en:desserts', 'en:dairy-desserts', 'en:fermented-dairy-desserts', 'en:yogurts', 'en:plain-fermented-dairy-desserts', 'en:plain-yogurts', 'en:whole-milk-yogurts']",0,[],[],66.0,3.5,2.3,4.8,0.5,3.4,0.12
Bífidus natural azucadado con cereales y fresas,8480000208590,"['en:dairies', 'en:fermented-foods', 'en:fermented-milk-products', 'en:desserts', 'en:dairy-desserts', 'en:fermented-dairy-desserts', 'en:yogurts', 'en:bifidus-yogurts']",1,[],"['en:e322', 'en:e322i']",134.0,3.2,2.5,12.8,1.0,4.7,0.26
Yogur natural,24095204,"['en:dairies', 'en:fermented-foods', 'en:fermented-milk-products', 'en:desserts', 'en:dairy-desserts', 'en:fermented-dairy-desserts', 'en:yogurts', 'en:plain-fermented-dairy-desserts', 'en:plain-yogurts']",0,[],[],63.0,3.0,2.0,4.1,0.0,3.3,0.0
Iogurte Grego Natural Super Preço,5601050036541,"['en:dairies', 'en:fermented-foods', 'en:fermented-milk-products', 'en:desserts', 'en:dairy-desserts', 'en:fermented-dairy-desserts', 'en:yogurts', 'en:plain-fermented-dairy-desserts', 'en:plain-yogurts', 'en:greek-style-yogurts']",0,[],[],122.0,10.0,6.3,4.1,,3.2,0.1
Actimel Multi-Fruit,5060058331735,"['en:beverages-and-beverages-preparations', 'en:beverages', 'en:dairies', 'en:fermented-foods', 'en:fermented-milk-products', 'en:desserts', 'en:dairy-desserts', 'en:dairy-drinks', 'en:fermented-dairy-desserts', 'en:fermented-drinks', 'en:fermented-milk-drinks', 'en:yogurts', 'en:yogurt-drinks', 'en:milk-drinks-fermented-with-l-casei']",1,[],['en:e440'],76.0,1.4,1.0,11.0,1.0,2.8,0.0975
Activia Vanilla Yoghurt,5060360506265,"['en:dairies', 'en:fermented-foods', 'en:fermented-milk-products', 'en:desserts', 'en:dairy-desserts', 'en:fermented-dairy-desserts', 'en:yogurts']",4,[],"['en:e331', 'en:e407', 'en:e950', 'en:e955']",52.0,0.0,0.0,6.5,,4.9,0.17
Mix & go,0034361402807,"['en:dairies', 'en:fermented-foods', 'en:fermented-milk-products', 'en:desserts', 'en:dairy-desserts', 'en:fermented-dairy-desserts', 'en:fermented-dairy-desserts-with-fruits', 'en:yogurts', 'en:fruit-yogurts', 'en:yogurts-with-cereals', 'en:bifidus-yogurts']",0,[],[],114.0,2.6,1.0,10.7,,5.9,0.17
Tesco Lactose Free Greek Yogurt,5057753901387,"['en:dairies', 'en:fermented-foods', 'en:fermented-milk-products', 'en:desserts', 'en:dairy-desserts', 'en:fermented-dairy-desserts', 'en:yogurts', 'en:cow-milk-yogurts', 'en:greek-style-yogurts', 'en:lactose-free-yogurts']",0,[],[],132.0,9.9,6.9,3.3,0.0,6.4,0.18
Natural Yorhurt,00382052,"['en:dairies', 'en:fermented-foods', 'en:fermented-milk-products', 'en:desserts', 'en:dairy-desserts', 'en:fermented-dairy-desserts', 'en:yogurts', 'en:plain-fermented-dairy-desserts', 'en:plain-yogurts', 'en:natural-yoghurt']",0,[],[],81.0,3.8,2.5,6.6,0.5,5.1,0.18
Greek Style yogurt,5036589205425,"['en:dairies', 'en:fermented-foods', 'en:fermented-milk-products', 'en:desserts', 'en:dairy-desserts', 'en:fermented-dairy-desserts', 'en:yogurts', 'en:plain-fermented-dairy-desserts', 'en:plain-yogurts', 'en:cow-milk-yogurts', 'en:greek-style-yogurts']",0,[],[],129.0,9.7,6.3,5.3,,5.0,0.14
Low Fat Natural Yogurt,01463491,"['en:dairies', 'en:fermented-foods', 'en:fermented-milk-products', 'en:desserts', 'en:dairy-desserts', 'en:fermented-dairy-desserts', 'en:yogurts', 'en:low-fat-yogurts']",0,[],[],60.0,1.6,1.1,6.4,,4.8,0.14
Natural low fat greek yoghurt organic,01206098,"['en:dairies', 'en:fermented-foods', 'en:fermented-milk-products', 'en:desserts', 'en:dairy-desserts', 'en:fermented-dairy-desserts', 'en:yogurts', 'en:greek-style-yogurts']",0,[],[],75.0,2.7,1.7,7.1,0.0,5.6,0.198
,6111243590556,"['en:dairies', 'en:fermented-foods', 'en:fermented-milk-products', 'en:desserts', 'en:dairy-desserts', 'en:fermented-dairy-desserts', 'en:yogurts', 'en:plain-fermented-dairy-desserts', 'en:plain-yogurts']",0,[],[],74.0,2.8,0.0,0.0,,4.9,0.0
Jardine de fruits,6111242881594,"['en:dairies', 'en:fermented-foods', 'en:fermented-milk-products', 'en:desserts', 'en:dairy-desserts', 'en:fermented-dairy-desserts', 'en:fermented-dairy-desserts-with-fruits', 'en:yogurts', 'en:fruit-yogurts']",0,[],[],114.0,3.3,2.1,9.1,,3.5,0.0
Kefir Yogurt,5060337221979,"['en:beverages-and-beverages-preparations', 'en:beverages', 'en:dairies', 'en:fermented-foods', 'en:fermented-milk-products', 'en:desserts', 'en:dairy-desserts', 'en:dairy-drinks', 'en:fermented-dairy-desserts', 'en:fermented-drinks', 'en:fermented-dairy-desserts-with-fruits', 'en:fermented-milk-drinks', 'en:yogurts']",1,[],['en:e440'],76.0,1.8,1.2,6.5,,5.4,0.19
RAFII Céréales,6111242881617,"['en:dairies', 'en:fermented-foods', 'en:fermented-milk-products', 'en:desserts', 'en:dairy-desserts', 'en:fermented-dairy-desserts', 'en:yogurts']",0,[],[],114.0,3.3,2.1,9.1,1.1,3.5,0.0
0% Fat Greek Style Yoghurts,5054402717320,"['en:dairies', 'en:fermented-foods', 'en:fermented-milk-products', 'en:desserts', 'en:dairy-desserts', 'en:fermented-dairy-desserts', 'en:yogurts', 'en:greek-style-yogurts']",0,[],[],60.0,0.4,0.1,6.6,0.4,6.2,0.138
"Alpro Plant Protein, Red Berries",5411188139607,"['en:plant-based-foods-and-beverages', 'en:dairies', 'en:fermented-foods', 'en:fermented-milk-products', 'en:dairy-substitutes', 'en:desserts', 'en:dairy-desserts', 'en:non-dairy-desserts', 'en:non-dairy-fermented-foods', 'en:fermented-dairy-desserts', 'en:non-dairy-yogurts', 'en:soy-milk-yogurts', 'en:yogurts', 'en:fruit-soy-yogurts', 'en:strawberry-soy-yogurts', 'en:plant-protein']",6,[],"['en:e14xx', 'en:e330', 'en:e331', 'en:e440', 'en:e496', 'en:e516']",81.0,2.2,0.4,6.8,1.1,7.5,0.1775
,6111126005313,"['en:dairies', 'en:fermented-foods', 'en:fermented-milk-products', 'en:desserts', 'en:dairy-desserts', 'en:fermented-dairy-desserts', 'en:yogurts', 'fr:raib']",0,[],[],76.5,16.0,0.013,10.5,,2.8,0.13
Danone veloute nature 125 g x 16,3033490004576,"['en:dairies', 'en:fermented-foods', 'en:fermented-milk-products', 'en:desserts', 'en:dairy-desserts', 'en:fermented-dairy-desserts', 'en:yogurts', 'en:plain-fermented-dairy-desserts', 'en:plain-yogurts', 'en:stirred-yogurts', 'en:plain-stirred-yogurts']",0,[],[],72.0,3.5,2.4,5.7,,4.3,0.16
Danonino aux fruits fraise framboise abricot 100 g x 6,3033491225222,"['en:dairies', 'en:fermented-foods', 'en:fermented-milk-products', 'en:cheeses', 'en:desserts', 'en:dairy-desserts', 'en:fermented-dairy-desserts', 'en:yogurts', 'en:quarks', 'fr:fromages-blancs', 'en:cream-cheeses']",3,[],"['en:e1442', 'en:e14xx', 'en:e412']",93.0,2.5,1.8,10.6,,6.3,0.08
Yaourts natures,3564700007341,"['en:dairies', 'en:fermented-foods', 'en:fermented-milk-products', 'en:desserts', 'en:dairy-desserts', 'en:fermented-dairy-desserts', 'en:yogurts', 'en:plain-fermented-dairy-desserts', 'en:plain-yogurts']",0,[],[],43.0,1.0,0.6,4.5,0.0,3.9,0.1
Yaourt au lait entier saveur citron,3278692420032,"['en:dairies', 'en:fermented-foods', 'en:fermented-milk-products', 'en:desserts', 'en:dairy-desserts', 'en:fermented-dairy-desserts', 'en:yogurts', 'en:flavoured-fermented-dairy-desserts', 'en:sweetened-yogurts', 'en:flavoured-yogurts', 'en:whole-milk-yogurts']",0,[],[],93.0,3.1,2.2,12.0,,3.2,0.09
Yogur sabor fresa,8410500006105,"['en:dairies', 'en:fermented-foods', 'en:fermented-milk-products', 'en:desserts', 'en:dairy-desserts', 'en:fermented-dairy-desserts', 'en:yogurts', 'en:flavoured-fermented-dairy-desserts', 'en:cow-milk-yogurts', 'en:flavoured-yogurts']",1,[],['en:e120'],77.0,1.9,1.1,11.9,,3.0,0.11
Yogur griego fresa,8480000205049,"['en:dairies', 'en:fermented-foods', 'en:fermented-milk-products', 'en:desserts', 'en:dairy-desserts', 'en:fermented-dairy-desserts', 'en:fermented-dairy-desserts-with-fruits', 'en:yogurts', 'en:fruit-yogurts', 'en:greek-style-yogurts', 'en:strawberry-yogurts']",3,[],"['en:e120', 'en:e410', 'en:e440']",111.0,6.24,4.4,10.7,,2.64,0.088
"Petits Filou - Tub's, goût fraise, framboise et pêche",3329770080041,"['en:beverages-and-beverages-preparations', 'en:beverages', 'en:dairies', 'en:fermented-foods', 'en:fermented-milk-products', 'en:desserts', 'en:dairy-desserts', 'en:dairy-drinks', 'en:fermented-dairy-desserts', 'en:fermented-drinks', 'en:fermented-milk-drinks', 'en:yogurts', 'en:yogurt-drinks']",1,[],['en:e412'],91.0,2.7,1.8,10.8,,3.8,0.14
Bífidus Natural 0%,8480000211934,"['en:dairies', 'en:fermented-foods', 'en:fermented-milk-products', 'en:desserts', 'en:dairy-desserts', 'en:fermented-dairy-desserts', 'en:yogurts', 'en:plain-fermented-dairy-desserts', 'en:low-fat-yogurts', 'en:plain-yogurts', 'en:bifidus-yogurts', 'en:plain-low-fat-yogurts']",0,[],[],44.0,0.1,0.1,5.4,,4.5,0.16
Yogri,4061458040839,"['en:dairies', 'en:fermented-foods', 'en:fermented-milk-products', 'en:desserts', 'en:dairy-desserts', 'en:fermented-dairy-desserts', 'en:yogurts', 'en:greek-style-yogurts']",0,[],[],63.0,2.0,1.5,4.3,,6.0,0.13
Yogur al estilo Griego Natural,24081658,"['en:dairies', 'en:fermented-foods', 'en:fermented-milk-products', 'en:desserts', 'en:dairy-desserts', 'en:fermented-dairy-desserts', 'en:yogurts', 'en:plain-fermented-dairy-desserts', 'en:plain-yogurts', 'en:greek-style-yogurts']",0,[],[],52.8,2.0,1.28,3.44,,5.28,0.11
Activia fibre,5941209011921,"['en:dairies', 'en:fermented-foods', 'en:fermented-milk-products', 'en:desserts', 'en:dairy-desserts', 'en:fermented-dairy-desserts', 'en:yogurts', 'en:bifidus-yogurts']",1,[],['en:e414'],60.0,0.9,0.6,9.6,1.2,2.9,0.08
Danone delicios iaurtul,5941209006941,"['en:dairies', 'en:fermented-foods', 'en:fermented-milk-products', 'en:desserts', 'en:dairy-desserts', 'en:fermented-dairy-desserts', 'en:yogurts']",0,[],[],84.0,2.0,1.3,12.4,,3.6,0.1
Actimel Strawberry,5410146407024,"['en:beverages-and-beverages-preparations', 'en:beverages', 'en:dairies', 'en:fermented-foods', 'en:fermented-milk-products', 'en:desserts', 'en:dairy-desserts', 'en:dairy-drinks', 'en:fermented-dairy-desserts', 'en:fermented-drinks', 'en:fermented-dairy-desserts-with-fruits', 'en:fermented-milk-drinks', 'en:yogurts', 'en:fruit-yogurts', 'en:yogurt-drinks', 'en:strawberry-yogurts', 'en:sweetened-beverages']",3,[],"['en:e14xx', 'en:e330', 'en:e331']",72.0,1.4,1.0,11.0,1.0,2.8,0.0975
Turkisk Naturell Yoghurt,7392672104104,"['en:dairies', 'en:fermented-foods', 'en:fermented-milk-products', 'en:desserts', 'en:dairy-desserts', 'en:fermented-dairy-desserts', 'en:yogurts', 'en:plain-fermented-dairy-desserts', 'en:plain-yogurts', 'en:greek-style-yogurts']",0,[],[],120.0,10.0,6.5,4.5,0.0,3.2,0.1
Fat Free Greek Style Natural Yogurt,5057753913632,"['en:dairies', 'en:fermented-foods', 'en:fermented-milk-products', 'en:desserts', 'en:dairy-desserts', 'en:fermented-dairy-desserts', 'en:yogurts', 'en:greek-style-yogurts']",0,[],[],59.0,0.2,0.1,7.7,0.4,6.4,0.2
Low fat vanilla yogurt & granola,5060360503004,"['en:dairies', 'en:fermented-foods', 'en:fermented-milk-products', 'en:desserts', 'en:dairy-desserts', 'en:fermented-dairy-desserts', 'en:yogurts']",0,[],[],116.0,2.0,0.545,6.67,,5.39,0.0606
Jardin de fruits,6111242881723,"['en:dairies', 'en:fermented-foods', 'en:fermented-milk-products', 'en:desserts', 'en:dairy-desserts', 'en:fermented-dairy-desserts', 'en:fermented-dairy-desserts-with-fruits', 'en:yogurts', 'en:fruit-yogurts']",0,[],[],114.0,3.3,2.1,9.1,,3.5,0.0
RAFi,6111242881693,"['en:dairies', 'en:fermented-foods', 'en:fermented-milk-products', 'en:desserts', 'en:dairy-desserts', 'en:fermented-dairy-desserts', 'en:yogurts', 'en:greek-style-yogurts']",0,[],[],147.0,7.2,4.7,9.8,,3.4,0.0
Yaourt grec,6111242109407,"['en:dairies', 'en:fermented-foods', 'en:fermented-milk-products', 'en:desserts', 'en:dairy-desserts', 'en:fermented-dairy-desserts', 'en:yogurts', 'en:greek-style-yogurts']",0,[],[],96.0,3.5,2.5,8.0,0.0,2.1,0.0
Emprésuré caramel au beurre salé,3278690085691,"['en:dairies', 'en:fermented-foods', 'en:fermented-milk-products', 'en:desserts', 'en:dairy-desserts', 'en:fermented-dairy-desserts', 'en:yogurts', 'en:junkets', 'en:caramel-junkets']",0,[],[],103.0,1.6,0.8,17.0,0.0,5.1,0.25
Yaourt Gourmand® - Ananas Passion,3456770316143,"['en:dairies', 'en:fermented-foods', 'en:fermented-milk-products', 'en:desserts', 'en:dairy-desserts', 'en:fermented-dairy-desserts', 'en:fermented-dairy-desserts-with-fruits', 'en:yogurts', 'en:fruit-yogurts', 'en:stirred-yogurts', 'en:fruit-stirred-yogurts', 'en:pineapple-yogurts']",1,[],['en:e407'],90.0,2.4,1.6,12.9,0.2,3.4,0.11
Plaisir des Alpes Fruits de saison été,3277396010013,"['en:dairies', 'en:fermented-foods', 'en:fermented-milk-products', 'en:desserts', 'en:dairy-desserts', 'en:fermented-dairy-desserts', 'en:fermented-dairy-desserts-with-fruits', 'en:yogurts', 'en:fruit-yogurts', 'en:sweetened-yogurts']",6,[],"['en:e141', 'en:e14xx', 'en:e202', 'en:e410', 'en:e412', 'en:e440']",94.0,2.9,1.9,13.3,0.0,2.9,0.11
Yogur de granja natural,8424395141247,"['en:dairies', 'en:fermented-foods', 'en:fermented-milk-products', 'en:desserts', 'en:dairy-desserts', 'en:fermented-dairy-desserts', 'en:yogurts', 'en:plain-fermented-dairy-desserts', 'en:plain-yogurts']",0,[],[],69.9,3.3,2.2,6.0,,4.0,0.14
Yaourt lait entier,20057473,"['en:dairies', 'en:fermented-foods', 'en:fermented-milk-products', 'en:desserts', 'en:dairy-desserts', 'en:fermented-dairy-desserts', 'en:yogurts', 'en:flavoured-fermented-dairy-desserts', 'en:flavoured-yogurts', 'en:whole-milk-yogurts']",0,[],[],97.0,3.1,2.0,14.0,,3.3,0.1
Yogur Griego Natural,24008426,"['en:dairies', 'en:fermented-foods', 'en:fermented-milk-products', 'en:desserts', 'en:dairy-desserts', 'en:fermented-dairy-desserts', 'en:yogurts', 'en:greek-style-yogurts']",0,[],[],126.0,9.9,6.5,5.0,,3.6,0.1475
Light & free fraise,3033490006037,"['en:dairies', 'en:fermented-foods', 'en:fermented-milk-products', 'en:desserts', 'en:dairy-desserts', 'en:fermented-dairy-desserts', 'en:fermented-dairy-desserts-with-fruits', 'en:yogurts', 'en:fruit-yogurts', 'en:low-fat-yogurts', 'en:strawberry-yogurts', 'fr:specialites-laitieres', 'fr:specialites-laitieres-aux-fruits']",7,[],"['en:e14xx', 'en:e270', 'en:e330', 'en:e331', 'en:e407', 'en:e950', 'en:e955']",50.0,0.1,0.05,7.1,,4.7,0.18
Bífidus con mango,8480000213112,"['en:dairies', 'en:fermented-foods', 'en:fermented-milk-products', 'en:desserts', 'en:dairy-desserts', 'en:fermented-dairy-desserts', 'en:fermented-dairy-desserts-with-fruits', 'en:yogurts', 'en:fruit-yogurts', 'en:bifidus-yogurts', 'en:fruit-bifidus-yogurts']",0,[],[],85.0,2.6,1.8,11.8,,3.5,0.12
Yaourt nature sucres U,0850006000012,"['en:dairies', 'en:fermented-foods', 'en:fermented-milk-products', 'en:desserts', 'en:dairy-desserts', 'en:fermented-dairy-desserts', 'en:yogurts', 'en:plain-fermented-dairy-desserts', 'en:plain-yogurts', 'en:sweetened-yogurts', 'en:plain-yogurt-with-sugar', 'en:whole-milk-yogurts']",0,[],[],80.0,3.3,2.2,9.6,,3.0,0.1
Bífidus Natural Edulcorado Cremoso,8480000213778,"['en:dairies', 'en:fermented-foods', 'en:fermented-milk-products', 'en:desserts', 'en:dairy-desserts', 'en:fermented-dairy-desserts', 'en:yogurts', 'en:bifidus-yogurts']",1,[],['en:e955'],45.0,0.3,0.2,5.6,,4.7,0.14
Skyr Icelandic type yoghurt blueberry,5901939103099,"['en:dairies', 'en:fermented-foods', 'en:fermented-milk-products', 'en:desserts', 'en:dairy-desserts', 'en:fermented-dairy-desserts', 'en:fermented-dairy-desserts-with-fruits', 'en:yogurts', 'en:skyrs', 'en:fruit-skyrs']",0,[],[],78.0,1.5,1.1,9.0,,6.5,0.08
Yop vanille,17871110,"['en:beverages-and-beverages-preparations', 'en:beverages', 'en:dairies', 'en:fermented-foods', 'en:fermented-milk-products', 'en:desserts', 'en:dairy-desserts', 'en:dairy-drinks', 'en:fermented-dairy-desserts', 'en:fermented-drinks', 'en:fermented-milk-drinks', 'en:yogurts', 'en:yogurt-drinks']",4,[],"['en:e101', 'en:e101i', 'en:e14xx', 'en:e202', 'en:e412']",89.0,1.9,1.2,13.0,,3.3,0.13
Carrefour Sensation Skyr Nature 0% M.G.,5400101078673,"['en:dairies', 'en:fermented-foods', 'en:fermented-milk-products', 'en:desserts', 'en:dairy-desserts', 'en:fermented-dairy-desserts', 'en:fermented-dairy-desserts-with-fruits', 'en:fromages-blancs-petit-suisses-and-skyr', 'en:yogurts', 'en:fruit-yogurts', 'en:skyrs', 'fr:pls-uf-basic-jus-frais']",0,[],[],58.0,0.0,0.0,3.6,0.0,10.0,0.11
Low Fat Vanilla Yogurt & Granola,5060360502960,"['en:dairies', 'en:fermented-foods', 'en:fermented-milk-products', 'en:desserts', 'en:dairy-desserts', 'en:fermented-dairy-desserts', 'en:yogurts', 'en:vanilla-yogurt', 'en:bifidus-yogurts']",7,[],"['en:e100', 'en:e14xx', 'en:e330', 'en:e333', 'en:e412', 'en:e440', 'en:e960']",116.0,2.0,0.9,11.0,1.8,5.4,0.19
suckies raspberry,5056138201845,"['en:beverages-and-beverages-preparations', 'en:beverages', 'en:dairies', 'en:fermented-foods', 'en:fermented-milk-products', 'en:desserts', 'en:dairy-desserts', 'en:dairy-drinks', 'en:fermented-dairy-desserts', 'en:fermented-drinks', 'en:fermented-milk-drinks', 'en:yogurts', 'en:yogurt-drinks']",0,[],[],78.0,2.8,1.9,7.6,,3.8,0.1
Greek style Ginger,5021638199657,"['en:dairies', 'en:fermented-foods', 'en:fermented-milk-products', 'en:desserts', 'en:dairy-desserts', 'en:fermented-dairy-desserts', 'en:fermented-dairy-desserts-with-fruits', 'en:yogurts', 'en:fruit-yogurts', 'en:fruit-yogurts-with-fruit-chunks', 'en:greek-style-yogurts']",1,[],['en:e440'],131.0,7.3,4.5,12.9,,3.2,0.1
Greek style yogurt with vanilla,5022463450944,"['en:dairies', 'en:fermented-foods', 'en:fermented-milk-products', 'en:desserts', 'en:dairy-desserts', 'en:fermented-dairy-desserts', 'en:yogurts', 'en:vanilla-yogurt', 'en:greek-style-yogurts']",0,[],[],153.0,9.1,5.8,12.5,,5.2,0.2
Vanilla Blended Greek Yogurt,0036632019448,"['en:dairies', 'en:fermented-foods', 'en:fermented-milk-products', 'en:desserts', 'en:dairy-desserts', 'en:fermented-dairy-desserts', 'en:yogurts', 'en:vanilla-yogurt', 'en:greek-style-yogurts']",4,[],"['en:e160a', 'en:e160ai', 'en:e296', 'en:e331', 'en:e960']",58.8,0.0,0.0,3.53,0.0,10.0,0.0956
aldi protein yogurt,4088600212548,"['en:dairies', 'en:fermented-foods', 'en:fermented-milk-products', 'en:desserts', 'en:dairy-desserts', 'en:fermented-dairy-desserts', 'en:yogurts']",5,[],"['en:e330', 'en:e331', 'en:e410', 'en:e950', 'en:e955']",74.0,0.45,0.3,2.7,0.0,12.5,0.0
Greek stylr honey yogurt,4088600286976,"['en:dairies', 'en:fermented-foods', 'en:fermented-milk-products', 'en:desserts', 'en:dairy-desserts', 'en:fermented-dairy-desserts', 'en:yogurts', 'en:cow-milk-yogurts', 'en:greek-style-yogurts']",1,[],['en:e440'],135.0,7.1,4.8,12.0,0.5,3.1,0.08
KEFIR cultured lowfat milk,0017077103329,"['en:beverages', 'en:dairies', 'en:fermented-foods', 'en:fermented-milk-products', 'en:desserts', 'en:dairy-desserts', 'en:dairy-drinks', 'en:fermented-dairy-desserts', 'en:fermented-drinks', 'en:yogurts', 'en:fermented-milk-drinks']",1,[],['en:e440'],58.333333333333,0.83333333333333,0.625,7.5,0.0,4.1666666666667,0.13020833333333
Jibal yugurt à boire,6111246953181,"['en:dairies', 'en:fermented-foods', 'en:fermented-milk-products', 'en:desserts', 'en:dairy-desserts', 'en:fermented-dairy-desserts', 'en:fermented-dairy-desserts-with-fruits', 'en:yogurts', 'en:fruit-yogurts', 'en:strawberry-yogurts']",0,[],[],63.0,0.5,0.3,12.5,0.0,1.3,0.08
Safilait,6111246951958,"['en:dairies', 'en:fermented-foods', 'en:fermented-milk-products', 'en:desserts', 'en:dairy-desserts', 'en:fermented-dairy-desserts', 'en:yogurts']",0,[],[],97.0,2.7,1.8,13.0,4.0,2.7,0.1
Greek Plain Nonfat Yogurt,0078742016856,"['en:dairies', 'en:fermented-foods', 'en:fermented-milk-products', 'en:desserts', 'en:dairy-desserts', 'en:fermented-dairy-desserts', 'en:yogurts', 'en:plain-fermented-dairy-desserts', 'en:plain-yogurts', 'en:bifidus-yogurts', 'en:cow-milk-yogurts', 'en:fat-free-plain-fermented-dairy-desserts', 'en:greek-style-yogurts', 'en:plain-bifidus-yogurts', 'en:plain-greek-style-yogurts']",0,[],[],58.8,0.0,0.0,4.12,0.0,10.0,0.0735
Graham’s protein yoghurt,5025840005256,"['en:dairies', 'en:fermented-foods', 'en:fermented-milk-products', 'en:desserts', 'en:dairy-desserts', 'en:fermented-dairy-desserts', 'en:yogurts']",1,[],['en:e330'],83.0,0.5,0.2,5.3,,12.5,0.045
HIGH PROTEIN PEACH Yogurt,4056489710844,"['en:dairies', 'en:fermented-foods', 'en:fermented-milk-products', 'en:desserts', 'en:dairy-desserts', 'en:fermented-dairy-desserts', 'en:yogurts', 'en:cow-milk-yogurts']",2,[],"['en:e160a', 'en:e330']",84.0,0.4,0.2,5.5,,12.3,0.025
Yagory,6111265800558,"['en:dairies', 'en:fermented-foods', 'en:fermented-milk-products', 'en:desserts', 'en:dairy-desserts', 'en:fermented-dairy-desserts', 'en:yogurts', 'fr:albane-yougry']",0,[],[],90.0,1.2,0.8,9.5,,3.9,0.0
yaourt grec,3453190000003,"['en:dairies', 'en:fermented-foods', 'en:fermented-milk-products', 'en:desserts', 'en:dairy-desserts', 'en:fermented-dairy-desserts', 'en:yogurts', 'en:greek-style-yogurts', 'fr:laiage']",0,[],[],124.0,10.0,7.0,4.0,,6.0,0.28
Yaos Le yaourt à la Grecque à la vanille 4 x 125 g,3023290115282,"['en:dairies', 'en:fermented-foods', 'en:fermented-milk-products', 'en:desserts', 'en:dairy-desserts', 'en:fresh-foods', 'en:fermented-dairy-desserts', 'en:yogurts', 'en:stirred-yogurts', 'en:sweetened-yogurts', 'en:vanilla-yogurt', 'en:greek-style-yogurts', 'en:whole-milk-yogurts', 'en:stirred-vanilla-yogurt', 'fr:yaourts-a-la-grecque-vanille']",1,[],['en:e410'],106.0,5.52,3.68,10.8,0.08,2.08,0.08
Yaourt au lait entier nature La laitière en pots de verre,3023290234839,"['en:dairies', 'en:fermented-foods', 'en:fermented-milk-products', 'en:desserts', 'en:dairy-desserts', 'en:fermented-dairy-desserts', 'en:yogurts', 'en:plain-fermented-dairy-desserts', 'en:plain-yogurts', 'en:whole-milk-yogurts']",0,[],[],66.0,3.8,2.5,3.7,0.0,3.2,0.13
Yaourt grec,3453190000010,"['en:dairies', 'en:fermented-foods', 'en:fermented-milk-products', 'en:desserts', 'en:dairy-desserts', 'en:fermented-dairy-desserts', 'en:yogurts', 'en:greek-style-yogurts']",0,[],[],132.0,10.0,7.0,4.0,0.0,6.0,0.28
Brassés aux fruits mixés sans morceaux,3564700007266,"['en:dairies', 'en:fermented-foods', 'en:fermented-milk-products', 'en:desserts', 'en:dairy-desserts', 'en:fermented-dairy-desserts', 'en:yogurts', 'en:stirred-yogurts', 'en:fruit-stirred-yogurts', 'fr:yaourt-brasse-sucre-au-lait-entier']",0,[],[],88.0,2.9,1.9,12.0,0.5,3.3,0.1
Yaourt nature 4x125g,3256220362399,"['en:dairies', 'en:fermented-foods', 'en:fermented-milk-products', 'en:desserts', 'en:dairy-desserts', 'en:fermented-dairy-desserts', 'en:yogurts', 'en:plain-fermented-dairy-desserts', 'en:plain-yogurts', 'en:whole-milk-yogurts']",0,[],[],65.0,3.5,2.3,4.8,0.5,3.4,0.12
Yaourt étuvé bio nature 12x125g,3250390405092,"['en:dairies', 'en:fermented-foods', 'en:fermented-milk-products', 'en:desserts', 'en:dairy-desserts', 'en:fermented-dairy-desserts', 'en:fresh-foods', 'en:yogurts', 'en:plain-fermented-dairy-desserts', 'en:plain-yogurts', 'en:whole-milk-yogurts', 'fr:yaourts-et-laits-fermentes-sucres-classiques']",0,[],[],64.0,3.5,2.5,3.8,0.5,3.4,0.1
Kokos Natur vegan,4104420207448,"['en:plant-based-foods-and-beverages', 'en:dairies', 'en:fermented-foods', 'en:fermented-milk-products', 'en:dairy-substitutes', 'en:desserts', 'en:vegan-products', 'en:dairy-desserts', 'en:non-dairy-desserts', 'en:non-dairy-fermented-foods', 'en:fermented-dairy-desserts', 'en:non-dairy-yogurts', 'en:fermented-dairy-desserts-with-fruits', 'en:yogurts', 'en:fruit-yogurts', 'en:coconut-yogurts', 'en:coconutmilk-yogurts', 'de:veganer-joghurtersat']",0,[],[],95.0,7.7,7.1,0.8,0.5,0.7,0.18
Creamy yogurt strawberry,4056489110132,"['en:dairies', 'en:fermented-foods', 'en:fermented-milk-products', 'en:desserts', 'en:dairy-desserts', 'en:fermented-dairy-desserts', 'en:fermented-dairy-desserts-with-fruits', 'en:yogurts', 'en:fruit-yogurts', 'en:strawberry-yogurts', 'en:comidas-fermentadas', 'en:lacteos', 'en:postres', 'en:postres-lacteos', 'en:productos-fermentados-de-la-leche', 'en:yogures', 'en:yogures-de-frutas']",0,[],[],108.0,4.0,2.6,13.0,,3.0,0.15
"Spécialité au soja, Pêche Fleur de Sureau",3273220183281,"['en:plant-based-foods-and-beverages', 'en:dairies', 'en:fermented-foods', 'en:fermented-milk-products', 'en:dairy-substitutes', 'en:desserts', 'en:vegan-products', 'en:dairy-desserts', 'en:non-dairy-desserts', 'en:non-dairy-fermented-foods', 'en:fermented-dairy-desserts', 'en:non-dairy-yogurts', 'en:fermented-dairy-desserts-with-fruits', 'en:soy-milk-yogurts', 'en:yogurts', 'en:fruit-soy-yogurts', 'en:fruit-yogurts', 'en:soy-desserts', 'en:peach-soy-yogurts']",0,[],[],76.0,2.1,0.3,9.7,,3.8,0.08
Yaos yaourt à la grecque sur lit de fraises,3023290001950,"['en:dairies', 'en:fermented-foods', 'en:fermented-milk-products', 'en:desserts', 'en:dairy-desserts', 'en:fermented-dairy-desserts', 'en:yogurts', 'en:greek-style-yogurts']",0,[],[],125.0,6.5,4.3,12.6,0.2,2.6,0.1
"Joghurt mild 3,5% / 0x 500 gr / 12x 150 gr (Gebinde je 150 gr)",4061458028806,"['en:dairies', 'en:fermented-foods', 'en:fermented-milk-products', 'en:desserts', 'en:dairy-desserts', 'en:fermented-dairy-desserts', 'en:yogurts', 'en:low-fat-yogurts']",0,[],[],61.0,1.5,1.0,6.1,0.0,5.2,0.18
Joghurt,4008452011007,"['en:dairies', 'en:fermented-foods', 'en:fermented-milk-products', 'en:desserts', 'en:dairy-desserts', 'en:fermented-dairy-desserts', 'en:yogurts', 'en:fermentierte-lebensmittel', 'en:fermentierte-milch', 'en:joghurt', 'en:milchnachspeisen', 'en:milchprodukte']",0,[],[],73.0,3.5,2.4,5.3,,4.4,0.15
Yaourts nature au lait entier,3523230052856,"['en:dairies', 'en:fermented-foods', 'en:fermented-milk-products', 'en:cheeses', 'en:desserts', 'en:dairy-desserts', 'en:fermented-dairy-desserts', 'en:yogurts', 'en:plain-fermented-dairy-desserts', 'en:plain-yogurts', 'en:whole-milk-yogurts']",0,[],[],62.0,3.4,2.1,4.1,,3.7,0.1
Yogurt greco Total  0 %,5201054017616,"['en:dairies', 'en:fermented-foods', 'en:fermented-milk-products', 'en:desserts', 'en:dairy-desserts', 'en:fermented-dairy-desserts', 'en:yogurts', 'en:greek-style-yogurts']",0,[],[],54.0,0.0,0.0,3.0,,10.3,0.1
Natural yogurt,20719173,"['en:dairies', 'en:fermented-foods', 'en:fermented-milk-products', 'en:desserts', 'en:dairy-desserts', 'en:fermented-dairy-desserts', 'en:yogurts']",0,[],[],81.0,4.0,2.7,6.2,,4.7,0.18
SKYR vanille,3329770080010,"['en:dairies', 'en:fermented-foods', 'en:fermented-milk-products', 'en:desserts', 'en:dairy-desserts', 'en:fermented-dairy-desserts', 'en:fromages-blancs-petit-suisses-and-skyr', 'en:yogurts', 'en:skyrs']",0,[],[],79.0,0.5,0.1,10.0,,7.8,0.12
Coconut yogurt,4056489308294,"['en:plant-based-foods-and-beverages', 'en:dairies', 'en:fermented-foods', 'en:fermented-milk-products', 'en:dairy-substitutes', 'en:desserts', 'en:vegan-products', 'en:dairy-desserts', 'en:non-dairy-desserts', 'en:fermented-dairy-desserts', 'en:fermented-dairy-desserts-with-fruits', 'en:yogurts', 'en:fruit-yogurts', 'en:coconut-yogurts']",0,[],[],147.0,9.8,5.1,10.0,,3.5,0.11
Griego natural,8410500028794,"['en:dairies', 'en:fermented-foods', 'en:fermented-milk-products', 'en:desserts', 'en:dairy-desserts', 'en:fermented-dairy-desserts', 'en:yogurts', 'en:plain-fermented-dairy-desserts', 'en:plain-yogurts', 'en:greek-style-yogurts']",0,[],[],96.0,7.0,4.6,4.6,,3.6,0.08
Le yaourt aromatisé vanille,6191507249413,"['en:dairies', 'en:fermented-foods', 'en:fermented-milk-products', 'en:desserts', 'en:dairy-desserts', 'en:fermented-dairy-desserts', 'en:yogurts', 'en:flavoured-fermented-dairy-desserts', 'en:flavoured-yogurts']",0,[],[],91.0,2.6,1.7,13.8,,3.4,0.11
fat free natural yoghurt,01547146,"['en:dairies', 'en:fermented-foods', 'en:fermented-milk-products', 'en:desserts', 'en:dairy-desserts', 'en:fermented-dairy-desserts', 'en:yogurts']",0,[],[],48.0,0.5,0.2,6.4,,5.0,0.18
Activia gut health,5060360506340,"['en:dairies', 'en:fermented-foods', 'en:fermented-milk-products', 'en:desserts', 'en:dairy-desserts', 'en:fermented-dairy-desserts', 'en:fermented-dairy-desserts-with-fruits', 'en:yogurts', 'en:fruit-yogurts', 'en:bifidus-yogurts']",1,[],['en:e440'],90.0,2.9,1.9,12.0,,3.9,0.14
Black Cherry Yogurt,5036589206422,"['en:dairies', 'en:fermented-foods', 'en:fermented-milk-products', 'en:desserts', 'en:dairy-desserts', 'en:fermented-dairy-desserts', 'en:fermented-dairy-desserts-with-fruits', 'en:yogurts', 'en:fruit-yogurts', 'en:cherry-yogurts']",0,[],[],98.0,4.0,2.5,11.0,,4.5,0.0
Milk chocolate digestive,4025500277079,"['en:dairies', 'en:fermented-foods', 'en:fermented-milk-products', 'en:desserts', 'en:dairy-desserts', 'en:fermented-dairy-desserts', 'en:yogurts', 'en:cow-milk-yogurts']",6,[],"['en:e14xx', 'en:e322', 'en:e322i', 'en:e350', 'en:e414', 'en:e440', 'en:e904']",144.0,4.6,3.0,16.8,,4.9,0.2175
Skyr Natur,4337256379458,"['en:dairies', 'en:fermented-foods', 'en:fermented-milk-products', 'en:desserts', 'en:dairy-desserts', 'en:fermented-dairy-desserts', 'en:fromages-blancs-petit-suisses-and-skyr', 'en:yogurts', 'en:plain-fermented-dairy-desserts', 'en:skyrs', 'en:plain-skyrs']",0,[],[],61.0,0.2,0.1,3.5,,11.0,0.0975
Icelandic Style Strawberry Skyr,4056489491224,"['en:dairies', 'en:fermented-foods', 'en:fermented-milk-products', 'en:desserts', 'en:dairy-desserts', 'en:fermented-dairy-desserts', 'en:fermented-dairy-desserts-with-fruits', 'en:yogurts', 'en:skyrs', 'en:fruit-skyrs']",6,[],"['en:e327', 'en:e330', 'en:e415', 'en:e440', 'en:e950', 'en:e951']",56.0,0.2,0.1,3.8,0.5,8.9,0.0975
Benecol,5055940100353,"['en:beverages-and-beverages-preparations', 'en:beverages', 'en:dairies', 'en:fermented-foods', 'en:fermented-milk-products', 'en:desserts', 'en:dairy-desserts', 'en:dairy-drinks', 'en:fermented-dairy-desserts', 'en:fermented-drinks', 'en:fermented-milk-drinks', 'en:yogurts', 'en:yogurt-drinks', 'en:stirred-yogurts', 'en:stirred-yogurt-drinks']",0,[],[],52.0,2.1,0.2,4.8,,2.8,0.09
Panier de Yoplait Cerise,3329770086142,"['en:beverages-and-beverages-preparations', 'en:beverages', 'en:dairies', 'en:fermented-foods', 'en:fermented-milk-products', 'en:desserts', 'en:dairy-desserts', 'en:dairy-drinks', 'en:fermented-dairy-desserts', 'en:fermented-dairy-desserts-with-fruits', 'en:fermented-drinks', 'en:yogurts', 'en:fermented-milk-drinks', 'en:fruit-yogurts', 'en:fermented-milk-drinks-with-fruits']",1,[],['en:e440'],90.0,2.3,1.5,12.5,0.0,3.3,0.13
Actimel gout multifruit 100 g x 8,3033491213212,"['en:beverages-and-beverages-preparations', 'en:beverages', 'en:dairies', 'en:fermented-foods', 'en:fermented-milk-products', 'en:desserts', 'en:dairy-desserts', 'en:dairy-drinks', 'en:fermented-dairy-desserts', 'en:fermented-drinks', 'en:fermented-milk-drinks', 'en:yogurts', 'en:yogurt-drinks', 'en:milk-drinks-fermented-with-l-casei']",1,[],['en:e14xx'],78.0,1.4,1.0,12.5,0.0,2.8,0.1
Activia fruits 125 g x 4 mangue,3033491325519,"['en:dairies', 'en:fermented-foods', 'en:fermented-milk-products', 'en:desserts', 'en:dairy-desserts', 'en:fermented-dairy-desserts', 'en:fermented-dairy-desserts-with-fruits', 'en:yogurts', 'en:fruit-yogurts', 'en:bifidus-yogurts', 'en:fruit-bifidus-yogurts']",5,[],"['en:e1422', 'en:e14xx', 'en:e330', 'en:e331', 'en:e440']",87.0,3.3,2.3,10.8,,3.3,0.15
LES 2 VACHES P'TIT MIAM FRUITS 50GX12,3661344382930,"['en:dairies', 'en:fermented-foods', 'en:fermented-milk-products', 'en:cheeses', 'en:desserts', 'en:dairy-desserts', 'en:fermented-dairy-desserts', 'en:fermented-dairy-desserts-with-fruits', 'en:fromages-blancs-petit-suisses-and-skyr', 'en:yogurts', 'en:fruit-yogurts', 'en:flavoured-fermented-dairy-desserts', 'en:quarks', 'fr:fromages-blancs', 'en:cream-cheeses', 'en:fromages-blancs-with-fruits', 'fr:fromages-blancs-aromatises']",1,[],['en:e440'],94.0,2.6,1.8,10.5,,6.8,0.08
"Yaourt au lait de brebis nature 3%MG, 4x125g",3256225432905,"['en:dairies', 'en:fermented-foods', 'en:fermented-milk-products', 'en:desserts', 'en:dairy-desserts', 'en:fermented-dairy-desserts', 'en:yogurts', 'en:plain-fermented-dairy-desserts', 'en:plain-yogurts', 'en:sheep-milk-yogurts', 'en:plain-sheep-milk-yogurts']",0,[],[],67.0,3.0,2.2,3.0,0.5,5.5,0.13
Danette saveur pistache 125 g x 4,3033491279898,"['en:dairies', 'en:fermented-foods', 'en:fermented-milk-products', 'en:desserts', 'en:dairy-desserts', 'en:fermented-dairy-desserts', 'en:yogurts', 'en:creamy-puddings', 'en:pistachio-creamy-puddings']",8,[],"['en:e140', 'en:e140i', 'en:e140ii', 'en:e141', 'en:e1442', 'en:e14xx', 'en:e160a', 'en:e160ai', 'en:e407']",108.0,3.0,1.9,14.8,,2.8,0.12
Gourmand® Yaourt Mandarine Citron🍋 Vert,3456774758772,"['en:dairies', 'en:fermented-foods', 'en:fermented-milk-products', 'en:desserts', 'en:dairy-desserts', 'en:fermented-dairy-desserts', 'en:yogurts', 'en:stirred-yogurts', 'en:sweetened-yogurts', 'en:cow-milk-yogurts', 'en:fruit-stirred-yogurts']",4,[],"['en:e14xx', 'en:e160c', 'en:e407', 'en:e415']",97.0,2.6,1.6,14.0,0.1,3.3,0.15
Yaourt au lait de Brebis 4 x 125 g,3564700740774,"['en:dairies', 'en:fermented-foods', 'en:fermented-milk-products', 'en:desserts', 'en:dairy-desserts', 'en:fermented-dairy-desserts', 'en:yogurts', 'en:plain-fermented-dairy-desserts', 'en:plain-yogurts', 'en:sheep-milk-yogurts', 'en:plain-sheep-milk-yogurts']",0,[],[],67.0,3.0,2.2,3.0,0.0,5.5,0.1
2 yaourts au lait de brebis,3560070716838,"['en:dairies', 'en:fermented-foods', 'en:fermented-milk-products', 'en:desserts', 'en:dairy-desserts', 'en:fresh-foods', 'en:fermented-dairy-desserts', 'en:yogurts', 'en:plain-fermented-dairy-desserts', 'en:plain-yogurts', 'en:sheep-milk-yogurts', 'en:plain-sheep-milk-yogurts', 'en:whole-milk-yogurts']",0,[],[],97.0,6.6,4.7,2.7,0.0,5.4,0.13
Joghurt mit der Ecke - Schoko Balls,40255729,"['en:dairies', 'en:fermented-foods', 'en:fermented-milk-products', 'en:desserts', 'en:dairy-desserts', 'en:fermented-dairy-desserts', 'en:yogurts']",6,[],"['en:e14xx', 'en:e322', 'en:e330', 'en:e331', 'en:e414', 'en:e440']",131.0,5.0,3.3,14.9,,3.9,0.1575
Yaourt au lait entier saveur Framboise,3278692420025,"['en:dairies', 'en:fermented-foods', 'en:fermented-milk-products', 'en:desserts', 'en:dairy-desserts', 'en:fermented-dairy-desserts', 'en:yogurts', 'en:flavoured-fermented-dairy-desserts', 'en:sweetened-yogurts', 'en:flavoured-yogurts', 'en:whole-milk-yogurts']",0,[],[],97.0,3.1,2.0,14.0,0.0,3.3,0.12
Yogur griego artesanal cremoso natural sin gluten,8424790100276,"['en:dairies', 'en:fermented-foods', 'en:fermented-milk-products', 'en:desserts', 'en:dairy-desserts', 'en:fermented-dairy-desserts', 'en:yogurts', 'en:plain-fermented-dairy-desserts', 'en:plain-yogurts', 'en:cow-milk-yogurts', 'en:greek-style-yogurts', 'en:whole-milk-yogurts']",0,[],[],150.0,9.5,6.7,10.7,,4.6,0.1
,3800207820282,"['en:dairies', 'en:fermented-foods', 'en:fermented-milk-products', 'en:desserts', 'en:dairy-desserts', 'en:fermented-dairy-desserts', 'en:yogurts']",0,[],[],13.0,0.55,0.35,0.0,0.0,0.9,0.0625
Yoghourt griego natural,8431876294293,"['en:dairies', 'en:fermented-foods', 'en:fermented-milk-products', 'en:desserts', 'en:dairy-desserts', 'en:fermented-dairy-desserts', 'en:yogurts', 'en:plain-fermented-dairy-desserts', 'en:plain-yogurts', 'en:greek-style-yogurts', 'en:plain-greek-style-yogurts', 'es:yogur-natural']",0,[],[],125.0,9.9,6.5,5.4,0.0,3.6,0.15
Activia bien-être digestif,3033491920349,"['en:dairies', 'en:fermented-foods', 'en:fermented-milk-products', 'en:desserts', 'en:dairy-desserts', 'en:fermented-dairy-desserts', 'en:fermented-dairy-desserts-with-fruits', 'en:yogurts', 'en:fruit-yogurts', 'en:bifidus-yogurts', 'fr:yaourt-probiotic']",1,[],['en:e440'],92.0,2.7,1.6,11.4,2.6,3.5,0.13
Yogures 0% sabores,8480000213105,"['en:dairies', 'en:fermented-foods', 'en:fermented-milk-products', 'en:desserts', 'en:dairy-desserts', 'en:fermented-dairy-desserts', 'en:yogurts', 'en:flavoured-fermented-dairy-desserts', 'en:flavoured-yogurts']",5,[],"['en:e100', 'en:e120', 'en:e163', 'en:e950', 'en:e955']",35.0,0.1,0.0,4.4,,4.3,0.13
Skyr jogurt typu islandzkiego waniliowy,5900531004537,"['en:dairies', 'en:fermented-foods', 'en:fermented-milk-products', 'en:desserts', 'en:dairy-desserts', 'en:fermented-dairy-desserts', 'en:fromages-blancs-petit-suisses-and-skyr', 'en:yogurts', 'en:skyrs', 'en:vanilla-yogurt']",0,[],[],82.0,0.0,0.0,11.0,,9.6,0.06
Skyr jogurt pitny typu islandzkiego mango & marakuja,5901939103068,"['en:beverages-and-beverages-preparations', 'en:beverages', 'en:dairies', 'en:fermented-foods', 'en:fermented-milk-products', 'en:desserts', 'en:dairy-desserts', 'en:dairy-drinks', 'en:fermented-dairy-desserts', 'en:fermented-drinks', 'en:fermented-milk-drinks', 'en:fromages-blancs-petit-suisses-and-skyr', 'en:yogurts', 'en:yogurt-drinks', 'en:skyrs']",0,[],[],80.0,1.5,1.5,10.0,,6.5,0.0775
"Natural, No Gelatin Yogourt",0068200750156,"['en:dairies', 'en:fermented-foods', 'en:fermented-milk-products', 'en:desserts', 'en:dairy-desserts', 'en:fermented-dairy-desserts', 'en:yogurts', 'en:unsweetened-no-gelatin-yogurt']",0,[],[],80.0,5.71,3.43,3.43,0.0,3.43,0.0929
Authentic greek yogurt,5202178002335,"['en:dairies', 'en:fermented-foods', 'en:fermented-milk-products', 'en:desserts', 'en:dairy-desserts', 'en:fermented-dairy-desserts', 'en:yogurts', 'en:greek-style-yogurts']",0,[],[],134.0,10.0,6.1999998092651,4.0,,7.0,0.18000000715256
Activia. Fraise,0034361325250,"['en:dairies', 'en:fermented-foods', 'en:fermented-milk-products', 'en:desserts', 'en:dairy-desserts', 'en:fermented-dairy-desserts', 'en:fermented-dairy-desserts-with-fruits', 'en:yogurts', 'en:fruit-yogurts', 'en:bifidus-yogurts']",1,[],['en:e440'],73.6,2.32,1.6,9.79,,3.2,0.112
Frubes,3329770062481,"['en:dairies', 'en:fermented-foods', 'en:fermented-milk-products', 'en:desserts', 'en:dairy-desserts', 'en:fermented-dairy-desserts', 'en:yogurts']",3,[],"['en:e202', 'en:e330', 'en:e412']",91.0,2.7,1.8,10.8,,3.7,0.15
Raspberry,5055940100537,"['en:beverages', 'en:dairies', 'en:fermented-foods', 'en:fermented-milk-products', 'en:desserts', 'en:dairy-desserts', 'en:dairy-drinks', 'en:fermented-dairy-desserts', 'en:fermented-drinks', 'en:yogurts', 'en:fermented-milk-drinks', 'en:drinkable-yogurts', 'en:stanol-drink']",2,[],"['en:e440', 'en:e955']",48.0,2.0,0.2,4.5,,2.9,0.09
Creamy greek honey yogurt,4056489308300,"['en:dairies', 'en:fermented-foods', 'en:fermented-milk-products', 'en:desserts', 'en:dairy-desserts', 'en:fermented-dairy-desserts', 'en:yogurts', 'en:cow-milk-yogurts', 'en:greek-style-yogurts']",1,[],['en:e440'],136.0,7.1,4.8,12.0,0.5,3.1,0.0775
Skyr jogurt pitny Naturalny,5901939103105,"['en:dairies', 'en:fermented-foods', 'en:fermented-milk-products', 'en:desserts', 'en:dairy-desserts', 'en:fermented-dairy-desserts', 'en:yogurts']",0,[],[],64.0,1.8,1.3,3.9,,7.6,0.0975
Greek Style Yogurt,00852159,"['en:dairies', 'en:fermented-foods', 'en:fermented-milk-products', 'en:desserts', 'en:dairy-desserts', 'en:fermented-dairy-desserts', 'en:yogurts', 'en:greek-style-yogurts']",0,[],[],113.0,8.8,5.8,4.0,0.49,3.6,0.02
Griego Stracciatella,8410500028787,"['en:dairies', 'en:fermented-foods', 'en:fermented-milk-products', 'en:desserts', 'en:dairy-desserts', 'en:fermented-dairy-desserts', 'en:yogurts']",0,[],[],140.0,7.63636363636364,5.0,0.0,0.0,3.18181818181818,0.25
Dost up yaourt à boire,6111250472784,"['en:beverages-and-beverages-preparations', 'en:beverages', 'en:dairies', 'en:fermented-foods', 'en:fermented-milk-products', 'en:desserts', 'en:dairy-desserts', 'en:dairy-drinks', 'en:fermented-dairy-desserts', 'en:fermented-drinks', 'en:fermented-milk-drinks', 'en:yogurts', 'en:yogurt-drinks']",0,[],[],75.0,1.2,0.0,0.0,,1.9,0.0
Probiotic Strawberry Yoggies,0846548085280,"['en:dairies', 'en:fermented-foods', 'en:fermented-milk-products', 'en:snacks', 'en:desserts', 'en:sweet-snacks', 'en:confectioneries', 'en:dairy-desserts', 'en:fermented-dairy-desserts', 'en:yogurts']",3,[],"['en:e270', 'en:e322', 'en:e322i', 'en:e440']",400.0,12.5,10.0,55.0,15.0,0.0,0.125
Low Fat Greek Style Natural Yogurt,4056489383512,"['en:dairies', 'en:fermented-foods', 'en:fermented-milk-products', 'en:desserts', 'en:dairy-desserts', 'en:fermented-dairy-desserts', 'en:yogurts', 'en:greek-style-yogurts']",0,[],[],59.0,2.0,1.2,5.4,0.5,4.2,0.11
Yaos fraise,3023290028629,"['en:dairies', 'en:fermented-foods', 'en:fermented-milk-products', 'en:desserts', 'en:dairy-desserts', 'en:fermented-dairy-desserts', 'en:fermented-dairy-desserts-with-fruits', 'en:yogurts', 'en:fruit-yogurts', 'en:strawberry-yogurts']",2,[],"['en:e331', 'en:e407']",122.0,6.5,4.2,12.0,0.2,2.5,0.1
Yaourt bicouche mûre myrtille,3279231183005,"['en:dairies', 'en:fermented-foods', 'en:fermented-milk-products', 'en:desserts', 'en:dairy-desserts', 'en:fermented-dairy-desserts', 'en:fresh-foods', 'en:fermented-dairy-desserts-with-fruits', 'en:yogurts', 'en:fruit-yogurts', 'en:stirred-yogurts', 'en:sweetened-yogurts', 'en:fruit-stirred-yogurts', 'fr:yaourts-multifruits']",2,[],"['en:e202', 'en:e440']",123.0,6.6,4.2,12.0,0.0,2.4,0.08
Yaourt à la grecque,3280249100014,"['en:dairies', 'en:fermented-foods', 'en:fermented-milk-products', 'en:desserts', 'en:dairy-desserts', 'en:fermented-dairy-desserts', 'en:yogurts', 'en:plain-fermented-dairy-desserts', 'en:plain-yogurts', 'en:sheep-milk-yogurts', 'en:greek-style-yogurts', 'en:yogurt-greek-style-ewe-s-milk', 'fr:yaourts-fromages-blancs']",0,[],[],125.0,10.0,7.5,2.8,,4.8,0.1
Yaourt sucré,3606520597869,"['en:dairies', 'en:fermented-foods', 'en:fermented-milk-products', 'en:desserts', 'en:dairy-desserts', 'en:fermented-dairy-desserts', 'en:yogurts']",0,[],[],62.0,0.9,0.6,10.1,0.0,3.4,0.1
Yogur cremoso natural edulcorado,8480000208309,"['en:dairies', 'en:fermented-foods', 'en:fermented-milk-products', 'en:desserts', 'en:dairy-desserts', 'en:fermented-dairy-desserts', 'en:yogurts', 'en:plain-fermented-dairy-desserts', 'en:plain-yogurts']",1,[],['en:e428'],42.0,0.0,0.0,5.6,1.9,4.9,0.16
Griechisches Joghurt 2% Fett,20917920,"['en:dairies', 'en:fermented-foods', 'en:fermented-milk-products', 'en:desserts', 'en:dairy-desserts', 'en:fermented-dairy-desserts', 'en:yogurts', 'en:greek-style-yogurts']",0,[],[],58.0,2.0,1.4,4.0,,6.0,0.13
Yop,3329770075399,"['en:beverages-and-beverages-preparations', 'en:beverages', 'en:dairies', 'en:fermented-foods', 'en:fermented-milk-products', 'en:desserts', 'en:dairy-desserts', 'en:dairy-drinks', 'en:fermented-dairy-desserts', 'en:fermented-drinks', 'en:fermented-milk-drinks', 'en:yogurts', 'en:yogurt-drinks']",0,[],[],66.0,0.8,0.5,10.5,,3.0,0.12
,20144333,"['en:dairies', 'en:fermented-foods', 'en:fermented-milk-products', 'en:desserts', 'en:dairy-desserts', 'en:fermented-dairy-desserts', 'en:fermented-dairy-desserts-with-fruits', 'en:yogurts', 'en:fruit-yogurts']",0,[],[],93.0,2.8,1.7,11.3,0.0,3.7,0.13
Yogur natural sin lactosa 0%,8480000201645,"['en:dairies', 'en:fermented-foods', 'en:fermented-milk-products', 'en:desserts', 'en:dairy-desserts', 'en:fermented-dairy-desserts', 'en:yogurts', 'en:plain-fermented-dairy-desserts', 'en:low-fat-yogurts', 'en:plain-yogurts', 'en:lactose-free-yogurts']",1,[],['en:e428'],37.0,0.1,0.1,4.9,,4.1,0.1
Skyr citron,3023290038147,"['en:dairies', 'en:fermented-foods', 'en:fermented-milk-products', 'en:desserts', 'en:dairy-desserts', 'en:fermented-dairy-desserts', 'en:fermented-dairy-desserts-with-fruits', 'en:fromages-blancs-petit-suisses-and-skyr', 'en:yogurts', 'en:fruit-yogurts', 'en:skyrs', 'en:fruit-skyrs']",0,[],[],89.0,1.9,1.4,8.5,0.0,8.9,0.1
Yogur Griego con Mango,8480000211606,"['en:dairies', 'en:fermented-foods', 'en:fermented-milk-products', 'en:desserts', 'en:dairy-desserts', 'en:fermented-dairy-desserts', 'en:fermented-dairy-desserts-with-fruits', 'en:yogurts', 'en:fruit-yogurts', 'en:greek-style-yogurts']",4,[],"['en:e160a', 'en:e160ai', 'en:e330', 'en:e331', 'en:e331iii', 'en:e440']",139.0,8.0,5.6,13.0,,3.0,0.1
Yogur natural edulcorado 0%,8480000224880,"['en:dairies', 'en:fermented-foods', 'en:fermented-milk-products', 'en:desserts', 'en:dairy-desserts', 'en:fermented-dairy-desserts', 'en:yogurts', 'en:plain-fermented-dairy-desserts', 'en:plain-yogurts']",2,[],"['en:e950', 'en:e955']",39.0,0.1,0.1,4.9,,4.5,0.16
Yogurt intero - 500g - Bianco,8007735005203,"['en:dairies', 'en:fermented-foods', 'en:fermented-milk-products', 'en:desserts', 'en:dairy-desserts', 'en:fermented-dairy-desserts', 'en:yogurts']",0,[],[],74.0,4.2,2.9,4.4,0.0,3.7,0.1
Coco fermenté vanille,3760192492485,"['en:plant-based-foods-and-beverages', 'en:dairies', 'en:fermented-foods', 'en:fermented-milk-products', 'en:dairy-substitutes', 'en:desserts', 'en:vegan-products', 'en:dairy-desserts', 'en:non-dairy-desserts', 'en:non-dairy-fermented-foods', 'en:fermented-dairy-desserts', 'en:non-dairy-yogurts', 'en:fermented-dairy-desserts-with-fruits', 'en:yogurts', 'en:fruit-yogurts', 'en:coconut-yogurts']",0,[],[],143.0,10.0,9.4,6.4,1.6,1.0,0.01
Carrefour Sensation Skyr Vanille 0% M.G.,5400101078680,"['en:dairies', 'en:fermented-foods', 'en:fermented-milk-products', 'en:desserts', 'en:dairy-desserts', 'en:fermented-dairy-desserts', 'en:fermented-dairy-desserts-with-fruits', 'en:yogurts', 'en:fruit-yogurts', 'fr:fromage-frais-maigre-a-la-vanille', 'fr:pls-uf-basic-jus-frais']",2,[],"['en:e14xx', 'en:e330']",75.0,0.0,0.0,8.7,0.0,9.3,0.1
Yaourt à la GRECQUE NATURE,3560071411237,"['en:dairies', 'en:fermented-foods', 'en:fermented-milk-products', 'en:desserts', 'en:dairy-desserts', 'en:frozen-foods', 'en:fermented-dairy-desserts', 'en:yogurts', 'en:plain-fermented-dairy-desserts', 'en:plain-yogurts', 'en:greek-style-yogurts', 'en:greek-style-yogurts-plain']",0,[],[],111.0,8.6,5.5,4.2,,3.8,0.12
Kefir Strawberry Organic Yogurt,5036589252412,"['en:dairies', 'en:fermented-foods', 'en:fermented-milk-products', 'en:desserts', 'en:dairy-desserts', 'en:fermented-dairy-desserts', 'en:fermented-dairy-desserts-with-fruits', 'en:yogurts', 'en:kefir-yogurts', 'en:fruit-kefir-yogurts']",0,[],[],79.0,1.9,1.3,9.5,,4.2,0.11
yogurt greco,5201054017128,"['en:dairies', 'en:fermented-foods', 'en:fermented-milk-products', 'en:desserts', 'en:dairy-desserts', 'en:fermented-dairy-desserts', 'en:yogurts', 'en:plain-fermented-dairy-desserts', 'en:plain-yogurts', 'en:greek-style-yogurts']",0,[],[],70.0,2.0,1.3,3.0,,9.9,0.1
Greek Style Yoghurt,5010251907510,"['en:dairies', 'en:fermented-foods', 'en:fermented-milk-products', 'en:desserts', 'en:dairy-desserts', 'en:fermented-dairy-desserts', 'en:yogurts', 'en:greek-style-yogurts']",0,[],[],102.0,7.6,5.1,4.2,0.5,4.0,0.1
Yogures 0% con fruta,8480000860873,"['en:dairies', 'en:fermented-foods', 'en:fermented-milk-products', 'en:desserts', 'en:dairy-desserts', 'en:fermented-dairy-desserts', 'en:fermented-dairy-desserts-with-fruits', 'en:yogurts', 'en:fruit-yogurts']",2,[],"['en:e428', 'en:e950']",45.0,0.1,0.0,5.0,,4.5,0.16
Rachel's Organic Greek style Rhubarb,5021638001059,"['en:dairies', 'en:fermented-foods', 'en:fermented-milk-products', 'en:desserts', 'en:dairy-desserts', 'en:fermented-dairy-desserts', 'en:fermented-dairy-desserts-with-fruits', 'en:yogurts', 'en:fruit-yogurts', 'en:greek-style-yogurts', 'en:rhubarb-yogurts']",0,[],[],128.0,7.1,4.4,12.2,,3.1,0.1
Yaourt à la Grecque 12 X 125 g,4056489737612,"['en:dairies', 'en:fermented-foods', 'en:fermented-milk-products', 'en:desserts', 'en:dairy-desserts', 'en:fermented-dairy-desserts', 'en:yogurts', 'en:plain-fermented-dairy-desserts', 'en:plain-yogurts', 'en:stirred-yogurts', 'en:greek-style-yogurts', 'en:greek-style-yogurts-plain', 'en:plain-stirred-yogurts']",0,[],[],106.0,8.88,5.84,3.44,,3.04,0.104
Fage Total 0% with honey,5201054024546,"['en:dairies', 'en:fermented-foods', 'en:fermented-milk-products', 'en:desserts', 'en:dairy-desserts', 'en:fermented-dairy-desserts', 'en:yogurts', 'en:whole-milk-yogurts']",0,[],[],104.0,0.0,0.0,18.0,,8.1,0.08
Brassé doux sans lactose,3329770087910,"['en:dairies', 'en:fermented-foods', 'en:fermented-milk-products', 'en:desserts', 'en:dairy-desserts', 'en:fermented-dairy-desserts', 'en:yogurts', 'en:plain-fermented-dairy-desserts', 'en:plain-yogurts', 'en:stirred-yogurts', 'en:plain-stirred-yogurts']",0,[],[],65.0,3.2,2.2,4.1,,4.0,0.15
Nature sur fruits,3329770061507,"['en:dairies', 'en:fermented-foods', 'en:fermented-milk-products', 'en:desserts', 'en:dairy-desserts', 'en:fermented-dairy-desserts', 'en:fermented-dairy-desserts-with-fruits', 'en:yogurts', 'en:fruit-yogurts', 'en:multifruit-yoghurts', 'en:yogurts-high-in-protein-on-a-fruit-layer']",2,[],"['en:e14xx', 'en:e440']",95.0,2.5,1.6,13.9,,2.7,0.1
Vache à boire Mangue,3760122960848,"['en:beverages-and-beverages-preparations', 'en:beverages', 'en:dairies', 'en:fermented-foods', 'en:fermented-milk-products', 'en:desserts', 'en:dairy-desserts', 'en:milks-liquid-and-powder', 'en:dairy-drinks', 'en:fermented-dairy-desserts', 'en:fermented-drinks', 'en:milks', 'en:fermented-milk-drinks', 'en:yogurts', 'en:yogurt-drinks', 'en:sweetened-beverages']",0,[],[],70.0,1.2,0.9,9.8,0.5,2.9,0.08
Yaourt au lait de chèvre nature,3560071085612,"['en:dairies', 'en:fermented-foods', 'en:fermented-milk-products', 'en:desserts', 'en:dairy-desserts', 'en:fermented-dairy-desserts', 'en:yogurts', 'en:plain-fermented-dairy-desserts', 'en:plain-yogurts', 'en:goat-milk-yogurts', 'en:plain-goat-yogurts']",0,[],[],78.0,5.0,3.2,3.6,0.5,4.6,0.13
Yaourt à la grecque lit fruits rouges,4056489020837,"['en:dairies', 'en:fermented-foods', 'en:fermented-milk-products', 'en:desserts', 'en:dairy-desserts', 'en:fermented-dairy-desserts', 'en:fermented-dairy-desserts-with-fruits', 'en:yogurts', 'en:fruit-yogurts', 'en:greek-style-yogurts', 'en:raspberry-yogurts', 'fr:pro']",4,[],"['en:e14xx', 'en:e331', 'en:e412', 'en:e440']",116.0,5.8,3.7,12.5,0.6,2.2,0.1
Yaourt a la grecque nature 12x125g,3250392060015,"['en:dairies', 'en:fermented-foods', 'en:fermented-milk-products', 'en:desserts', 'en:dairy-desserts', 'en:fermented-dairy-desserts', 'en:yogurts', 'en:plain-fermented-dairy-desserts', 'en:plain-yogurts', 'en:stirred-yogurts', 'en:greek-style-yogurts', 'en:greek-style-yogurts-plain', 'en:plain-stirred-yogurts', 'fr:yaourts-et-laits-fermentes-nature-non-sucres-gourmands']",0,[],[],110.0,9.4,6.7,3.1,0.0,2.9,0.09
Yaourt étuvé BIO nature 4x125g,3250390841944,"['en:dairies', 'en:fermented-foods', 'en:fermented-milk-products', 'en:desserts', 'en:dairy-desserts', 'en:fermented-dairy-desserts', 'en:yogurts', 'en:plain-fermented-dairy-desserts', 'en:plain-yogurts', 'en:cow-milk-yogurts', 'en:whole-milk-yogurts', 'fr:yaourts-et-laits-fermentes-nature-non-sucres-classiques']",0,[],[],64.0,3.5,2.5,3.8,0.0,3.4,0.1
Skyr nature0%nature450g,3596710461387,"['en:dairies', 'en:fermented-foods', 'en:fermented-milk-products', 'en:cheeses', 'en:desserts', 'en:dairy-desserts', 'en:fermented-dairy-desserts', 'en:fromages-blancs-petit-suisses-and-skyr', 'en:yogurts', 'en:plain-fermented-dairy-desserts', 'en:plain-yogurts', 'en:skyrs', 'en:cheeses-perishable', 'en:cream-cheeses', 'en:plain-skyrs']",0,[],[],57.0,0.5,0.1,3.6,0.5,8.8,0.09
YoPro vainilla cookies,5601050035261,"['en:beverages-and-beverages-preparations', 'en:beverages', 'en:dairies', 'en:fermented-foods', 'en:fermented-milk-products', 'en:desserts', 'en:dairy-desserts', 'en:dairy-drinks', 'en:fermented-dairy-desserts', 'en:fermented-drinks', 'en:fermented-milk-drinks', 'en:yogurts', 'en:yogurt-drinks']",2,[],"['en:e950', 'en:e955']",59.0,0.5,0.3,5.1,,8.33,0.167
Yogur natural con leche de vacas de pasto,8424790100047,"['en:dairies', 'en:fermented-foods', 'en:fermented-milk-products', 'en:desserts', 'en:dairy-desserts', 'en:fermented-dairy-desserts', 'en:fermented-dairy-desserts-with-fruits', 'en:yogurts', 'en:fruit-yogurts', 'en:plain-fermented-dairy-desserts', 'en:plain-yogurts', 'en:cow-milk-yogurts']",0,[],[],73.0,3.5,2.4,4.2,,4.8,0.1
Bifidus nature,3273220133989,"['en:dairies', 'en:fermented-foods', 'en:fermented-milk-products', 'en:desserts', 'en:dairy-desserts', 'en:fermented-dairy-desserts', 'en:yogurts', 'en:plain-fermented-dairy-desserts', 'en:bifidus-yogurts', 'en:plain-bifidus-yogurts']",0,[],[],56.0,2.0,1.3,5.5,,4.0,0.12
"Joghurt, Natur",4003490032076,"['en:dairies', 'en:fermented-foods', 'en:fermented-milk-products', 'en:desserts', 'en:dairy-desserts', 'en:fermented-dairy-desserts', 'en:yogurts', 'en:plain-fermented-dairy-desserts', 'en:plain-yogurts', 'en:greek-style-yogurts', 'en:plain-unsweetened-yogurts']",0,[],[],113.0,9.4,6.3,3.9,,3.3,0.1
Almighurt - Erdbeere,4002971010107,"['en:dairies', 'en:fermented-foods', 'en:fermented-milk-products', 'en:desserts', 'en:dairy-desserts', 'en:fermented-dairy-desserts', 'en:fermented-dairy-desserts-with-fruits', 'en:yogurts', 'en:fruit-yogurts']",1,[],['en:e14xx'],93.0,2.8,1.8,13.0,,3.0,0.1
Myrtille Sauvage,3277393400053,"['en:dairies', 'en:fermented-foods', 'en:fermented-milk-products', 'en:desserts', 'en:dairy-desserts', 'en:fermented-dairy-desserts', 'en:fermented-dairy-desserts-with-fruits', 'en:yogurts', 'en:fruit-yogurts', 'en:stirred-yogurts', 'en:sweetened-yogurts', 'en:blueberry-yogurts', 'en:fruit-stirred-yogurts']",1,[],['en:e440'],106.0,3.8,2.3,13.4,,3.5,0.13
Краве кисело мляко 4%,3800207820299,"['en:dairies', 'en:fermented-foods', 'en:fermented-milk-products', 'en:desserts', 'en:dairy-desserts', 'en:fermented-dairy-desserts', 'en:yogurts', 'en:cow-milk-yogurts']",0,[],[],69.0,4.0,2.4,4.4,,3.8,0.0975
Bífidus natural edulcorado desnatado m.g. sin gluten,8410500014421,"['en:dairies', 'en:fermented-foods', 'en:fermented-milk-products', 'en:desserts', 'en:dairy-desserts', 'en:fermented-dairy-desserts', 'en:yogurts', 'en:bifidus-yogurts', 'es:con-azucar-fructosa-y-edulcorantes', 'es:edulcorantes-con-bifidus', 'es:leche-fermentada-desnatado']",3,[],"['en:e428', 'en:e950', 'en:e955']",39.0,0.4,0.2,4.8,,4.0,0.2
"Iaurt 3,5 % Grăsime",5941209014076,"['en:dairies', 'en:fermented-foods', 'en:fermented-milk-products', 'en:desserts', 'en:dairy-desserts', 'en:fermented-dairy-desserts', 'en:yogurts', 'en:plain-fermented-dairy-desserts', 'en:plain-yogurts']",0,[],[],60.0,3.5,2.3,3.9,0.0,3.1,0.1
,5036589202929,"['en:dairies', 'en:fermented-foods', 'en:fermented-milk-products', 'en:desserts', 'en:dairy-desserts', 'en:fermented-dairy-desserts', 'en:fermented-dairy-desserts-with-fruits', 'en:yogurts', 'en:fruit-yogurts']",0,[],[],98.0,4.0,2.7,10.9,,4.6,0.17
Yaourt à la grecque vanille,4056489411611,"['en:dairies', 'en:fermented-foods', 'en:fermented-milk-products', 'en:desserts', 'en:dairy-desserts', 'en:fermented-dairy-desserts', 'en:yogurts', 'en:greek-style-yogurts']",1,[],['en:e412'],126.0,7.3,4.7,12.0,0.0,2.5,0.1
Greek style yogurt,5022463500922,"['en:dairies', 'en:fermented-foods', 'en:fermented-milk-products', 'en:desserts', 'en:dairy-desserts', 'en:fermented-dairy-desserts', 'en:yogurts', 'en:greek-style-yogurts']",0,[],[],127.0,10.0,6.3,3.5,0.0,5.2,0.18
Кисело краве мляко 3.6%,3800748051299,"['en:dairies', 'en:fermented-foods', 'en:fermented-milk-products', 'en:desserts', 'en:dairy-desserts', 'en:fermented-dairy-desserts', 'en:yogurts', 'en:cow-milk-yogurts']",0,[],[],62.0,3.6,2.3,4.2,0.0,3.2,0.1
Yogurt greco autentici,5201037712439,"['en:dairies', 'en:fermented-foods', 'en:fermented-milk-products', 'en:desserts', 'en:dairy-desserts', 'en:fermented-dairy-desserts', 'en:yogurts', 'en:greek-style-yogurts']",0,[],[],57.0,0.1,0.1,3.8,0.0,9.6,0.1175
Skyr,4061462615481,"['en:dairies', 'en:fermented-foods', 'en:fermented-milk-products', 'en:cheeses', 'en:desserts', 'en:dairy-desserts', 'en:fermented-dairy-desserts', 'en:fromages-blancs-petit-suisses-and-skyr', 'en:yogurts', 'en:plain-fermented-dairy-desserts', 'en:skyrs', 'en:cream-cheeses', 'en:plain-skyrs']",0,[],[],64.0,0.2,0.1,4.0,,11.0,0.08
Natural Coconut Drink,5060455490349,"['en:beverages-and-beverages-preparations', 'en:plant-based-foods-and-beverages', 'en:beverages', 'en:dairies', 'en:fermented-foods', 'en:plant-based-foods', 'en:fermented-milk-products', 'en:dairy-substitutes', 'en:desserts', 'en:dairy-desserts', 'en:milk-substitutes', 'en:plant-based-beverages', 'en:dairy-drinks', 'en:fermented-dairy-desserts', 'en:fermented-drinks', 'en:plant-based-milk-alternatives', 'en:fermented-milk-drinks', 'en:yogurts', 'en:plant-based-creams', 'en:yogurt-drinks', 'en:plant-based-creams-for-cooking', 'en:coconut-milks-and-creams']",2,[],"['en:e412', 'en:e418']",27.0,2.0,1.7,1.9,0.8,0.2,0.1
Actimel 0%,5060058333166,"['en:beverages-and-beverages-preparations', 'en:beverages', 'en:dairies', 'en:fermented-foods', 'en:fermented-milk-products', 'en:desserts', 'en:dairy-desserts', 'en:dairy-drinks', 'en:fermented-dairy-desserts', 'en:fermented-drinks', 'en:fermented-milk-drinks', 'en:yogurts', 'en:yogurt-drinks', 'en:fermented-milk-drinks-with-sugar', 'en:milk-drinks-fermented-with-l-casei']",3,[],"['en:e440', 'en:e950', 'en:e955']",27.0,0.1,0.0,3.0,0.2,2.7,0.1
Authentic Natural Greek Yogurt,5000128581820,"['en:dairies', 'en:fermented-foods', 'en:fermented-milk-products', 'en:desserts', 'en:dairy-desserts', 'en:fermented-dairy-desserts', 'en:yogurts', 'en:greek-style-yogurts']",0,[],[],128.0,10.3,7.44,3.52,0.0,6.32,0.32
Fat free Greek style Yogurt,5010251457626,"['en:dairies', 'en:fermented-foods', 'en:fermented-milk-products', 'en:desserts', 'en:dairy-desserts', 'en:fermented-dairy-desserts', 'en:yogurts', 'en:plain-fermented-dairy-desserts', 'en:plain-yogurts', 'en:greek-style-yogurts', 'en:plain-greek-style-yogurts']",0,[],[],61.6,0.08,0.08,8.0,0.48,7.04,0.158
"Bio-Joghurt Pur, 3,8 % Fett",4061459719833,"['en:dairies', 'en:fermented-foods', 'en:fermented-milk-products', 'en:desserts', 'en:dairy-desserts', 'en:fermented-dairy-desserts', 'en:yogurts', 'en:plain-fermented-dairy-desserts', 'en:plain-yogurts']",0,[],[],75.0,3.8,2.4,4.7,,5.0,0.15
Dessert végétal Mangue,4056489728290,"['en:plant-based-foods-and-beverages', 'en:dairies', 'en:fermented-foods', 'en:fermented-milk-products', 'en:dairy-substitutes', 'en:desserts', 'en:vegan-products', 'en:dairy-desserts', 'en:non-dairy-desserts', 'en:fermented-dairy-desserts', 'en:fermented-dairy-desserts-with-fruits', 'en:yogurts', 'en:fruit-yogurts', 'fr:dessert-vegetal']",1,[],['en:e14xx'],103.0,3.8,3.4,12.0,0.2,0.5,0.03
Alba Fruits,6111265800084,"['en:dairies', 'en:fermented-foods', 'en:fermented-milk-products', 'en:desserts', 'en:dairy-desserts', 'en:fermented-dairy-desserts', 'en:fermented-dairy-desserts-with-fruits', 'en:yogurts', 'en:fruit-yogurts']",0,[],[],108.0,2.9,1.9,9.0,,3.5,0.0
,4056489745679,"['en:dairies', 'en:fermented-foods', 'en:fermented-milk-products', 'en:desserts', 'en:dairy-desserts', 'en:fermented-dairy-desserts', 'en:fermented-dairy-desserts-with-fruits', 'en:yogurts', 'en:fruit-yogurts']",0,[],[],134.0,7.5,5.2,12.7,0.5,2.8,0.09
Brassé protéines nature,3329770087828,"['en:beverages-and-beverages-preparations', 'en:beverages', 'en:dairies', 'en:fermented-foods', 'en:fermented-milk-products', 'en:desserts', 'en:dairy-desserts', 'en:dairy-drinks', 'en:fermented-dairy-desserts', 'en:fermented-drinks', 'en:yogurts', 'en:fermented-milk-drinks', 'en:drinkable-yogurts', 'fr:yaourts-a-boire-sans-sucres']",0,[],[],49.0,0.5,0.1,3.6,0.0,7.6,0.14
Activia bifidus cereales quinoa noisette 120 g x 4,3033491235405,"['en:dairies', 'en:fermented-foods', 'en:fermented-milk-products', 'en:desserts', 'en:dairy-desserts', 'en:fermented-dairy-desserts', 'en:yogurts', 'en:yogurts-with-cereals', 'en:bifidus-yogurts']",4,[],"['en:e330', 'en:e331', 'en:e333', 'en:e440']",115.0,4.3,2.2,12.1,2.0,4.1,0.13
Yaourts nature lait entier,3564707087568,"['en:dairies', 'en:fermented-foods', 'en:fermented-milk-products', 'en:desserts', 'en:dairy-desserts', 'en:fermented-dairy-desserts', 'en:yogurts', 'en:plain-fermented-dairy-desserts', 'en:plain-yogurts', 'en:whole-milk-yogurts']",0,[],[],63.0,3.4,2.1,4.1,0.0,3.9,0.1
Plaisir des Alpes - Fruits Rouges 6 x 125 g,3277396125014,"['en:dairies', 'en:fermented-foods', 'en:fermented-milk-products', 'en:desserts', 'en:dairy-desserts', 'en:fermented-dairy-desserts', 'en:fermented-dairy-desserts-with-fruits', 'en:yogurts', 'en:fruit-yogurts', 'en:sweetened-yogurts', 'en:whole-milk-yogurts', 'en:yogurts-high-in-protein-on-a-fruit-layer']",1,[],['en:e440'],96.0,2.8,1.9,13.8,,2.9,0.11
Perle de lait vanille,3329770065963,"['en:dairies', 'en:fermented-foods', 'en:fermented-milk-products', 'en:desserts', 'en:dairy-desserts', 'en:fermented-dairy-desserts', 'en:yogurts', 'fr:specialites-laitieres']",2,[],"['en:e14xx', 'en:e160']",131.0,7.1,4.8,11.7,0.1,2.5,0.1
Yaos Le Yaourt à la Grecque sur lit de myrtilles,3023290005576,"['en:dairies', 'en:fermented-foods', 'en:fermented-milk-products', 'en:desserts', 'en:dairy-desserts', 'en:fermented-dairy-desserts', 'en:fermented-dairy-desserts-with-fruits', 'en:yogurts', 'en:fruit-yogurts', 'en:greek-style-yogurts']",4,[],"['en:e14xx', 'en:e331', 'en:e412', 'en:e440']",126.0,6.5,4.2,13.0,0.7,2.5,0.13
Yaourt au lait de chèvre nature 4x125g,3256226387686,"['en:dairies', 'en:fermented-foods', 'en:fermented-milk-products', 'en:desserts', 'en:dairy-desserts', 'en:fermented-dairy-desserts', 'en:yogurts', 'en:plain-fermented-dairy-desserts', 'en:plain-yogurts', 'en:goat-milk-yogurts', 'en:plain-goat-yogurts']",0,[],[],86.0,5.3,3.7,2.9,0.5,5.2,0.11
Soja Natur vegan,4104420172869,"['en:plant-based-foods-and-beverages', 'en:dairies', 'en:fermented-foods', 'en:fermented-milk-products', 'en:dairy-substitutes', 'en:desserts', 'en:vegan-products', 'en:dairy-desserts', 'en:non-dairy-desserts', 'en:non-dairy-fermented-foods', 'en:fermented-dairy-desserts', 'en:non-dairy-yogurts', 'en:soy-milk-yogurts', 'en:yogurts', 'en:plain-soy-yogurts', 'de:aliments-d-origine-végétale', 'de:veganer-joghurtersat']",0,[],[],45.0,2.9,0.4,0.5,0.5,4.8,0.1
Sahnejoghurt mild nach griechischer Art - Natur,4061458013338,"['en:dairies', 'en:fermented-foods', 'en:fermented-milk-products', 'en:desserts', 'en:dairy-desserts', 'en:fermented-dairy-desserts', 'en:yogurts', 'en:greek-style-yogurts']",0,[],[],122.0,10.0,6.7,3.9,,4.0,0.13
Yogur sabor macedonia,8410500006143,"['en:dairies', 'en:fermented-foods', 'en:fermented-milk-products', 'en:desserts', 'en:dairy-desserts', 'en:fermented-dairy-desserts', 'en:fermented-dairy-desserts-with-fruits', 'en:yogurts', 'en:fruit-yogurts', 'en:flavoured-fermented-dairy-desserts', 'en:cow-milk-yogurts', 'en:flavoured-yogurts']",2,[],"['en:e100', 'en:e120']",77.0,1.9,1.1,11.9,,3.0,0.11
YAOURT A PARTAGER BRASSE VANILLE 500G,3277393400015,"['en:dairies', 'en:fermented-foods', 'en:fermented-milk-products', 'en:desserts', 'en:dairy-desserts', 'en:fermented-dairy-desserts', 'en:yogurts', 'en:vanilla-yogurt']",2,[],"['en:e14xx', 'en:e202']",117.0,4.3,2.6,15.4,3.9,3.9,0.14
Yaourts à la grecque pêche passion,20656799,"['en:dairies', 'en:fermented-foods', 'en:fermented-milk-products', 'en:desserts', 'en:dairy-desserts', 'en:fermented-dairy-desserts', 'en:fermented-dairy-desserts-with-fruits', 'en:yogurts', 'en:fruit-yogurts', 'en:greek-style-yogurts']",0,[],[],133.0,8.3,5.7,9.9,0.1,3.9,0.0975
Zott Sahne Joghurt mild Erdbeere 4014500059617 Sahnejoghurt mild mit Erdbeeren. 10% Fett im Milchantei,4014500059617,"['en:dairies', 'en:fermented-foods', 'en:fermented-milk-products', 'en:desserts', 'en:dairy-desserts', 'en:fermented-dairy-desserts', 'en:fermented-dairy-desserts-with-fruits', 'en:yogurts', 'en:fruit-yogurts', 'en:strawberry-yogurts']",1,[],['en:e14xx'],134.0,8.1,5.5,11.3,,2.5,0.11
Milbona Joghurt,20002077,"['en:dairies', 'en:fermented-foods', 'en:fermented-milk-products', 'en:desserts', 'en:dairy-desserts', 'en:fermented-dairy-desserts', 'en:yogurts']",0,[],[],61.0,1.5,1.0,6.0,,5.0,0.177
Bífidus 0% con Kiwi,8480000213181,"['en:dairies', 'en:fermented-foods', 'en:fermented-milk-products', 'en:desserts', 'en:dairy-desserts', 'en:fermented-dairy-desserts', 'en:fermented-dairy-desserts-with-fruits', 'en:yogurts', 'en:fruit-yogurts', 'en:bifidus-yogurts', 'en:fruit-bifidus-yogurts']",1,[],['en:e440'],47.0,0.1,0.0,5.3,,3.8,0.1
Skyr énergie Fraise-🍓cassis,3329770083998,"['en:dairies', 'en:fermented-foods', 'en:fermented-milk-products', 'en:desserts', 'en:dairy-desserts', 'en:fermented-dairy-desserts', 'en:fermented-dairy-desserts-with-fruits', 'en:yogurts', 'en:fruit-yogurts', 'en:skyrs', 'en:fruit-skyrs', 'en:yogurts-high-in-protein-on-a-fruit-layer']",1,[],['en:e440'],71.0,0.5,0.1,8.1,,7.8,0.12
Yaourt grec,3701002408210,"['en:dairies', 'en:fermented-foods', 'en:fermented-milk-products', 'en:desserts', 'en:dairy-desserts', 'en:frozen-foods', 'en:fermented-dairy-desserts', 'en:yogurts', 'en:plain-fermented-dairy-desserts', 'en:plain-yogurts', 'en:greek-style-yogurts', 'en:greek-style-yogurts-plain']",0,[],[],130.0,10.0,6.8,4.0,0.0,6.0,0.2
Fiocchi di Latte Milk Pro,8034066309120,"['en:dairies', 'en:fermented-foods', 'en:fermented-milk-products', 'en:desserts', 'en:dairy-desserts', 'en:fermented-dairy-desserts', 'en:yogurts', 'en:cibi-fermentati', 'en:dolci-a-base-di-latte', 'en:formaggi', 'en:latticini', 'en:prodotti-lattiero-caseari-fermentati']",0,[],[],67.1428571428571,0.904761904761905,0.523809523809524,2.80952380952381,0.0,11.9047619047619,0.0
Protein Pot: Raspberry,4088600212593,"['en:dairies', 'en:fermented-foods', 'en:fermented-milk-products', 'en:desserts', 'en:dairy-desserts', 'en:fermented-dairy-desserts', 'en:yogurts']",3,[],"['en:e410', 'en:e950', 'en:e955']",74.0,0.45,0.3,2.7,0.35,12.5,0.143
Icelandic Skyr Vanilla,5690527912808,"['en:dairies', 'en:fermented-foods', 'en:fermented-milk-products', 'en:cheeses', 'en:desserts', 'en:dairy-desserts', 'en:fermented-dairy-desserts', 'en:yogurts']",4,[],"['en:e160a', 'en:e160ai', 'en:e440', 'en:e950', 'en:e955']",55.0,0.2,0.1,3.1,,9.7,0.09
High Protein Pudding,4056489582892,"['en:dairies', 'en:fermented-foods', 'en:fermented-milk-products', 'en:desserts', 'en:dairy-desserts', 'en:fermented-dairy-desserts', 'en:puddings', 'en:yogurts', 'en:creamy-puddings', 'en:caramel-creamy-puddings', 'en:caramel-yogurts']",6,[],"['en:e150c', 'en:e160a', 'en:e339', 'en:e407', 'en:e950', 'en:e955']",80.5,1.5,0.9,4.9,0.0,10.0,0.1
Graham’s Natural Kefir,5025840004815,"['en:beverages-and-beverages-preparations', 'en:beverages', 'en:dairies', 'en:fermented-foods', 'en:fermented-milk-products', 'en:desserts', 'en:dairy-desserts', 'en:dairy-drinks', 'en:fermented-dairy-desserts', 'en:fermented-drinks', 'en:yogurts', 'en:fermented-milk-drinks', 'en:drinkable-yogurts', 'en:kefir']",0,[],[],58.0,3.0,2.1,3.6,,3.4,0.0975
Corner peach and apricoct,4025500277277,"['en:dairies', 'en:fermented-foods', 'en:fermented-milk-products', 'en:desserts', 'en:dairy-desserts', 'en:fermented-dairy-desserts', 'en:yogurts', 'en:cow-milk-yogurts']",3,[],"['en:e330', 'en:e412', 'en:e440']",111.0,3.9,2.5,13.4,,4.3,0.17
Actimel Kids - Strawberry Banana,5060360506838,"['en:beverages-and-beverages-preparations', 'en:beverages', 'en:dairies', 'en:fermented-foods', 'en:fermented-milk-products', 'en:desserts', 'en:dairy-desserts', 'en:dairy-drinks', 'en:fermented-dairy-desserts', 'en:fermented-drinks', 'en:fermented-milk-drinks', 'en:yogurts', 'en:yogurt-drinks']",0,[],[],62.0,1.4,0.9,8.5,,3.3,0.11
Hipro banane,3033491943980,"['en:dairies', 'en:fermented-foods', 'en:fermented-milk-products', 'en:desserts', 'en:dairy-desserts', 'en:frozen-foods', 'en:fermented-dairy-desserts', 'en:yogurts']",5,[],"['en:e14xx', 'en:e150a', 'en:e440', 'en:e950', 'en:e955']",70.0,0.4,0.3,3.3,,12.4,0.1175
Brassé riche en protéines vanille,3329770087859,"['en:dairies', 'en:fermented-foods', 'en:fermented-milk-products', 'en:desserts', 'en:dairy-desserts', 'en:fermented-dairy-desserts', 'en:fermented-dairy-desserts-with-fruits', 'en:yogurts', 'en:fruit-yogurts']",0,[],[],72.0,0.5,0.1,10.0,0.0,6.2,0.12
Gourmet Morello Cherry Yoghurt,5056138202606,"['en:dairies', 'en:fermented-foods', 'en:fermented-milk-products', 'en:desserts', 'en:dairy-desserts', 'en:fermented-dairy-desserts', 'en:fermented-dairy-desserts-with-fruits', 'en:yogurts', 'en:fruit-yogurts', 'en:bifidus-yogurts']",1,[],['en:e440'],105.0,4.6,3.0,9.9,,4.5,0.0975
Yaourt Nature,3564700047453,"['en:dairies', 'en:fermented-foods', 'en:fermented-milk-products', 'en:desserts', 'en:dairy-desserts', 'en:fermented-dairy-desserts', 'en:fresh-foods', 'en:yogurts', 'en:plain-fermented-dairy-desserts', 'en:plain-yogurts', 'en:cow-milk-yogurts']",0,[],[],43.0,1.0,0.6,4.5,0.0,3.9,0.13
Yaourts brassés nature au lait entier 16 x 125 g,3564700007280,"['en:dairies', 'en:fermented-foods', 'en:fermented-milk-products', 'en:desserts', 'en:dairy-desserts', 'en:fermented-dairy-desserts', 'en:yogurts', 'en:plain-fermented-dairy-desserts', 'en:plain-yogurts', 'en:stirred-yogurts', 'en:plain-stirred-yogurts', 'en:whole-milk-yogurts']",0,[],[],61.0,3.5,2.3,3.6,0.0,3.7,0.1
Activia fruits 125 g x 4 figue,3033491325267,"['en:dairies', 'en:fermented-foods', 'en:fermented-milk-products', 'en:desserts', 'en:dairy-desserts', 'en:fermented-dairy-desserts', 'en:fermented-dairy-desserts-with-fruits', 'en:yogurts', 'en:fruit-yogurts', 'en:bifidus-yogurts']",5,[],"['en:e1422', 'en:e14xx', 'en:e330', 'en:e331', 'en:e440']",93.0,3.4,2.3,11.6,,3.8,0.14
Danonino,3033490004439,"['en:beverages-and-beverages-preparations', 'en:beverages', 'en:dairies', 'en:fermented-foods', 'en:fermented-milk-products', 'en:desserts', 'en:dairy-desserts', 'en:dairy-drinks', 'en:fermented-dairy-desserts', 'en:fermented-drinks', 'en:fermented-milk-drinks', 'en:yogurts', 'en:yogurt-drinks', 'en:sweetened-beverages', 'fr:boissons-avec-sucre']",0,[],[],71.0,1.6,1.0,10.8,,2.9,0.1
Yaourt au lait de chèvre nature 4 x 125 g,3564700835029,"['en:dairies', 'en:fermented-foods', 'en:fermented-milk-products', 'en:desserts', 'en:dairy-desserts', 'en:fermented-dairy-desserts', 'en:yogurts', 'en:plain-fermented-dairy-desserts', 'en:plain-yogurts', 'en:goat-milk-yogurts', 'en:plain-goat-yogurts']",0,[],[],86.0,5.3,3.7,3.0,0.5,5.2,0.11
Bífidus natural edulcorado desnatado m.g. sin gluten,8410500012120,"['en:dairies', 'en:fermented-foods', 'en:fermented-milk-products', 'en:desserts', 'en:dairy-desserts', 'en:fermented-dairy-desserts', 'en:yogurts', 'en:plain-fermented-dairy-desserts', 'en:plain-yogurts', 'en:bifidus-yogurts', 'en:plain-bifidus-yogurts']",3,[],"['en:e428', 'en:e950', 'en:e955']",39.2,0.417,0.167,4.83,0.0,4.0,0.1
Yoghurt,20149802,"['en:dairies', 'en:fermented-foods', 'en:fermented-milk-products', 'en:desserts', 'en:dairy-desserts', 'en:fermented-dairy-desserts', 'en:yogurts']",0,[],[],69.0,3.5,2.4,4.8,0.0,4.0,0.14
Brassé Nature,3270190020929,"['en:dairies', 'en:fermented-foods', 'en:fermented-milk-products', 'en:desserts', 'en:dairy-desserts', 'en:fresh-foods', 'en:fermented-dairy-desserts', 'en:yogurts', 'en:plain-fermented-dairy-desserts', 'en:plain-yogurts', 'en:stirred-yogurts', 'en:plain-stirred-yogurts', 'en:whole-milk-yogurts']",0,[],[],72.0,3.4,2.1,4.5,0.0,4.0,0.11
Danonino fruits fraise peche poire banane 100 g x 6,3033491267642,"['en:dairies', 'en:fermented-foods', 'en:fermented-milk-products', 'en:desserts', 'en:dairy-desserts', 'en:fermented-dairy-desserts', 'en:yogurts', 'en:petits-suisses', 'fr:fromages-blancs']",4,[],"['en:e1422', 'en:e14xx', 'en:e330', 'en:e412']",103.0,2.9,2.0,12.1,,6.4,0.08
Yaourt à la Grecque sur lit de pêches,3023290032084,"['en:dairies', 'en:fermented-foods', 'en:fermented-milk-products', 'en:desserts', 'en:dairy-desserts', 'en:fermented-dairy-desserts', 'en:fermented-dairy-desserts-with-fruits', 'en:yogurts', 'en:fruit-yogurts', 'en:stirred-yogurts', 'en:greek-style-yogurts', 'en:peach-yogurts', 'en:yogurts-high-in-protein-on-a-fruit-layer']",4,[],"['en:e100', 'en:e160c', 'en:e331', 'en:e440']",125.0,6.4,4.2,13.0,,2.4,0.1
Velouté fraise,3033491579714,"['en:dairies', 'en:fermented-foods', 'en:fermented-milk-products', 'en:desserts', 'en:dairy-desserts', 'en:fermented-dairy-desserts', 'en:yogurts', 'en:stirred-yogurts', 'en:fruit-stirred-yogurts']",4,[],"['en:e1422', 'en:e14xx', 'en:e330', 'en:e331']",84.8,2.64,1.92,11.5,,3.44,0.128
Yogur griego natural,8480017079374,"['en:dairies', 'en:fermented-foods', 'en:fermented-milk-products', 'en:desserts', 'en:dairy-desserts', 'en:fermented-dairy-desserts', 'en:yogurts', 'en:plain-fermented-dairy-desserts', 'en:plain-yogurts', 'en:cow-milk-yogurts', 'en:greek-style-yogurts']",0,[],[],125.0,9.9,6.4,5.4,,3.6,0.1
Bio Frucht Joghurt Erdbeere,20144319,"['en:dairies', 'en:fermented-foods', 'en:fermented-milk-products', 'en:desserts', 'en:dairy-desserts', 'en:fermented-dairy-desserts', 'en:fermented-dairy-desserts-with-fruits', 'en:yogurts', 'en:fruit-yogurts', 'en:strawberry-yogurts']",0,[],[],91.0,2.8,1.8,11.2,0.0,3.7,0.1
Yaourts à la grecque fraise,20656782,"['en:dairies', 'en:fermented-foods', 'en:fermented-milk-products', 'en:desserts', 'en:dairy-desserts', 'en:fermented-dairy-desserts', 'en:fermented-dairy-desserts-with-fruits', 'en:yogurts', 'en:fruit-yogurts', 'en:greek-style-yogurts', 'en:strawberry-yogurts']",2,[],"['en:e14xx', 'en:e412']",133.0,8.3,5.7,9.9,0.1,4.0,0.1075
Turkkilainen jogurtti 10%,20491543,"['en:dairies', 'en:fermented-foods', 'en:fermented-milk-products', 'en:desserts', 'en:dairy-desserts', 'en:fermented-dairy-desserts', 'en:yogurts', 'en:greek-style-yogurts']",0,[],[],123.0,10.0,6.13,4.2,,3.4,0.133
So soja ! Myrtille cerise,3273220182413,"['en:plant-based-foods-and-beverages', 'en:dairies', 'en:fermented-foods', 'en:fermented-milk-products', 'en:dairy-substitutes', 'en:desserts', 'en:vegan-products', 'en:dairy-desserts', 'en:non-dairy-desserts', 'en:non-dairy-fermented-foods', 'en:fermented-dairy-desserts', 'en:non-dairy-yogurts', 'en:soy-milk-yogurts', 'en:yogurts', 'en:fruit-soy-yogurts', 'en:soy-desserts']",0,[],[],57.0,2.2,0.3,4.5,,4.1,0.1
"Joghurt mild 3,8 % Fett",4337256070539,"['en:dairies', 'en:fermented-foods', 'en:fermented-milk-products', 'en:desserts', 'en:dairy-desserts', 'en:fermented-dairy-desserts', 'en:yogurts', 'en:plain-fermented-dairy-desserts', 'en:plain-yogurts']",0,[],[],65.0,3.8,2.6,3.7,,4.1,0.16
Cuidacol fresa 0%,8480000220028,"['en:beverages-and-beverages-preparations', 'en:beverages', 'en:dairies', 'en:fermented-foods', 'en:fermented-milk-products', 'en:desserts', 'en:dairy-desserts', 'en:dairy-drinks', 'en:fermented-dairy-desserts', 'en:fermented-drinks', 'en:fermented-milk-drinks', 'en:yogurts', 'en:yogurt-drinks']",4,[],"['en:e120', 'en:e202', 'en:e950', 'en:e955']",47.0,1.4,0.1,5.0,,3.3,0.1
Yogur bebible fresa plátano,8480000201089,"['en:beverages-and-beverages-preparations', 'en:plant-based-foods-and-beverages', 'en:beverages', 'en:dairies', 'en:fermented-foods', 'en:plant-based-foods', 'en:fermented-milk-products', 'en:fruits-and-vegetables-based-foods', 'en:desserts', 'en:dairy-desserts', 'en:fruits-based-foods', 'en:dairy-drinks', 'en:fermented-dairy-desserts', 'en:fermented-drinks', 'en:fruits', 'en:fermented-milk-drinks', 'en:flavoured-milks', 'en:yogurts', 'en:berries', 'en:yogurt-drinks', 'en:strawberries']",0,[],[],72.0,1.2,0.9,12.2,,2.7,0.09
Yogur líquido fresa,8480000206121,"['en:beverages-and-beverages-preparations', 'en:beverages', 'en:dairies', 'en:fermented-foods', 'en:fermented-milk-products', 'en:desserts', 'en:dairy-desserts', 'en:dairy-drinks', 'en:fermented-dairy-desserts', 'en:fermented-drinks', 'en:fermented-milk-drinks', 'en:yogurts', 'en:yogurt-drinks']",2,[],"['en:e202', 'en:e440']",75.0,1.9,1.3,11.7,,2.3,0.12
Кисело краве мляко 4.5%,3800110300611,"['en:dairies', 'en:fermented-foods', 'en:fermented-milk-products', 'en:desserts', 'en:dairy-desserts', 'en:fermented-dairy-desserts', 'en:yogurts', 'en:plain-fermented-dairy-desserts', 'en:plain-yogurts']",0,[],[],72.5,4.5,2.9,4.6,0.0,3.4,0.0
Yaourt nature,3701002404991,"['en:dairies', 'en:fermented-foods', 'en:fermented-milk-products', 'en:desserts', 'en:dairy-desserts', 'en:fermented-dairy-desserts', 'en:yogurts', 'en:plain-fermented-dairy-desserts', 'en:plain-yogurts']",0,[],[],42.0,0.9,0.6,4.8,,3.5,0.12
Млечнокисел продукт с Бифидус,3800048302688,"['en:dairies', 'en:fermented-foods', 'en:fermented-milk-products', 'en:desserts', 'en:dairy-desserts', 'en:fermented-dairy-desserts', 'en:yogurts', 'en:plain-fermented-dairy-desserts', 'en:plain-yogurts', 'en:bifidus-yogurts']",0,[],[],60.0,3.4,2.2,3.9,,3.5,0.1175
Oîkos à la grecque nature,5410146419942,"['en:dairies', 'en:fermented-foods', 'en:fermented-milk-products', 'en:desserts', 'en:dairy-desserts', 'en:fermented-dairy-desserts', 'en:yogurts', 'en:plain-fermented-dairy-desserts', 'en:plain-yogurts', 'en:cow-milk-yogurts', 'en:greek-style-yogurts', 'en:plain-greek-style-yogurts']",0,[],[],119.0,10.0,6.5,4.0,0.0,3.3,0.12
My authentic greek yoghurt 10%,5202234620329,"['en:dairies', 'en:fermented-foods', 'en:fermented-milk-products', 'en:desserts', 'en:dairy-desserts', 'en:fermented-dairy-desserts', 'en:yogurts', 'en:greek-style-yogurts']",0,[],[],130.0,10.0,7.0,3.4,,6.2,0.17
L Casei Natural,8480000221261,"['en:beverages-and-beverages-preparations', 'en:beverages', 'en:dairies', 'en:fermented-foods', 'en:fermented-milk-products', 'en:desserts', 'en:dairy-desserts', 'en:dairy-drinks', 'en:fermented-dairy-desserts', 'en:fermented-drinks', 'en:fermented-milk-drinks', 'en:yogurts', 'en:yogurt-drinks', 'en:bebidas-lacteos-comidas-fermentadas-productos-fermentados-de-la-leche-bebida-lacteas-bebidas-fermentadas-bebidas-de-leche-fermentada-milk-drinks-fermented-with-l-casei']",0,[],[],68.0,2.0,1.4,10.0,,2.6,0.1
Gourmand et végétal à la grecque  stracciatella,3608580086055,"['en:plant-based-foods-and-beverages', 'en:dairies', 'en:fermented-foods', 'en:fermented-milk-products', 'en:dairy-substitutes', 'en:desserts', 'en:dairy-desserts', 'en:non-dairy-desserts', 'en:non-dairy-fermented-foods', 'en:fermented-dairy-desserts', 'en:non-dairy-yogurts', 'en:yogurts']",3,[],"['en:e14xx', 'en:e440', 'en:e460']",140.0,8.6,6.8,8.7,,0.9,0.08
Natural yogurt,20719159,"['en:dairies', 'en:fermented-foods', 'en:fermented-milk-products', 'en:desserts', 'en:dairy-desserts', 'en:fermented-dairy-desserts', 'en:yogurts']",0,[],[],56.0,0.0,0.0,7.0,0.9,5.0,0.0
Mythos Iogurte estilo Grego Natural,5601312510130,"['en:dairies', 'en:fermented-foods', 'en:fermented-milk-products', 'en:desserts', 'en:dairy-desserts', 'en:fermented-dairy-desserts', 'en:yogurts', 'en:plain-fermented-dairy-desserts', 'en:plain-yogurts', 'en:greek-style-yogurts']",0,[],[],106.0,8.2,5.8,3.8,,3.8,0.12
Super Thick Kerned Yogurt Natural,5036589253495,"['en:dairies', 'en:fermented-foods', 'en:fermented-milk-products', 'en:desserts', 'en:dairy-desserts', 'en:fermented-dairy-desserts', 'en:yogurts', 'en:plain-fermented-dairy-desserts', 'en:plain-yogurts']",0,[],[],57.0,0.5,0.3,3.5,,10.0,0.0975
Activia gut health,5060360506326,"['en:dairies', 'en:fermented-foods', 'en:fermented-milk-products', 'en:desserts', 'en:dairy-desserts', 'en:fermented-dairy-desserts', 'en:fermented-dairy-desserts-with-fruits', 'en:yogurts', 'en:fruit-yogurts', 'en:bifidus-yogurts']",0,[],[],99.0,3.4,2.4,12.0,,3.4,0.12
yogurt greco 5%,5201054017630,"['en:dairies', 'en:fermented-foods', 'en:fermented-milk-products', 'en:desserts', 'en:dairy-desserts', 'en:fermented-dairy-desserts', 'en:yogurts', 'en:greek-style-yogurts']",0,[],[],93.0,5.0,3.6,3.0,,9.0,0.1
Fort en calcium,6130760001130,"['en:dairies', 'en:fermented-foods', 'en:fermented-milk-products', 'en:desserts', 'en:dairy-desserts', 'en:fermented-dairy-desserts', 'en:fermented-dairy-desserts-with-fruits', 'en:yogurts', 'en:fruit-yogurts', 'en:yogurt-with-fruits-and-sugar']",0,[],[],76.23,1.55,1.03,8.0,,3.57,0.11
Greek natural strained yogurt,5000169235997,"['en:dairies', 'en:fermented-foods', 'en:fermented-milk-products', 'en:desserts', 'en:dairy-desserts', 'en:fermented-dairy-desserts', 'en:yogurts', 'en:plain-fermented-dairy-desserts', 'en:plain-yogurts', 'en:cow-milk-yogurts', 'en:greek-style-yogurts']",0,[],[],62.0,0.0,0.0,3.1,0.0,10.0,0.2175
Greek Style Organic Luxury Natural Yogurt,5099749002524,"['en:dairies', 'en:fermented-foods', 'en:fermented-milk-products', 'en:desserts', 'en:dairy-desserts', 'en:fermented-dairy-desserts', 'en:yogurts', 'en:plain-fermented-dairy-desserts', 'en:plain-yogurts', 'en:cow-milk-yogurts', 'en:greek-style-yogurts']",0,[],[],121.0,10.0,6.8,3.3,0.5,2.8,0.075
Skyr jogurt pitny,5901939103235,"['en:dairies', 'en:fermented-foods', 'en:fermented-milk-products', 'en:cheeses', 'en:desserts', 'en:dairy-desserts', 'en:fermented-dairy-desserts', 'en:yogurts', 'en:skyrs']",0,[],[],80.0,1.5,1.1,10.0,,6.5,0.08
Joghurt,4000417602718,"['en:dairies', 'en:fermented-foods', 'en:fermented-milk-products', 'en:snacks', 'en:desserts', 'en:sweet-snacks', 'en:cocoa-and-its-products', 'en:dairy-desserts', 'en:fermented-dairy-desserts', 'en:chocolates', 'en:yogurts', 'en:milk-chocolates', 'en:gefullte-milchschokolade', 'en:gefullte-schokolade', 'en:susser-snack']",1,[],['en:e322'],585.0,40.0,23.0,48.0,,6.7,0.23
Yaourt,3033491920318,"['en:dairies', 'en:fermented-foods', 'en:fermented-milk-products', 'en:desserts', 'en:dairy-desserts', 'en:fermented-dairy-desserts', 'en:fermented-dairy-desserts-with-fruits', 'en:yogurts', 'en:yogurts-with-cereals', 'en:bifidus-yogurts', 'en:fruit-bifidus-yogurts']",0,[],[],91.0,2.7,1.6,11.7,1.6,3.4,0.13
Bonne Maman yoghurt apricot,3608580082767,"['en:dairies', 'en:fermented-foods', 'en:fermented-milk-products', 'en:desserts', 'en:dairy-desserts', 'en:fermented-dairy-desserts', 'en:fermented-dairy-desserts-with-fruits', 'en:yogurts', 'en:fruit-yogurts', 'en:yogurts-high-in-protein-on-a-fruit-layer']",0,[],[],107.0,3.4,1.9,15.4,0.3,3.3,0.1
Fat Free Greek Style Yogurt,5057172135820,"['en:dairies', 'en:fermented-foods', 'en:fermented-milk-products', 'en:desserts', 'en:dairy-desserts', 'en:fermented-dairy-desserts', 'en:yogurts', 'en:greek-style-yogurts']",0,[],[],66.0,0.5,0.1,8.0,0.5,7.0,0.1575
Fat Free Authentic Greek Yogurt,00282086,"['en:dairies', 'en:fermented-foods', 'en:fermented-milk-products', 'en:desserts', 'en:dairy-desserts', 'en:fermented-dairy-desserts', 'en:yogurts', 'en:greek-style-yogurts']",0,[],[],65.0,0.2,0.06,4.7,0.0,9.9,0.216
Tube it,4088600033860,"['en:dairies', 'en:fermented-foods', 'en:fermented-milk-products', 'en:desserts', 'en:dairy-desserts', 'en:fermented-dairy-desserts', 'en:fermented-dairy-desserts-with-fruits', 'en:yogurts', 'en:fruit-yogurts']",3,[],"['en:e202', 'en:e330', 'en:e412']",96.0,2.6,1.7,13.0,1.1,3.6,0.1
Strawberry Shortcake deliciously creamy yogurt,4025500277093,"['en:dairies', 'en:fermented-foods', 'en:fermented-milk-products', 'en:desserts', 'en:dairy-desserts', 'en:fermented-dairy-desserts', 'en:yogurts']",7,[],"['en:e120', 'en:e14xx', 'en:e322', 'en:e322i', 'en:e330', 'en:e414', 'en:e440', 'en:e904']",141.0,4.5,2.7,16.6,,4.9,0.2175
"Velouté Fruix Fraise, Framboise, Pêche, Abricot",3033490853860,"['en:dairies', 'en:fermented-foods', 'en:fermented-milk-products', 'en:desserts', 'en:dairy-desserts', 'en:fermented-dairy-desserts', 'en:fermented-dairy-desserts-with-fruits', 'en:yogurts', 'en:fruit-yogurts', 'en:stirred-yogurts', 'en:fruit-stirred-yogurts']",5,[],"['en:e1422', 'en:e160a', 'en:e163', 'en:e330', 'en:e331']",96.0,2.9,2.0,13.3,,3.6,0.125
Coconut yogurt,4025500276515,"['en:dairies', 'en:fermented-foods', 'en:fermented-milk-products', 'en:desserts', 'en:dairy-desserts', 'en:fermented-dairy-desserts', 'en:yogurts']",2,[],"['en:e440', 'en:e951']",63.0,0.5,0.4,6.7,,6.3,0.2
Waitrose natural strained greek yogurt,5000169235980,"['en:dairies', 'en:fermented-foods', 'en:fermented-milk-products', 'en:desserts', 'en:dairy-desserts', 'en:fermented-dairy-desserts', 'en:yogurts', 'en:greek-style-yogurts']",0,[],[],131.0,9.9,6.7,2.9,0.0,5.9,0.13
Hipro Fruits rouges,3033491944291,"['en:dairies', 'en:fermented-foods', 'en:fermented-milk-products', 'en:desserts', 'en:dairy-desserts', 'en:fermented-dairy-desserts', 'en:yogurts']",1,[],['en:e440'],68.0,0.4,0.3,2.8,,12.4,0.12
,4014500519159,"['en:dairies', 'en:fermented-foods', 'en:fermented-milk-products', 'en:desserts', 'en:dairy-desserts', 'en:fermented-dairy-desserts', 'en:fermented-dairy-desserts-with-fruits', 'en:yogurts', 'en:fruit-yogurts']",2,[],"['en:e950', 'en:e955']",75.0,0.6,0.4,4.5,0.0,10.0,0.21
Lindahls  Pro+ saveur passion,3023290077771,"['en:dairies', 'en:fermented-foods', 'en:fermented-milk-products', 'en:desserts', 'en:dairy-desserts', 'en:frozen-foods', 'en:fermented-dairy-desserts', 'en:yogurts']",5,[],"['en:e14xx', 'en:e160a', 'en:e160ai', 'en:e330', 'en:e950', 'en:e951']",59.0,0.2,0.1,3.7,,10.0,0.12
Skyr au lait de chèvre,3523230063715,"['en:dairies', 'en:fermented-foods', 'en:fermented-milk-products', 'en:desserts', 'en:dairy-desserts', 'en:fermented-dairy-desserts', 'en:fromages-blancs-petit-suisses-and-skyr', 'en:yogurts', 'en:skyrs', 'en:goat-milk-yogurts']",0,[],[],55.0,0.5,0.1,4.6,,9.1,0.09
Dessert lacté au chocolat,3329770063143,"['en:beverages-and-beverages-preparations', 'en:beverages', 'en:dairies', 'en:fermented-foods', 'en:fermented-milk-products', 'en:desserts', 'en:dairy-desserts', 'en:dairy-drinks', 'en:fermented-dairy-desserts', 'en:fermented-drinks', 'en:fermented-milk-drinks', 'en:yogurts', 'en:chocolate-desserts', 'en:yogurt-drinks', 'en:dairy-chocolate-desserts']",3,[],"['en:e14xx', 'en:e322', 'en:e322i', 'en:e500']",84.0,1.5,1.0,11.6,0.7,3.9,0.23
Yaourt Gourmand -  Pêche du Roussillon,3177630361034,"['en:dairies', 'en:fermented-foods', 'en:fermented-milk-products', 'en:desserts', 'en:dairy-desserts', 'en:fermented-dairy-desserts', 'en:fermented-dairy-desserts-with-fruits', 'en:yogurts', 'en:fruit-yogurts', 'en:stirred-yogurts', 'en:fruit-stirred-yogurts', 'en:peach-yogurts']",1,[],['en:e407'],92.0,2.4,1.6,13.5,0.5,3.4,0.08
Yaourt nature sucré,3329770052048,"['en:dairies', 'en:fermented-foods', 'en:fermented-milk-products', 'en:desserts', 'en:dairy-desserts', 'en:fermented-dairy-desserts', 'en:yogurts', 'en:plain-fermented-dairy-desserts', 'en:plain-yogurts', 'en:sweetened-yogurts', 'en:plain-yogurt-with-sugar']",0,[],[],62.0,3.2,2.1,10.8,0.1,3.0,0.12
Activia fruits 125 g x 4 poire,3033491325724,"['en:dairies', 'en:fermented-foods', 'en:fermented-milk-products', 'en:desserts', 'en:dairy-desserts', 'en:fermented-dairy-desserts', 'en:fermented-dairy-desserts-with-fruits', 'en:yogurts', 'en:fruit-yogurts', 'en:bifidus-yogurts', 'en:fruit-bifidus-yogurts']",5,[],"['en:e1422', 'en:e14xx', 'en:e330', 'en:e331', 'en:e440']",93.0,3.3,2.3,11.5,,3.3,0.12
Le Yaourt Gourmand -  Framboises,3456774709811,"['en:dairies', 'en:fermented-foods', 'en:fermented-milk-products', 'en:desserts', 'en:dairy-desserts', 'en:fermented-dairy-desserts', 'en:fermented-dairy-desserts-with-fruits', 'en:yogurts', 'en:fruit-yogurts', 'en:stirred-yogurts', 'en:fruit-stirred-yogurts', 'en:raspberry-yogurts']",1,[],['en:e407'],92.0,2.4,1.6,12.9,,3.4,0.14
Danonino sabor fresa,8410500015787,"['en:dairies', 'en:fermented-foods', 'en:fermented-milk-products', 'en:desserts', 'en:dairy-desserts', 'en:fermented-dairy-desserts', 'en:fromages-blancs-petit-suisses-and-skyr', 'en:yogurts', 'en:petits-suisses']",3,[],"['en:e120', 'en:e270', 'en:e412']",88.0,2.1,1.5,9.9,,5.9,0.09
Yaourts vanille étuvés bio,4056489010654,"['en:dairies', 'en:fermented-foods', 'en:fermented-milk-products', 'en:desserts', 'en:dairy-desserts', 'en:fermented-dairy-desserts', 'en:yogurts', 'en:vanilla-yogurt', 'en:cow-milk-yogurts']",0,[],[],91.0,5.1,1.9,12.0,,3.7,0.1
Yaourt Brassé nature Bio,3560070932344,"['en:dairies', 'en:fermented-foods', 'en:fermented-milk-products', 'en:desserts', 'en:dairy-desserts', 'en:fermented-dairy-desserts', 'en:yogurts', 'en:plain-fermented-dairy-desserts', 'en:plain-yogurts', 'en:stirred-yogurts', 'en:cow-milk-yogurts', 'en:plain-stirred-yogurts', 'en:whole-milk-yogurts']",0,[],[],67.0,3.4,2.2,4.7,0.0,4.3,0.13
Yaourt nature 12 x 125 g,3250390010395,"['en:dairies', 'en:fermented-foods', 'en:fermented-milk-products', 'en:desserts', 'en:dairy-desserts', 'en:fermented-dairy-desserts', 'en:fresh-foods', 'en:yogurts', 'en:plain-fermented-dairy-desserts', 'en:plain-yogurts']",0,[],[],45.0,1.0,0.7,4.4,0.5,3.8,0.12
Yaourt Pur Brebis,3250392427627,"['en:dairies', 'en:fermented-foods', 'en:fermented-milk-products', 'en:desserts', 'en:dairy-desserts', 'en:fermented-dairy-desserts', 'en:yogurts', 'en:sheep-milk-yogurts']",0,[],[],67.0,3.0,2.2,3.0,,5.5,0.13
Danone veloute fruix jaunes 125 g x 8,3033491579745,"['en:dairies', 'en:fermented-foods', 'en:fermented-milk-products', 'en:desserts', 'en:dairy-desserts', 'en:fermented-dairy-desserts', 'en:fermented-dairy-desserts-with-fruits', 'en:yogurts', 'en:fruit-yogurts', 'en:stirred-yogurts', 'en:fruit-stirred-yogurts']",4,[],"['en:e1422', 'en:e14xx', 'en:e330', 'en:e331']",94.0,2.9,2.0,13.1,0.0,3.4,0.14
Kéfir natural,8480017209566,"['en:dairies', 'en:fermented-foods', 'en:fermented-milk-products', 'en:desserts', 'en:dairy-desserts', 'en:fermented-dairy-desserts', 'en:yogurts', 'en:plain-fermented-dairy-desserts', 'en:plain-yogurts']",0,[],[],58.0,3.28,1.9,4.1,,3.1,0.13
Yaourt saveur citron,4056489020806,"['en:dairies', 'en:fermented-foods', 'en:fermented-milk-products', 'en:desserts', 'en:dairy-desserts', 'en:fermented-dairy-desserts', 'en:yogurts', 'fr:yaourt-saveur-citron']",0,[],[],89.0,3.0,1.9,12.3,0.0,2.9,0.1
natural original,8410500012861,"['en:beverages-and-beverages-preparations', 'en:beverages', 'en:dairies', 'en:fermented-foods', 'en:fermented-milk-products', 'en:desserts', 'en:dairy-desserts', 'en:milks-liquid-and-powder', 'en:dairy-drinks', 'en:fermented-dairy-desserts', 'en:milks', 'en:fermented-drinks', 'en:yogurts', 'en:fermented-milk-drinks', 'en:drinkable-yogurts', 'en:fermented-milk-drinks-with-sugar', 'en:milk-drinks-fermented-with-l-casei']",3,[],"['en:e440', 'en:e950', 'en:e955']",31.0,0.4,0.2,4.0,,2.8,0.0975
Vache à Boire Framboise,3760122960756,"['en:beverages-and-beverages-preparations', 'en:beverages', 'en:dairies', 'en:fermented-foods', 'en:fermented-milk-products', 'en:desserts', 'en:dairy-desserts', 'en:dairy-drinks', 'en:fermented-dairy-desserts', 'en:fermented-drinks', 'en:fermented-dairy-desserts-with-fruits', 'en:fermented-milk-drinks', 'en:yogurts', 'en:fruit-yogurts', 'en:yogurt-drinks', 'en:raspberry-yogurts', 'en:sweetened-beverages']",0,[],[],66.0,1.2,0.7,10.0,0.5,2.8,0.000175
Actimel Natural x12,8410500010485,"['en:beverages-and-beverages-preparations', 'en:beverages', 'en:dairies', 'en:fermented-foods', 'en:fermented-milk-products', 'en:desserts', 'en:dairy-desserts', 'en:dairy-drinks', 'en:fermented-dairy-desserts', 'en:fermented-drinks', 'en:fermented-milk-drinks', 'en:yogurts', 'en:yogurt-drinks', 'en:milk-drinks-fermented-with-l-casei', 'en:sweetened-fermented-milk-drinks-with-l-casei', 'en:fermented-milk-drinks-with-sugar', 'fr:boissons-lacteas', 'fr:lacteos']",0,[],[],66.0,1.5,1.0,9.9,,3.1,0.1
Joghurt Griechischer Art (pur),4056489025207,"['en:dairies', 'en:fermented-foods', 'en:fermented-milk-products', 'en:desserts', 'en:dairy-desserts', 'en:fermented-dairy-desserts', 'en:yogurts', 'en:greek-style-yogurts']",0,[],[],112.0,9.4,6.3,3.6,0.0,3.3,0.13
Greek style mango,5411188121305,"['en:plant-based-foods-and-beverages', 'en:dairies', 'en:fermented-foods', 'en:fermented-milk-products', 'en:dairy-substitutes', 'en:desserts', 'en:vegan-products', 'en:dairy-desserts', 'en:non-dairy-desserts', 'en:non-dairy-fermented-foods', 'en:fermented-dairy-desserts', 'en:non-dairy-yogurts', 'en:fermented-dairy-desserts-with-fruits', 'en:soy-milk-yogurts', 'en:yogurts', 'en:fruit-soy-yogurts']",5,[],"['en:e304', 'en:e306', 'en:e330', 'en:e331', 'en:e440']",83.0,2.7,0.5,8.1,1.2,5.0,0.412
"Bio Organic Cremiger Joghurt Mild (3,8% Fett)",4056489018483,"['en:dairies', 'en:fermented-foods', 'en:fermented-milk-products', 'en:desserts', 'en:dairy-desserts', 'en:fermented-dairy-desserts', 'en:yogurts', 'en:plain-fermented-dairy-desserts', 'en:plain-yogurts', 'en:stirred-yogurts']",0,[],[],68.0,3.8,2.6,3.7,0.0,4.1,0.16
Activia meille,6130646002428,"['en:dairies', 'en:fermented-foods', 'en:fermented-milk-products', 'en:desserts', 'en:dairy-desserts', 'en:fermented-dairy-desserts', 'en:yogurts', 'en:plain-fermented-dairy-desserts', 'en:plain-yogurts', 'en:bifidus-yogurts', 'en:plain-bifidus-yogurts']",0,[],[],60.8,3.25,1.95,4.54,,3.35,0.0875
Yogur estilo griego,4056489355854,"['en:dairies', 'en:fermented-foods', 'en:fermented-milk-products', 'en:desserts', 'en:dairy-desserts', 'en:fermented-dairy-desserts', 'en:yogurts', 'en:plain-fermented-dairy-desserts', 'en:plain-yogurts', 'en:greek-style-yogurts']",0,[],[],125.0,9.9,6.5,5.4,,3.6,0.15
Creamy Rasberry-Yogurt,20155650,"['en:dairies', 'en:fermented-foods', 'en:fermented-milk-products', 'en:desserts', 'en:dairy-desserts', 'en:fermented-dairy-desserts', 'en:fermented-dairy-desserts-with-fruits', 'en:yogurts', 'en:fruit-yogurts']",2,[],"['en:e331', 'en:e440']",136.0,8.0,5.5,11.9,0.5,2.8,0.19
Squeezy Yoghurt: Strawberry,20368104,"['en:dairies', 'en:fermented-foods', 'en:fermented-milk-products', 'en:desserts', 'en:dairy-desserts', 'en:fermented-dairy-desserts', 'en:yogurts']",2,[],"['en:e101', 'en:e101i', 'en:e412']",98.0,2.8,1.8,9.8,0.5,6.1,0.1
Yogurt Colato Greco 0% Di Grassi,8017596076106,"['en:dairies', 'en:fermented-foods', 'en:fermented-milk-products', 'en:desserts', 'en:dairy-desserts', 'en:fermented-dairy-desserts', 'en:yogurts', 'en:greek-style-yogurts']",0,[],[],56.0,0.0,0.0,4.0,,10.0,0.1775
actimel frc.de pădure,5941209019460,"['en:beverages-and-beverages-preparations', 'en:beverages', 'en:dairies', 'en:fermented-foods', 'en:fermented-milk-products', 'en:desserts', 'en:dairy-desserts', 'en:dairy-drinks', 'en:fermented-dairy-desserts', 'en:fermented-drinks', 'en:fermented-milk-drinks', 'en:yogurts', 'en:yogurt-drinks']",0,[],[],77.0,1.5,1.0,11.9,,2.8,0.1
Bífidus cremoso coco,8480000679772,"['en:dairies', 'en:fermented-foods', 'en:fermented-milk-products', 'en:desserts', 'en:dairy-desserts', 'en:fermented-dairy-desserts', 'en:yogurts', 'en:bifidus-yogurts', 'es:yogurt-bifidus-sabor-coco']",0,[],[],93.0,3.0,2.1,12.0,,4.6,0.15
Fraise et yaourt au lait entier frais,3608580085690,"['en:dairies', 'en:fermented-foods', 'en:fermented-milk-products', 'en:desserts', 'en:dairy-desserts', 'en:fermented-dairy-desserts', 'en:fermented-dairy-desserts-with-fruits', 'en:yogurts', 'en:fruit-yogurts', 'en:compotee-bonne-maman', 'en:fraise-🍓-et-yaourt']",0,[],[],115.0,5.8,3.8,12.0,0.4,2.4,0.08
,6130760000805,"['en:dairies', 'en:fermented-foods', 'en:fermented-milk-products', 'en:desserts', 'en:dairy-desserts', 'en:fermented-dairy-desserts', 'en:fermented-dairy-desserts-with-fruits', 'en:yogurts', 'en:fruit-yogurts', 'en:flavoured-fermented-dairy-desserts', 'en:flavoured-yogurts']",0,[],[],86.0,1.55,1.02,14.54,0.1,3.57,0.11
Yaourt,3523230062527,"['en:dairies', 'en:fermented-foods', 'en:fermented-milk-products', 'en:desserts', 'en:dairy-desserts', 'en:fermented-dairy-desserts', 'en:yogurts', 'en:plain-fermented-dairy-desserts', 'en:plain-yogurts']",0,[],[],42.0,1.1,0.7,4.0,0.0,4.1,0.13
Natural yogurt,5010251422099,"['en:dairies', 'en:fermented-foods', 'en:fermented-milk-products', 'en:desserts', 'en:dairy-desserts', 'en:fermented-dairy-desserts', 'en:yogurts', 'en:cow-milk-yogurts']",0,[],[],82.0,1.8,1.2,6.8,,5.4,0.1
Free Peach Passion Fruit 0% Fat & 0% Added Sugar Yogurt 4 x,5060360501819,"['en:dairies', 'en:fermented-foods', 'en:fermented-milk-products', 'en:desserts', 'en:dairy-desserts', 'en:fermented-dairy-desserts', 'en:fermented-dairy-desserts-with-fruits', 'en:yogurts', 'en:fruit-yogurts', 'en:low-fat-yogurts', 'en:pear-yogurts']",6,[],"['en:e160c', 'en:e270', 'en:e331', 'en:e407', 'en:e950', 'en:e955']",47.0,0.087,0.087,6.17,0.174,4.35,0.146
Greek style yoghurt with honey,5052909347262,"['en:dairies', 'en:fermented-foods', 'en:fermented-milk-products', 'en:desserts', 'en:dairy-desserts', 'en:fermented-dairy-desserts', 'en:yogurts', 'en:greek-style-yogurts']",0,[],[],126.0,6.5,4.3,11.6,,3.6,0.1
Yogures sabores,8402001007897,"['en:dairies', 'en:fermented-foods', 'en:fermented-milk-products', 'en:desserts', 'en:dairy-desserts', 'en:fermented-dairy-desserts', 'en:yogurts', 'en:flavoured-fermented-dairy-desserts', 'en:flavoured-yogurts']",3,[],"['en:e100', 'en:e120', 'en:e150']",82.0,2.5,1.7,11.4,,3.6,0.13
West country Luxury yogurt,00518994,"['en:dairies', 'en:fermented-foods', 'en:fermented-milk-products', 'en:desserts', 'en:dairy-desserts', 'en:fermented-dairy-desserts', 'en:yogurts', 'en:vanilla-yogurt']",0,[],[],148.0,8.1000003814697,5.5,15.199999809265,0.5,3.5999999046326,0.1
Lindahls Pro+ Kvarg Banoffee Pie,3023290062777,"['en:dairies', 'en:fermented-foods', 'en:fermented-milk-products', 'en:cheeses', 'en:desserts', 'en:dairy-desserts', 'en:fermented-dairy-desserts', 'en:yogurts', 'en:quarks']",4,[],"['en:e100', 'en:e160a', 'en:e950', 'en:e951']",60.0,0.2,0.133,2.73,,12.0,0.0983
Dairy free almond milk yog strawberry,5060298881212,"['en:plant-based-foods-and-beverages', 'en:dairies', 'en:fermented-foods', 'en:fermented-milk-products', 'en:dairy-substitutes', 'en:desserts', 'en:dairy-desserts', 'en:non-dairy-desserts', 'en:non-dairy-fermented-foods', 'en:fermented-dairy-desserts', 'en:non-dairy-yogurts', 'en:yogurts', 'en:almond-milk-yogurts']",1,[],['en:e410'],98.0,4.1,0.3,8.0,,4.9,0.138
plain simple ingredient skyr,0898248001411,"['en:dairies', 'en:fermented-foods', 'en:fermented-milk-products', 'en:desserts', 'en:dairy-desserts', 'en:fermented-dairy-desserts', 'en:yogurts']",0,[],[],58.8,0.0,0.0,2.94,0.0,11.2,0.0956
Naked strawberry yogurt,7610900229420,"['en:dairies', 'en:fermented-foods', 'en:fermented-milk-products', 'en:desserts', 'en:dairy-desserts', 'en:fermented-dairy-desserts', 'en:yogurts']",0,[],[],88.0,2.8,1.7,11.0,,4.0,0.07
Raspberry Yoghurt,3608580082699,"['en:dairies', 'en:fermented-foods', 'en:fermented-milk-products', 'en:desserts', 'en:dairy-desserts', 'en:fermented-dairy-desserts', 'en:fermented-dairy-desserts-with-fruits', 'en:yogurts', 'en:fruit-yogurts', 'en:raspberry-yogurts']",0,[],[],104.0,3.2,1.9,13.8,0.9,3.3,0.1
Coco original natural,8711812480929,"['en:beverages-and-beverages-preparations', 'en:plant-based-foods-and-beverages', 'en:beverages', 'en:dairies', 'en:fermented-foods', 'en:plant-based-foods', 'en:fermented-milk-products', 'en:dairy-substitutes', 'en:desserts', 'en:dairy-desserts', 'en:milk-substitutes', 'en:plant-based-beverages', 'en:fermented-dairy-desserts', 'en:plant-based-milk-alternatives', 'en:fermented-dairy-desserts-with-fruits', 'en:yogurts', 'en:fruit-yogurts', 'en:plant-based-creams', 'en:plant-based-creams-for-cooking', 'en:coconut-milks-and-creams', 'en:coconut-yogurts']",1,[],['en:e412'],179.0,18.0,16.0,1.8,,1.1,0.03
Yaourt vanille bio,3523230062534,"['en:dairies', 'en:fermented-foods', 'en:fermented-milk-products', 'en:desserts', 'en:dairy-desserts', 'en:frozen-foods', 'en:fermented-dairy-desserts', 'en:yogurts', 'en:vanilla-yogurt']",0,[],[],68.0,1.0,0.7,11.0,,3.8,0.12
& Things Yollies Yogurt Lollies Strawberry Flavour 4 x (100g),5010252108084,"['en:dairies', 'en:fermented-foods', 'en:fermented-milk-products', 'en:desserts', 'en:dairy-desserts', 'en:fermented-dairy-desserts', 'en:fermented-dairy-desserts-with-fruits', 'en:yogurts', 'en:fruit-yogurts', 'en:yogurt-with-fruits-and-sugar']",5,[],"['en:e120', 'en:e330', 'en:e406', 'en:e410', 'en:e412']",174.0,4.4,2.8,12.1,,5.1,0.14
non fat Greek yogurt,4099100150889,"['en:dairies', 'en:fermented-foods', 'en:fermented-milk-products', 'en:desserts', 'en:dairy-desserts', 'en:fermented-dairy-desserts', 'en:yogurts', 'en:greek-style-yogurts', 'en:low-fat-yogurts']",0,[],[],53.0,0.0,0.0,3.53,0.0,9.41,0.0
Raspberry & blackberry,3608580062790,"['en:dairies', 'en:fermented-foods', 'en:fermented-milk-products', 'en:desserts', 'en:dairy-desserts', 'en:fermented-dairy-desserts', 'en:fermented-dairy-desserts-with-fruits', 'en:yogurts', 'en:fruit-yogurts', 'en:raspberry-yogurts']",0,[],[],101.0,3.3,2.0,13.5,0.8,3.4,0.1
Yaourt brassé aux fruits,6111243591072,"['en:dairies', 'en:fermented-foods', 'en:fermented-milk-products', 'en:desserts', 'en:dairy-desserts', 'en:fermented-dairy-desserts', 'en:yogurts', 'en:stirred-yogurts', 'en:fruit-stirred-yogurts']",0,[],[],113.11,0.0,0.0,0.0,,3.2,0.0
Skyr bio,3273221114864,"['en:dairies', 'en:fermented-foods', 'en:fermented-milk-products', 'en:cheeses', 'en:desserts', 'en:dairy-desserts', 'en:fermented-dairy-desserts', 'en:yogurts', 'en:cream-cheeses']",0,[],[],54.0,0.5,0.1,4.0,,9.3,0.1
Activia bio nature 125 g x 4,3033491408380,"['en:dairies', 'en:fermented-foods', 'en:fermented-milk-products', 'en:desserts', 'en:dairy-desserts', 'en:fermented-dairy-desserts', 'en:yogurts', 'en:plain-fermented-dairy-desserts', 'en:plain-yogurts', 'en:bifidus-yogurts', 'en:plain-bifidus-yogurts']",0,[],[],62.0,3.4,2.4,4.5,,3.4,0.13
Yaourt à boire sucré aromatisé,3329770063327,"['en:beverages-and-beverages-preparations', 'en:beverages', 'en:dairies', 'en:fermented-foods', 'en:fermented-milk-products', 'en:desserts', 'en:dairy-desserts', 'en:dairy-drinks', 'en:fermented-dairy-desserts', 'en:fermented-drinks', 'en:fermented-milk-drinks', 'en:yogurts', 'en:yogurt-drinks', 'en:flavoured-drinkable-yogurts-with-sugar']",0,[],[],65.0,0.8,0.5,10.6,,3.0,0.12
Yaourt aux fruits avec morceaux,20649272,"['en:dairies', 'en:fermented-foods', 'en:fermented-milk-products', 'en:desserts', 'en:dairy-desserts', 'en:fermented-dairy-desserts', 'en:fermented-dairy-desserts-with-fruits', 'en:yogurts', 'en:fruit-yogurts', 'en:refrigerated-foods', 'en:stirred-yogurts', 'en:fruit-stirred-yogurts', 'en:fruit-yogurts-with-fruit-chunks']",4,[],"['en:e14xx', 'en:e330', 'en:e331', 'en:e440']",95.0,2.6,1.7,13.5,,2.9,0.13
Activia fruits 125 g x 4 ananas,3033491325403,"['en:dairies', 'en:fermented-foods', 'en:fermented-milk-products', 'en:desserts', 'en:dairy-desserts', 'en:fermented-dairy-desserts', 'en:fermented-dairy-desserts-with-fruits', 'en:yogurts', 'en:fruit-yogurts', 'en:bifidus-yogurts', 'en:fruit-bifidus-yogurts']",5,[],"['en:e1422', 'en:e14xx', 'en:e330', 'en:e331', 'en:e440']",88.0,3.3,2.3,11.0,,3.3,0.12
Yaourt au lait entier vanille,3560070936847,"['en:dairies', 'en:fermented-foods', 'en:fermented-milk-products', 'en:desserts', 'en:dairy-desserts', 'en:fermented-dairy-desserts', 'en:yogurts', 'en:vanilla-yogurt', 'en:whole-milk-yogurts']",0,[],[],86.0,3.1,2.0,11.0,,3.4,0.11
Yaourts bio nature au lait de brebis 2x125g,3256220870382,"['en:dairies', 'en:fermented-foods', 'en:fermented-milk-products', 'en:desserts', 'en:dairy-desserts', 'en:fermented-dairy-desserts', 'en:yogurts', 'en:plain-fermented-dairy-desserts', 'en:plain-yogurts', 'en:sheep-milk-yogurts', 'en:plain-sheep-milk-yogurts']",0,[],[],67.0,3.0,2.2,3.0,0.0,5.5,0.13
Yaourt Nature 0% Mat. Gr.,3560070847945,"['en:dairies', 'en:fermented-foods', 'en:fermented-milk-products', 'en:desserts', 'en:dairy-desserts', 'en:fermented-dairy-desserts', 'en:yogurts', 'en:plain-fermented-dairy-desserts', 'en:plain-yogurts', 'en:low-fat-yogurts']",0,[],[],38.0,0.0,0.0,4.5,,4.5,0.13
Yaourt de brebis sur lit de châtaignes 2 x 125 g,3280249801201,"['en:dairies', 'en:fermented-foods', 'en:fermented-milk-products', 'en:desserts', 'en:dairy-desserts', 'en:fermented-dairy-desserts', 'en:fresh-foods', 'en:fermented-dairy-desserts-with-fruits', 'en:yogurts', 'en:fruit-yogurts', 'en:sweetened-yogurts', 'en:chestnut-yogurts', 'en:sheep-milk-yogurts', 'en:yogurts-high-in-protein-on-a-fruit-layer', 'fr:yaourts-fromages-blancs']",0,[],[],46.0,2.4,0.3,16.0,,6.0,0.1
L'onctueux mangue passion graines de chia,3279230022015,"['en:dairies', 'en:fermented-foods', 'en:fermented-milk-products', 'en:desserts', 'en:dairy-desserts', 'en:fermented-dairy-desserts', 'en:fermented-dairy-desserts-with-fruits', 'en:yogurts', 'en:fruit-yogurts', 'fr:specialites-laitieres', 'fr:specialites-laitieres-aux-fruits']",1,[],['en:e440'],121.0,6.3,3.4,12.0,,2.3,0.08
Bio Yogurt mela & pera,20144340,"['en:dairies', 'en:fermented-foods', 'en:fermented-milk-products', 'en:desserts', 'en:dairy-desserts', 'en:fermented-dairy-desserts', 'en:fermented-dairy-desserts-with-fruits', 'en:yogurts', 'en:fruit-yogurts', 'en:fruit-yogurts-with-fruit-chunks']",0,[],[],91.0,2.8,1.8,11.4,,3.6,0.1
Les Milbo'z Yaourt aromatisé,20491031,"['en:dairies', 'en:fermented-foods', 'en:fermented-milk-products', 'en:desserts', 'en:dairy-desserts', 'en:fermented-dairy-desserts', 'en:fermented-dairy-desserts-with-fruits', 'en:yogurts', 'en:fruit-yogurts', 'en:flavoured-fermented-dairy-desserts', 'en:flavoured-yogurts', 'en:strawberry-yogurts']",0,[],[],69.0,0.9,0.6,12.0,0.5,3.1,0.11
L'emprésuré Chocolat intense,3278699700014,"['en:dairies', 'en:fermented-foods', 'en:fermented-milk-products', 'en:desserts', 'en:dairy-desserts', 'en:fermented-dairy-desserts', 'en:yogurts', 'en:junkets', 'en:chocolate-junkets']",0,[],[],123.0,2.1,1.3,18.0,0.0,7.1,0.29
Yaourt de brebis Nature,3560071229924,"['en:dairies', 'en:fermented-foods', 'en:fermented-milk-products', 'en:desserts', 'en:dairy-desserts', 'en:frozen-foods', 'en:fermented-dairy-desserts', 'en:yogurts', 'en:plain-fermented-dairy-desserts', 'en:plain-yogurts', 'en:sheep-milk-yogurts', 'en:plain-sheep-milk-yogurts']",0,[],[],67.0,3.0,2.2,3.0,,5.5,0.13
,3027030016464,"['en:dairies', 'en:fermented-foods', 'en:fermented-milk-products', 'en:desserts', 'en:dairy-desserts', 'en:fermented-dairy-desserts', 'en:cooking-helpers', 'en:yogurts', 'en:dessert-mixes']",0,[],[],65.0,3.6,2.4,4.8,0.0,3.3,0.11
,5200106871183,"['en:dairies', 'en:fermented-foods', 'en:fermented-milk-products', 'en:desserts', 'en:dairy-desserts', 'en:fermented-dairy-desserts', 'en:yogurts', 'en:greek-style-yogurts']",0,[],[],133.0,10.0,7.0,4.0,,6.6,0.1
"Joghurt 3,5% Fett",4028900004641,"['en:dairies', 'en:fermented-foods', 'en:fermented-milk-products', 'en:desserts', 'en:dairy-desserts', 'en:fermented-dairy-desserts', 'en:yogurts', 'en:plain-fermented-dairy-desserts', 'en:plain-yogurts']",0,[],[],66.0,3.5,2.3,4.1,,4.5,0.13
Fruchtzwerge,20040710,"['en:plant-based-foods-and-beverages', 'en:dairies', 'en:fermented-foods', 'en:plant-based-foods', 'en:fermented-milk-products', 'en:fruits-and-vegetables-based-foods', 'en:desserts', 'en:dairy-desserts', 'en:fruits-based-foods', 'en:fermented-dairy-desserts', 'en:fruits', 'en:yogurts', 'en:cow-milk-yogurts', 'en:produits-fermentes', 'en:produits-laitiers-fermentes']",1,[],['en:e412'],87.0,2.5,1.7,9.5,0.0,5.6,0.1
L'incontournable Brassé Nature Gourmand et Végétal,3608580968290,"['en:plant-based-foods-and-beverages', 'en:dairies', 'en:fermented-foods', 'en:fermented-milk-products', 'en:dairy-substitutes', 'en:desserts', 'en:dairy-desserts', 'en:non-dairy-desserts', 'en:non-dairy-fermented-foods', 'en:fermented-dairy-desserts', 'en:non-dairy-yogurts', 'en:yogurts', 'en:stirred-yogurts', 'en:coconutmilk-yogurts']",1,[],['en:e14xx'],75.0,4.9,4.1,0.3,,0.6,0.09
Yaourt nature 0%,3278699700069,"['en:dairies', 'en:fermented-foods', 'en:fermented-milk-products', 'en:desserts', 'en:dairy-desserts', 'en:fermented-dairy-desserts', 'en:yogurts', 'en:plain-fermented-dairy-desserts', 'en:plain-yogurts']",0,[],[],47.0,0.0,0.0,7.2,,4.6,0.2
Griego limón,8480000226518,"['en:dairies', 'en:fermented-foods', 'en:fermented-milk-products', 'en:desserts', 'en:dairy-desserts', 'en:fermented-dairy-desserts', 'en:fermented-dairy-desserts-with-fruits', 'en:yogurts', 'en:fruit-yogurts', 'en:greek-style-yogurts', 'en:lemon-yogurts']",1,[],['en:e202'],135.0,7.8,5.2,12.4,,3.3,0.11
Yogurt magro,8007735002806,"['en:dairies', 'en:fermented-foods', 'en:fermented-milk-products', 'en:desserts', 'en:dairy-desserts', 'en:fermented-dairy-desserts', 'en:yogurts']",0,[],[],41.0,0.1,0.0,4.6,,4.3,0.1
Skyr au lait de brebis,3280249800631,"['en:dairies', 'en:fermented-foods', 'en:fermented-milk-products', 'en:cheeses', 'en:desserts', 'en:dairy-desserts', 'en:fermented-dairy-desserts', 'en:fromages-blancs-petit-suisses-and-skyr', 'en:yogurts', 'en:skyrs', 'en:cream-cheeses']",0,[],[],77.0,2.5,2.0,3.0,,9.2,0.14
Краве кисело мляко Чудно 5%,3800748051237,"['en:dairies', 'en:fermented-foods', 'en:fermented-milk-products', 'en:desserts', 'en:dairy-desserts', 'en:fermented-dairy-desserts', 'en:yogurts', 'en:plain-fermented-dairy-desserts', 'en:plain-yogurts', 'en:cow-milk-yogurts']",0,[],[],79.0,5.0,3.3,4.6,0.0,3.3,0.1
Alta digeribilità yogurt alla greca di grassi,8002580014431,"['en:dairies', 'en:fermented-foods', 'en:fermented-milk-products', 'en:desserts', 'en:dairy-desserts', 'en:fermented-dairy-desserts', 'en:yogurts', 'en:greek-style-yogurts', 'en:lactose-free-yogurts']",0,[],[],54.0,0.0,0.0,3.5,,10.0,0.0975
Le nature,3033491782275,"['en:dairies', 'en:fermented-foods', 'en:fermented-milk-products', 'en:desserts', 'en:dairy-desserts', 'en:fermented-dairy-desserts', 'en:yogurts', 'en:plain-fermented-dairy-desserts', 'en:plain-yogurts']",0,[],[],45.0,1.0,0.6,5.1,,3.8,0.14
Kefir Nature,7623186004346,"['en:beverages', 'en:dairies', 'en:fermented-foods', 'en:fermented-milk-products', 'en:desserts', 'en:dairy-desserts', 'en:dairy-drinks', 'en:fermented-dairy-desserts', 'en:fermented-drinks', 'en:yogurts', 'en:fermented-milk-drinks', 'en:plain-fermented-dairy-desserts', 'en:kefir-yogurts', 'en:plain-yogurts', 'en:kefir']",0,[],[],74.0,4.0,2.0,4.7,0.0,4.8,0.13
Yaourt au lait de chèvre nature,4056489208068,"['en:dairies', 'en:fermented-foods', 'en:fermented-milk-products', 'en:desserts', 'en:dairy-desserts', 'en:fermented-dairy-desserts', 'en:yogurts', 'en:plain-fermented-dairy-desserts', 'en:plain-yogurts', 'en:goat-milk-yogurts', 'en:plain-goat-yogurts']",0,[],[],77.0,4.9,3.4,4.2,0.0,4.1,0.09
Bio coco mangue,5901104004800,"['en:plant-based-foods-and-beverages', 'en:dairies', 'en:fermented-foods', 'en:fermented-milk-products', 'en:dairy-substitutes', 'en:desserts', 'en:dairy-desserts', 'en:non-dairy-desserts', 'en:non-dairy-fermented-foods', 'en:fermented-dairy-desserts', 'en:non-dairy-yogurts', 'en:fermented-dairy-desserts-with-fruits', 'en:yogurts', 'en:fruit-yogurts', 'en:coconutmilk-yogurts']",0,[],[],107.0,5.3,5.1,8.4,0.5,0.6,0.03
Organic Curly Kale,5000128962575,"['en:dairies', 'en:fermented-foods', 'en:fermented-milk-products', 'en:desserts', 'en:dairy-desserts', 'en:fermented-dairy-desserts', 'en:yogurts', 'en:plain-fermented-dairy-desserts', 'en:plain-yogurts', 'en:greek-style-yogurts']",0,[],[],64.0,0.4,0.08,8.0,0.4,6.96,0.158
Skyr - jogurt typu islandzkiego z truskawkami,5900531004506,"['en:dairies', 'en:fermented-foods', 'en:fermented-milk-products', 'en:desserts', 'en:dairy-desserts', 'en:fermented-dairy-desserts', 'en:fermented-dairy-desserts-with-fruits', 'en:fromages-blancs-petit-suisses-and-skyr', 'en:yogurts', 'en:fruit-yogurts', 'en:skyrs', 'en:fruit-skyrs']",1,[],['en:e440'],78.0,0.0,0.0,10.0,0.0,9.6,0.06
Kéfir mild,8436039432765,"['en:beverages-and-beverages-preparations', 'en:beverages', 'en:dairies', 'en:fermented-foods', 'en:fermented-milk-products', 'en:desserts', 'en:dairy-desserts', 'en:dairy-drinks', 'en:fermented-dairy-desserts', 'en:fermented-drinks', 'en:fermented-milk-drinks', 'en:yogurts', 'en:yogurt-drinks', 'en:kefir']",1,[],['en:e202'],62.0,3.2,1.9,2.15,,3.5,0.1
Yaourts fruits jaunes,3701002406674,"['en:dairies', 'en:fermented-foods', 'en:fermented-milk-products', 'en:desserts', 'en:dairy-desserts', 'en:fermented-dairy-desserts', 'en:fermented-dairy-desserts-with-fruits', 'en:yogurts', 'en:fruit-yogurts']",0,[],[],88.0,2.9,1.9,11.0,,3.3,0.08
High-Protein-Pudding - Schoko,4337256382564,"['en:dairies', 'en:fermented-foods', 'en:fermented-milk-products', 'en:desserts', 'en:dairy-desserts', 'en:fermented-dairy-desserts', 'en:entremets-mousses-and-creamy-puddings', 'en:puddings', 'en:yogurts', 'en:chocolate-desserts', 'en:creamy-puddings', 'en:refrigerated-creamy-puddings']",5,[],"['en:e14xx', 'en:e407', 'en:e466', 'en:e950', 'en:e955']",76.0,1.5,1.0,4.2,,10.0,0.18
Greek Style Fat Free Yogurt,4088600383705,"['en:dairies', 'en:fermented-foods', 'en:fermented-milk-products', 'en:desserts', 'en:dairy-desserts', 'en:fermented-dairy-desserts', 'en:yogurts', 'en:greek-style-yogurts']",0,[],[],62.0,0.2,0.1,7.7,0.0,5.9,0.188
,3329770051621,"['en:dairies', 'en:fermented-foods', 'en:fermented-milk-products', 'en:desserts', 'en:dairy-desserts', 'en:fermented-dairy-desserts', 'en:fermented-dairy-desserts-with-fruits', 'en:fromages-blancs-petit-suisses-and-skyr', 'en:yogurts', 'en:fruit-yogurts', 'en:petits-suisses', 'en:fruits-flavoured-fat-fresh-cream-cheese']",0,[],[],88.0,2.4,1.6,9.9,,5.3,0.12
Natural yogurt,5010251430872,"['en:dairies', 'en:fermented-foods', 'en:fermented-milk-products', 'en:desserts', 'en:dairy-desserts', 'en:fermented-dairy-desserts', 'en:yogurts', 'en:whole-milk-yogurts']",0,[],[],68.0,2.7,1.9,5.1,0.0,5.9,0.23
Strawberry and banana sugar free yoghurt,3329770065550,"['en:dairies', 'en:fermented-foods', 'en:fermented-milk-products', 'en:desserts', 'en:dairy-desserts', 'en:fermented-dairy-desserts', 'en:fermented-dairy-desserts-with-fruits', 'en:fromages-blancs-petit-suisses-and-skyr', 'en:yogurts', 'fr:fromages-blancs', 'en:fromages-blancs-with-fruits']",0,[],[],85.0,3.4000000953674,2.2000000476837,4.9000000953674,,8.0,0.11999999731779
Gut Health Strawberry,5060360506289,"['en:dairies', 'en:fermented-foods', 'en:fermented-milk-products', 'en:desserts', 'en:dairy-desserts', 'en:fermented-dairy-desserts', 'en:fermented-dairy-desserts-with-fruits', 'en:yogurts', 'en:fruit-yogurts', 'en:bifidus-yogurts', 'en:fruit-bifidus-yogurts', 'en:strawberry-yogurts']",7,[],"['en:e236', 'en:e270', 'en:e331', 'en:e407', 'en:e440', 'en:e950', 'en:e955']",90.4,2.78,1.91,12.2,,3.91,0.137
Greek yogurt,5202234620480,"['en:dairies', 'en:fermented-foods', 'en:fermented-milk-products', 'en:desserts', 'en:dairy-desserts', 'en:fermented-dairy-desserts', 'en:yogurts', 'en:plain-fermented-dairy-desserts', 'en:plain-yogurts', 'en:cow-milk-yogurts', 'en:greek-style-yogurts', 'en:plain-greek-style-yogurts']",0,[],[],130.0,10.0,7.0,3.4,,6.2,0.17
Greek Authentic Yogurt with Vanilla,4088600060002,"['en:dairies', 'en:fermented-foods', 'en:fermented-milk-products', 'en:desserts', 'en:dairy-desserts', 'en:fermented-dairy-desserts', 'en:yogurts', 'en:greek-style-yogurts', 'en:sheep-milk-yogurts', 'en:yogurt-greek-style-ewe-s-milk']",0,[],[],84.4,0.333,0.0673,10.4,0.333,8.33,0.0733
Yoghurt violet fig,3608580023838,"['en:dairies', 'en:fermented-foods', 'en:fermented-milk-products', 'en:desserts', 'en:dairy-desserts', 'en:fermented-dairy-desserts', 'en:fermented-dairy-desserts-with-fruits', 'en:yogurts', 'en:fruit-yogurts']",1,[],['en:e440'],109.0,3.84,2.32,14.82,,3.25,0.1
Low fat natural yogurt,5050854476501,"['en:dairies', 'en:fermented-foods', 'en:fermented-milk-products', 'en:desserts', 'en:dairy-desserts', 'en:fermented-dairy-desserts', 'en:yogurts', 'en:low-fat-yogurts']",0,[],[],56.0,1.5,1.0,5.9,,4.8,0.13
YoPRO protein pudding hazelnut chocolate,5941209023283,"['en:dairies', 'en:fermented-foods', 'en:fermented-milk-products', 'en:desserts', 'en:dairy-desserts', 'en:fermented-dairy-desserts', 'en:yogurts']",4,[],"['en:e14xx', 'en:e339', 'en:e452', 'en:e955']",76.0,0.9,0.6,4.5,0.0,10.0,0.33
Zaziki,4056489665588,"['en:dairies', 'en:fermented-foods', 'en:fermented-milk-products', 'en:condiments', 'en:desserts', 'en:dairy-desserts', 'en:fermented-dairy-desserts', 'en:sauces', 'en:yogurts', 'en:dips', 'en:tzatzikis']",1,[],['en:e14xx'],115.0,7.6,1.4,5.5,0.1,3.2,0.9
Joghurt Griechischer Art Kokos,4056489571155,"['en:dairies', 'en:fermented-foods', 'en:fermented-milk-products', 'en:desserts', 'en:dairy-desserts', 'en:fermented-dairy-desserts', 'en:yogurts', 'en:greek-style-yogurts']",0,[],[],161.0,9.2,6.7,15.4,,3.0,0.00025
Strawberry and Raspberry Flavour Drinking Yoghurt with Sweeteners,5060360507538,"['en:beverages-and-beverages-preparations', 'en:beverages', 'en:dairies', 'en:fermented-foods', 'en:fermented-milk-products', 'en:desserts', 'en:dairy-desserts', 'en:dairy-drinks', 'en:fermented-dairy-desserts', 'en:fermented-drinks', 'en:yogurts', 'en:fermented-milk-drinks', 'en:drinkable-yogurts']",5,[],"['en:e330', 'en:e331', 'en:e440', 'en:e950', 'en:e955']",61.9,0.515,0.309,5.5,,8.59,0.169
Brassé probiotiques Fraise,3329770087798,"['en:dairies', 'en:fermented-foods', 'en:fermented-milk-products', 'en:desserts', 'en:dairy-desserts', 'en:fermented-dairy-desserts', 'en:fermented-dairy-desserts-with-fruits', 'en:yogurts', 'en:fruit-yogurts']",0,[],[],85.0,2.9,1.9,9.6,,3.6,0.14
Yoghurt Griekse stijl,8718907893152,"['en:dairies', 'en:fermented-foods', 'en:fermented-milk-products', 'en:desserts', 'en:dairy-desserts', 'en:fermented-dairy-desserts', 'en:yogurts', 'en:greek-style-yogurts']",0,[],[],128.0,10.0,6.5,5.0,0.0,4.5,0.1
Yaourt chèvre vanille,3523230014243,"['en:dairies', 'en:fermented-foods', 'en:fermented-milk-products', 'en:desserts', 'en:dairy-desserts', 'en:fermented-dairy-desserts', 'en:yogurts', 'en:flavoured-fermented-dairy-desserts', 'en:sweetened-yogurts', 'en:vanilla-yogurt', 'en:flavoured-yogurts', 'en:goat-milk-yogurts']",0,[],[],90.0,4.7,3.4,8.1,,3.9,0.00025
Yaourt à boire sucré aromatisé,3329770063181,"['en:beverages-and-beverages-preparations', 'en:beverages', 'en:dairies', 'en:fermented-foods', 'en:fermented-milk-products', 'en:desserts', 'en:dairy-desserts', 'en:dairy-drinks', 'en:fermented-dairy-desserts', 'en:fermented-drinks', 'en:fermented-milk-drinks', 'en:yogurts', 'en:yogurt-drinks', 'en:flavoured-yogurt-drinks', 'en:flavoured-drinkable-yogurts-with-sugar', 'en:fruit-flavoured-yogurt-drinks', 'en:strawberry-yogurt-drinks', 'en:sweetened-beverages']",0,[],[],65.0,0.8,0.5,10.5,,3.0,0.12
Yaourt au lait entier saveur citron BIO,3278692500246,"['en:dairies', 'en:fermented-foods', 'en:fermented-milk-products', 'en:desserts', 'en:dairy-desserts', 'en:fermented-dairy-desserts', 'en:fermented-dairy-desserts-with-fruits', 'en:yogurts', 'en:flavoured-fermented-dairy-desserts', 'en:sweetened-yogurts', 'en:flavoured-yogurts', 'en:whole-milk-yogurts']",0,[],[],89.0,3.2,2.2,11.0,0.0,3.1,0.09
Yaourt nature au lait de chèvre 4X 120g,3250391945993,"['en:dairies', 'en:fermented-foods', 'en:fermented-milk-products', 'en:desserts', 'en:dairy-desserts', 'en:fermented-dairy-desserts', 'en:yogurts', 'en:plain-fermented-dairy-desserts', 'en:plain-yogurts', 'en:goat-milk-yogurts', 'en:plain-goat-yogurts', 'fr:yaourts-et-laits-fermentes-nature-non-sucres-gourmands']",0,[],[],70.0,4.6,3.2,2.9,0.0,4.1,0.08
Yaourts à la grecque lit fruits jaunes,4056489020196,"['en:dairies', 'en:fermented-foods', 'en:fermented-milk-products', 'en:desserts', 'en:dairy-desserts', 'en:fermented-dairy-desserts', 'en:fermented-dairy-desserts-with-fruits', 'en:yogurts', 'en:fruit-yogurts', 'en:greek-style-yogurt-on-a-bed-of-fruits', 'en:greek-style-yogurts', 'en:peach-yogurts']",6,[],"['en:e14xx', 'en:e160c', 'en:e330', 'en:e331', 'en:e407', 'en:e415']",122.0,6.2,4.2,13.2,0.5,2.5,0.14
Yaourt nature 0% mg,3564707081894,"['en:dairies', 'en:fermented-foods', 'en:fermented-milk-products', 'en:desserts', 'en:dairy-desserts', 'en:fermented-dairy-desserts', 'en:yogurts', 'en:plain-fermented-dairy-desserts', 'en:plain-yogurts', 'en:fat-free-plain-fermented-dairy-desserts', 'en:low-fat-yogurts']",0,[],[],35.0,0.5,0.0,4.5,0.0,4.3,0.1
Yaourt au lait entier de brebis vanille 4 x 110 g,3523230039581,"['en:dairies', 'en:fermented-foods', 'en:fermented-milk-products', 'en:desserts', 'en:dairy-desserts', 'en:fermented-dairy-desserts', 'en:yogurts', 'en:flavoured-fermented-dairy-desserts', 'en:vanilla-yogurt', 'en:sheep-milk-yogurts']",0,[],[],110.0,6.6,4.7,7.5,,5.1,0.1
L Casei fresa 0%,8480000206589,"['en:beverages-and-beverages-preparations', 'en:beverages', 'en:dairies', 'en:fermented-foods', 'en:fermented-milk-products', 'en:desserts', 'en:dairy-desserts', 'en:dairy-drinks', 'en:fermented-dairy-desserts', 'en:fermented-drinks', 'en:fermented-milk-drinks', 'en:yogurts', 'en:yogurt-drinks']",0,[],[],29.0,0.1,0.0,3.5,,3.3,0.1
Bifidus nature (12 Pots),3250390779100,"['en:dairies', 'en:fermented-foods', 'en:fermented-milk-products', 'en:desserts', 'en:dairy-desserts', 'en:fermented-dairy-desserts', 'en:fresh-foods', 'en:yogurts', 'en:plain-fermented-dairy-desserts', 'en:plain-yogurts', 'en:bifidus-yogurts', 'en:plain-bifidus-yogurts']",0,[],[],68.0,3.5,2.3,4.1,0.5,3.7,0.1
Actimel 0% de mg 100 g x 12 nature,3033491326721,"['en:beverages-and-beverages-preparations', 'en:beverages', 'en:dairies', 'en:fermented-foods', 'en:fermented-milk-products', 'en:desserts', 'en:dairy-desserts', 'en:dairy-drinks', 'en:fermented-dairy-desserts', 'en:fermented-drinks', 'en:fermented-milk-drinks', 'en:yogurts', 'en:yogurt-drinks', 'en:fermented-milk-drinks-with-sugar', 'en:milk-drinks-fermented-with-l-casei', 'en:sweetened-fermented-milk-drinks-with-l-casei']",3,[],"['en:e440', 'en:e950', 'en:e955']",28.0,0.1,0.03,3.3,,2.8,0.1
Müller Joghurt mit der Ecke - Schoko-Flakes,40255774,"['en:dairies', 'en:fermented-foods', 'en:fermented-milk-products', 'en:desserts', 'en:dairy-desserts', 'en:fermented-dairy-desserts', 'en:yogurts']",6,[],"['en:e14xx', 'en:e322', 'en:e330', 'en:e333', 'en:e414', 'en:e440']",123.0,4.6,3.0,13.3,,4.0,0.16
yaourt saveur framboise,3278699700113,"['en:dairies', 'en:fermented-foods', 'en:fermented-milk-products', 'en:desserts', 'en:dairy-desserts', 'en:fermented-dairy-desserts', 'en:yogurts', 'en:flavoured-fermented-dairy-desserts', 'en:sweetened-yogurts', 'en:flavoured-yogurts', 'en:whole-milk-yogurts']",0,[],[],91.0,3.0,2.0,11.0,0.0,3.0,0.09
"Joghurt mild 1,5% Fett",4008452031067,"['en:dairies', 'en:fermented-foods', 'en:fermented-milk-products', 'en:desserts', 'en:dairy-desserts', 'en:fermented-dairy-desserts', 'en:yogurts']",0,[],[],64.0,1.5,1.0,6.6,,5.3,0.19
Bifidus nature 4x125g,3250390841289,"['en:dairies', 'en:fermented-foods', 'en:fermented-milk-products', 'en:desserts', 'en:dairy-desserts', 'en:fermented-dairy-desserts', 'en:yogurts', 'en:plain-fermented-dairy-desserts', 'en:plain-yogurts', 'en:bifidus-yogurts', 'en:plain-bifidus-yogurts', 'fr:yaourts-et-laits-fermentes-nature-non-sucres-classiques']",0,[],[],61.0,3.5,2.3,4.1,0.0,3.7,0.1
"Bio-Jogurt mild 3,8% Fett",4104060024757,"['en:dairies', 'en:fermented-foods', 'en:fermented-milk-products', 'en:desserts', 'en:dairy-desserts', 'en:fermented-dairy-desserts', 'en:yogurts']",0,[],[],66.0,3.8,2.6,3.8,0.0,4.1,0.1
Yaourt fraises,3177630361003,"['en:dairies', 'en:fermented-foods', 'en:fermented-milk-products', 'en:desserts', 'en:dairy-desserts', 'en:fermented-dairy-desserts', 'en:fermented-dairy-desserts-with-fruits', 'en:yogurts', 'en:fruit-yogurts', 'en:stirred-yogurts', 'en:strawberry-yogurts']",3,[],"['en:e120', 'en:e14xx', 'en:e407']",88.0,2.4,1.6,12.0,,3.4,0.13
Hipro,8001630010904,"['en:dairies', 'en:fermented-foods', 'en:fermented-milk-products', 'en:desserts', 'en:dairy-desserts', 'en:fermented-dairy-desserts', 'en:yogurts', 'en:dairies-high-in-proteins']",5,[],"['en:e14xx', 'en:e150a', 'en:e440', 'en:e950', 'en:e955']",55.0,0.125,0.125,4.0,,9.38,0.0875
Yogur sabor fresa,8480000200402,"['en:dairies', 'en:fermented-foods', 'en:fermented-milk-products', 'en:desserts', 'en:dairy-desserts', 'en:fermented-dairy-desserts', 'en:yogurts', 'en:flavoured-fermented-dairy-desserts', 'en:cow-milk-yogurts', 'en:flavoured-yogurts']",1,[],['en:e120'],82.0,2.5,1.7,11.4,,3.0,0.13
Greek Style Yogurt Natural,4056489136033,"['en:dairies', 'en:fermented-foods', 'en:fermented-milk-products', 'en:desserts', 'en:dairy-desserts', 'en:fermented-dairy-desserts', 'en:yogurts', 'en:greek-style-yogurts']",0,[],[],124.0,10.5,7.3,3.7,,3.6,0.1175
Natural Light Greek Yogurt,9310653102626,"['en:dairies', 'en:fermented-foods', 'en:fermented-milk-products', 'en:desserts', 'en:dairy-desserts', 'en:fermented-dairy-desserts', 'en:yogurts', 'en:greek-style-yogurts']",0,[],[],53.3,0.0,0.0,2.67,,9.33,0.1
Yogurt greco senza grassi,4056489055952,"['en:dairies', 'en:fermented-foods', 'en:fermented-milk-products', 'en:desserts', 'en:dairy-desserts', 'en:fermented-dairy-desserts', 'en:yogurts', 'en:greek-style-yogurts']",0,[],[],58.0,0.0,0.0,3.5,,10.0,0.1
Jogurts,20100872,"['en:dairies', 'en:fermented-foods', 'en:fermented-milk-products', 'en:desserts', 'en:dairy-desserts', 'en:fermented-dairy-desserts', 'en:fermented-dairy-desserts-with-fruits', 'en:yogurts', 'en:fruit-yogurts', 'en:strawberry-yogurts']",5,[],"['en:e14xx', 'en:e330', 'en:e331', 'en:e412', 'en:e440']",431.0,11.0,5.5,11.9,0.5,12.0,0.13
Griechischer Joghurt,4061458244404,"['en:dairies', 'en:fermented-foods', 'en:fermented-milk-products', 'en:desserts', 'en:dairy-desserts', 'en:fermented-dairy-desserts', 'en:yogurts', 'en:greek-style-yogurts']",0,[],[],117.0,9.2,6.1,4.5,,4.1,0.1475
Кисело мляко 2.9%,3800748002376,"['en:dairies', 'en:fermented-foods', 'en:fermented-milk-products', 'en:desserts', 'en:dairy-desserts', 'en:fermented-dairy-desserts', 'en:yogurts', 'en:plain-fermented-dairy-desserts', 'en:plain-yogurts', 'en:cow-milk-yogurts']",0,[],[],56.5,2.4,1.9,4.2,,3.4,0.0975
"Bio Chefir 3,3% grasime",5941065014562,"['en:dairies', 'en:fermented-foods', 'en:fermented-milk-products', 'en:desserts', 'en:dairy-desserts', 'en:fermented-dairy-desserts', 'en:yogurts']",0,[],[],57.0,3.3,2.0,3.7,,3.1,0.06
Covalact chefir 900g,5941221001771,"['en:dairies', 'en:fermented-foods', 'en:fermented-milk-products', 'en:desserts', 'en:dairy-desserts', 'en:fermented-dairy-desserts', 'en:yogurts']",0,[],[],57.0,3.3,0.002,3.6,,3.2,0.1
Skyr noix de coco,3329770084520,"['en:dairies', 'en:fermented-foods', 'en:fermented-milk-products', 'en:desserts', 'en:dairy-desserts', 'en:fermented-dairy-desserts', 'en:yogurts']",2,[],"['en:e14xx', 'en:e412']",84.0,0.8,0.8,9.6,0.0,8.3,0.125
Low fat Greek style yogurt,00854252,"['en:dairies', 'en:fermented-foods', 'en:fermented-milk-products', 'en:desserts', 'en:dairy-desserts', 'en:fermented-dairy-desserts', 'en:yogurts', 'en:greek-style-yogurts', 'en:salted-snacks']",0,[],[],71.0,2.5999999046326,1.7000000476837,5.8000001907349,1.4,5.1999998092651,0.0
Кисело мляко с вишни,20561963,"['en:dairies', 'en:fermented-foods', 'en:fermented-milk-products', 'en:desserts', 'en:dairy-desserts', 'en:fermented-dairy-desserts', 'en:fermented-dairy-desserts-with-fruits', 'en:yogurts', 'en:fruit-yogurts', 'en:cherry-yogurts']",0,[],[],96.0,2.7,1.8,13.0,,3.2,0.15
Hipro mirtillo,8001630010911,"['en:dairies', 'en:fermented-foods', 'en:fermented-milk-products', 'en:desserts', 'en:dairy-desserts', 'en:fermented-dairy-desserts', 'en:fermented-dairy-desserts-with-fruits', 'en:yogurts', 'en:fruit-yogurts', 'en:blueberry-yogurts', 'en:dairies-high-in-proteins']",5,[],"['en:e14xx', 'en:e330', 'en:e440', 'en:e950', 'en:e955']",54.0,0.1,0.1,3.4,,9.4,0.09
Hipro 15g proteine gusto stracciatella,8001630011710,"['en:dairies', 'en:fermented-foods', 'en:fermented-milk-products', 'en:desserts', 'en:dairy-desserts', 'en:fermented-dairy-desserts', 'en:yogurts', 'en:dairies-high-in-proteins']",2,[],"['en:e440', 'en:e955']",56.2,0.5,0.312,3.12,,9.38,0.25
Activia rasberry,5060360506241,"['en:dairies', 'en:fermented-foods', 'en:fermented-milk-products', 'en:desserts', 'en:dairy-desserts', 'en:fermented-dairy-desserts', 'en:fermented-dairy-desserts-with-fruits', 'en:yogurts', 'en:fruit-yogurts', 'en:bifidus-yogurts', 'en:cow-milk-yogurts']",7,[],"['en:e209', 'en:e240', 'en:e330', 'en:e331', 'en:e440', 'en:e950', 'en:e955']",49.0,0.1,0.1,6.7,,4.9,0.17
Greek Style Yogurt,5060360501758,"['en:dairies', 'en:fermented-foods', 'en:fermented-milk-products', 'en:desserts', 'en:dairy-desserts', 'en:fermented-dairy-desserts', 'en:yogurts', 'en:greek-style-yogurts']",7,[],"['en:e270', 'en:e331', 'en:e333', 'en:e407', 'en:e440', 'en:e950', 'en:e955']",48.0,0.1,0.1,6.2,0.1,4.3,0.1575
Total 0% Milkfat Yogurt,0689544080008,"['en:dairies', 'en:fermented-foods', 'en:fermented-milk-products', 'en:desserts', 'en:dairy-desserts', 'en:fermented-dairy-desserts', 'en:yogurts', 'en:greek-style-yogurts']",0,[],[],53.3,0.0,0.0,3.33,0.0,10.7,0.0917
Fruits Coconut,5201054057353,"['en:plant-based-foods-and-beverages', 'en:dairies', 'en:fermented-foods', 'en:fermented-milk-products', 'en:desserts', 'en:dairy-desserts', 'en:fermented-dairy-desserts', 'en:yogurts', 'en:cow-milk-yogurts']",0,[],[],116.0,5.2,4.0,9.2,0.0,7.3,0.09
Total,5201054017524,"['en:dairies', 'en:fermented-foods', 'en:fermented-milk-products', 'en:desserts', 'en:dairy-desserts', 'en:fermented-dairy-desserts', 'en:yogurts', 'en:greek-style-yogurts']",0,[],[],70.0,2.0,1.3,3.0,,9.9,0.0975
Céréalo,6130760006746,"['en:dairies', 'en:fermented-foods', 'en:fermented-milk-products', 'en:desserts', 'en:dairy-desserts', 'en:fermented-dairy-desserts', 'en:yogurts']",1,[],['en:e1412'],75.2,1.6,1.05,12.2,,1.7,0.05
Low fat live natural yogurt,00852210,"['en:dairies', 'en:fermented-foods', 'en:fermented-milk-products', 'en:desserts', 'en:dairy-desserts', 'en:fermented-dairy-desserts', 'en:yogurts', 'en:low-fat-yogurts']",0,[],[],65.0,1.8,1.2,6.5,0.5,5.4,0.2
Greek Yogurt Strawberry Blended,0894700010267,"['en:dairies', 'en:fermented-foods', 'en:fermented-milk-products', 'en:desserts', 'en:dairy-desserts', 'en:fermented-dairy-desserts', 'en:fermented-dairy-desserts-with-fruits', 'en:yogurts', 'en:fruit-yogurts', 'en:greek-style-yogurts']",3,[],"['en:e410', 'en:e412', 'en:e440']",76.5,0.0,0.0,10.0,0.588,7.65,0.154
drink yoghurt,3329770063112,"['en:dairies', 'en:fermented-foods', 'en:fermented-milk-products', 'en:desserts', 'en:dairy-desserts', 'en:fermented-dairy-desserts', 'en:yogurts']",0,[],[],63.0,0.8,0.5,9.9,,3.0,0.12
Strawberries & Cream,0818290017710,"['en:beverages-and-beverages-preparations', 'en:beverages', 'en:dairies', 'en:fermented-foods', 'en:fermented-milk-products', 'en:desserts', 'en:dairy-desserts', 'en:dairy-drinks', 'en:fermented-dairy-desserts', 'en:fermented-drinks', 'en:fermented-milk-drinks', 'en:yogurts', 'en:yogurt-drinks']",3,[],"['en:e410', 'en:e440', 'en:e960']",57.4,1.01,0.676,3.72,0.338,6.76,0.0971
0% Fat Greek Style Live Yoghurt,00051446,"['en:dairies', 'en:fermented-foods', 'en:fermented-milk-products', 'en:desserts', 'en:dairy-desserts', 'en:fermented-dairy-desserts', 'en:fermented-dairy-desserts-with-fruits', 'en:yogurts', 'en:fruit-yogurts', 'en:plain-fermented-dairy-desserts', 'en:plain-yogurts', 'en:greek-style-yogurts', 'en:low-fat-yogurts', 'en:yogurts-high-in-protein-on-a-fruit-layer']",0,[],[],64.0,0.4,0.1,8.0,0.5,7.0,0.1775
Lactose free greek style natural yogurt,00381819,"['en:dairies', 'en:fermented-foods', 'en:fermented-milk-products', 'en:desserts', 'en:dairy-desserts', 'en:fermented-dairy-desserts', 'en:yogurts', 'en:greek-style-yogurts']",0,[],[],108.0,7.2,4.9,5.2,,5.1,0.2
Amul Lassi 200ml,8901262200189,"['en:beverages-and-beverages-preparations', 'en:beverages', 'en:dairies', 'en:fermented-foods', 'en:fermented-milk-products', 'en:desserts', 'en:dairy-desserts', 'en:dairy-drinks', 'en:fermented-dairy-desserts', 'en:fermented-drinks', 'en:fermented-milk-drinks', 'en:yogurts', 'en:yogurt-drinks', 'en:lassi']",1,[],['en:e440'],88.5,2.1,1.25,14.5,,2.1,0.075
Honey Vanilla Greek Yogurt,0078355570103,"['en:dairies', 'en:fermented-foods', 'en:fermented-milk-products', 'en:desserts', 'en:dairy-desserts', 'en:fermented-dairy-desserts', 'en:yogurts', 'en:greek-style-yogurts', 'en:honey-yogurts']",1,[],['en:e440'],112.0,4.12,2.65,13.5,0.0,4.12,0.162
actimel nature sans sucre,3033491684760,"['en:beverages-and-beverages-preparations', 'en:beverages', 'en:dairies', 'en:fermented-foods', 'en:fermented-milk-products', 'en:desserts', 'en:dairy-desserts', 'en:dairy-drinks', 'en:fermented-dairy-desserts', 'en:fermented-drinks', 'en:fermented-milk-drinks', 'en:yogurts', 'en:yogurt-drinks']",0,[],[],46.0,1.6,1.0,4.2,,3.7,0.13
High protein natural,8480017278692,"['en:dairies', 'en:fermented-foods', 'en:fermented-milk-products', 'en:desserts', 'en:dairy-desserts', 'en:fermented-dairy-desserts', 'en:fromages-blancs-petit-suisses-and-skyr', 'en:yogurts', 'en:skyrs']",0,[],[],53.0,0.1,0.1,3.6,,9.3,0.0983
"Cremiger Joghurt 3,8% Fett",4061459721300,"['en:dairies', 'en:fermented-foods', 'en:fermented-milk-products', 'en:desserts', 'en:dairy-desserts', 'en:fermented-dairy-desserts', 'en:yogurts']",0,[],[],73.0,3.8,2.5,4.6,,4.5,0.1275
Strawberry Protein Drink,4056489862024,"['en:dairies', 'en:fermented-foods', 'en:fermented-milk-products', 'en:desserts', 'en:dairy-desserts', 'en:fermented-dairy-desserts', 'en:fermented-dairy-desserts-with-fruits', 'en:yogurts', 'en:dietary-supplements', 'en:fruit-yogurts', 'en:bodybuilding-supplements', 'en:protein-shakes', 'en:yogurts-high-in-protein-on-a-fruit-layer']",2,[],"['en:e120', 'en:e955']",65.9,0.211,0.0906,5.11,,10.6,0.118
